"Timestamp","QueryDurationMs","ProcessId","ParentProcessId","Name","CreationDate","CpuSeconds","WorkingSetMB","CommandLine","PSComputerName","RunspaceId","PSShowComputerName","PSSourceJobInstanceId"
"2026-08-04T20:22:30.3320755+08:00","955.296","88548","79828","Resolve.exe","2026/8/4 20:22:29","2.203","342.7","""C:\Program Files\Blackmagic Design\DaVinci Resolve\Resolve.exe"" ","localhost","1b9536e9-ff40-4030-ac7d-51987455b1c1","False","9924a9d6-6638-457c-9f31-b8b3f5b329e0"
"2026-08-04T20:22:32.3401286+08:00","871.903","88548","79828","Resolve.exe","2026/8/4 20:22:29","4.172","766.5","""C:\Program Files\Blackmagic Design\DaVinci Resolve\Resolve.exe"" ","localhost","1b9536e9-ff40-4030-ac7d-51987455b1c1","False","9924a9d6-6638-457c-9f31-b8b3f5b329e0"
"2026-08-04T20:22:34.3401990+08:00","837.074","88548","79828","Resolve.exe","2026/8/4 20:22:29","9.484","1452.1","""C:\Program Files\Blackmagic Design\DaVinci Resolve\Resolve.exe"" ","localhost","1b9536e9-ff40-4030-ac7d-51987455b1c1","False","9924a9d6-6638-457c-9f31-b8b3f5b329e0"
"2026-08-04T20:22:36.3494587+08:00","828.579","88548","79828","Resolve.exe","2026/8/4 20:22:29","11.734","1500.3","""C:\Program Files\Blackmagic Design\DaVinci Resolve\Resolve.exe"" ","localhost","1b9536e9-ff40-4030-ac7d-51987455b1c1","False","9924a9d6-6638-457c-9f31-b8b3f5b329e0"
"2026-08-04T20:22:38.3577384+08:00","844.498","88548","79828","Resolve.exe","2026/8/4 20:22:29","15.641","1684","""C:\Program Files\Blackmagic Design\DaVinci Resolve\Resolve.exe"" ","localhost","1b9536e9-ff40-4030-ac7d-51987455b1c1","False","9924a9d6-6638-457c-9f31-b8b3f5b329e0"
"2026-08-04T20:22:40.3632807+08:00","830.987","88548","79828","Resolve.exe","2026/8/4 20:22:29","18.875","1851.3","""C:\Program Files\Blackmagic Design\DaVinci Resolve\Resolve.exe"" ","localhost","1b9536e9-ff40-4030-ac7d-51987455b1c1","False","9924a9d6-6638-457c-9f31-b8b3f5b329e0"
"2026-08-04T20:22:42.3681306+08:00","828.308","88548","79828","Resolve.exe","2026/8/4 20:22:29","21.188","2046.9","""C:\Program Files\Blackmagic Design\DaVinci Resolve\Resolve.exe"" ","localhost","1b9536e9-ff40-4030-ac7d-51987455b1c1","False","9924a9d6-6638-457c-9f31-b8b3f5b329e0"
"2026-08-04T20:22:44.3690631+08:00","774.676","88548","79828","Resolve.exe","2026/8/4 20:22:29","23.375","2111.8","""C:\Program Files\Blackmagic Design\DaVinci Resolve\Resolve.exe"" ","localhost","1b9536e9-ff40-4030-ac7d-51987455b1c1","False","9924a9d6-6638-457c-9f31-b8b3f5b329e0"
"2026-08-04T20:22:46.3826200+08:00","873.172","88548","79828","Resolve.exe","2026/8/4 20:22:29","26.078","2081.8","""C:\Program Files\Blackmagic Design\DaVinci Resolve\Resolve.exe"" ","localhost","1b9536e9-ff40-4030-ac7d-51987455b1c1","False","9924a9d6-6638-457c-9f31-b8b3f5b329e0"
"2026-08-04T20:22:48.3835979+08:00","967.952","88548","79828","Resolve.exe","2026/8/4 20:22:29","31.188","2474.1","""C:\Program Files\Blackmagic Design\DaVinci Resolve\Resolve.exe"" ","localhost","1b9536e9-ff40-4030-ac7d-51987455b1c1","False","9924a9d6-6638-457c-9f31-b8b3f5b329e0"
"2026-08-04T20:22:48.3835979+08:00","968.143","80612","88548","electron.exe","2026/8/4 20:22:48","0.375","79","""C:/Program Files/Blackmagic Design/DaVinci Resolve\Electron\electron.exe"" ""C:\ProgramData\Blackmagic Design\DaVinci Resolve\Support\Workflow Integration Plugins\com.wutpeach.clackly\workflow-plugin/main.js"" --plugin-id=com.wutpeach.clackly","localhost","1b9536e9-ff40-4030-ac7d-51987455b1c1","False","9924a9d6-6638-457c-9f31-b8b3f5b329e0"
"2026-08-04T20:22:48.3835979+08:00","968.186","56216","80612","electron.exe","2026/8/4 20:22:48","0.031","30.9","""C:\Program Files\Blackmagic Design\DaVinci Resolve\Electron\electron.exe"" --type=gpu-process --user-data-dir=""C:\Users\Administrator\AppData\Roaming\Clackly Workflow Plugin"" --gpu-preferences=UAAAAAAAAADgAAAEAAAAAAAAAAAAAAAAAABgAAEAAAAAAAAAAAAAAAAAAAACAAAAAAAAAAAAAAAAAAAAAAAAABAAAAAAAAAAEAAAAAAAAAAIAAAAAAAAAAgAAAAAAAAA --field-trial-handle=2052,i,10430203921865007793,11444583846855446923,262144 --enable-features=PdfUseShowSaveFilePicker --disable-features=SpareRendererForSitePerProcess,WinDelaySpellcheckServiceInit --variations-seed-version --mojo-platform-channel-handle=2044 /prefetch:2","localhost","1b9536e9-ff40-4030-ac7d-51987455b1c1","False","9924a9d6-6638-457c-9f31-b8b3f5b329e0"
"2026-08-04T20:22:48.3835979+08:00","968.226","95828","80612","electron.exe","2026/8/4 20:22:48","0.062","35.8","""C:\Program Files\Blackmagic Design\DaVinci Resolve\Electron\electron.exe"" --type=utility --utility-sub-type=network.mojom.NetworkService --lang=zh-CN --service-sandbox-type=none --user-data-dir=""C:\Users\Administrator\AppData\Roaming\Clackly Workflow Plugin"" --field-trial-handle=2052,i,10430203921865007793,11444583846855446923,262144 --enable-features=PdfUseShowSaveFilePicker --disable-features=SpareRendererForSitePerProcess,WinDelaySpellcheckServiceInit --variations-seed-version --mojo-platform-channel-handle=2244 /prefetch:11","localhost","1b9536e9-ff40-4030-ac7d-51987455b1c1","False","9924a9d6-6638-457c-9f31-b8b3f5b329e0"
"2026-08-04T20:22:50.3969451+08:00","852.077","88548","79828","Resolve.exe","2026/8/4 20:22:29","34.766","2534.7","""C:\Program Files\Blackmagic Design\DaVinci Resolve\Resolve.exe"" ","localhost","1b9536e9-ff40-4030-ac7d-51987455b1c1","False","9924a9d6-6638-457c-9f31-b8b3f5b329e0"
"2026-08-04T20:22:50.3969451+08:00","852.442","80612","88548","electron.exe","2026/8/4 20:22:48","0.672","109.2","""C:/Program Files/Blackmagic Design/DaVinci Resolve\Electron\electron.exe"" ""C:\ProgramData\Blackmagic Design\DaVinci Resolve\Support\Workflow Integration Plugins\com.wutpeach.clackly\workflow-plugin/main.js"" --plugin-id=com.wutpeach.clackly","localhost","1b9536e9-ff40-4030-ac7d-51987455b1c1","False","9924a9d6-6638-457c-9f31-b8b3f5b329e0"
"2026-08-04T20:22:50.3969451+08:00","852.509","56216","80612","electron.exe","2026/8/4 20:22:48","0.938","111","""C:\Program Files\Blackmagic Design\DaVinci Resolve\Electron\electron.exe"" --type=gpu-process --user-data-dir=""C:\Users\Administrator\AppData\Roaming\Clackly Workflow Plugin"" --gpu-preferences=UAAAAAAAAADgAAAEAAAAAAAAAAAAAAAAAABgAAEAAAAAAAAAAAAAAAAAAAACAAAAAAAAAAAAAAAAAAAAAAAAABAAAAAAAAAAEAAAAAAAAAAIAAAAAAAAAAgAAAAAAAAA --field-trial-handle=2052,i,10430203921865007793,11444583846855446923,262144 --enable-features=PdfUseShowSaveFilePicker --disable-features=SpareRendererForSitePerProcess,WinDelaySpellcheckServiceInit --variations-seed-version --mojo-platform-channel-handle=2044 /prefetch:2","localhost","1b9536e9-ff40-4030-ac7d-51987455b1c1","False","9924a9d6-6638-457c-9f31-b8b3f5b329e0"
"2026-08-04T20:22:50.3969451+08:00","852.552","95828","80612","electron.exe","2026/8/4 20:22:48","0.141","48.8","""C:\Program Files\Blackmagic Design\DaVinci Resolve\Electron\electron.exe"" --type=utility --utility-sub-type=network.mojom.NetworkService --lang=zh-CN --service-sandbox-type=none --user-data-dir=""C:\Users\Administrator\AppData\Roaming\Clackly Workflow Plugin"" --field-trial-handle=2052,i,10430203921865007793,11444583846855446923,262144 --enable-features=PdfUseShowSaveFilePicker --disable-features=SpareRendererForSitePerProcess,WinDelaySpellcheckServiceInit --variations-seed-version --mojo-platform-channel-handle=2244 /prefetch:11","localhost","1b9536e9-ff40-4030-ac7d-51987455b1c1","False","9924a9d6-6638-457c-9f31-b8b3f5b329e0"
"2026-08-04T20:22:50.3969451+08:00","852.654","106332","80612","electron.exe","2026/8/4 20:22:49","0.156","92.3","""C:\Program Files\Blackmagic Design\DaVinci Resolve\Electron\electron.exe"" --type=renderer --user-data-dir=""C:\Users\Administrator\AppData\Roaming\Clackly Workflow Plugin"" --app-path=""C:\ProgramData\Blackmagic Design\DaVinci Resolve\Support\Workflow Integration Plugins\com.wutpeach.clackly\workflow-plugin"" --no-sandbox --no-zygote --video-capture-use-gpu-memory-buffer --lang=zh-CN --device-scale-factor=1 --num-raster-threads=4 --enable-main-frame-before-activation --renderer-client-id=4 --time-ticks-at-unix-epoch=-1783908253862340 --launch-time-ticks=1937915517920 --field-trial-handle=2052,i,10430203921865007793,11444583846855446923,262144 --enable-features=PdfUseShowSaveFilePicker --disable-features=SpareRendererForSitePerProcess,WinDelaySpellcheckServiceInit --variations-seed-version --mojo-platform-channel-handle=3324 /prefetch:1","localhost","1b9536e9-ff40-4030-ac7d-51987455b1c1","False","9924a9d6-6638-457c-9f31-b8b3f5b329e0"
"2026-08-04T20:22:52.4083092+08:00","847.58","88548","79828","Resolve.exe","2026/8/4 20:22:29","36.781","2578.6","""C:\Program Files\Blackmagic Design\DaVinci Resolve\Resolve.exe"" ","localhost","1b9536e9-ff40-4030-ac7d-51987455b1c1","False","9924a9d6-6638-457c-9f31-b8b3f5b329e0"
"2026-08-04T20:22:52.4083092+08:00","847.695","80612","88548","electron.exe","2026/8/4 20:22:48","0.672","109.2","""C:/Program Files/Blackmagic Design/DaVinci Resolve\Electron\electron.exe"" ""C:\ProgramData\Blackmagic Design\DaVinci Resolve\Support\Workflow Integration Plugins\com.wutpeach.clackly\workflow-plugin/main.js"" --plugin-id=com.wutpeach.clackly","localhost","1b9536e9-ff40-4030-ac7d-51987455b1c1","False","9924a9d6-6638-457c-9f31-b8b3f5b329e0"
"2026-08-04T20:22:52.4083092+08:00","847.73","56216","80612","electron.exe","2026/8/4 20:22:48","1","112.4","""C:\Program Files\Blackmagic Design\DaVinci Resolve\Electron\electron.exe"" --type=gpu-process --user-data-dir=""C:\Users\Administrator\AppData\Roaming\Clackly Workflow Plugin"" --gpu-preferences=UAAAAAAAAADgAAAEAAAAAAAAAAAAAAAAAABgAAEAAAAAAAAAAAAAAAAAAAACAAAAAAAAAAAAAAAAAAAAAAAAABAAAAAAAAAAEAAAAAAAAAAIAAAAAAAAAAgAAAAAAAAA --field-trial-handle=2052,i,10430203921865007793,11444583846855446923,262144 --enable-features=PdfUseShowSaveFilePicker --disable-features=SpareRendererForSitePerProcess,WinDelaySpellcheckServiceInit --variations-seed-version --mojo-platform-channel-handle=2044 /prefetch:2","localhost","1b9536e9-ff40-4030-ac7d-51987455b1c1","False","9924a9d6-6638-457c-9f31-b8b3f5b329e0"
"2026-08-04T20:22:52.4083092+08:00","849.306","95828","80612","electron.exe","2026/8/4 20:22:48","0.141","48.8","""C:\Program Files\Blackmagic Design\DaVinci Resolve\Electron\electron.exe"" --type=utility --utility-sub-type=network.mojom.NetworkService --lang=zh-CN --service-sandbox-type=none --user-data-dir=""C:\Users\Administrator\AppData\Roaming\Clackly Workflow Plugin"" --field-trial-handle=2052,i,10430203921865007793,11444583846855446923,262144 --enable-features=PdfUseShowSaveFilePicker --disable-features=SpareRendererForSitePerProcess,WinDelaySpellcheckServiceInit --variations-seed-version --mojo-platform-channel-handle=2244 /prefetch:11","localhost","1b9536e9-ff40-4030-ac7d-51987455b1c1","False","9924a9d6-6638-457c-9f31-b8b3f5b329e0"
"2026-08-04T20:22:52.4083092+08:00","849.371","106332","80612","electron.exe","2026/8/4 20:22:49","0.156","92.2","""C:\Program Files\Blackmagic Design\DaVinci Resolve\Electron\electron.exe"" --type=renderer --user-data-dir=""C:\Users\Administrator\AppData\Roaming\Clackly Workflow Plugin"" --app-path=""C:\ProgramData\Blackmagic Design\DaVinci Resolve\Support\Workflow Integration Plugins\com.wutpeach.clackly\workflow-plugin"" --no-sandbox --no-zygote --video-capture-use-gpu-memory-buffer --lang=zh-CN --device-scale-factor=1 --num-raster-threads=4 --enable-main-frame-before-activation --renderer-client-id=4 --time-ticks-at-unix-epoch=-1783908253862340 --launch-time-ticks=1937915517920 --field-trial-handle=2052,i,10430203921865007793,11444583846855446923,262144 --enable-features=PdfUseShowSaveFilePicker --disable-features=SpareRendererForSitePerProcess,WinDelaySpellcheckServiceInit --variations-seed-version --mojo-platform-channel-handle=3324 /prefetch:1","localhost","1b9536e9-ff40-4030-ac7d-51987455b1c1","False","9924a9d6-6638-457c-9f31-b8b3f5b329e0"
"2026-08-04T20:22:54.4202966+08:00","923.474","88548","79828","Resolve.exe","2026/8/4 20:22:29","37.781","2582.6","""C:\Program Files\Blackmagic Design\DaVinci Resolve\Resolve.exe"" ","localhost","1b9536e9-ff40-4030-ac7d-51987455b1c1","False","9924a9d6-6638-457c-9f31-b8b3f5b329e0"
"2026-08-04T20:22:54.4202966+08:00","923.597","80612","88548","electron.exe","2026/8/4 20:22:48","0.703","109.2","""C:/Program Files/Blackmagic Design/DaVinci Resolve\Electron\electron.exe"" ""C:\ProgramData\Blackmagic Design\DaVinci Resolve\Support\Workflow Integration Plugins\com.wutpeach.clackly\workflow-plugin/main.js"" --plugin-id=com.wutpeach.clackly","localhost","1b9536e9-ff40-4030-ac7d-51987455b1c1","False","9924a9d6-6638-457c-9f31-b8b3f5b329e0"
"2026-08-04T20:22:54.4202966+08:00","923.628","56216","80612","electron.exe","2026/8/4 20:22:48","1.016","112","""C:\Program Files\Blackmagic Design\DaVinci Resolve\Electron\electron.exe"" --type=gpu-process --user-data-dir=""C:\Users\Administrator\AppData\Roaming\Clackly Workflow Plugin"" --gpu-preferences=UAAAAAAAAADgAAAEAAAAAAAAAAAAAAAAAABgAAEAAAAAAAAAAAAAAAAAAAACAAAAAAAAAAAAAAAAAAAAAAAAABAAAAAAAAAAEAAAAAAAAAAIAAAAAAAAAAgAAAAAAAAA --field-trial-handle=2052,i,10430203921865007793,11444583846855446923,262144 --enable-features=PdfUseShowSaveFilePicker --disable-features=SpareRendererForSitePerProcess,WinDelaySpellcheckServiceInit --variations-seed-version --mojo-platform-channel-handle=2044 /prefetch:2","localhost","1b9536e9-ff40-4030-ac7d-51987455b1c1","False","9924a9d6-6638-457c-9f31-b8b3f5b329e0"
"2026-08-04T20:22:54.4202966+08:00","923.655","95828","80612","electron.exe","2026/8/4 20:22:48","0.141","48.8","""C:\Program Files\Blackmagic Design\DaVinci Resolve\Electron\electron.exe"" --type=utility --utility-sub-type=network.mojom.NetworkService --lang=zh-CN --service-sandbox-type=none --user-data-dir=""C:\Users\Administrator\AppData\Roaming\Clackly Workflow Plugin"" --field-trial-handle=2052,i,10430203921865007793,11444583846855446923,262144 --enable-features=PdfUseShowSaveFilePicker --disable-features=SpareRendererForSitePerProcess,WinDelaySpellcheckServiceInit --variations-seed-version --mojo-platform-channel-handle=2244 /prefetch:11","localhost","1b9536e9-ff40-4030-ac7d-51987455b1c1","False","9924a9d6-6638-457c-9f31-b8b3f5b329e0"
"2026-08-04T20:22:54.4202966+08:00","923.683","106332","80612","electron.exe","2026/8/4 20:22:49","0.156","92.2","""C:\Program Files\Blackmagic Design\DaVinci Resolve\Electron\electron.exe"" --type=renderer --user-data-dir=""C:\Users\Administrator\AppData\Roaming\Clackly Workflow Plugin"" --app-path=""C:\ProgramData\Blackmagic Design\DaVinci Resolve\Support\Workflow Integration Plugins\com.wutpeach.clackly\workflow-plugin"" --no-sandbox --no-zygote --video-capture-use-gpu-memory-buffer --lang=zh-CN --device-scale-factor=1 --num-raster-threads=4 --enable-main-frame-before-activation --renderer-client-id=4 --time-ticks-at-unix-epoch=-1783908253862340 --launch-time-ticks=1937915517920 --field-trial-handle=2052,i,10430203921865007793,11444583846855446923,262144 --enable-features=PdfUseShowSaveFilePicker --disable-features=SpareRendererForSitePerProcess,WinDelaySpellcheckServiceInit --variations-seed-version --mojo-platform-channel-handle=3324 /prefetch:1","localhost","1b9536e9-ff40-4030-ac7d-51987455b1c1","False","9924a9d6-6638-457c-9f31-b8b3f5b329e0"
"2026-08-04T20:22:56.4353799+08:00","902.452","88548","79828","Resolve.exe","2026/8/4 20:22:29","41.859","2586.9","""C:\Program Files\Blackmagic Design\DaVinci Resolve\Resolve.exe"" ","localhost","1b9536e9-ff40-4030-ac7d-51987455b1c1","False","9924a9d6-6638-457c-9f31-b8b3f5b329e0"
"2026-08-04T20:22:56.4353799+08:00","902.576","80612","88548","electron.exe","2026/8/4 20:22:48","0.703","109.2","""C:/Program Files/Blackmagic Design/DaVinci Resolve\Electron\electron.exe"" ""C:\ProgramData\Blackmagic Design\DaVinci Resolve\Support\Workflow Integration Plugins\com.wutpeach.clackly\workflow-plugin/main.js"" --plugin-id=com.wutpeach.clackly","localhost","1b9536e9-ff40-4030-ac7d-51987455b1c1","False","9924a9d6-6638-457c-9f31-b8b3f5b329e0"
"2026-08-04T20:22:56.4353799+08:00","902.662","56216","80612","electron.exe","2026/8/4 20:22:48","1.016","112","""C:\Program Files\Blackmagic Design\DaVinci Resolve\Electron\electron.exe"" --type=gpu-process --user-data-dir=""C:\Users\Administrator\AppData\Roaming\Clackly Workflow Plugin"" --gpu-preferences=UAAAAAAAAADgAAAEAAAAAAAAAAAAAAAAAABgAAEAAAAAAAAAAAAAAAAAAAACAAAAAAAAAAAAAAAAAAAAAAAAABAAAAAAAAAAEAAAAAAAAAAIAAAAAAAAAAgAAAAAAAAA --field-trial-handle=2052,i,10430203921865007793,11444583846855446923,262144 --enable-features=PdfUseShowSaveFilePicker --disable-features=SpareRendererForSitePerProcess,WinDelaySpellcheckServiceInit --variations-seed-version --mojo-platform-channel-handle=2044 /prefetch:2","localhost","1b9536e9-ff40-4030-ac7d-51987455b1c1","False","9924a9d6-6638-457c-9f31-b8b3f5b329e0"
"2026-08-04T20:22:56.4353799+08:00","902.745","95828","80612","electron.exe","2026/8/4 20:22:48","0.141","48.8","""C:\Program Files\Blackmagic Design\DaVinci Resolve\Electron\electron.exe"" --type=utility --utility-sub-type=network.mojom.NetworkService --lang=zh-CN --service-sandbox-type=none --user-data-dir=""C:\Users\Administrator\AppData\Roaming\Clackly Workflow Plugin"" --field-trial-handle=2052,i,10430203921865007793,11444583846855446923,262144 --enable-features=PdfUseShowSaveFilePicker --disable-features=SpareRendererForSitePerProcess,WinDelaySpellcheckServiceInit --variations-seed-version --mojo-platform-channel-handle=2244 /prefetch:11","localhost","1b9536e9-ff40-4030-ac7d-51987455b1c1","False","9924a9d6-6638-457c-9f31-b8b3f5b329e0"
"2026-08-04T20:22:56.4353799+08:00","902.778","106332","80612","electron.exe","2026/8/4 20:22:49","0.156","92.3","""C:\Program Files\Blackmagic Design\DaVinci Resolve\Electron\electron.exe"" --type=renderer --user-data-dir=""C:\Users\Administrator\AppData\Roaming\Clackly Workflow Plugin"" --app-path=""C:\ProgramData\Blackmagic Design\DaVinci Resolve\Support\Workflow Integration Plugins\com.wutpeach.clackly\workflow-plugin"" --no-sandbox --no-zygote --video-capture-use-gpu-memory-buffer --lang=zh-CN --device-scale-factor=1 --num-raster-threads=4 --enable-main-frame-before-activation --renderer-client-id=4 --time-ticks-at-unix-epoch=-1783908253862340 --launch-time-ticks=1937915517920 --field-trial-handle=2052,i,10430203921865007793,11444583846855446923,262144 --enable-features=PdfUseShowSaveFilePicker --disable-features=SpareRendererForSitePerProcess,WinDelaySpellcheckServiceInit --variations-seed-version --mojo-platform-channel-handle=3324 /prefetch:1","localhost","1b9536e9-ff40-4030-ac7d-51987455b1c1","False","9924a9d6-6638-457c-9f31-b8b3f5b329e0"
"2026-08-04T20:22:58.4446688+08:00","891.383","88548","79828","Resolve.exe","2026/8/4 20:22:29","45.047","2588.3","""C:\Program Files\Blackmagic Design\DaVinci Resolve\Resolve.exe"" ","localhost","1b9536e9-ff40-4030-ac7d-51987455b1c1","False","9924a9d6-6638-457c-9f31-b8b3f5b329e0"
"2026-08-04T20:22:58.4446688+08:00","891.552","80612","88548","electron.exe","2026/8/4 20:22:48","0.719","109.2","""C:/Program Files/Blackmagic Design/DaVinci Resolve\Electron\electron.exe"" ""C:\ProgramData\Blackmagic Design\DaVinci Resolve\Support\Workflow Integration Plugins\com.wutpeach.clackly\workflow-plugin/main.js"" --plugin-id=com.wutpeach.clackly","localhost","1b9536e9-ff40-4030-ac7d-51987455b1c1","False","9924a9d6-6638-457c-9f31-b8b3f5b329e0"
"2026-08-04T20:22:58.4446688+08:00","891.622","56216","80612","electron.exe","2026/8/4 20:22:48","1.016","112","""C:\Program Files\Blackmagic Design\DaVinci Resolve\Electron\electron.exe"" --type=gpu-process --user-data-dir=""C:\Users\Administrator\AppData\Roaming\Clackly Workflow Plugin"" --gpu-preferences=UAAAAAAAAADgAAAEAAAAAAAAAAAAAAAAAABgAAEAAAAAAAAAAAAAAAAAAAACAAAAAAAAAAAAAAAAAAAAAAAAABAAAAAAAAAAEAAAAAAAAAAIAAAAAAAAAAgAAAAAAAAA --field-trial-handle=2052,i,10430203921865007793,11444583846855446923,262144 --enable-features=PdfUseShowSaveFilePicker --disable-features=SpareRendererForSitePerProcess,WinDelaySpellcheckServiceInit --variations-seed-version --mojo-platform-channel-handle=2044 /prefetch:2","localhost","1b9536e9-ff40-4030-ac7d-51987455b1c1","False","9924a9d6-6638-457c-9f31-b8b3f5b329e0"
"2026-08-04T20:22:58.4446688+08:00","891.683","95828","80612","electron.exe","2026/8/4 20:22:48","0.141","48.8","""C:\Program Files\Blackmagic Design\DaVinci Resolve\Electron\electron.exe"" --type=utility --utility-sub-type=network.mojom.NetworkService --lang=zh-CN --service-sandbox-type=none --user-data-dir=""C:\Users\Administrator\AppData\Roaming\Clackly Workflow Plugin"" --field-trial-handle=2052,i,10430203921865007793,11444583846855446923,262144 --enable-features=PdfUseShowSaveFilePicker --disable-features=SpareRendererForSitePerProcess,WinDelaySpellcheckServiceInit --variations-seed-version --mojo-platform-channel-handle=2244 /prefetch:11","localhost","1b9536e9-ff40-4030-ac7d-51987455b1c1","False","9924a9d6-6638-457c-9f31-b8b3f5b329e0"
"2026-08-04T20:22:58.4446688+08:00","891.725","106332","80612","electron.exe","2026/8/4 20:22:49","0.156","92.3","""C:\Program Files\Blackmagic Design\DaVinci Resolve\Electron\electron.exe"" --type=renderer --user-data-dir=""C:\Users\Administrator\AppData\Roaming\Clackly Workflow Plugin"" --app-path=""C:\ProgramData\Blackmagic Design\DaVinci Resolve\Support\Workflow Integration Plugins\com.wutpeach.clackly\workflow-plugin"" --no-sandbox --no-zygote --video-capture-use-gpu-memory-buffer --lang=zh-CN --device-scale-factor=1 --num-raster-threads=4 --enable-main-frame-before-activation --renderer-client-id=4 --time-ticks-at-unix-epoch=-1783908253862340 --launch-time-ticks=1937915517920 --field-trial-handle=2052,i,10430203921865007793,11444583846855446923,262144 --enable-features=PdfUseShowSaveFilePicker --disable-features=SpareRendererForSitePerProcess,WinDelaySpellcheckServiceInit --variations-seed-version --mojo-platform-channel-handle=3324 /prefetch:1","localhost","1b9536e9-ff40-4030-ac7d-51987455b1c1","False","9924a9d6-6638-457c-9f31-b8b3f5b329e0"
"2026-08-04T20:23:00.4573776+08:00","880.787","88548","79828","Resolve.exe","2026/8/4 20:22:29","67.156","2587.2","""C:\Program Files\Blackmagic Design\DaVinci Resolve\Resolve.exe"" ","localhost","1b9536e9-ff40-4030-ac7d-51987455b1c1","False","9924a9d6-6638-457c-9f31-b8b3f5b329e0"
"2026-08-04T20:23:00.4573776+08:00","880.875","80612","88548","electron.exe","2026/8/4 20:22:48","0.719","109.2","""C:/Program Files/Blackmagic Design/DaVinci Resolve\Electron\electron.exe"" ""C:\ProgramData\Blackmagic Design\DaVinci Resolve\Support\Workflow Integration Plugins\com.wutpeach.clackly\workflow-plugin/main.js"" --plugin-id=com.wutpeach.clackly","localhost","1b9536e9-ff40-4030-ac7d-51987455b1c1","False","9924a9d6-6638-457c-9f31-b8b3f5b329e0"
"2026-08-04T20:23:00.4573776+08:00","880.913","56216","80612","electron.exe","2026/8/4 20:22:48","1.016","112","""C:\Program Files\Blackmagic Design\DaVinci Resolve\Electron\electron.exe"" --type=gpu-process --user-data-dir=""C:\Users\Administrator\AppData\Roaming\Clackly Workflow Plugin"" --gpu-preferences=UAAAAAAAAADgAAAEAAAAAAAAAAAAAAAAAABgAAEAAAAAAAAAAAAAAAAAAAACAAAAAAAAAAAAAAAAAAAAAAAAABAAAAAAAAAAEAAAAAAAAAAIAAAAAAAAAAgAAAAAAAAA --field-trial-handle=2052,i,10430203921865007793,11444583846855446923,262144 --enable-features=PdfUseShowSaveFilePicker --disable-features=SpareRendererForSitePerProcess,WinDelaySpellcheckServiceInit --variations-seed-version --mojo-platform-channel-handle=2044 /prefetch:2","localhost","1b9536e9-ff40-4030-ac7d-51987455b1c1","False","9924a9d6-6638-457c-9f31-b8b3f5b329e0"
"2026-08-04T20:23:00.4573776+08:00","880.942","95828","80612","electron.exe","2026/8/4 20:22:48","0.141","48.8","""C:\Program Files\Blackmagic Design\DaVinci Resolve\Electron\electron.exe"" --type=utility --utility-sub-type=network.mojom.NetworkService --lang=zh-CN --service-sandbox-type=none --user-data-dir=""C:\Users\Administrator\AppData\Roaming\Clackly Workflow Plugin"" --field-trial-handle=2052,i,10430203921865007793,11444583846855446923,262144 --enable-features=PdfUseShowSaveFilePicker --disable-features=SpareRendererForSitePerProcess,WinDelaySpellcheckServiceInit --variations-seed-version --mojo-platform-channel-handle=2244 /prefetch:11","localhost","1b9536e9-ff40-4030-ac7d-51987455b1c1","False","9924a9d6-6638-457c-9f31-b8b3f5b329e0"
"2026-08-04T20:23:00.4573776+08:00","880.969","106332","80612","electron.exe","2026/8/4 20:22:49","0.156","92.3","""C:\Program Files\Blackmagic Design\DaVinci Resolve\Electron\electron.exe"" --type=renderer --user-data-dir=""C:\Users\Administrator\AppData\Roaming\Clackly Workflow Plugin"" --app-path=""C:\ProgramData\Blackmagic Design\DaVinci Resolve\Support\Workflow Integration Plugins\com.wutpeach.clackly\workflow-plugin"" --no-sandbox --no-zygote --video-capture-use-gpu-memory-buffer --lang=zh-CN --device-scale-factor=1 --num-raster-threads=4 --enable-main-frame-before-activation --renderer-client-id=4 --time-ticks-at-unix-epoch=-1783908253862340 --launch-time-ticks=1937915517920 --field-trial-handle=2052,i,10430203921865007793,11444583846855446923,262144 --enable-features=PdfUseShowSaveFilePicker --disable-features=SpareRendererForSitePerProcess,WinDelaySpellcheckServiceInit --variations-seed-version --mojo-platform-channel-handle=3324 /prefetch:1","localhost","1b9536e9-ff40-4030-ac7d-51987455b1c1","False","9924a9d6-6638-457c-9f31-b8b3f5b329e0"
"2026-08-04T20:23:02.4726390+08:00","867.595","88548","79828","Resolve.exe","2026/8/4 20:22:29","69.5","2587.1","""C:\Program Files\Blackmagic Design\DaVinci Resolve\Resolve.exe"" ","localhost","1b9536e9-ff40-4030-ac7d-51987455b1c1","False","9924a9d6-6638-457c-9f31-b8b3f5b329e0"
"2026-08-04T20:23:02.4726390+08:00","867.688","80612","88548","electron.exe","2026/8/4 20:22:48","0.719","109.2","""C:/Program Files/Blackmagic Design/DaVinci Resolve\Electron\electron.exe"" ""C:\ProgramData\Blackmagic Design\DaVinci Resolve\Support\Workflow Integration Plugins\com.wutpeach.clackly\workflow-plugin/main.js"" --plugin-id=com.wutpeach.clackly","localhost","1b9536e9-ff40-4030-ac7d-51987455b1c1","False","9924a9d6-6638-457c-9f31-b8b3f5b329e0"
"2026-08-04T20:23:02.4726390+08:00","867.78","56216","80612","electron.exe","2026/8/4 20:22:48","1.016","112","""C:\Program Files\Blackmagic Design\DaVinci Resolve\Electron\electron.exe"" --type=gpu-process --user-data-dir=""C:\Users\Administrator\AppData\Roaming\Clackly Workflow Plugin"" --gpu-preferences=UAAAAAAAAADgAAAEAAAAAAAAAAAAAAAAAABgAAEAAAAAAAAAAAAAAAAAAAACAAAAAAAAAAAAAAAAAAAAAAAAABAAAAAAAAAAEAAAAAAAAAAIAAAAAAAAAAgAAAAAAAAA --field-trial-handle=2052,i,10430203921865007793,11444583846855446923,262144 --enable-features=PdfUseShowSaveFilePicker --disable-features=SpareRendererForSitePerProcess,WinDelaySpellcheckServiceInit --variations-seed-version --mojo-platform-channel-handle=2044 /prefetch:2","localhost","1b9536e9-ff40-4030-ac7d-51987455b1c1","False","9924a9d6-6638-457c-9f31-b8b3f5b329e0"
"2026-08-04T20:23:02.4726390+08:00","867.827","95828","80612","electron.exe","2026/8/4 20:22:48","0.141","48.8","""C:\Program Files\Blackmagic Design\DaVinci Resolve\Electron\electron.exe"" --type=utility --utility-sub-type=network.mojom.NetworkService --lang=zh-CN --service-sandbox-type=none --user-data-dir=""C:\Users\Administrator\AppData\Roaming\Clackly Workflow Plugin"" --field-trial-handle=2052,i,10430203921865007793,11444583846855446923,262144 --enable-features=PdfUseShowSaveFilePicker --disable-features=SpareRendererForSitePerProcess,WinDelaySpellcheckServiceInit --variations-seed-version --mojo-platform-channel-handle=2244 /prefetch:11","localhost","1b9536e9-ff40-4030-ac7d-51987455b1c1","False","9924a9d6-6638-457c-9f31-b8b3f5b329e0"
"2026-08-04T20:23:02.4726390+08:00","867.863","106332","80612","electron.exe","2026/8/4 20:22:49","0.156","92.3","""C:\Program Files\Blackmagic Design\DaVinci Resolve\Electron\electron.exe"" --type=renderer --user-data-dir=""C:\Users\Administrator\AppData\Roaming\Clackly Workflow Plugin"" --app-path=""C:\ProgramData\Blackmagic Design\DaVinci Resolve\Support\Workflow Integration Plugins\com.wutpeach.clackly\workflow-plugin"" --no-sandbox --no-zygote --video-capture-use-gpu-memory-buffer --lang=zh-CN --device-scale-factor=1 --num-raster-threads=4 --enable-main-frame-before-activation --renderer-client-id=4 --time-ticks-at-unix-epoch=-1783908253862340 --launch-time-ticks=1937915517920 --field-trial-handle=2052,i,10430203921865007793,11444583846855446923,262144 --enable-features=PdfUseShowSaveFilePicker --disable-features=SpareRendererForSitePerProcess,WinDelaySpellcheckServiceInit --variations-seed-version --mojo-platform-channel-handle=3324 /prefetch:1","localhost","1b9536e9-ff40-4030-ac7d-51987455b1c1","False","9924a9d6-6638-457c-9f31-b8b3f5b329e0"
"2026-08-04T20:23:04.4784073+08:00","809.34","88548","79828","Resolve.exe","2026/8/4 20:22:29","71.594","2585.6","""C:\Program Files\Blackmagic Design\DaVinci Resolve\Resolve.exe"" ","localhost","1b9536e9-ff40-4030-ac7d-51987455b1c1","False","9924a9d6-6638-457c-9f31-b8b3f5b329e0"
"2026-08-04T20:23:04.4784073+08:00","809.437","80612","88548","electron.exe","2026/8/4 20:22:48","0.719","109.2","""C:/Program Files/Blackmagic Design/DaVinci Resolve\Electron\electron.exe"" ""C:\ProgramData\Blackmagic Design\DaVinci Resolve\Support\Workflow Integration Plugins\com.wutpeach.clackly\workflow-plugin/main.js"" --plugin-id=com.wutpeach.clackly","localhost","1b9536e9-ff40-4030-ac7d-51987455b1c1","False","9924a9d6-6638-457c-9f31-b8b3f5b329e0"
"2026-08-04T20:23:04.4784073+08:00","809.521","56216","80612","electron.exe","2026/8/4 20:22:48","1.016","112","""C:\Program Files\Blackmagic Design\DaVinci Resolve\Electron\electron.exe"" --type=gpu-process --user-data-dir=""C:\Users\Administrator\AppData\Roaming\Clackly Workflow Plugin"" --gpu-preferences=UAAAAAAAAADgAAAEAAAAAAAAAAAAAAAAAABgAAEAAAAAAAAAAAAAAAAAAAACAAAAAAAAAAAAAAAAAAAAAAAAABAAAAAAAAAAEAAAAAAAAAAIAAAAAAAAAAgAAAAAAAAA --field-trial-handle=2052,i,10430203921865007793,11444583846855446923,262144 --enable-features=PdfUseShowSaveFilePicker --disable-features=SpareRendererForSitePerProcess,WinDelaySpellcheckServiceInit --variations-seed-version --mojo-platform-channel-handle=2044 /prefetch:2","localhost","1b9536e9-ff40-4030-ac7d-51987455b1c1","False","9924a9d6-6638-457c-9f31-b8b3f5b329e0"
"2026-08-04T20:23:04.4784073+08:00","809.56","95828","80612","electron.exe","2026/8/4 20:22:48","0.141","48.8","""C:\Program Files\Blackmagic Design\DaVinci Resolve\Electron\electron.exe"" --type=utility --utility-sub-type=network.mojom.NetworkService --lang=zh-CN --service-sandbox-type=none --user-data-dir=""C:\Users\Administrator\AppData\Roaming\Clackly Workflow Plugin"" --field-trial-handle=2052,i,10430203921865007793,11444583846855446923,262144 --enable-features=PdfUseShowSaveFilePicker --disable-features=SpareRendererForSitePerProcess,WinDelaySpellcheckServiceInit --variations-seed-version --mojo-platform-channel-handle=2244 /prefetch:11","localhost","1b9536e9-ff40-4030-ac7d-51987455b1c1","False","9924a9d6-6638-457c-9f31-b8b3f5b329e0"
"2026-08-04T20:23:04.4784073+08:00","809.587","106332","80612","electron.exe","2026/8/4 20:22:49","0.156","92.3","""C:\Program Files\Blackmagic Design\DaVinci Resolve\Electron\electron.exe"" --type=renderer --user-data-dir=""C:\Users\Administrator\AppData\Roaming\Clackly Workflow Plugin"" --app-path=""C:\ProgramData\Blackmagic Design\DaVinci Resolve\Support\Workflow Integration Plugins\com.wutpeach.clackly\workflow-plugin"" --no-sandbox --no-zygote --video-capture-use-gpu-memory-buffer --lang=zh-CN --device-scale-factor=1 --num-raster-threads=4 --enable-main-frame-before-activation --renderer-client-id=4 --time-ticks-at-unix-epoch=-1783908253862340 --launch-time-ticks=1937915517920 --field-trial-handle=2052,i,10430203921865007793,11444583846855446923,262144 --enable-features=PdfUseShowSaveFilePicker --disable-features=SpareRendererForSitePerProcess,WinDelaySpellcheckServiceInit --variations-seed-version --mojo-platform-channel-handle=3324 /prefetch:1","localhost","1b9536e9-ff40-4030-ac7d-51987455b1c1","False","9924a9d6-6638-457c-9f31-b8b3f5b329e0"
"2026-08-04T20:23:06.4852122+08:00","832.704","88548","79828","Resolve.exe","2026/8/4 20:22:29","73.766","2521.8","""C:\Program Files\Blackmagic Design\DaVinci Resolve\Resolve.exe"" ","localhost","1b9536e9-ff40-4030-ac7d-51987455b1c1","False","9924a9d6-6638-457c-9f31-b8b3f5b329e0"
"2026-08-04T20:23:06.4852122+08:00","832.785","80612","88548","electron.exe","2026/8/4 20:22:48","0.734","109.2","""C:/Program Files/Blackmagic Design/DaVinci Resolve\Electron\electron.exe"" ""C:\ProgramData\Blackmagic Design\DaVinci Resolve\Support\Workflow Integration Plugins\com.wutpeach.clackly\workflow-plugin/main.js"" --plugin-id=com.wutpeach.clackly","localhost","1b9536e9-ff40-4030-ac7d-51987455b1c1","False","9924a9d6-6638-457c-9f31-b8b3f5b329e0"
"2026-08-04T20:23:06.4852122+08:00","832.814","56216","80612","electron.exe","2026/8/4 20:22:48","1.016","112","""C:\Program Files\Blackmagic Design\DaVinci Resolve\Electron\electron.exe"" --type=gpu-process --user-data-dir=""C:\Users\Administrator\AppData\Roaming\Clackly Workflow Plugin"" --gpu-preferences=UAAAAAAAAADgAAAEAAAAAAAAAAAAAAAAAABgAAEAAAAAAAAAAAAAAAAAAAACAAAAAAAAAAAAAAAAAAAAAAAAABAAAAAAAAAAEAAAAAAAAAAIAAAAAAAAAAgAAAAAAAAA --field-trial-handle=2052,i,10430203921865007793,11444583846855446923,262144 --enable-features=PdfUseShowSaveFilePicker --disable-features=SpareRendererForSitePerProcess,WinDelaySpellcheckServiceInit --variations-seed-version --mojo-platform-channel-handle=2044 /prefetch:2","localhost","1b9536e9-ff40-4030-ac7d-51987455b1c1","False","9924a9d6-6638-457c-9f31-b8b3f5b329e0"
"2026-08-04T20:23:06.4852122+08:00","832.842","95828","80612","electron.exe","2026/8/4 20:22:48","0.141","48.8","""C:\Program Files\Blackmagic Design\DaVinci Resolve\Electron\electron.exe"" --type=utility --utility-sub-type=network.mojom.NetworkService --lang=zh-CN --service-sandbox-type=none --user-data-dir=""C:\Users\Administrator\AppData\Roaming\Clackly Workflow Plugin"" --field-trial-handle=2052,i,10430203921865007793,11444583846855446923,262144 --enable-features=PdfUseShowSaveFilePicker --disable-features=SpareRendererForSitePerProcess,WinDelaySpellcheckServiceInit --variations-seed-version --mojo-platform-channel-handle=2244 /prefetch:11","localhost","1b9536e9-ff40-4030-ac7d-51987455b1c1","False","9924a9d6-6638-457c-9f31-b8b3f5b329e0"
"2026-08-04T20:23:06.4852122+08:00","832.868","106332","80612","electron.exe","2026/8/4 20:22:49","0.156","92.3","""C:\Program Files\Blackmagic Design\DaVinci Resolve\Electron\electron.exe"" --type=renderer --user-data-dir=""C:\Users\Administrator\AppData\Roaming\Clackly Workflow Plugin"" --app-path=""C:\ProgramData\Blackmagic Design\DaVinci Resolve\Support\Workflow Integration Plugins\com.wutpeach.clackly\workflow-plugin"" --no-sandbox --no-zygote --video-capture-use-gpu-memory-buffer --lang=zh-CN --device-scale-factor=1 --num-raster-threads=4 --enable-main-frame-before-activation --renderer-client-id=4 --time-ticks-at-unix-epoch=-1783908253862340 --launch-time-ticks=1937915517920 --field-trial-handle=2052,i,10430203921865007793,11444583846855446923,262144 --enable-features=PdfUseShowSaveFilePicker --disable-features=SpareRendererForSitePerProcess,WinDelaySpellcheckServiceInit --variations-seed-version --mojo-platform-channel-handle=3324 /prefetch:1","localhost","1b9536e9-ff40-4030-ac7d-51987455b1c1","False","9924a9d6-6638-457c-9f31-b8b3f5b329e0"
"2026-08-04T20:23:08.4876839+08:00","827.874","88548","79828","Resolve.exe","2026/8/4 20:22:29","75.859","2521.9","""C:\Program Files\Blackmagic Design\DaVinci Resolve\Resolve.exe"" ","localhost","1b9536e9-ff40-4030-ac7d-51987455b1c1","False","9924a9d6-6638-457c-9f31-b8b3f5b329e0"
"2026-08-04T20:23:08.4876839+08:00","827.963","80612","88548","electron.exe","2026/8/4 20:22:48","0.734","109.2","""C:/Program Files/Blackmagic Design/DaVinci Resolve\Electron\electron.exe"" ""C:\ProgramData\Blackmagic Design\DaVinci Resolve\Support\Workflow Integration Plugins\com.wutpeach.clackly\workflow-plugin/main.js"" --plugin-id=com.wutpeach.clackly","localhost","1b9536e9-ff40-4030-ac7d-51987455b1c1","False","9924a9d6-6638-457c-9f31-b8b3f5b329e0"
"2026-08-04T20:23:08.4876839+08:00","827.991","56216","80612","electron.exe","2026/8/4 20:22:48","1.016","112","""C:\Program Files\Blackmagic Design\DaVinci Resolve\Electron\electron.exe"" --type=gpu-process --user-data-dir=""C:\Users\Administrator\AppData\Roaming\Clackly Workflow Plugin"" --gpu-preferences=UAAAAAAAAADgAAAEAAAAAAAAAAAAAAAAAABgAAEAAAAAAAAAAAAAAAAAAAACAAAAAAAAAAAAAAAAAAAAAAAAABAAAAAAAAAAEAAAAAAAAAAIAAAAAAAAAAgAAAAAAAAA --field-trial-handle=2052,i,10430203921865007793,11444583846855446923,262144 --enable-features=PdfUseShowSaveFilePicker --disable-features=SpareRendererForSitePerProcess,WinDelaySpellcheckServiceInit --variations-seed-version --mojo-platform-channel-handle=2044 /prefetch:2","localhost","1b9536e9-ff40-4030-ac7d-51987455b1c1","False","9924a9d6-6638-457c-9f31-b8b3f5b329e0"
"2026-08-04T20:23:08.4876839+08:00","828.018","95828","80612","electron.exe","2026/8/4 20:22:48","0.141","48.8","""C:\Program Files\Blackmagic Design\DaVinci Resolve\Electron\electron.exe"" --type=utility --utility-sub-type=network.mojom.NetworkService --lang=zh-CN --service-sandbox-type=none --user-data-dir=""C:\Users\Administrator\AppData\Roaming\Clackly Workflow Plugin"" --field-trial-handle=2052,i,10430203921865007793,11444583846855446923,262144 --enable-features=PdfUseShowSaveFilePicker --disable-features=SpareRendererForSitePerProcess,WinDelaySpellcheckServiceInit --variations-seed-version --mojo-platform-channel-handle=2244 /prefetch:11","localhost","1b9536e9-ff40-4030-ac7d-51987455b1c1","False","9924a9d6-6638-457c-9f31-b8b3f5b329e0"
"2026-08-04T20:23:08.4876839+08:00","828.058","106332","80612","electron.exe","2026/8/4 20:22:49","0.156","92.3","""C:\Program Files\Blackmagic Design\DaVinci Resolve\Electron\electron.exe"" --type=renderer --user-data-dir=""C:\Users\Administrator\AppData\Roaming\Clackly Workflow Plugin"" --app-path=""C:\ProgramData\Blackmagic Design\DaVinci Resolve\Support\Workflow Integration Plugins\com.wutpeach.clackly\workflow-plugin"" --no-sandbox --no-zygote --video-capture-use-gpu-memory-buffer --lang=zh-CN --device-scale-factor=1 --num-raster-threads=4 --enable-main-frame-before-activation --renderer-client-id=4 --time-ticks-at-unix-epoch=-1783908253862340 --launch-time-ticks=1937915517920 --field-trial-handle=2052,i,10430203921865007793,11444583846855446923,262144 --enable-features=PdfUseShowSaveFilePicker --disable-features=SpareRendererForSitePerProcess,WinDelaySpellcheckServiceInit --variations-seed-version --mojo-platform-channel-handle=3324 /prefetch:1","localhost","1b9536e9-ff40-4030-ac7d-51987455b1c1","False","9924a9d6-6638-457c-9f31-b8b3f5b329e0"
"2026-08-04T20:23:10.5009886+08:00","810.371","88548","79828","Resolve.exe","2026/8/4 20:22:29","77.828","2521.7","""C:\Program Files\Blackmagic Design\DaVinci Resolve\Resolve.exe"" ","localhost","1b9536e9-ff40-4030-ac7d-51987455b1c1","False","9924a9d6-6638-457c-9f31-b8b3f5b329e0"
"2026-08-04T20:23:10.5009886+08:00","810.46","80612","88548","electron.exe","2026/8/4 20:22:48","0.734","109.3","""C:/Program Files/Blackmagic Design/DaVinci Resolve\Electron\electron.exe"" ""C:\ProgramData\Blackmagic Design\DaVinci Resolve\Support\Workflow Integration Plugins\com.wutpeach.clackly\workflow-plugin/main.js"" --plugin-id=com.wutpeach.clackly","localhost","1b9536e9-ff40-4030-ac7d-51987455b1c1","False","9924a9d6-6638-457c-9f31-b8b3f5b329e0"
"2026-08-04T20:23:10.5009886+08:00","810.489","56216","80612","electron.exe","2026/8/4 20:22:48","1.016","112","""C:\Program Files\Blackmagic Design\DaVinci Resolve\Electron\electron.exe"" --type=gpu-process --user-data-dir=""C:\Users\Administrator\AppData\Roaming\Clackly Workflow Plugin"" --gpu-preferences=UAAAAAAAAADgAAAEAAAAAAAAAAAAAAAAAABgAAEAAAAAAAAAAAAAAAAAAAACAAAAAAAAAAAAAAAAAAAAAAAAABAAAAAAAAAAEAAAAAAAAAAIAAAAAAAAAAgAAAAAAAAA --field-trial-handle=2052,i,10430203921865007793,11444583846855446923,262144 --enable-features=PdfUseShowSaveFilePicker --disable-features=SpareRendererForSitePerProcess,WinDelaySpellcheckServiceInit --variations-seed-version --mojo-platform-channel-handle=2044 /prefetch:2","localhost","1b9536e9-ff40-4030-ac7d-51987455b1c1","False","9924a9d6-6638-457c-9f31-b8b3f5b329e0"
"2026-08-04T20:23:10.5009886+08:00","810.514","95828","80612","electron.exe","2026/8/4 20:22:48","0.141","48.8","""C:\Program Files\Blackmagic Design\DaVinci Resolve\Electron\electron.exe"" --type=utility --utility-sub-type=network.mojom.NetworkService --lang=zh-CN --service-sandbox-type=none --user-data-dir=""C:\Users\Administrator\AppData\Roaming\Clackly Workflow Plugin"" --field-trial-handle=2052,i,10430203921865007793,11444583846855446923,262144 --enable-features=PdfUseShowSaveFilePicker --disable-features=SpareRendererForSitePerProcess,WinDelaySpellcheckServiceInit --variations-seed-version --mojo-platform-channel-handle=2244 /prefetch:11","localhost","1b9536e9-ff40-4030-ac7d-51987455b1c1","False","9924a9d6-6638-457c-9f31-b8b3f5b329e0"
"2026-08-04T20:23:10.5009886+08:00","810.541","106332","80612","electron.exe","2026/8/4 20:22:49","0.156","92.3","""C:\Program Files\Blackmagic Design\DaVinci Resolve\Electron\electron.exe"" --type=renderer --user-data-dir=""C:\Users\Administrator\AppData\Roaming\Clackly Workflow Plugin"" --app-path=""C:\ProgramData\Blackmagic Design\DaVinci Resolve\Support\Workflow Integration Plugins\com.wutpeach.clackly\workflow-plugin"" --no-sandbox --no-zygote --video-capture-use-gpu-memory-buffer --lang=zh-CN --device-scale-factor=1 --num-raster-threads=4 --enable-main-frame-before-activation --renderer-client-id=4 --time-ticks-at-unix-epoch=-1783908253862340 --launch-time-ticks=1937915517920 --field-trial-handle=2052,i,10430203921865007793,11444583846855446923,262144 --enable-features=PdfUseShowSaveFilePicker --disable-features=SpareRendererForSitePerProcess,WinDelaySpellcheckServiceInit --variations-seed-version --mojo-platform-channel-handle=3324 /prefetch:1","localhost","1b9536e9-ff40-4030-ac7d-51987455b1c1","False","9924a9d6-6638-457c-9f31-b8b3f5b329e0"
"2026-08-04T20:23:12.5010169+08:00","839.077","88548","79828","Resolve.exe","2026/8/4 20:22:29","80.25","2520.8","""C:\Program Files\Blackmagic Design\DaVinci Resolve\Resolve.exe"" ","localhost","1b9536e9-ff40-4030-ac7d-51987455b1c1","False","9924a9d6-6638-457c-9f31-b8b3f5b329e0"
"2026-08-04T20:23:12.5010169+08:00","839.159","80612","88548","electron.exe","2026/8/4 20:22:48","0.734","109.3","""C:/Program Files/Blackmagic Design/DaVinci Resolve\Electron\electron.exe"" ""C:\ProgramData\Blackmagic Design\DaVinci Resolve\Support\Workflow Integration Plugins\com.wutpeach.clackly\workflow-plugin/main.js"" --plugin-id=com.wutpeach.clackly","localhost","1b9536e9-ff40-4030-ac7d-51987455b1c1","False","9924a9d6-6638-457c-9f31-b8b3f5b329e0"
"2026-08-04T20:23:12.5010169+08:00","839.187","56216","80612","electron.exe","2026/8/4 20:22:48","1.016","112","""C:\Program Files\Blackmagic Design\DaVinci Resolve\Electron\electron.exe"" --type=gpu-process --user-data-dir=""C:\Users\Administrator\AppData\Roaming\Clackly Workflow Plugin"" --gpu-preferences=UAAAAAAAAADgAAAEAAAAAAAAAAAAAAAAAABgAAEAAAAAAAAAAAAAAAAAAAACAAAAAAAAAAAAAAAAAAAAAAAAABAAAAAAAAAAEAAAAAAAAAAIAAAAAAAAAAgAAAAAAAAA --field-trial-handle=2052,i,10430203921865007793,11444583846855446923,262144 --enable-features=PdfUseShowSaveFilePicker --disable-features=SpareRendererForSitePerProcess,WinDelaySpellcheckServiceInit --variations-seed-version --mojo-platform-channel-handle=2044 /prefetch:2","localhost","1b9536e9-ff40-4030-ac7d-51987455b1c1","False","9924a9d6-6638-457c-9f31-b8b3f5b329e0"
"2026-08-04T20:23:12.5010169+08:00","839.212","95828","80612","electron.exe","2026/8/4 20:22:48","0.141","48.8","""C:\Program Files\Blackmagic Design\DaVinci Resolve\Electron\electron.exe"" --type=utility --utility-sub-type=network.mojom.NetworkService --lang=zh-CN --service-sandbox-type=none --user-data-dir=""C:\Users\Administrator\AppData\Roaming\Clackly Workflow Plugin"" --field-trial-handle=2052,i,10430203921865007793,11444583846855446923,262144 --enable-features=PdfUseShowSaveFilePicker --disable-features=SpareRendererForSitePerProcess,WinDelaySpellcheckServiceInit --variations-seed-version --mojo-platform-channel-handle=2244 /prefetch:11","localhost","1b9536e9-ff40-4030-ac7d-51987455b1c1","False","9924a9d6-6638-457c-9f31-b8b3f5b329e0"
"2026-08-04T20:23:12.5010169+08:00","839.238","106332","80612","electron.exe","2026/8/4 20:22:49","0.156","92.3","""C:\Program Files\Blackmagic Design\DaVinci Resolve\Electron\electron.exe"" --type=renderer --user-data-dir=""C:\Users\Administrator\AppData\Roaming\Clackly Workflow Plugin"" --app-path=""C:\ProgramData\Blackmagic Design\DaVinci Resolve\Support\Workflow Integration Plugins\com.wutpeach.clackly\workflow-plugin"" --no-sandbox --no-zygote --video-capture-use-gpu-memory-buffer --lang=zh-CN --device-scale-factor=1 --num-raster-threads=4 --enable-main-frame-before-activation --renderer-client-id=4 --time-ticks-at-unix-epoch=-1783908253862340 --launch-time-ticks=1937915517920 --field-trial-handle=2052,i,10430203921865007793,11444583846855446923,262144 --enable-features=PdfUseShowSaveFilePicker --disable-features=SpareRendererForSitePerProcess,WinDelaySpellcheckServiceInit --variations-seed-version --mojo-platform-channel-handle=3324 /prefetch:1","localhost","1b9536e9-ff40-4030-ac7d-51987455b1c1","False","9924a9d6-6638-457c-9f31-b8b3f5b329e0"
"2026-08-04T20:23:14.5020075+08:00","797.385","88548","79828","Resolve.exe","2026/8/4 20:22:29","82.344","2520.8","""C:\Program Files\Blackmagic Design\DaVinci Resolve\Resolve.exe"" ","localhost","1b9536e9-ff40-4030-ac7d-51987455b1c1","False","9924a9d6-6638-457c-9f31-b8b3f5b329e0"
"2026-08-04T20:23:14.5020075+08:00","797.473","80612","88548","electron.exe","2026/8/4 20:22:48","0.734","109.3","""C:/Program Files/Blackmagic Design/DaVinci Resolve\Electron\electron.exe"" ""C:\ProgramData\Blackmagic Design\DaVinci Resolve\Support\Workflow Integration Plugins\com.wutpeach.clackly\workflow-plugin/main.js"" --plugin-id=com.wutpeach.clackly","localhost","1b9536e9-ff40-4030-ac7d-51987455b1c1","False","9924a9d6-6638-457c-9f31-b8b3f5b329e0"
"2026-08-04T20:23:14.5020075+08:00","797.502","56216","80612","electron.exe","2026/8/4 20:22:48","1.016","112","""C:\Program Files\Blackmagic Design\DaVinci Resolve\Electron\electron.exe"" --type=gpu-process --user-data-dir=""C:\Users\Administrator\AppData\Roaming\Clackly Workflow Plugin"" --gpu-preferences=UAAAAAAAAADgAAAEAAAAAAAAAAAAAAAAAABgAAEAAAAAAAAAAAAAAAAAAAACAAAAAAAAAAAAAAAAAAAAAAAAABAAAAAAAAAAEAAAAAAAAAAIAAAAAAAAAAgAAAAAAAAA --field-trial-handle=2052,i,10430203921865007793,11444583846855446923,262144 --enable-features=PdfUseShowSaveFilePicker --disable-features=SpareRendererForSitePerProcess,WinDelaySpellcheckServiceInit --variations-seed-version --mojo-platform-channel-handle=2044 /prefetch:2","localhost","1b9536e9-ff40-4030-ac7d-51987455b1c1","False","9924a9d6-6638-457c-9f31-b8b3f5b329e0"
"2026-08-04T20:23:14.5020075+08:00","797.527","95828","80612","electron.exe","2026/8/4 20:22:48","0.141","48.8","""C:\Program Files\Blackmagic Design\DaVinci Resolve\Electron\electron.exe"" --type=utility --utility-sub-type=network.mojom.NetworkService --lang=zh-CN --service-sandbox-type=none --user-data-dir=""C:\Users\Administrator\AppData\Roaming\Clackly Workflow Plugin"" --field-trial-handle=2052,i,10430203921865007793,11444583846855446923,262144 --enable-features=PdfUseShowSaveFilePicker --disable-features=SpareRendererForSitePerProcess,WinDelaySpellcheckServiceInit --variations-seed-version --mojo-platform-channel-handle=2244 /prefetch:11","localhost","1b9536e9-ff40-4030-ac7d-51987455b1c1","False","9924a9d6-6638-457c-9f31-b8b3f5b329e0"
"2026-08-04T20:23:14.5020075+08:00","797.552","106332","80612","electron.exe","2026/8/4 20:22:49","0.156","92.3","""C:\Program Files\Blackmagic Design\DaVinci Resolve\Electron\electron.exe"" --type=renderer --user-data-dir=""C:\Users\Administrator\AppData\Roaming\Clackly Workflow Plugin"" --app-path=""C:\ProgramData\Blackmagic Design\DaVinci Resolve\Support\Workflow Integration Plugins\com.wutpeach.clackly\workflow-plugin"" --no-sandbox --no-zygote --video-capture-use-gpu-memory-buffer --lang=zh-CN --device-scale-factor=1 --num-raster-threads=4 --enable-main-frame-before-activation --renderer-client-id=4 --time-ticks-at-unix-epoch=-1783908253862340 --launch-time-ticks=1937915517920 --field-trial-handle=2052,i,10430203921865007793,11444583846855446923,262144 --enable-features=PdfUseShowSaveFilePicker --disable-features=SpareRendererForSitePerProcess,WinDelaySpellcheckServiceInit --variations-seed-version --mojo-platform-channel-handle=3324 /prefetch:1","localhost","1b9536e9-ff40-4030-ac7d-51987455b1c1","False","9924a9d6-6638-457c-9f31-b8b3f5b329e0"
"2026-08-04T20:23:16.5121820+08:00","795.996","88548","79828","Resolve.exe","2026/8/4 20:22:29","84.375","2520.2","""C:\Program Files\Blackmagic Design\DaVinci Resolve\Resolve.exe"" ","localhost","1b9536e9-ff40-4030-ac7d-51987455b1c1","False","9924a9d6-6638-457c-9f31-b8b3f5b329e0"
"2026-08-04T20:23:16.5121820+08:00","796.081","80612","88548","electron.exe","2026/8/4 20:22:48","0.734","109.3","""C:/Program Files/Blackmagic Design/DaVinci Resolve\Electron\electron.exe"" ""C:\ProgramData\Blackmagic Design\DaVinci Resolve\Support\Workflow Integration Plugins\com.wutpeach.clackly\workflow-plugin/main.js"" --plugin-id=com.wutpeach.clackly","localhost","1b9536e9-ff40-4030-ac7d-51987455b1c1","False","9924a9d6-6638-457c-9f31-b8b3f5b329e0"
"2026-08-04T20:23:16.5121820+08:00","796.108","56216","80612","electron.exe","2026/8/4 20:22:48","1.016","112","""C:\Program Files\Blackmagic Design\DaVinci Resolve\Electron\electron.exe"" --type=gpu-process --user-data-dir=""C:\Users\Administrator\AppData\Roaming\Clackly Workflow Plugin"" --gpu-preferences=UAAAAAAAAADgAAAEAAAAAAAAAAAAAAAAAABgAAEAAAAAAAAAAAAAAAAAAAACAAAAAAAAAAAAAAAAAAAAAAAAABAAAAAAAAAAEAAAAAAAAAAIAAAAAAAAAAgAAAAAAAAA --field-trial-handle=2052,i,10430203921865007793,11444583846855446923,262144 --enable-features=PdfUseShowSaveFilePicker --disable-features=SpareRendererForSitePerProcess,WinDelaySpellcheckServiceInit --variations-seed-version --mojo-platform-channel-handle=2044 /prefetch:2","localhost","1b9536e9-ff40-4030-ac7d-51987455b1c1","False","9924a9d6-6638-457c-9f31-b8b3f5b329e0"
"2026-08-04T20:23:16.5121820+08:00","796.132","95828","80612","electron.exe","2026/8/4 20:22:48","0.141","48.8","""C:\Program Files\Blackmagic Design\DaVinci Resolve\Electron\electron.exe"" --type=utility --utility-sub-type=network.mojom.NetworkService --lang=zh-CN --service-sandbox-type=none --user-data-dir=""C:\Users\Administrator\AppData\Roaming\Clackly Workflow Plugin"" --field-trial-handle=2052,i,10430203921865007793,11444583846855446923,262144 --enable-features=PdfUseShowSaveFilePicker --disable-features=SpareRendererForSitePerProcess,WinDelaySpellcheckServiceInit --variations-seed-version --mojo-platform-channel-handle=2244 /prefetch:11","localhost","1b9536e9-ff40-4030-ac7d-51987455b1c1","False","9924a9d6-6638-457c-9f31-b8b3f5b329e0"
"2026-08-04T20:23:16.5121820+08:00","796.157","106332","80612","electron.exe","2026/8/4 20:22:49","0.156","92.3","""C:\Program Files\Blackmagic Design\DaVinci Resolve\Electron\electron.exe"" --type=renderer --user-data-dir=""C:\Users\Administrator\AppData\Roaming\Clackly Workflow Plugin"" --app-path=""C:\ProgramData\Blackmagic Design\DaVinci Resolve\Support\Workflow Integration Plugins\com.wutpeach.clackly\workflow-plugin"" --no-sandbox --no-zygote --video-capture-use-gpu-memory-buffer --lang=zh-CN --device-scale-factor=1 --num-raster-threads=4 --enable-main-frame-before-activation --renderer-client-id=4 --time-ticks-at-unix-epoch=-1783908253862340 --launch-time-ticks=1937915517920 --field-trial-handle=2052,i,10430203921865007793,11444583846855446923,262144 --enable-features=PdfUseShowSaveFilePicker --disable-features=SpareRendererForSitePerProcess,WinDelaySpellcheckServiceInit --variations-seed-version --mojo-platform-channel-handle=3324 /prefetch:1","localhost","1b9536e9-ff40-4030-ac7d-51987455b1c1","False","9924a9d6-6638-457c-9f31-b8b3f5b329e0"
"2026-08-04T20:23:18.5249717+08:00","877.891","88548","79828","Resolve.exe","2026/8/4 20:22:29","86.75","2520.1","""C:\Program Files\Blackmagic Design\DaVinci Resolve\Resolve.exe"" ","localhost","1b9536e9-ff40-4030-ac7d-51987455b1c1","False","9924a9d6-6638-457c-9f31-b8b3f5b329e0"
"2026-08-04T20:23:18.5249717+08:00","877.97","80612","88548","electron.exe","2026/8/4 20:22:48","0.734","109.3","""C:/Program Files/Blackmagic Design/DaVinci Resolve\Electron\electron.exe"" ""C:\ProgramData\Blackmagic Design\DaVinci Resolve\Support\Workflow Integration Plugins\com.wutpeach.clackly\workflow-plugin/main.js"" --plugin-id=com.wutpeach.clackly","localhost","1b9536e9-ff40-4030-ac7d-51987455b1c1","False","9924a9d6-6638-457c-9f31-b8b3f5b329e0"
"2026-08-04T20:23:18.5249717+08:00","877.998","56216","80612","electron.exe","2026/8/4 20:22:48","1.016","112","""C:\Program Files\Blackmagic Design\DaVinci Resolve\Electron\electron.exe"" --type=gpu-process --user-data-dir=""C:\Users\Administrator\AppData\Roaming\Clackly Workflow Plugin"" --gpu-preferences=UAAAAAAAAADgAAAEAAAAAAAAAAAAAAAAAABgAAEAAAAAAAAAAAAAAAAAAAACAAAAAAAAAAAAAAAAAAAAAAAAABAAAAAAAAAAEAAAAAAAAAAIAAAAAAAAAAgAAAAAAAAA --field-trial-handle=2052,i,10430203921865007793,11444583846855446923,262144 --enable-features=PdfUseShowSaveFilePicker --disable-features=SpareRendererForSitePerProcess,WinDelaySpellcheckServiceInit --variations-seed-version --mojo-platform-channel-handle=2044 /prefetch:2","localhost","1b9536e9-ff40-4030-ac7d-51987455b1c1","False","9924a9d6-6638-457c-9f31-b8b3f5b329e0"
"2026-08-04T20:23:18.5249717+08:00","878.026","95828","80612","electron.exe","2026/8/4 20:22:48","0.141","48.8","""C:\Program Files\Blackmagic Design\DaVinci Resolve\Electron\electron.exe"" --type=utility --utility-sub-type=network.mojom.NetworkService --lang=zh-CN --service-sandbox-type=none --user-data-dir=""C:\Users\Administrator\AppData\Roaming\Clackly Workflow Plugin"" --field-trial-handle=2052,i,10430203921865007793,11444583846855446923,262144 --enable-features=PdfUseShowSaveFilePicker --disable-features=SpareRendererForSitePerProcess,WinDelaySpellcheckServiceInit --variations-seed-version --mojo-platform-channel-handle=2244 /prefetch:11","localhost","1b9536e9-ff40-4030-ac7d-51987455b1c1","False","9924a9d6-6638-457c-9f31-b8b3f5b329e0"
"2026-08-04T20:23:18.5249717+08:00","878.051","106332","80612","electron.exe","2026/8/4 20:22:49","0.156","92.3","""C:\Program Files\Blackmagic Design\DaVinci Resolve\Electron\electron.exe"" --type=renderer --user-data-dir=""C:\Users\Administrator\AppData\Roaming\Clackly Workflow Plugin"" --app-path=""C:\ProgramData\Blackmagic Design\DaVinci Resolve\Support\Workflow Integration Plugins\com.wutpeach.clackly\workflow-plugin"" --no-sandbox --no-zygote --video-capture-use-gpu-memory-buffer --lang=zh-CN --device-scale-factor=1 --num-raster-threads=4 --enable-main-frame-before-activation --renderer-client-id=4 --time-ticks-at-unix-epoch=-1783908253862340 --launch-time-ticks=1937915517920 --field-trial-handle=2052,i,10430203921865007793,11444583846855446923,262144 --enable-features=PdfUseShowSaveFilePicker --disable-features=SpareRendererForSitePerProcess,WinDelaySpellcheckServiceInit --variations-seed-version --mojo-platform-channel-handle=3324 /prefetch:1","localhost","1b9536e9-ff40-4030-ac7d-51987455b1c1","False","9924a9d6-6638-457c-9f31-b8b3f5b329e0"
"2026-08-04T20:23:20.5334963+08:00","796.599","88548","79828","Resolve.exe","2026/8/4 20:22:29","89.172","2520.1","""C:\Program Files\Blackmagic Design\DaVinci Resolve\Resolve.exe"" ","localhost","1b9536e9-ff40-4030-ac7d-51987455b1c1","False","9924a9d6-6638-457c-9f31-b8b3f5b329e0"
"2026-08-04T20:23:20.5334963+08:00","796.699","80612","88548","electron.exe","2026/8/4 20:22:48","0.734","109.3","""C:/Program Files/Blackmagic Design/DaVinci Resolve\Electron\electron.exe"" ""C:\ProgramData\Blackmagic Design\DaVinci Resolve\Support\Workflow Integration Plugins\com.wutpeach.clackly\workflow-plugin/main.js"" --plugin-id=com.wutpeach.clackly","localhost","1b9536e9-ff40-4030-ac7d-51987455b1c1","False","9924a9d6-6638-457c-9f31-b8b3f5b329e0"
"2026-08-04T20:23:20.5334963+08:00","796.76","56216","80612","electron.exe","2026/8/4 20:22:48","1.016","112","""C:\Program Files\Blackmagic Design\DaVinci Resolve\Electron\electron.exe"" --type=gpu-process --user-data-dir=""C:\Users\Administrator\AppData\Roaming\Clackly Workflow Plugin"" --gpu-preferences=UAAAAAAAAADgAAAEAAAAAAAAAAAAAAAAAABgAAEAAAAAAAAAAAAAAAAAAAACAAAAAAAAAAAAAAAAAAAAAAAAABAAAAAAAAAAEAAAAAAAAAAIAAAAAAAAAAgAAAAAAAAA --field-trial-handle=2052,i,10430203921865007793,11444583846855446923,262144 --enable-features=PdfUseShowSaveFilePicker --disable-features=SpareRendererForSitePerProcess,WinDelaySpellcheckServiceInit --variations-seed-version --mojo-platform-channel-handle=2044 /prefetch:2","localhost","1b9536e9-ff40-4030-ac7d-51987455b1c1","False","9924a9d6-6638-457c-9f31-b8b3f5b329e0"
"2026-08-04T20:23:20.5334963+08:00","796.796","95828","80612","electron.exe","2026/8/4 20:22:48","0.141","48.8","""C:\Program Files\Blackmagic Design\DaVinci Resolve\Electron\electron.exe"" --type=utility --utility-sub-type=network.mojom.NetworkService --lang=zh-CN --service-sandbox-type=none --user-data-dir=""C:\Users\Administrator\AppData\Roaming\Clackly Workflow Plugin"" --field-trial-handle=2052,i,10430203921865007793,11444583846855446923,262144 --enable-features=PdfUseShowSaveFilePicker --disable-features=SpareRendererForSitePerProcess,WinDelaySpellcheckServiceInit --variations-seed-version --mojo-platform-channel-handle=2244 /prefetch:11","localhost","1b9536e9-ff40-4030-ac7d-51987455b1c1","False","9924a9d6-6638-457c-9f31-b8b3f5b329e0"
"2026-08-04T20:23:20.5334963+08:00","796.831","106332","80612","electron.exe","2026/8/4 20:22:49","0.203","92.4","""C:\Program Files\Blackmagic Design\DaVinci Resolve\Electron\electron.exe"" --type=renderer --user-data-dir=""C:\Users\Administrator\AppData\Roaming\Clackly Workflow Plugin"" --app-path=""C:\ProgramData\Blackmagic Design\DaVinci Resolve\Support\Workflow Integration Plugins\com.wutpeach.clackly\workflow-plugin"" --no-sandbox --no-zygote --video-capture-use-gpu-memory-buffer --lang=zh-CN --device-scale-factor=1 --num-raster-threads=4 --enable-main-frame-before-activation --renderer-client-id=4 --time-ticks-at-unix-epoch=-1783908253862340 --launch-time-ticks=1937915517920 --field-trial-handle=2052,i,10430203921865007793,11444583846855446923,262144 --enable-features=PdfUseShowSaveFilePicker --disable-features=SpareRendererForSitePerProcess,WinDelaySpellcheckServiceInit --variations-seed-version --mojo-platform-channel-handle=3324 /prefetch:1","localhost","1b9536e9-ff40-4030-ac7d-51987455b1c1","False","9924a9d6-6638-457c-9f31-b8b3f5b329e0"
"2026-08-04T20:23:22.5453176+08:00","831.83","88548","79828","Resolve.exe","2026/8/4 20:22:29","91.188","2520.1","""C:\Program Files\Blackmagic Design\DaVinci Resolve\Resolve.exe"" ","localhost","1b9536e9-ff40-4030-ac7d-51987455b1c1","False","9924a9d6-6638-457c-9f31-b8b3f5b329e0"
"2026-08-04T20:23:22.5453176+08:00","831.913","80612","88548","electron.exe","2026/8/4 20:22:48","0.734","109.3","""C:/Program Files/Blackmagic Design/DaVinci Resolve\Electron\electron.exe"" ""C:\ProgramData\Blackmagic Design\DaVinci Resolve\Support\Workflow Integration Plugins\com.wutpeach.clackly\workflow-plugin/main.js"" --plugin-id=com.wutpeach.clackly","localhost","1b9536e9-ff40-4030-ac7d-51987455b1c1","False","9924a9d6-6638-457c-9f31-b8b3f5b329e0"
"2026-08-04T20:23:22.5453176+08:00","831.942","56216","80612","electron.exe","2026/8/4 20:22:48","1.016","112","""C:\Program Files\Blackmagic Design\DaVinci Resolve\Electron\electron.exe"" --type=gpu-process --user-data-dir=""C:\Users\Administrator\AppData\Roaming\Clackly Workflow Plugin"" --gpu-preferences=UAAAAAAAAADgAAAEAAAAAAAAAAAAAAAAAABgAAEAAAAAAAAAAAAAAAAAAAACAAAAAAAAAAAAAAAAAAAAAAAAABAAAAAAAAAAEAAAAAAAAAAIAAAAAAAAAAgAAAAAAAAA --field-trial-handle=2052,i,10430203921865007793,11444583846855446923,262144 --enable-features=PdfUseShowSaveFilePicker --disable-features=SpareRendererForSitePerProcess,WinDelaySpellcheckServiceInit --variations-seed-version --mojo-platform-channel-handle=2044 /prefetch:2","localhost","1b9536e9-ff40-4030-ac7d-51987455b1c1","False","9924a9d6-6638-457c-9f31-b8b3f5b329e0"
"2026-08-04T20:23:22.5453176+08:00","831.967","95828","80612","electron.exe","2026/8/4 20:22:48","0.141","48.8","""C:\Program Files\Blackmagic Design\DaVinci Resolve\Electron\electron.exe"" --type=utility --utility-sub-type=network.mojom.NetworkService --lang=zh-CN --service-sandbox-type=none --user-data-dir=""C:\Users\Administrator\AppData\Roaming\Clackly Workflow Plugin"" --field-trial-handle=2052,i,10430203921865007793,11444583846855446923,262144 --enable-features=PdfUseShowSaveFilePicker --disable-features=SpareRendererForSitePerProcess,WinDelaySpellcheckServiceInit --variations-seed-version --mojo-platform-channel-handle=2244 /prefetch:11","localhost","1b9536e9-ff40-4030-ac7d-51987455b1c1","False","9924a9d6-6638-457c-9f31-b8b3f5b329e0"
"2026-08-04T20:23:22.5453176+08:00","831.991","106332","80612","electron.exe","2026/8/4 20:22:49","0.203","92.4","""C:\Program Files\Blackmagic Design\DaVinci Resolve\Electron\electron.exe"" --type=renderer --user-data-dir=""C:\Users\Administrator\AppData\Roaming\Clackly Workflow Plugin"" --app-path=""C:\ProgramData\Blackmagic Design\DaVinci Resolve\Support\Workflow Integration Plugins\com.wutpeach.clackly\workflow-plugin"" --no-sandbox --no-zygote --video-capture-use-gpu-memory-buffer --lang=zh-CN --device-scale-factor=1 --num-raster-threads=4 --enable-main-frame-before-activation --renderer-client-id=4 --time-ticks-at-unix-epoch=-1783908253862340 --launch-time-ticks=1937915517920 --field-trial-handle=2052,i,10430203921865007793,11444583846855446923,262144 --enable-features=PdfUseShowSaveFilePicker --disable-features=SpareRendererForSitePerProcess,WinDelaySpellcheckServiceInit --variations-seed-version --mojo-platform-channel-handle=3324 /prefetch:1","localhost","1b9536e9-ff40-4030-ac7d-51987455b1c1","False","9924a9d6-6638-457c-9f31-b8b3f5b329e0"
"2026-08-04T20:23:24.5505087+08:00","811.237","88548","79828","Resolve.exe","2026/8/4 20:22:29","93.5","2520.1","""C:\Program Files\Blackmagic Design\DaVinci Resolve\Resolve.exe"" ","localhost","1b9536e9-ff40-4030-ac7d-51987455b1c1","False","9924a9d6-6638-457c-9f31-b8b3f5b329e0"
"2026-08-04T20:23:24.5505087+08:00","811.314","80612","88548","electron.exe","2026/8/4 20:22:48","0.734","109.3","""C:/Program Files/Blackmagic Design/DaVinci Resolve\Electron\electron.exe"" ""C:\ProgramData\Blackmagic Design\DaVinci Resolve\Support\Workflow Integration Plugins\com.wutpeach.clackly\workflow-plugin/main.js"" --plugin-id=com.wutpeach.clackly","localhost","1b9536e9-ff40-4030-ac7d-51987455b1c1","False","9924a9d6-6638-457c-9f31-b8b3f5b329e0"
"2026-08-04T20:23:24.5505087+08:00","811.342","56216","80612","electron.exe","2026/8/4 20:22:48","1.016","112","""C:\Program Files\Blackmagic Design\DaVinci Resolve\Electron\electron.exe"" --type=gpu-process --user-data-dir=""C:\Users\Administrator\AppData\Roaming\Clackly Workflow Plugin"" --gpu-preferences=UAAAAAAAAADgAAAEAAAAAAAAAAAAAAAAAABgAAEAAAAAAAAAAAAAAAAAAAACAAAAAAAAAAAAAAAAAAAAAAAAABAAAAAAAAAAEAAAAAAAAAAIAAAAAAAAAAgAAAAAAAAA --field-trial-handle=2052,i,10430203921865007793,11444583846855446923,262144 --enable-features=PdfUseShowSaveFilePicker --disable-features=SpareRendererForSitePerProcess,WinDelaySpellcheckServiceInit --variations-seed-version --mojo-platform-channel-handle=2044 /prefetch:2","localhost","1b9536e9-ff40-4030-ac7d-51987455b1c1","False","9924a9d6-6638-457c-9f31-b8b3f5b329e0"
"2026-08-04T20:23:24.5505087+08:00","811.367","95828","80612","electron.exe","2026/8/4 20:22:48","0.141","48.8","""C:\Program Files\Blackmagic Design\DaVinci Resolve\Electron\electron.exe"" --type=utility --utility-sub-type=network.mojom.NetworkService --lang=zh-CN --service-sandbox-type=none --user-data-dir=""C:\Users\Administrator\AppData\Roaming\Clackly Workflow Plugin"" --field-trial-handle=2052,i,10430203921865007793,11444583846855446923,262144 --enable-features=PdfUseShowSaveFilePicker --disable-features=SpareRendererForSitePerProcess,WinDelaySpellcheckServiceInit --variations-seed-version --mojo-platform-channel-handle=2244 /prefetch:11","localhost","1b9536e9-ff40-4030-ac7d-51987455b1c1","False","9924a9d6-6638-457c-9f31-b8b3f5b329e0"
"2026-08-04T20:23:24.5505087+08:00","811.391","106332","80612","electron.exe","2026/8/4 20:22:49","0.203","92.4","""C:\Program Files\Blackmagic Design\DaVinci Resolve\Electron\electron.exe"" --type=renderer --user-data-dir=""C:\Users\Administrator\AppData\Roaming\Clackly Workflow Plugin"" --app-path=""C:\ProgramData\Blackmagic Design\DaVinci Resolve\Support\Workflow Integration Plugins\com.wutpeach.clackly\workflow-plugin"" --no-sandbox --no-zygote --video-capture-use-gpu-memory-buffer --lang=zh-CN --device-scale-factor=1 --num-raster-threads=4 --enable-main-frame-before-activation --renderer-client-id=4 --time-ticks-at-unix-epoch=-1783908253862340 --launch-time-ticks=1937915517920 --field-trial-handle=2052,i,10430203921865007793,11444583846855446923,262144 --enable-features=PdfUseShowSaveFilePicker --disable-features=SpareRendererForSitePerProcess,WinDelaySpellcheckServiceInit --variations-seed-version --mojo-platform-channel-handle=3324 /prefetch:1","localhost","1b9536e9-ff40-4030-ac7d-51987455b1c1","False","9924a9d6-6638-457c-9f31-b8b3f5b329e0"
"2026-08-04T20:23:26.5665371+08:00","848.972","88548","79828","Resolve.exe","2026/8/4 20:22:29","95.922","2520.1","""C:\Program Files\Blackmagic Design\DaVinci Resolve\Resolve.exe"" ","localhost","1b9536e9-ff40-4030-ac7d-51987455b1c1","False","9924a9d6-6638-457c-9f31-b8b3f5b329e0"
"2026-08-04T20:23:26.5665371+08:00","849.054","80612","88548","electron.exe","2026/8/4 20:22:48","0.734","109.3","""C:/Program Files/Blackmagic Design/DaVinci Resolve\Electron\electron.exe"" ""C:\ProgramData\Blackmagic Design\DaVinci Resolve\Support\Workflow Integration Plugins\com.wutpeach.clackly\workflow-plugin/main.js"" --plugin-id=com.wutpeach.clackly","localhost","1b9536e9-ff40-4030-ac7d-51987455b1c1","False","9924a9d6-6638-457c-9f31-b8b3f5b329e0"
"2026-08-04T20:23:26.5665371+08:00","849.083","56216","80612","electron.exe","2026/8/4 20:22:48","1.016","112","""C:\Program Files\Blackmagic Design\DaVinci Resolve\Electron\electron.exe"" --type=gpu-process --user-data-dir=""C:\Users\Administrator\AppData\Roaming\Clackly Workflow Plugin"" --gpu-preferences=UAAAAAAAAADgAAAEAAAAAAAAAAAAAAAAAABgAAEAAAAAAAAAAAAAAAAAAAACAAAAAAAAAAAAAAAAAAAAAAAAABAAAAAAAAAAEAAAAAAAAAAIAAAAAAAAAAgAAAAAAAAA --field-trial-handle=2052,i,10430203921865007793,11444583846855446923,262144 --enable-features=PdfUseShowSaveFilePicker --disable-features=SpareRendererForSitePerProcess,WinDelaySpellcheckServiceInit --variations-seed-version --mojo-platform-channel-handle=2044 /prefetch:2","localhost","1b9536e9-ff40-4030-ac7d-51987455b1c1","False","9924a9d6-6638-457c-9f31-b8b3f5b329e0"
"2026-08-04T20:23:26.5665371+08:00","849.11","95828","80612","electron.exe","2026/8/4 20:22:48","0.141","48.8","""C:\Program Files\Blackmagic Design\DaVinci Resolve\Electron\electron.exe"" --type=utility --utility-sub-type=network.mojom.NetworkService --lang=zh-CN --service-sandbox-type=none --user-data-dir=""C:\Users\Administrator\AppData\Roaming\Clackly Workflow Plugin"" --field-trial-handle=2052,i,10430203921865007793,11444583846855446923,262144 --enable-features=PdfUseShowSaveFilePicker --disable-features=SpareRendererForSitePerProcess,WinDelaySpellcheckServiceInit --variations-seed-version --mojo-platform-channel-handle=2244 /prefetch:11","localhost","1b9536e9-ff40-4030-ac7d-51987455b1c1","False","9924a9d6-6638-457c-9f31-b8b3f5b329e0"
"2026-08-04T20:23:26.5665371+08:00","849.135","106332","80612","electron.exe","2026/8/4 20:22:49","0.203","92.4","""C:\Program Files\Blackmagic Design\DaVinci Resolve\Electron\electron.exe"" --type=renderer --user-data-dir=""C:\Users\Administrator\AppData\Roaming\Clackly Workflow Plugin"" --app-path=""C:\ProgramData\Blackmagic Design\DaVinci Resolve\Support\Workflow Integration Plugins\com.wutpeach.clackly\workflow-plugin"" --no-sandbox --no-zygote --video-capture-use-gpu-memory-buffer --lang=zh-CN --device-scale-factor=1 --num-raster-threads=4 --enable-main-frame-before-activation --renderer-client-id=4 --time-ticks-at-unix-epoch=-1783908253862340 --launch-time-ticks=1937915517920 --field-trial-handle=2052,i,10430203921865007793,11444583846855446923,262144 --enable-features=PdfUseShowSaveFilePicker --disable-features=SpareRendererForSitePerProcess,WinDelaySpellcheckServiceInit --variations-seed-version --mojo-platform-channel-handle=3324 /prefetch:1","localhost","1b9536e9-ff40-4030-ac7d-51987455b1c1","False","9924a9d6-6638-457c-9f31-b8b3f5b329e0"
"2026-08-04T20:23:28.5720262+08:00","799.728","88548","79828","Resolve.exe","2026/8/4 20:22:29","97.953","2520.1","""C:\Program Files\Blackmagic Design\DaVinci Resolve\Resolve.exe"" ","localhost","1b9536e9-ff40-4030-ac7d-51987455b1c1","False","9924a9d6-6638-457c-9f31-b8b3f5b329e0"
"2026-08-04T20:23:28.5720262+08:00","799.823","80612","88548","electron.exe","2026/8/4 20:22:48","0.734","109.3","""C:/Program Files/Blackmagic Design/DaVinci Resolve\Electron\electron.exe"" ""C:\ProgramData\Blackmagic Design\DaVinci Resolve\Support\Workflow Integration Plugins\com.wutpeach.clackly\workflow-plugin/main.js"" --plugin-id=com.wutpeach.clackly","localhost","1b9536e9-ff40-4030-ac7d-51987455b1c1","False","9924a9d6-6638-457c-9f31-b8b3f5b329e0"
"2026-08-04T20:23:28.5720262+08:00","799.854","56216","80612","electron.exe","2026/8/4 20:22:48","1.016","112","""C:\Program Files\Blackmagic Design\DaVinci Resolve\Electron\electron.exe"" --type=gpu-process --user-data-dir=""C:\Users\Administrator\AppData\Roaming\Clackly Workflow Plugin"" --gpu-preferences=UAAAAAAAAADgAAAEAAAAAAAAAAAAAAAAAABgAAEAAAAAAAAAAAAAAAAAAAACAAAAAAAAAAAAAAAAAAAAAAAAABAAAAAAAAAAEAAAAAAAAAAIAAAAAAAAAAgAAAAAAAAA --field-trial-handle=2052,i,10430203921865007793,11444583846855446923,262144 --enable-features=PdfUseShowSaveFilePicker --disable-features=SpareRendererForSitePerProcess,WinDelaySpellcheckServiceInit --variations-seed-version --mojo-platform-channel-handle=2044 /prefetch:2","localhost","1b9536e9-ff40-4030-ac7d-51987455b1c1","False","9924a9d6-6638-457c-9f31-b8b3f5b329e0"
"2026-08-04T20:23:28.5720262+08:00","799.892","95828","80612","electron.exe","2026/8/4 20:22:48","0.141","48.8","""C:\Program Files\Blackmagic Design\DaVinci Resolve\Electron\electron.exe"" --type=utility --utility-sub-type=network.mojom.NetworkService --lang=zh-CN --service-sandbox-type=none --user-data-dir=""C:\Users\Administrator\AppData\Roaming\Clackly Workflow Plugin"" --field-trial-handle=2052,i,10430203921865007793,11444583846855446923,262144 --enable-features=PdfUseShowSaveFilePicker --disable-features=SpareRendererForSitePerProcess,WinDelaySpellcheckServiceInit --variations-seed-version --mojo-platform-channel-handle=2244 /prefetch:11","localhost","1b9536e9-ff40-4030-ac7d-51987455b1c1","False","9924a9d6-6638-457c-9f31-b8b3f5b329e0"
"2026-08-04T20:23:28.5720262+08:00","799.918","106332","80612","electron.exe","2026/8/4 20:22:49","0.203","92.4","""C:\Program Files\Blackmagic Design\DaVinci Resolve\Electron\electron.exe"" --type=renderer --user-data-dir=""C:\Users\Administrator\AppData\Roaming\Clackly Workflow Plugin"" --app-path=""C:\ProgramData\Blackmagic Design\DaVinci Resolve\Support\Workflow Integration Plugins\com.wutpeach.clackly\workflow-plugin"" --no-sandbox --no-zygote --video-capture-use-gpu-memory-buffer --lang=zh-CN --device-scale-factor=1 --num-raster-threads=4 --enable-main-frame-before-activation --renderer-client-id=4 --time-ticks-at-unix-epoch=-1783908253862340 --launch-time-ticks=1937915517920 --field-trial-handle=2052,i,10430203921865007793,11444583846855446923,262144 --enable-features=PdfUseShowSaveFilePicker --disable-features=SpareRendererForSitePerProcess,WinDelaySpellcheckServiceInit --variations-seed-version --mojo-platform-channel-handle=3324 /prefetch:1","localhost","1b9536e9-ff40-4030-ac7d-51987455b1c1","False","9924a9d6-6638-457c-9f31-b8b3f5b329e0"
"2026-08-04T20:23:30.5751657+08:00","839.635","88548","79828","Resolve.exe","2026/8/4 20:22:29","98.844","2585.7","""C:\Program Files\Blackmagic Design\DaVinci Resolve\Resolve.exe"" ","localhost","1b9536e9-ff40-4030-ac7d-51987455b1c1","False","9924a9d6-6638-457c-9f31-b8b3f5b329e0"
"2026-08-04T20:23:30.5751657+08:00","839.712","80612","88548","electron.exe","2026/8/4 20:22:48","0.734","109.3","""C:/Program Files/Blackmagic Design/DaVinci Resolve\Electron\electron.exe"" ""C:\ProgramData\Blackmagic Design\DaVinci Resolve\Support\Workflow Integration Plugins\com.wutpeach.clackly\workflow-plugin/main.js"" --plugin-id=com.wutpeach.clackly","localhost","1b9536e9-ff40-4030-ac7d-51987455b1c1","False","9924a9d6-6638-457c-9f31-b8b3f5b329e0"
"2026-08-04T20:23:30.5751657+08:00","839.745","56216","80612","electron.exe","2026/8/4 20:22:48","1.016","112","""C:\Program Files\Blackmagic Design\DaVinci Resolve\Electron\electron.exe"" --type=gpu-process --user-data-dir=""C:\Users\Administrator\AppData\Roaming\Clackly Workflow Plugin"" --gpu-preferences=UAAAAAAAAADgAAAEAAAAAAAAAAAAAAAAAABgAAEAAAAAAAAAAAAAAAAAAAACAAAAAAAAAAAAAAAAAAAAAAAAABAAAAAAAAAAEAAAAAAAAAAIAAAAAAAAAAgAAAAAAAAA --field-trial-handle=2052,i,10430203921865007793,11444583846855446923,262144 --enable-features=PdfUseShowSaveFilePicker --disable-features=SpareRendererForSitePerProcess,WinDelaySpellcheckServiceInit --variations-seed-version --mojo-platform-channel-handle=2044 /prefetch:2","localhost","1b9536e9-ff40-4030-ac7d-51987455b1c1","False","9924a9d6-6638-457c-9f31-b8b3f5b329e0"
"2026-08-04T20:23:30.5751657+08:00","839.773","95828","80612","electron.exe","2026/8/4 20:22:48","0.141","48.8","""C:\Program Files\Blackmagic Design\DaVinci Resolve\Electron\electron.exe"" --type=utility --utility-sub-type=network.mojom.NetworkService --lang=zh-CN --service-sandbox-type=none --user-data-dir=""C:\Users\Administrator\AppData\Roaming\Clackly Workflow Plugin"" --field-trial-handle=2052,i,10430203921865007793,11444583846855446923,262144 --enable-features=PdfUseShowSaveFilePicker --disable-features=SpareRendererForSitePerProcess,WinDelaySpellcheckServiceInit --variations-seed-version --mojo-platform-channel-handle=2244 /prefetch:11","localhost","1b9536e9-ff40-4030-ac7d-51987455b1c1","False","9924a9d6-6638-457c-9f31-b8b3f5b329e0"
"2026-08-04T20:23:30.5751657+08:00","839.798","106332","80612","electron.exe","2026/8/4 20:22:49","0.203","92.4","""C:\Program Files\Blackmagic Design\DaVinci Resolve\Electron\electron.exe"" --type=renderer --user-data-dir=""C:\Users\Administrator\AppData\Roaming\Clackly Workflow Plugin"" --app-path=""C:\ProgramData\Blackmagic Design\DaVinci Resolve\Support\Workflow Integration Plugins\com.wutpeach.clackly\workflow-plugin"" --no-sandbox --no-zygote --video-capture-use-gpu-memory-buffer --lang=zh-CN --device-scale-factor=1 --num-raster-threads=4 --enable-main-frame-before-activation --renderer-client-id=4 --time-ticks-at-unix-epoch=-1783908253862340 --launch-time-ticks=1937915517920 --field-trial-handle=2052,i,10430203921865007793,11444583846855446923,262144 --enable-features=PdfUseShowSaveFilePicker --disable-features=SpareRendererForSitePerProcess,WinDelaySpellcheckServiceInit --variations-seed-version --mojo-platform-channel-handle=3324 /prefetch:1","localhost","1b9536e9-ff40-4030-ac7d-51987455b1c1","False","9924a9d6-6638-457c-9f31-b8b3f5b329e0"
"2026-08-04T20:23:32.5871119+08:00","832.681","88548","79828","Resolve.exe","2026/8/4 20:22:29","102","2588.9","""C:\Program Files\Blackmagic Design\DaVinci Resolve\Resolve.exe"" ","localhost","1b9536e9-ff40-4030-ac7d-51987455b1c1","False","9924a9d6-6638-457c-9f31-b8b3f5b329e0"
"2026-08-04T20:23:32.5871119+08:00","832.8","80612","88548","electron.exe","2026/8/4 20:22:48","0.734","109.3","""C:/Program Files/Blackmagic Design/DaVinci Resolve\Electron\electron.exe"" ""C:\ProgramData\Blackmagic Design\DaVinci Resolve\Support\Workflow Integration Plugins\com.wutpeach.clackly\workflow-plugin/main.js"" --plugin-id=com.wutpeach.clackly","localhost","1b9536e9-ff40-4030-ac7d-51987455b1c1","False","9924a9d6-6638-457c-9f31-b8b3f5b329e0"
"2026-08-04T20:23:32.5871119+08:00","832.83","56216","80612","electron.exe","2026/8/4 20:22:48","1.016","112","""C:\Program Files\Blackmagic Design\DaVinci Resolve\Electron\electron.exe"" --type=gpu-process --user-data-dir=""C:\Users\Administrator\AppData\Roaming\Clackly Workflow Plugin"" --gpu-preferences=UAAAAAAAAADgAAAEAAAAAAAAAAAAAAAAAABgAAEAAAAAAAAAAAAAAAAAAAACAAAAAAAAAAAAAAAAAAAAAAAAABAAAAAAAAAAEAAAAAAAAAAIAAAAAAAAAAgAAAAAAAAA --field-trial-handle=2052,i,10430203921865007793,11444583846855446923,262144 --enable-features=PdfUseShowSaveFilePicker --disable-features=SpareRendererForSitePerProcess,WinDelaySpellcheckServiceInit --variations-seed-version --mojo-platform-channel-handle=2044 /prefetch:2","localhost","1b9536e9-ff40-4030-ac7d-51987455b1c1","False","9924a9d6-6638-457c-9f31-b8b3f5b329e0"
"2026-08-04T20:23:32.5871119+08:00","832.856","95828","80612","electron.exe","2026/8/4 20:22:48","0.141","48.8","""C:\Program Files\Blackmagic Design\DaVinci Resolve\Electron\electron.exe"" --type=utility --utility-sub-type=network.mojom.NetworkService --lang=zh-CN --service-sandbox-type=none --user-data-dir=""C:\Users\Administrator\AppData\Roaming\Clackly Workflow Plugin"" --field-trial-handle=2052,i,10430203921865007793,11444583846855446923,262144 --enable-features=PdfUseShowSaveFilePicker --disable-features=SpareRendererForSitePerProcess,WinDelaySpellcheckServiceInit --variations-seed-version --mojo-platform-channel-handle=2244 /prefetch:11","localhost","1b9536e9-ff40-4030-ac7d-51987455b1c1","False","9924a9d6-6638-457c-9f31-b8b3f5b329e0"
"2026-08-04T20:23:32.5871119+08:00","832.882","106332","80612","electron.exe","2026/8/4 20:22:49","0.203","92.4","""C:\Program Files\Blackmagic Design\DaVinci Resolve\Electron\electron.exe"" --type=renderer --user-data-dir=""C:\Users\Administrator\AppData\Roaming\Clackly Workflow Plugin"" --app-path=""C:\ProgramData\Blackmagic Design\DaVinci Resolve\Support\Workflow Integration Plugins\com.wutpeach.clackly\workflow-plugin"" --no-sandbox --no-zygote --video-capture-use-gpu-memory-buffer --lang=zh-CN --device-scale-factor=1 --num-raster-threads=4 --enable-main-frame-before-activation --renderer-client-id=4 --time-ticks-at-unix-epoch=-1783908253862340 --launch-time-ticks=1937915517920 --field-trial-handle=2052,i,10430203921865007793,11444583846855446923,262144 --enable-features=PdfUseShowSaveFilePicker --disable-features=SpareRendererForSitePerProcess,WinDelaySpellcheckServiceInit --variations-seed-version --mojo-platform-channel-handle=3324 /prefetch:1","localhost","1b9536e9-ff40-4030-ac7d-51987455b1c1","False","9924a9d6-6638-457c-9f31-b8b3f5b329e0"
"2026-08-04T20:23:34.6003674+08:00","848.006","88548","79828","Resolve.exe","2026/8/4 20:22:29","102.188","2588.9","""C:\Program Files\Blackmagic Design\DaVinci Resolve\Resolve.exe"" ","localhost","1b9536e9-ff40-4030-ac7d-51987455b1c1","False","9924a9d6-6638-457c-9f31-b8b3f5b329e0"
"2026-08-04T20:23:34.6003674+08:00","848.098","80612","88548","electron.exe","2026/8/4 20:22:48","0.734","109.3","""C:/Program Files/Blackmagic Design/DaVinci Resolve\Electron\electron.exe"" ""C:\ProgramData\Blackmagic Design\DaVinci Resolve\Support\Workflow Integration Plugins\com.wutpeach.clackly\workflow-plugin/main.js"" --plugin-id=com.wutpeach.clackly","localhost","1b9536e9-ff40-4030-ac7d-51987455b1c1","False","9924a9d6-6638-457c-9f31-b8b3f5b329e0"
"2026-08-04T20:23:34.6003674+08:00","848.218","56216","80612","electron.exe","2026/8/4 20:22:48","1.016","112","""C:\Program Files\Blackmagic Design\DaVinci Resolve\Electron\electron.exe"" --type=gpu-process --user-data-dir=""C:\Users\Administrator\AppData\Roaming\Clackly Workflow Plugin"" --gpu-preferences=UAAAAAAAAADgAAAEAAAAAAAAAAAAAAAAAABgAAEAAAAAAAAAAAAAAAAAAAACAAAAAAAAAAAAAAAAAAAAAAAAABAAAAAAAAAAEAAAAAAAAAAIAAAAAAAAAAgAAAAAAAAA --field-trial-handle=2052,i,10430203921865007793,11444583846855446923,262144 --enable-features=PdfUseShowSaveFilePicker --disable-features=SpareRendererForSitePerProcess,WinDelaySpellcheckServiceInit --variations-seed-version --mojo-platform-channel-handle=2044 /prefetch:2","localhost","1b9536e9-ff40-4030-ac7d-51987455b1c1","False","9924a9d6-6638-457c-9f31-b8b3f5b329e0"
"2026-08-04T20:23:34.6003674+08:00","848.248","95828","80612","electron.exe","2026/8/4 20:22:48","0.141","48.8","""C:\Program Files\Blackmagic Design\DaVinci Resolve\Electron\electron.exe"" --type=utility --utility-sub-type=network.mojom.NetworkService --lang=zh-CN --service-sandbox-type=none --user-data-dir=""C:\Users\Administrator\AppData\Roaming\Clackly Workflow Plugin"" --field-trial-handle=2052,i,10430203921865007793,11444583846855446923,262144 --enable-features=PdfUseShowSaveFilePicker --disable-features=SpareRendererForSitePerProcess,WinDelaySpellcheckServiceInit --variations-seed-version --mojo-platform-channel-handle=2244 /prefetch:11","localhost","1b9536e9-ff40-4030-ac7d-51987455b1c1","False","9924a9d6-6638-457c-9f31-b8b3f5b329e0"
"2026-08-04T20:23:34.6003674+08:00","848.275","106332","80612","electron.exe","2026/8/4 20:22:49","0.203","92.4","""C:\Program Files\Blackmagic Design\DaVinci Resolve\Electron\electron.exe"" --type=renderer --user-data-dir=""C:\Users\Administrator\AppData\Roaming\Clackly Workflow Plugin"" --app-path=""C:\ProgramData\Blackmagic Design\DaVinci Resolve\Support\Workflow Integration Plugins\com.wutpeach.clackly\workflow-plugin"" --no-sandbox --no-zygote --video-capture-use-gpu-memory-buffer --lang=zh-CN --device-scale-factor=1 --num-raster-threads=4 --enable-main-frame-before-activation --renderer-client-id=4 --time-ticks-at-unix-epoch=-1783908253862340 --launch-time-ticks=1937915517920 --field-trial-handle=2052,i,10430203921865007793,11444583846855446923,262144 --enable-features=PdfUseShowSaveFilePicker --disable-features=SpareRendererForSitePerProcess,WinDelaySpellcheckServiceInit --variations-seed-version --mojo-platform-channel-handle=3324 /prefetch:1","localhost","1b9536e9-ff40-4030-ac7d-51987455b1c1","False","9924a9d6-6638-457c-9f31-b8b3f5b329e0"
"2026-08-04T20:23:36.6111705+08:00","842.633","88548","79828","Resolve.exe","2026/8/4 20:22:29","102.391","2587.3","""C:\Program Files\Blackmagic Design\DaVinci Resolve\Resolve.exe"" ","localhost","1b9536e9-ff40-4030-ac7d-51987455b1c1","False","9924a9d6-6638-457c-9f31-b8b3f5b329e0"
"2026-08-04T20:23:36.6111705+08:00","842.798","80612","88548","electron.exe","2026/8/4 20:22:48","0.75","109.3","""C:/Program Files/Blackmagic Design/DaVinci Resolve\Electron\electron.exe"" ""C:\ProgramData\Blackmagic Design\DaVinci Resolve\Support\Workflow Integration Plugins\com.wutpeach.clackly\workflow-plugin/main.js"" --plugin-id=com.wutpeach.clackly","localhost","1b9536e9-ff40-4030-ac7d-51987455b1c1","False","9924a9d6-6638-457c-9f31-b8b3f5b329e0"
"2026-08-04T20:23:36.6111705+08:00","842.837","56216","80612","electron.exe","2026/8/4 20:22:48","1.016","112","""C:\Program Files\Blackmagic Design\DaVinci Resolve\Electron\electron.exe"" --type=gpu-process --user-data-dir=""C:\Users\Administrator\AppData\Roaming\Clackly Workflow Plugin"" --gpu-preferences=UAAAAAAAAADgAAAEAAAAAAAAAAAAAAAAAABgAAEAAAAAAAAAAAAAAAAAAAACAAAAAAAAAAAAAAAAAAAAAAAAABAAAAAAAAAAEAAAAAAAAAAIAAAAAAAAAAgAAAAAAAAA --field-trial-handle=2052,i,10430203921865007793,11444583846855446923,262144 --enable-features=PdfUseShowSaveFilePicker --disable-features=SpareRendererForSitePerProcess,WinDelaySpellcheckServiceInit --variations-seed-version --mojo-platform-channel-handle=2044 /prefetch:2","localhost","1b9536e9-ff40-4030-ac7d-51987455b1c1","False","9924a9d6-6638-457c-9f31-b8b3f5b329e0"
"2026-08-04T20:23:36.6111705+08:00","842.868","95828","80612","electron.exe","2026/8/4 20:22:48","0.141","48.8","""C:\Program Files\Blackmagic Design\DaVinci Resolve\Electron\electron.exe"" --type=utility --utility-sub-type=network.mojom.NetworkService --lang=zh-CN --service-sandbox-type=none --user-data-dir=""C:\Users\Administrator\AppData\Roaming\Clackly Workflow Plugin"" --field-trial-handle=2052,i,10430203921865007793,11444583846855446923,262144 --enable-features=PdfUseShowSaveFilePicker --disable-features=SpareRendererForSitePerProcess,WinDelaySpellcheckServiceInit --variations-seed-version --mojo-platform-channel-handle=2244 /prefetch:11","localhost","1b9536e9-ff40-4030-ac7d-51987455b1c1","False","9924a9d6-6638-457c-9f31-b8b3f5b329e0"
"2026-08-04T20:23:36.6111705+08:00","842.896","106332","80612","electron.exe","2026/8/4 20:22:49","0.203","92.4","""C:\Program Files\Blackmagic Design\DaVinci Resolve\Electron\electron.exe"" --type=renderer --user-data-dir=""C:\Users\Administrator\AppData\Roaming\Clackly Workflow Plugin"" --app-path=""C:\ProgramData\Blackmagic Design\DaVinci Resolve\Support\Workflow Integration Plugins\com.wutpeach.clackly\workflow-plugin"" --no-sandbox --no-zygote --video-capture-use-gpu-memory-buffer --lang=zh-CN --device-scale-factor=1 --num-raster-threads=4 --enable-main-frame-before-activation --renderer-client-id=4 --time-ticks-at-unix-epoch=-1783908253862340 --launch-time-ticks=1937915517920 --field-trial-handle=2052,i,10430203921865007793,11444583846855446923,262144 --enable-features=PdfUseShowSaveFilePicker --disable-features=SpareRendererForSitePerProcess,WinDelaySpellcheckServiceInit --variations-seed-version --mojo-platform-channel-handle=3324 /prefetch:1","localhost","1b9536e9-ff40-4030-ac7d-51987455b1c1","False","9924a9d6-6638-457c-9f31-b8b3f5b329e0"
"2026-08-04T20:23:38.6202966+08:00","878.724","88548","79828","Resolve.exe","2026/8/4 20:22:29","102.438","2587.3","""C:\Program Files\Blackmagic Design\DaVinci Resolve\Resolve.exe"" ","localhost","1b9536e9-ff40-4030-ac7d-51987455b1c1","False","9924a9d6-6638-457c-9f31-b8b3f5b329e0"
"2026-08-04T20:23:38.6202966+08:00","878.809","80612","88548","electron.exe","2026/8/4 20:22:48","0.75","109.3","""C:/Program Files/Blackmagic Design/DaVinci Resolve\Electron\electron.exe"" ""C:\ProgramData\Blackmagic Design\DaVinci Resolve\Support\Workflow Integration Plugins\com.wutpeach.clackly\workflow-plugin/main.js"" --plugin-id=com.wutpeach.clackly","localhost","1b9536e9-ff40-4030-ac7d-51987455b1c1","False","9924a9d6-6638-457c-9f31-b8b3f5b329e0"
"2026-08-04T20:23:38.6202966+08:00","878.838","56216","80612","electron.exe","2026/8/4 20:22:48","1.016","112","""C:\Program Files\Blackmagic Design\DaVinci Resolve\Electron\electron.exe"" --type=gpu-process --user-data-dir=""C:\Users\Administrator\AppData\Roaming\Clackly Workflow Plugin"" --gpu-preferences=UAAAAAAAAADgAAAEAAAAAAAAAAAAAAAAAABgAAEAAAAAAAAAAAAAAAAAAAACAAAAAAAAAAAAAAAAAAAAAAAAABAAAAAAAAAAEAAAAAAAAAAIAAAAAAAAAAgAAAAAAAAA --field-trial-handle=2052,i,10430203921865007793,11444583846855446923,262144 --enable-features=PdfUseShowSaveFilePicker --disable-features=SpareRendererForSitePerProcess,WinDelaySpellcheckServiceInit --variations-seed-version --mojo-platform-channel-handle=2044 /prefetch:2","localhost","1b9536e9-ff40-4030-ac7d-51987455b1c1","False","9924a9d6-6638-457c-9f31-b8b3f5b329e0"
"2026-08-04T20:23:38.6202966+08:00","878.863","95828","80612","electron.exe","2026/8/4 20:22:48","0.141","48.8","""C:\Program Files\Blackmagic Design\DaVinci Resolve\Electron\electron.exe"" --type=utility --utility-sub-type=network.mojom.NetworkService --lang=zh-CN --service-sandbox-type=none --user-data-dir=""C:\Users\Administrator\AppData\Roaming\Clackly Workflow Plugin"" --field-trial-handle=2052,i,10430203921865007793,11444583846855446923,262144 --enable-features=PdfUseShowSaveFilePicker --disable-features=SpareRendererForSitePerProcess,WinDelaySpellcheckServiceInit --variations-seed-version --mojo-platform-channel-handle=2244 /prefetch:11","localhost","1b9536e9-ff40-4030-ac7d-51987455b1c1","False","9924a9d6-6638-457c-9f31-b8b3f5b329e0"
"2026-08-04T20:23:38.6202966+08:00","878.888","106332","80612","electron.exe","2026/8/4 20:22:49","0.203","92.4","""C:\Program Files\Blackmagic Design\DaVinci Resolve\Electron\electron.exe"" --type=renderer --user-data-dir=""C:\Users\Administrator\AppData\Roaming\Clackly Workflow Plugin"" --app-path=""C:\ProgramData\Blackmagic Design\DaVinci Resolve\Support\Workflow Integration Plugins\com.wutpeach.clackly\workflow-plugin"" --no-sandbox --no-zygote --video-capture-use-gpu-memory-buffer --lang=zh-CN --device-scale-factor=1 --num-raster-threads=4 --enable-main-frame-before-activation --renderer-client-id=4 --time-ticks-at-unix-epoch=-1783908253862340 --launch-time-ticks=1937915517920 --field-trial-handle=2052,i,10430203921865007793,11444583846855446923,262144 --enable-features=PdfUseShowSaveFilePicker --disable-features=SpareRendererForSitePerProcess,WinDelaySpellcheckServiceInit --variations-seed-version --mojo-platform-channel-handle=3324 /prefetch:1","localhost","1b9536e9-ff40-4030-ac7d-51987455b1c1","False","9924a9d6-6638-457c-9f31-b8b3f5b329e0"
"2026-08-04T20:23:40.6236472+08:00","853.912","88548","79828","Resolve.exe","2026/8/4 20:22:29","102.594","2523.5","""C:\Program Files\Blackmagic Design\DaVinci Resolve\Resolve.exe"" ","localhost","1b9536e9-ff40-4030-ac7d-51987455b1c1","False","9924a9d6-6638-457c-9f31-b8b3f5b329e0"
"2026-08-04T20:23:40.6236472+08:00","853.996","80612","88548","electron.exe","2026/8/4 20:22:48","0.75","109.3","""C:/Program Files/Blackmagic Design/DaVinci Resolve\Electron\electron.exe"" ""C:\ProgramData\Blackmagic Design\DaVinci Resolve\Support\Workflow Integration Plugins\com.wutpeach.clackly\workflow-plugin/main.js"" --plugin-id=com.wutpeach.clackly","localhost","1b9536e9-ff40-4030-ac7d-51987455b1c1","False","9924a9d6-6638-457c-9f31-b8b3f5b329e0"
"2026-08-04T20:23:40.6236472+08:00","854.025","56216","80612","electron.exe","2026/8/4 20:22:48","1.016","112","""C:\Program Files\Blackmagic Design\DaVinci Resolve\Electron\electron.exe"" --type=gpu-process --user-data-dir=""C:\Users\Administrator\AppData\Roaming\Clackly Workflow Plugin"" --gpu-preferences=UAAAAAAAAADgAAAEAAAAAAAAAAAAAAAAAABgAAEAAAAAAAAAAAAAAAAAAAACAAAAAAAAAAAAAAAAAAAAAAAAABAAAAAAAAAAEAAAAAAAAAAIAAAAAAAAAAgAAAAAAAAA --field-trial-handle=2052,i,10430203921865007793,11444583846855446923,262144 --enable-features=PdfUseShowSaveFilePicker --disable-features=SpareRendererForSitePerProcess,WinDelaySpellcheckServiceInit --variations-seed-version --mojo-platform-channel-handle=2044 /prefetch:2","localhost","1b9536e9-ff40-4030-ac7d-51987455b1c1","False","9924a9d6-6638-457c-9f31-b8b3f5b329e0"
"2026-08-04T20:23:40.6236472+08:00","854.051","95828","80612","electron.exe","2026/8/4 20:22:48","0.141","48.8","""C:\Program Files\Blackmagic Design\DaVinci Resolve\Electron\electron.exe"" --type=utility --utility-sub-type=network.mojom.NetworkService --lang=zh-CN --service-sandbox-type=none --user-data-dir=""C:\Users\Administrator\AppData\Roaming\Clackly Workflow Plugin"" --field-trial-handle=2052,i,10430203921865007793,11444583846855446923,262144 --enable-features=PdfUseShowSaveFilePicker --disable-features=SpareRendererForSitePerProcess,WinDelaySpellcheckServiceInit --variations-seed-version --mojo-platform-channel-handle=2244 /prefetch:11","localhost","1b9536e9-ff40-4030-ac7d-51987455b1c1","False","9924a9d6-6638-457c-9f31-b8b3f5b329e0"
"2026-08-04T20:23:40.6236472+08:00","854.078","106332","80612","electron.exe","2026/8/4 20:22:49","0.203","92.4","""C:\Program Files\Blackmagic Design\DaVinci Resolve\Electron\electron.exe"" --type=renderer --user-data-dir=""C:\Users\Administrator\AppData\Roaming\Clackly Workflow Plugin"" --app-path=""C:\ProgramData\Blackmagic Design\DaVinci Resolve\Support\Workflow Integration Plugins\com.wutpeach.clackly\workflow-plugin"" --no-sandbox --no-zygote --video-capture-use-gpu-memory-buffer --lang=zh-CN --device-scale-factor=1 --num-raster-threads=4 --enable-main-frame-before-activation --renderer-client-id=4 --time-ticks-at-unix-epoch=-1783908253862340 --launch-time-ticks=1937915517920 --field-trial-handle=2052,i,10430203921865007793,11444583846855446923,262144 --enable-features=PdfUseShowSaveFilePicker --disable-features=SpareRendererForSitePerProcess,WinDelaySpellcheckServiceInit --variations-seed-version --mojo-platform-channel-handle=3324 /prefetch:1","localhost","1b9536e9-ff40-4030-ac7d-51987455b1c1","False","9924a9d6-6638-457c-9f31-b8b3f5b329e0"
"2026-08-04T20:23:42.6345001+08:00","811.802","88548","79828","Resolve.exe","2026/8/4 20:22:29","102.703","2523.4","""C:\Program Files\Blackmagic Design\DaVinci Resolve\Resolve.exe"" ","localhost","1b9536e9-ff40-4030-ac7d-51987455b1c1","False","9924a9d6-6638-457c-9f31-b8b3f5b329e0"
"2026-08-04T20:23:42.6345001+08:00","811.891","80612","88548","electron.exe","2026/8/4 20:22:48","0.75","109.3","""C:/Program Files/Blackmagic Design/DaVinci Resolve\Electron\electron.exe"" ""C:\ProgramData\Blackmagic Design\DaVinci Resolve\Support\Workflow Integration Plugins\com.wutpeach.clackly\workflow-plugin/main.js"" --plugin-id=com.wutpeach.clackly","localhost","1b9536e9-ff40-4030-ac7d-51987455b1c1","False","9924a9d6-6638-457c-9f31-b8b3f5b329e0"
"2026-08-04T20:23:42.6345001+08:00","811.92","56216","80612","electron.exe","2026/8/4 20:22:48","1.016","112","""C:\Program Files\Blackmagic Design\DaVinci Resolve\Electron\electron.exe"" --type=gpu-process --user-data-dir=""C:\Users\Administrator\AppData\Roaming\Clackly Workflow Plugin"" --gpu-preferences=UAAAAAAAAADgAAAEAAAAAAAAAAAAAAAAAABgAAEAAAAAAAAAAAAAAAAAAAACAAAAAAAAAAAAAAAAAAAAAAAAABAAAAAAAAAAEAAAAAAAAAAIAAAAAAAAAAgAAAAAAAAA --field-trial-handle=2052,i,10430203921865007793,11444583846855446923,262144 --enable-features=PdfUseShowSaveFilePicker --disable-features=SpareRendererForSitePerProcess,WinDelaySpellcheckServiceInit --variations-seed-version --mojo-platform-channel-handle=2044 /prefetch:2","localhost","1b9536e9-ff40-4030-ac7d-51987455b1c1","False","9924a9d6-6638-457c-9f31-b8b3f5b329e0"
"2026-08-04T20:23:42.6345001+08:00","811.945","95828","80612","electron.exe","2026/8/4 20:22:48","0.141","48.8","""C:\Program Files\Blackmagic Design\DaVinci Resolve\Electron\electron.exe"" --type=utility --utility-sub-type=network.mojom.NetworkService --lang=zh-CN --service-sandbox-type=none --user-data-dir=""C:\Users\Administrator\AppData\Roaming\Clackly Workflow Plugin"" --field-trial-handle=2052,i,10430203921865007793,11444583846855446923,262144 --enable-features=PdfUseShowSaveFilePicker --disable-features=SpareRendererForSitePerProcess,WinDelaySpellcheckServiceInit --variations-seed-version --mojo-platform-channel-handle=2244 /prefetch:11","localhost","1b9536e9-ff40-4030-ac7d-51987455b1c1","False","9924a9d6-6638-457c-9f31-b8b3f5b329e0"
"2026-08-04T20:23:42.6345001+08:00","811.971","106332","80612","electron.exe","2026/8/4 20:22:49","0.203","92.4","""C:\Program Files\Blackmagic Design\DaVinci Resolve\Electron\electron.exe"" --type=renderer --user-data-dir=""C:\Users\Administrator\AppData\Roaming\Clackly Workflow Plugin"" --app-path=""C:\ProgramData\Blackmagic Design\DaVinci Resolve\Support\Workflow Integration Plugins\com.wutpeach.clackly\workflow-plugin"" --no-sandbox --no-zygote --video-capture-use-gpu-memory-buffer --lang=zh-CN --device-scale-factor=1 --num-raster-threads=4 --enable-main-frame-before-activation --renderer-client-id=4 --time-ticks-at-unix-epoch=-1783908253862340 --launch-time-ticks=1937915517920 --field-trial-handle=2052,i,10430203921865007793,11444583846855446923,262144 --enable-features=PdfUseShowSaveFilePicker --disable-features=SpareRendererForSitePerProcess,WinDelaySpellcheckServiceInit --variations-seed-version --mojo-platform-channel-handle=3324 /prefetch:1","localhost","1b9536e9-ff40-4030-ac7d-51987455b1c1","False","9924a9d6-6638-457c-9f31-b8b3f5b329e0"
"2026-08-04T20:23:44.6460098+08:00","1126.71","88548","79828","Resolve.exe","2026/8/4 20:22:29","102.703","2523.4","""C:\Program Files\Blackmagic Design\DaVinci Resolve\Resolve.exe"" ","localhost","1b9536e9-ff40-4030-ac7d-51987455b1c1","False","9924a9d6-6638-457c-9f31-b8b3f5b329e0"
"2026-08-04T20:23:44.6460098+08:00","1126.797","80612","88548","electron.exe","2026/8/4 20:22:48","0.75","109.3","""C:/Program Files/Blackmagic Design/DaVinci Resolve\Electron\electron.exe"" ""C:\ProgramData\Blackmagic Design\DaVinci Resolve\Support\Workflow Integration Plugins\com.wutpeach.clackly\workflow-plugin/main.js"" --plugin-id=com.wutpeach.clackly","localhost","1b9536e9-ff40-4030-ac7d-51987455b1c1","False","9924a9d6-6638-457c-9f31-b8b3f5b329e0"
"2026-08-04T20:23:44.6460098+08:00","1126.826","56216","80612","electron.exe","2026/8/4 20:22:48","1.016","112","""C:\Program Files\Blackmagic Design\DaVinci Resolve\Electron\electron.exe"" --type=gpu-process --user-data-dir=""C:\Users\Administrator\AppData\Roaming\Clackly Workflow Plugin"" --gpu-preferences=UAAAAAAAAADgAAAEAAAAAAAAAAAAAAAAAABgAAEAAAAAAAAAAAAAAAAAAAACAAAAAAAAAAAAAAAAAAAAAAAAABAAAAAAAAAAEAAAAAAAAAAIAAAAAAAAAAgAAAAAAAAA --field-trial-handle=2052,i,10430203921865007793,11444583846855446923,262144 --enable-features=PdfUseShowSaveFilePicker --disable-features=SpareRendererForSitePerProcess,WinDelaySpellcheckServiceInit --variations-seed-version --mojo-platform-channel-handle=2044 /prefetch:2","localhost","1b9536e9-ff40-4030-ac7d-51987455b1c1","False","9924a9d6-6638-457c-9f31-b8b3f5b329e0"
"2026-08-04T20:23:44.6460098+08:00","1126.852","95828","80612","electron.exe","2026/8/4 20:22:48","0.141","48.8","""C:\Program Files\Blackmagic Design\DaVinci Resolve\Electron\electron.exe"" --type=utility --utility-sub-type=network.mojom.NetworkService --lang=zh-CN --service-sandbox-type=none --user-data-dir=""C:\Users\Administrator\AppData\Roaming\Clackly Workflow Plugin"" --field-trial-handle=2052,i,10430203921865007793,11444583846855446923,262144 --enable-features=PdfUseShowSaveFilePicker --disable-features=SpareRendererForSitePerProcess,WinDelaySpellcheckServiceInit --variations-seed-version --mojo-platform-channel-handle=2244 /prefetch:11","localhost","1b9536e9-ff40-4030-ac7d-51987455b1c1","False","9924a9d6-6638-457c-9f31-b8b3f5b329e0"
"2026-08-04T20:23:44.6460098+08:00","1126.88","106332","80612","electron.exe","2026/8/4 20:22:49","0.203","92.4","""C:\Program Files\Blackmagic Design\DaVinci Resolve\Electron\electron.exe"" --type=renderer --user-data-dir=""C:\Users\Administrator\AppData\Roaming\Clackly Workflow Plugin"" --app-path=""C:\ProgramData\Blackmagic Design\DaVinci Resolve\Support\Workflow Integration Plugins\com.wutpeach.clackly\workflow-plugin"" --no-sandbox --no-zygote --video-capture-use-gpu-memory-buffer --lang=zh-CN --device-scale-factor=1 --num-raster-threads=4 --enable-main-frame-before-activation --renderer-client-id=4 --time-ticks-at-unix-epoch=-1783908253862340 --launch-time-ticks=1937915517920 --field-trial-handle=2052,i,10430203921865007793,11444583846855446923,262144 --enable-features=PdfUseShowSaveFilePicker --disable-features=SpareRendererForSitePerProcess,WinDelaySpellcheckServiceInit --variations-seed-version --mojo-platform-channel-handle=3324 /prefetch:1","localhost","1b9536e9-ff40-4030-ac7d-51987455b1c1","False","9924a9d6-6638-457c-9f31-b8b3f5b329e0"
"2026-08-04T20:23:46.6496782+08:00","786.738","88548","79828","Resolve.exe","2026/8/4 20:22:29","102.797","2523.4","""C:\Program Files\Blackmagic Design\DaVinci Resolve\Resolve.exe"" ","localhost","1b9536e9-ff40-4030-ac7d-51987455b1c1","False","9924a9d6-6638-457c-9f31-b8b3f5b329e0"
"2026-08-04T20:23:46.6496782+08:00","786.818","80612","88548","electron.exe","2026/8/4 20:22:48","0.75","109.3","""C:/Program Files/Blackmagic Design/DaVinci Resolve\Electron\electron.exe"" ""C:\ProgramData\Blackmagic Design\DaVinci Resolve\Support\Workflow Integration Plugins\com.wutpeach.clackly\workflow-plugin/main.js"" --plugin-id=com.wutpeach.clackly","localhost","1b9536e9-ff40-4030-ac7d-51987455b1c1","False","9924a9d6-6638-457c-9f31-b8b3f5b329e0"
"2026-08-04T20:23:46.6496782+08:00","786.846","56216","80612","electron.exe","2026/8/4 20:22:48","1.016","112","""C:\Program Files\Blackmagic Design\DaVinci Resolve\Electron\electron.exe"" --type=gpu-process --user-data-dir=""C:\Users\Administrator\AppData\Roaming\Clackly Workflow Plugin"" --gpu-preferences=UAAAAAAAAADgAAAEAAAAAAAAAAAAAAAAAABgAAEAAAAAAAAAAAAAAAAAAAACAAAAAAAAAAAAAAAAAAAAAAAAABAAAAAAAAAAEAAAAAAAAAAIAAAAAAAAAAgAAAAAAAAA --field-trial-handle=2052,i,10430203921865007793,11444583846855446923,262144 --enable-features=PdfUseShowSaveFilePicker --disable-features=SpareRendererForSitePerProcess,WinDelaySpellcheckServiceInit --variations-seed-version --mojo-platform-channel-handle=2044 /prefetch:2","localhost","1b9536e9-ff40-4030-ac7d-51987455b1c1","False","9924a9d6-6638-457c-9f31-b8b3f5b329e0"
"2026-08-04T20:23:46.6496782+08:00","786.872","95828","80612","electron.exe","2026/8/4 20:22:48","0.141","48.8","""C:\Program Files\Blackmagic Design\DaVinci Resolve\Electron\electron.exe"" --type=utility --utility-sub-type=network.mojom.NetworkService --lang=zh-CN --service-sandbox-type=none --user-data-dir=""C:\Users\Administrator\AppData\Roaming\Clackly Workflow Plugin"" --field-trial-handle=2052,i,10430203921865007793,11444583846855446923,262144 --enable-features=PdfUseShowSaveFilePicker --disable-features=SpareRendererForSitePerProcess,WinDelaySpellcheckServiceInit --variations-seed-version --mojo-platform-channel-handle=2244 /prefetch:11","localhost","1b9536e9-ff40-4030-ac7d-51987455b1c1","False","9924a9d6-6638-457c-9f31-b8b3f5b329e0"
"2026-08-04T20:23:46.6496782+08:00","786.897","106332","80612","electron.exe","2026/8/4 20:22:49","0.203","92.4","""C:\Program Files\Blackmagic Design\DaVinci Resolve\Electron\electron.exe"" --type=renderer --user-data-dir=""C:\Users\Administrator\AppData\Roaming\Clackly Workflow Plugin"" --app-path=""C:\ProgramData\Blackmagic Design\DaVinci Resolve\Support\Workflow Integration Plugins\com.wutpeach.clackly\workflow-plugin"" --no-sandbox --no-zygote --video-capture-use-gpu-memory-buffer --lang=zh-CN --device-scale-factor=1 --num-raster-threads=4 --enable-main-frame-before-activation --renderer-client-id=4 --time-ticks-at-unix-epoch=-1783908253862340 --launch-time-ticks=1937915517920 --field-trial-handle=2052,i,10430203921865007793,11444583846855446923,262144 --enable-features=PdfUseShowSaveFilePicker --disable-features=SpareRendererForSitePerProcess,WinDelaySpellcheckServiceInit --variations-seed-version --mojo-platform-channel-handle=3324 /prefetch:1","localhost","1b9536e9-ff40-4030-ac7d-51987455b1c1","False","9924a9d6-6638-457c-9f31-b8b3f5b329e0"
"2026-08-04T20:23:48.6570539+08:00","808.125","88548","79828","Resolve.exe","2026/8/4 20:22:29","102.891","2523.4","""C:\Program Files\Blackmagic Design\DaVinci Resolve\Resolve.exe"" ","localhost","1b9536e9-ff40-4030-ac7d-51987455b1c1","False","9924a9d6-6638-457c-9f31-b8b3f5b329e0"
"2026-08-04T20:23:48.6570539+08:00","808.206","80612","88548","electron.exe","2026/8/4 20:22:48","0.75","108.2","""C:/Program Files/Blackmagic Design/DaVinci Resolve\Electron\electron.exe"" ""C:\ProgramData\Blackmagic Design\DaVinci Resolve\Support\Workflow Integration Plugins\com.wutpeach.clackly\workflow-plugin/main.js"" --plugin-id=com.wutpeach.clackly","localhost","1b9536e9-ff40-4030-ac7d-51987455b1c1","False","9924a9d6-6638-457c-9f31-b8b3f5b329e0"
"2026-08-04T20:23:48.6570539+08:00","808.235","56216","80612","electron.exe","2026/8/4 20:22:48","1.016","112","""C:\Program Files\Blackmagic Design\DaVinci Resolve\Electron\electron.exe"" --type=gpu-process --user-data-dir=""C:\Users\Administrator\AppData\Roaming\Clackly Workflow Plugin"" --gpu-preferences=UAAAAAAAAADgAAAEAAAAAAAAAAAAAAAAAABgAAEAAAAAAAAAAAAAAAAAAAACAAAAAAAAAAAAAAAAAAAAAAAAABAAAAAAAAAAEAAAAAAAAAAIAAAAAAAAAAgAAAAAAAAA --field-trial-handle=2052,i,10430203921865007793,11444583846855446923,262144 --enable-features=PdfUseShowSaveFilePicker --disable-features=SpareRendererForSitePerProcess,WinDelaySpellcheckServiceInit --variations-seed-version --mojo-platform-channel-handle=2044 /prefetch:2","localhost","1b9536e9-ff40-4030-ac7d-51987455b1c1","False","9924a9d6-6638-457c-9f31-b8b3f5b329e0"
"2026-08-04T20:23:48.6570539+08:00","808.267","95828","80612","electron.exe","2026/8/4 20:22:48","0.141","48.7","""C:\Program Files\Blackmagic Design\DaVinci Resolve\Electron\electron.exe"" --type=utility --utility-sub-type=network.mojom.NetworkService --lang=zh-CN --service-sandbox-type=none --user-data-dir=""C:\Users\Administrator\AppData\Roaming\Clackly Workflow Plugin"" --field-trial-handle=2052,i,10430203921865007793,11444583846855446923,262144 --enable-features=PdfUseShowSaveFilePicker --disable-features=SpareRendererForSitePerProcess,WinDelaySpellcheckServiceInit --variations-seed-version --mojo-platform-channel-handle=2244 /prefetch:11","localhost","1b9536e9-ff40-4030-ac7d-51987455b1c1","False","9924a9d6-6638-457c-9f31-b8b3f5b329e0"
"2026-08-04T20:23:48.6570539+08:00","808.293","106332","80612","electron.exe","2026/8/4 20:22:49","0.203","92.4","""C:\Program Files\Blackmagic Design\DaVinci Resolve\Electron\electron.exe"" --type=renderer --user-data-dir=""C:\Users\Administrator\AppData\Roaming\Clackly Workflow Plugin"" --app-path=""C:\ProgramData\Blackmagic Design\DaVinci Resolve\Support\Workflow Integration Plugins\com.wutpeach.clackly\workflow-plugin"" --no-sandbox --no-zygote --video-capture-use-gpu-memory-buffer --lang=zh-CN --device-scale-factor=1 --num-raster-threads=4 --enable-main-frame-before-activation --renderer-client-id=4 --time-ticks-at-unix-epoch=-1783908253862340 --launch-time-ticks=1937915517920 --field-trial-handle=2052,i,10430203921865007793,11444583846855446923,262144 --enable-features=PdfUseShowSaveFilePicker --disable-features=SpareRendererForSitePerProcess,WinDelaySpellcheckServiceInit --variations-seed-version --mojo-platform-channel-handle=3324 /prefetch:1","localhost","1b9536e9-ff40-4030-ac7d-51987455b1c1","False","9924a9d6-6638-457c-9f31-b8b3f5b329e0"
"2026-08-04T20:23:50.6672160+08:00","837.211","88548","79828","Resolve.exe","2026/8/4 20:22:29","102.906","2523.4","""C:\Program Files\Blackmagic Design\DaVinci Resolve\Resolve.exe"" ","localhost","1b9536e9-ff40-4030-ac7d-51987455b1c1","False","9924a9d6-6638-457c-9f31-b8b3f5b329e0"
"2026-08-04T20:23:50.6672160+08:00","837.293","80612","88548","electron.exe","2026/8/4 20:22:48","0.75","108.2","""C:/Program Files/Blackmagic Design/DaVinci Resolve\Electron\electron.exe"" ""C:\ProgramData\Blackmagic Design\DaVinci Resolve\Support\Workflow Integration Plugins\com.wutpeach.clackly\workflow-plugin/main.js"" --plugin-id=com.wutpeach.clackly","localhost","1b9536e9-ff40-4030-ac7d-51987455b1c1","False","9924a9d6-6638-457c-9f31-b8b3f5b329e0"
"2026-08-04T20:23:50.6672160+08:00","837.322","56216","80612","electron.exe","2026/8/4 20:22:48","1.016","111.6","""C:\Program Files\Blackmagic Design\DaVinci Resolve\Electron\electron.exe"" --type=gpu-process --user-data-dir=""C:\Users\Administrator\AppData\Roaming\Clackly Workflow Plugin"" --gpu-preferences=UAAAAAAAAADgAAAEAAAAAAAAAAAAAAAAAABgAAEAAAAAAAAAAAAAAAAAAAACAAAAAAAAAAAAAAAAAAAAAAAAABAAAAAAAAAAEAAAAAAAAAAIAAAAAAAAAAgAAAAAAAAA --field-trial-handle=2052,i,10430203921865007793,11444583846855446923,262144 --enable-features=PdfUseShowSaveFilePicker --disable-features=SpareRendererForSitePerProcess,WinDelaySpellcheckServiceInit --variations-seed-version --mojo-platform-channel-handle=2044 /prefetch:2","localhost","1b9536e9-ff40-4030-ac7d-51987455b1c1","False","9924a9d6-6638-457c-9f31-b8b3f5b329e0"
"2026-08-04T20:23:50.6672160+08:00","837.349","95828","80612","electron.exe","2026/8/4 20:22:48","0.141","48.7","""C:\Program Files\Blackmagic Design\DaVinci Resolve\Electron\electron.exe"" --type=utility --utility-sub-type=network.mojom.NetworkService --lang=zh-CN --service-sandbox-type=none --user-data-dir=""C:\Users\Administrator\AppData\Roaming\Clackly Workflow Plugin"" --field-trial-handle=2052,i,10430203921865007793,11444583846855446923,262144 --enable-features=PdfUseShowSaveFilePicker --disable-features=SpareRendererForSitePerProcess,WinDelaySpellcheckServiceInit --variations-seed-version --mojo-platform-channel-handle=2244 /prefetch:11","localhost","1b9536e9-ff40-4030-ac7d-51987455b1c1","False","9924a9d6-6638-457c-9f31-b8b3f5b329e0"
"2026-08-04T20:23:50.6672160+08:00","837.374","106332","80612","electron.exe","2026/8/4 20:22:49","0.203","92.4","""C:\Program Files\Blackmagic Design\DaVinci Resolve\Electron\electron.exe"" --type=renderer --user-data-dir=""C:\Users\Administrator\AppData\Roaming\Clackly Workflow Plugin"" --app-path=""C:\ProgramData\Blackmagic Design\DaVinci Resolve\Support\Workflow Integration Plugins\com.wutpeach.clackly\workflow-plugin"" --no-sandbox --no-zygote --video-capture-use-gpu-memory-buffer --lang=zh-CN --device-scale-factor=1 --num-raster-threads=4 --enable-main-frame-before-activation --renderer-client-id=4 --time-ticks-at-unix-epoch=-1783908253862340 --launch-time-ticks=1937915517920 --field-trial-handle=2052,i,10430203921865007793,11444583846855446923,262144 --enable-features=PdfUseShowSaveFilePicker --disable-features=SpareRendererForSitePerProcess,WinDelaySpellcheckServiceInit --variations-seed-version --mojo-platform-channel-handle=3324 /prefetch:1","localhost","1b9536e9-ff40-4030-ac7d-51987455b1c1","False","9924a9d6-6638-457c-9f31-b8b3f5b329e0"
"2026-08-04T20:23:52.6782005+08:00","894.31","88548","79828","Resolve.exe","2026/8/4 20:22:29","103.016","2523.4","""C:\Program Files\Blackmagic Design\DaVinci Resolve\Resolve.exe"" ","localhost","1b9536e9-ff40-4030-ac7d-51987455b1c1","False","9924a9d6-6638-457c-9f31-b8b3f5b329e0"
"2026-08-04T20:23:52.6782005+08:00","894.399","80612","88548","electron.exe","2026/8/4 20:22:48","0.766","108.2","""C:/Program Files/Blackmagic Design/DaVinci Resolve\Electron\electron.exe"" ""C:\ProgramData\Blackmagic Design\DaVinci Resolve\Support\Workflow Integration Plugins\com.wutpeach.clackly\workflow-plugin/main.js"" --plugin-id=com.wutpeach.clackly","localhost","1b9536e9-ff40-4030-ac7d-51987455b1c1","False","9924a9d6-6638-457c-9f31-b8b3f5b329e0"
"2026-08-04T20:23:52.6782005+08:00","894.427","56216","80612","electron.exe","2026/8/4 20:22:48","1.016","111.6","""C:\Program Files\Blackmagic Design\DaVinci Resolve\Electron\electron.exe"" --type=gpu-process --user-data-dir=""C:\Users\Administrator\AppData\Roaming\Clackly Workflow Plugin"" --gpu-preferences=UAAAAAAAAADgAAAEAAAAAAAAAAAAAAAAAABgAAEAAAAAAAAAAAAAAAAAAAACAAAAAAAAAAAAAAAAAAAAAAAAABAAAAAAAAAAEAAAAAAAAAAIAAAAAAAAAAgAAAAAAAAA --field-trial-handle=2052,i,10430203921865007793,11444583846855446923,262144 --enable-features=PdfUseShowSaveFilePicker --disable-features=SpareRendererForSitePerProcess,WinDelaySpellcheckServiceInit --variations-seed-version --mojo-platform-channel-handle=2044 /prefetch:2","localhost","1b9536e9-ff40-4030-ac7d-51987455b1c1","False","9924a9d6-6638-457c-9f31-b8b3f5b329e0"
"2026-08-04T20:23:52.6782005+08:00","894.453","95828","80612","electron.exe","2026/8/4 20:22:48","0.141","48.7","""C:\Program Files\Blackmagic Design\DaVinci Resolve\Electron\electron.exe"" --type=utility --utility-sub-type=network.mojom.NetworkService --lang=zh-CN --service-sandbox-type=none --user-data-dir=""C:\Users\Administrator\AppData\Roaming\Clackly Workflow Plugin"" --field-trial-handle=2052,i,10430203921865007793,11444583846855446923,262144 --enable-features=PdfUseShowSaveFilePicker --disable-features=SpareRendererForSitePerProcess,WinDelaySpellcheckServiceInit --variations-seed-version --mojo-platform-channel-handle=2244 /prefetch:11","localhost","1b9536e9-ff40-4030-ac7d-51987455b1c1","False","9924a9d6-6638-457c-9f31-b8b3f5b329e0"
"2026-08-04T20:23:52.6782005+08:00","894.477","106332","80612","electron.exe","2026/8/4 20:22:49","0.203","92.4","""C:\Program Files\Blackmagic Design\DaVinci Resolve\Electron\electron.exe"" --type=renderer --user-data-dir=""C:\Users\Administrator\AppData\Roaming\Clackly Workflow Plugin"" --app-path=""C:\ProgramData\Blackmagic Design\DaVinci Resolve\Support\Workflow Integration Plugins\com.wutpeach.clackly\workflow-plugin"" --no-sandbox --no-zygote --video-capture-use-gpu-memory-buffer --lang=zh-CN --device-scale-factor=1 --num-raster-threads=4 --enable-main-frame-before-activation --renderer-client-id=4 --time-ticks-at-unix-epoch=-1783908253862340 --launch-time-ticks=1937915517920 --field-trial-handle=2052,i,10430203921865007793,11444583846855446923,262144 --enable-features=PdfUseShowSaveFilePicker --disable-features=SpareRendererForSitePerProcess,WinDelaySpellcheckServiceInit --variations-seed-version --mojo-platform-channel-handle=3324 /prefetch:1","localhost","1b9536e9-ff40-4030-ac7d-51987455b1c1","False","9924a9d6-6638-457c-9f31-b8b3f5b329e0"
"2026-08-04T20:23:54.6873827+08:00","828.844","88548","79828","Resolve.exe","2026/8/4 20:22:29","103.266","2523.3","""C:\Program Files\Blackmagic Design\DaVinci Resolve\Resolve.exe"" ","localhost","1b9536e9-ff40-4030-ac7d-51987455b1c1","False","9924a9d6-6638-457c-9f31-b8b3f5b329e0"
"2026-08-04T20:23:54.6873827+08:00","828.94","80612","88548","electron.exe","2026/8/4 20:22:48","0.766","108.2","""C:/Program Files/Blackmagic Design/DaVinci Resolve\Electron\electron.exe"" ""C:\ProgramData\Blackmagic Design\DaVinci Resolve\Support\Workflow Integration Plugins\com.wutpeach.clackly\workflow-plugin/main.js"" --plugin-id=com.wutpeach.clackly","localhost","1b9536e9-ff40-4030-ac7d-51987455b1c1","False","9924a9d6-6638-457c-9f31-b8b3f5b329e0"
"2026-08-04T20:23:54.6873827+08:00","828.976","56216","80612","electron.exe","2026/8/4 20:22:48","1.016","111.6","""C:\Program Files\Blackmagic Design\DaVinci Resolve\Electron\electron.exe"" --type=gpu-process --user-data-dir=""C:\Users\Administrator\AppData\Roaming\Clackly Workflow Plugin"" --gpu-preferences=UAAAAAAAAADgAAAEAAAAAAAAAAAAAAAAAABgAAEAAAAAAAAAAAAAAAAAAAACAAAAAAAAAAAAAAAAAAAAAAAAABAAAAAAAAAAEAAAAAAAAAAIAAAAAAAAAAgAAAAAAAAA --field-trial-handle=2052,i,10430203921865007793,11444583846855446923,262144 --enable-features=PdfUseShowSaveFilePicker --disable-features=SpareRendererForSitePerProcess,WinDelaySpellcheckServiceInit --variations-seed-version --mojo-platform-channel-handle=2044 /prefetch:2","localhost","1b9536e9-ff40-4030-ac7d-51987455b1c1","False","9924a9d6-6638-457c-9f31-b8b3f5b329e0"
"2026-08-04T20:23:54.6873827+08:00","829.004","95828","80612","electron.exe","2026/8/4 20:22:48","0.141","48.7","""C:\Program Files\Blackmagic Design\DaVinci Resolve\Electron\electron.exe"" --type=utility --utility-sub-type=network.mojom.NetworkService --lang=zh-CN --service-sandbox-type=none --user-data-dir=""C:\Users\Administrator\AppData\Roaming\Clackly Workflow Plugin"" --field-trial-handle=2052,i,10430203921865007793,11444583846855446923,262144 --enable-features=PdfUseShowSaveFilePicker --disable-features=SpareRendererForSitePerProcess,WinDelaySpellcheckServiceInit --variations-seed-version --mojo-platform-channel-handle=2244 /prefetch:11","localhost","1b9536e9-ff40-4030-ac7d-51987455b1c1","False","9924a9d6-6638-457c-9f31-b8b3f5b329e0"
"2026-08-04T20:23:54.6873827+08:00","829.037","106332","80612","electron.exe","2026/8/4 20:22:49","0.203","92.4","""C:\Program Files\Blackmagic Design\DaVinci Resolve\Electron\electron.exe"" --type=renderer --user-data-dir=""C:\Users\Administrator\AppData\Roaming\Clackly Workflow Plugin"" --app-path=""C:\ProgramData\Blackmagic Design\DaVinci Resolve\Support\Workflow Integration Plugins\com.wutpeach.clackly\workflow-plugin"" --no-sandbox --no-zygote --video-capture-use-gpu-memory-buffer --lang=zh-CN --device-scale-factor=1 --num-raster-threads=4 --enable-main-frame-before-activation --renderer-client-id=4 --time-ticks-at-unix-epoch=-1783908253862340 --launch-time-ticks=1937915517920 --field-trial-handle=2052,i,10430203921865007793,11444583846855446923,262144 --enable-features=PdfUseShowSaveFilePicker --disable-features=SpareRendererForSitePerProcess,WinDelaySpellcheckServiceInit --variations-seed-version --mojo-platform-channel-handle=3324 /prefetch:1","localhost","1b9536e9-ff40-4030-ac7d-51987455b1c1","False","9924a9d6-6638-457c-9f31-b8b3f5b329e0"
"2026-08-04T20:23:56.7014555+08:00","1142.055","88548","79828","Resolve.exe","2026/8/4 20:22:29","103.359","2523.2","""C:\Program Files\Blackmagic Design\DaVinci Resolve\Resolve.exe"" ","localhost","1b9536e9-ff40-4030-ac7d-51987455b1c1","False","9924a9d6-6638-457c-9f31-b8b3f5b329e0"
"2026-08-04T20:23:56.7014555+08:00","1142.137","80612","88548","electron.exe","2026/8/4 20:22:48","0.766","108.2","""C:/Program Files/Blackmagic Design/DaVinci Resolve\Electron\electron.exe"" ""C:\ProgramData\Blackmagic Design\DaVinci Resolve\Support\Workflow Integration Plugins\com.wutpeach.clackly\workflow-plugin/main.js"" --plugin-id=com.wutpeach.clackly","localhost","1b9536e9-ff40-4030-ac7d-51987455b1c1","False","9924a9d6-6638-457c-9f31-b8b3f5b329e0"
"2026-08-04T20:23:56.7014555+08:00","1142.165","56216","80612","electron.exe","2026/8/4 20:22:48","1.016","111.6","""C:\Program Files\Blackmagic Design\DaVinci Resolve\Electron\electron.exe"" --type=gpu-process --user-data-dir=""C:\Users\Administrator\AppData\Roaming\Clackly Workflow Plugin"" --gpu-preferences=UAAAAAAAAADgAAAEAAAAAAAAAAAAAAAAAABgAAEAAAAAAAAAAAAAAAAAAAACAAAAAAAAAAAAAAAAAAAAAAAAABAAAAAAAAAAEAAAAAAAAAAIAAAAAAAAAAgAAAAAAAAA --field-trial-handle=2052,i,10430203921865007793,11444583846855446923,262144 --enable-features=PdfUseShowSaveFilePicker --disable-features=SpareRendererForSitePerProcess,WinDelaySpellcheckServiceInit --variations-seed-version --mojo-platform-channel-handle=2044 /prefetch:2","localhost","1b9536e9-ff40-4030-ac7d-51987455b1c1","False","9924a9d6-6638-457c-9f31-b8b3f5b329e0"
"2026-08-04T20:23:56.7014555+08:00","1142.191","95828","80612","electron.exe","2026/8/4 20:22:48","0.141","48.7","""C:\Program Files\Blackmagic Design\DaVinci Resolve\Electron\electron.exe"" --type=utility --utility-sub-type=network.mojom.NetworkService --lang=zh-CN --service-sandbox-type=none --user-data-dir=""C:\Users\Administrator\AppData\Roaming\Clackly Workflow Plugin"" --field-trial-handle=2052,i,10430203921865007793,11444583846855446923,262144 --enable-features=PdfUseShowSaveFilePicker --disable-features=SpareRendererForSitePerProcess,WinDelaySpellcheckServiceInit --variations-seed-version --mojo-platform-channel-handle=2244 /prefetch:11","localhost","1b9536e9-ff40-4030-ac7d-51987455b1c1","False","9924a9d6-6638-457c-9f31-b8b3f5b329e0"
"2026-08-04T20:23:56.7014555+08:00","1142.215","106332","80612","electron.exe","2026/8/4 20:22:49","0.203","92.4","""C:\Program Files\Blackmagic Design\DaVinci Resolve\Electron\electron.exe"" --type=renderer --user-data-dir=""C:\Users\Administrator\AppData\Roaming\Clackly Workflow Plugin"" --app-path=""C:\ProgramData\Blackmagic Design\DaVinci Resolve\Support\Workflow Integration Plugins\com.wutpeach.clackly\workflow-plugin"" --no-sandbox --no-zygote --video-capture-use-gpu-memory-buffer --lang=zh-CN --device-scale-factor=1 --num-raster-threads=4 --enable-main-frame-before-activation --renderer-client-id=4 --time-ticks-at-unix-epoch=-1783908253862340 --launch-time-ticks=1937915517920 --field-trial-handle=2052,i,10430203921865007793,11444583846855446923,262144 --enable-features=PdfUseShowSaveFilePicker --disable-features=SpareRendererForSitePerProcess,WinDelaySpellcheckServiceInit --variations-seed-version --mojo-platform-channel-handle=3324 /prefetch:1","localhost","1b9536e9-ff40-4030-ac7d-51987455b1c1","False","9924a9d6-6638-457c-9f31-b8b3f5b329e0"
"2026-08-04T20:23:58.7155252+08:00","850.9","88548","79828","Resolve.exe","2026/8/4 20:22:29","103.438","2523.2","""C:\Program Files\Blackmagic Design\DaVinci Resolve\Resolve.exe"" ","localhost","1b9536e9-ff40-4030-ac7d-51987455b1c1","False","9924a9d6-6638-457c-9f31-b8b3f5b329e0"
"2026-08-04T20:23:58.7155252+08:00","850.982","80612","88548","electron.exe","2026/8/4 20:22:48","0.766","108.2","""C:/Program Files/Blackmagic Design/DaVinci Resolve\Electron\electron.exe"" ""C:\ProgramData\Blackmagic Design\DaVinci Resolve\Support\Workflow Integration Plugins\com.wutpeach.clackly\workflow-plugin/main.js"" --plugin-id=com.wutpeach.clackly","localhost","1b9536e9-ff40-4030-ac7d-51987455b1c1","False","9924a9d6-6638-457c-9f31-b8b3f5b329e0"
"2026-08-04T20:23:58.7155252+08:00","851.01","56216","80612","electron.exe","2026/8/4 20:22:48","1.016","111.6","""C:\Program Files\Blackmagic Design\DaVinci Resolve\Electron\electron.exe"" --type=gpu-process --user-data-dir=""C:\Users\Administrator\AppData\Roaming\Clackly Workflow Plugin"" --gpu-preferences=UAAAAAAAAADgAAAEAAAAAAAAAAAAAAAAAABgAAEAAAAAAAAAAAAAAAAAAAACAAAAAAAAAAAAAAAAAAAAAAAAABAAAAAAAAAAEAAAAAAAAAAIAAAAAAAAAAgAAAAAAAAA --field-trial-handle=2052,i,10430203921865007793,11444583846855446923,262144 --enable-features=PdfUseShowSaveFilePicker --disable-features=SpareRendererForSitePerProcess,WinDelaySpellcheckServiceInit --variations-seed-version --mojo-platform-channel-handle=2044 /prefetch:2","localhost","1b9536e9-ff40-4030-ac7d-51987455b1c1","False","9924a9d6-6638-457c-9f31-b8b3f5b329e0"
"2026-08-04T20:23:58.7155252+08:00","851.035","95828","80612","electron.exe","2026/8/4 20:22:48","0.141","48.7","""C:\Program Files\Blackmagic Design\DaVinci Resolve\Electron\electron.exe"" --type=utility --utility-sub-type=network.mojom.NetworkService --lang=zh-CN --service-sandbox-type=none --user-data-dir=""C:\Users\Administrator\AppData\Roaming\Clackly Workflow Plugin"" --field-trial-handle=2052,i,10430203921865007793,11444583846855446923,262144 --enable-features=PdfUseShowSaveFilePicker --disable-features=SpareRendererForSitePerProcess,WinDelaySpellcheckServiceInit --variations-seed-version --mojo-platform-channel-handle=2244 /prefetch:11","localhost","1b9536e9-ff40-4030-ac7d-51987455b1c1","False","9924a9d6-6638-457c-9f31-b8b3f5b329e0"
"2026-08-04T20:23:58.7155252+08:00","851.06","106332","80612","electron.exe","2026/8/4 20:22:49","0.203","92.4","""C:\Program Files\Blackmagic Design\DaVinci Resolve\Electron\electron.exe"" --type=renderer --user-data-dir=""C:\Users\Administrator\AppData\Roaming\Clackly Workflow Plugin"" --app-path=""C:\ProgramData\Blackmagic Design\DaVinci Resolve\Support\Workflow Integration Plugins\com.wutpeach.clackly\workflow-plugin"" --no-sandbox --no-zygote --video-capture-use-gpu-memory-buffer --lang=zh-CN --device-scale-factor=1 --num-raster-threads=4 --enable-main-frame-before-activation --renderer-client-id=4 --time-ticks-at-unix-epoch=-1783908253862340 --launch-time-ticks=1937915517920 --field-trial-handle=2052,i,10430203921865007793,11444583846855446923,262144 --enable-features=PdfUseShowSaveFilePicker --disable-features=SpareRendererForSitePerProcess,WinDelaySpellcheckServiceInit --variations-seed-version --mojo-platform-channel-handle=3324 /prefetch:1","localhost","1b9536e9-ff40-4030-ac7d-51987455b1c1","False","9924a9d6-6638-457c-9f31-b8b3f5b329e0"
