"Timestamp","ProcessId","ParentProcessId","Name","Responding","CpuSeconds","WorkingSetMB","CreationDate","CommandLine"
"2026-07-29T15:22:10.7215594+08:00","70468","57316","python.exe","True","0.031","5.7","2026/7/29 15:19:17","C:\Users\Administrator\AppData\Local\hermes\hermes-agent\venv\Scripts\python.exe D:\Clackly\resolve-command-center\bridge\server.py"
"2026-07-29T15:22:10.7215594+08:00","23760","70468","python.exe","True","0.141","22.9","2026/7/29 15:19:17","""C:\Users\Administrator\AppData\Roaming\uv\python\cpython-3.11-windows-x86_64-none\python.exe""  D:\Clackly\resolve-command-center\bridge\server.py"
"2026-07-29T15:22:10.7215594+08:00","3328","35252","node.exe","True","0.062","47.3","2026/7/29 15:19:19","""node""   ""D:\Clackly\resolve-command-center\node_modules\.bin\\..\electron\cli.js"" ."
"2026-07-29T15:22:10.7215594+08:00","50784","3328","electron.exe","True","1.672","99.9","2026/7/29 15:19:19","D:\Clackly\resolve-command-center\node_modules\electron\dist\electron.exe ."
"2026-07-29T15:22:10.7215594+08:00","66788","50784","electron.exe","True","0.359","90.5","2026/7/29 15:19:19","""D:\Clackly\resolve-command-center\node_modules\electron\dist\electron.exe"" --type=gpu-process --user-data-dir=""C:\Users\Administrator\AppData\Roaming\clackly"" --gpu-preferences=UAAAAAAAAADgAAAEAAAAAAAAAAAAAGAAOAAAAAAAAAABAAAAAAAAAAAAAAAAAAAAAgAAAAAAAAAAAAAAAAAAABgAAAAAAAAAGAAAAAAAAAAIAAAAAAAAAAgAAAAAAAAACAAAAAAAAAA= --field-trial-handle=2196,i,12658543882519034140,1049900951455408011,262144 --enable-features=PdfUseShowSaveFilePicker --disable-features=DropInputEventsWhilePaintHolding,LocalNetworkAccessChecks,NetworkServiceSandbox,ScreenAIOCREnabled,SpareRendererForSitePerProcess,TraceSiteInstanceGetProcessCreation --variations-seed-version --pseudonymization-salt-handle=2192,i,15495027039908561937,2505952963138778894,4 --trace-process-track-uuid=3190708988185955192 --mojo-platform-channel-handle=2184 /prefetch:2"
"2026-07-29T15:22:10.7215594+08:00","47260","50784","electron.exe","True","0.078","42.3","2026/7/29 15:19:19","""D:\Clackly\resolve-command-center\node_modules\electron\dist\electron.exe"" --type=utility --utility-sub-type=network.mojom.NetworkService --lang=zh-CN --service-sandbox-type=none --user-data-dir=""C:\Users\Administrator\AppData\Roaming\clackly"" --field-trial-handle=2196,i,12658543882519034140,1049900951455408011,262144 --enable-features=PdfUseShowSaveFilePicker --disable-features=DropInputEventsWhilePaintHolding,LocalNetworkAccessChecks,NetworkServiceSandbox,ScreenAIOCREnabled,SpareRendererForSitePerProcess,TraceSiteInstanceGetProcessCreation --variations-seed-version --pseudonymization-salt-handle=2192,i,15495027039908561937,2505952963138778894,4 --trace-process-track-uuid=3190708989122997041 --mojo-platform-channel-handle=2364 /prefetch:11"
"2026-07-29T15:22:10.7215594+08:00","83820","50784","electron.exe","True","0.109","82.9","2026/7/29 15:19:19","""D:\Clackly\resolve-command-center\node_modules\electron\dist\electron.exe"" --type=renderer --user-data-dir=""C:\Users\Administrator\AppData\Roaming\clackly"" --app-path=""D:\Clackly\resolve-command-center"" --no-sandbox --no-zygote --video-capture-use-gpu-memory-buffer --lang=zh-CN --device-scale-factor=1 --num-raster-threads=4 --enable-main-frame-before-activation --renderer-client-id=4 --time-ticks-at-unix-epoch=-1783908236192501 --launch-time-ticks=1401323289119 --field-trial-handle=2196,i,12658543882519034140,1049900951455408011,262144 --enable-features=PdfUseShowSaveFilePicker --disable-features=DropInputEventsWhilePaintHolding,LocalNetworkAccessChecks,NetworkServiceSandbox,ScreenAIOCREnabled,SpareRendererForSitePerProcess,TraceSiteInstanceGetProcessCreation --variations-seed-version --pseudonymization-salt-handle=2192,i,15495027039908561937,2505952963138778894,4 --trace-process-track-uuid=3190708990060038890 --mojo-platform-channel-handle=3472 /prefetch:1"
"2026-07-29T15:22:10.7215594+08:00","14192","17532","Resolve.exe","True","37.688","2212.7","2026/7/29 15:20:28","""C:\Program Files\Blackmagic Design\DaVinci Resolve\Resolve.exe"" "
"2026-07-29T15:22:11.9836893+08:00","70468","57316","python.exe","True","0.031","5.7","2026/7/29 15:19:17","C:\Users\Administrator\AppData\Local\hermes\hermes-agent\venv\Scripts\python.exe D:\Clackly\resolve-command-center\bridge\server.py"
"2026-07-29T15:22:11.9836893+08:00","23760","70468","python.exe","True","0.141","22.9","2026/7/29 15:19:17","""C:\Users\Administrator\AppData\Roaming\uv\python\cpython-3.11-windows-x86_64-none\python.exe""  D:\Clackly\resolve-command-center\bridge\server.py"
"2026-07-29T15:22:11.9836893+08:00","3328","35252","node.exe","True","0.062","47.3","2026/7/29 15:19:19","""node""   ""D:\Clackly\resolve-command-center\node_modules\.bin\\..\electron\cli.js"" ."
"2026-07-29T15:22:11.9836893+08:00","50784","3328","electron.exe","True","1.672","99.9","2026/7/29 15:19:19","D:\Clackly\resolve-command-center\node_modules\electron\dist\electron.exe ."
"2026-07-29T15:22:11.9836893+08:00","66788","50784","electron.exe","True","0.359","90.5","2026/7/29 15:19:19","""D:\Clackly\resolve-command-center\node_modules\electron\dist\electron.exe"" --type=gpu-process --user-data-dir=""C:\Users\Administrator\AppData\Roaming\clackly"" --gpu-preferences=UAAAAAAAAADgAAAEAAAAAAAAAAAAAGAAOAAAAAAAAAABAAAAAAAAAAAAAAAAAAAAAgAAAAAAAAAAAAAAAAAAABgAAAAAAAAAGAAAAAAAAAAIAAAAAAAAAAgAAAAAAAAACAAAAAAAAAA= --field-trial-handle=2196,i,12658543882519034140,1049900951455408011,262144 --enable-features=PdfUseShowSaveFilePicker --disable-features=DropInputEventsWhilePaintHolding,LocalNetworkAccessChecks,NetworkServiceSandbox,ScreenAIOCREnabled,SpareRendererForSitePerProcess,TraceSiteInstanceGetProcessCreation --variations-seed-version --pseudonymization-salt-handle=2192,i,15495027039908561937,2505952963138778894,4 --trace-process-track-uuid=3190708988185955192 --mojo-platform-channel-handle=2184 /prefetch:2"
"2026-07-29T15:22:11.9836893+08:00","47260","50784","electron.exe","True","0.078","42.3","2026/7/29 15:19:19","""D:\Clackly\resolve-command-center\node_modules\electron\dist\electron.exe"" --type=utility --utility-sub-type=network.mojom.NetworkService --lang=zh-CN --service-sandbox-type=none --user-data-dir=""C:\Users\Administrator\AppData\Roaming\clackly"" --field-trial-handle=2196,i,12658543882519034140,1049900951455408011,262144 --enable-features=PdfUseShowSaveFilePicker --disable-features=DropInputEventsWhilePaintHolding,LocalNetworkAccessChecks,NetworkServiceSandbox,ScreenAIOCREnabled,SpareRendererForSitePerProcess,TraceSiteInstanceGetProcessCreation --variations-seed-version --pseudonymization-salt-handle=2192,i,15495027039908561937,2505952963138778894,4 --trace-process-track-uuid=3190708989122997041 --mojo-platform-channel-handle=2364 /prefetch:11"
"2026-07-29T15:22:11.9836893+08:00","83820","50784","electron.exe","True","0.109","82.9","2026/7/29 15:19:19","""D:\Clackly\resolve-command-center\node_modules\electron\dist\electron.exe"" --type=renderer --user-data-dir=""C:\Users\Administrator\AppData\Roaming\clackly"" --app-path=""D:\Clackly\resolve-command-center"" --no-sandbox --no-zygote --video-capture-use-gpu-memory-buffer --lang=zh-CN --device-scale-factor=1 --num-raster-threads=4 --enable-main-frame-before-activation --renderer-client-id=4 --time-ticks-at-unix-epoch=-1783908236192501 --launch-time-ticks=1401323289119 --field-trial-handle=2196,i,12658543882519034140,1049900951455408011,262144 --enable-features=PdfUseShowSaveFilePicker --disable-features=DropInputEventsWhilePaintHolding,LocalNetworkAccessChecks,NetworkServiceSandbox,ScreenAIOCREnabled,SpareRendererForSitePerProcess,TraceSiteInstanceGetProcessCreation --variations-seed-version --pseudonymization-salt-handle=2192,i,15495027039908561937,2505952963138778894,4 --trace-process-track-uuid=3190708990060038890 --mojo-platform-channel-handle=3472 /prefetch:1"
"2026-07-29T15:22:11.9836893+08:00","14192","17532","Resolve.exe","True","38.562","2296.2","2026/7/29 15:20:28","""C:\Program Files\Blackmagic Design\DaVinci Resolve\Resolve.exe"" "
"2026-07-29T15:22:13.2267593+08:00","70468","57316","python.exe","True","0.031","5.7","2026/7/29 15:19:17","C:\Users\Administrator\AppData\Local\hermes\hermes-agent\venv\Scripts\python.exe D:\Clackly\resolve-command-center\bridge\server.py"
"2026-07-29T15:22:13.2267593+08:00","23760","70468","python.exe","True","0.141","22.9","2026/7/29 15:19:17","""C:\Users\Administrator\AppData\Roaming\uv\python\cpython-3.11-windows-x86_64-none\python.exe""  D:\Clackly\resolve-command-center\bridge\server.py"
"2026-07-29T15:22:13.2267593+08:00","3328","35252","node.exe","True","0.062","47.3","2026/7/29 15:19:19","""node""   ""D:\Clackly\resolve-command-center\node_modules\.bin\\..\electron\cli.js"" ."
"2026-07-29T15:22:13.2267593+08:00","50784","3328","electron.exe","True","1.672","99.9","2026/7/29 15:19:19","D:\Clackly\resolve-command-center\node_modules\electron\dist\electron.exe ."
"2026-07-29T15:22:13.2267593+08:00","66788","50784","electron.exe","True","0.359","90.5","2026/7/29 15:19:19","""D:\Clackly\resolve-command-center\node_modules\electron\dist\electron.exe"" --type=gpu-process --user-data-dir=""C:\Users\Administrator\AppData\Roaming\clackly"" --gpu-preferences=UAAAAAAAAADgAAAEAAAAAAAAAAAAAGAAOAAAAAAAAAABAAAAAAAAAAAAAAAAAAAAAgAAAAAAAAAAAAAAAAAAABgAAAAAAAAAGAAAAAAAAAAIAAAAAAAAAAgAAAAAAAAACAAAAAAAAAA= --field-trial-handle=2196,i,12658543882519034140,1049900951455408011,262144 --enable-features=PdfUseShowSaveFilePicker --disable-features=DropInputEventsWhilePaintHolding,LocalNetworkAccessChecks,NetworkServiceSandbox,ScreenAIOCREnabled,SpareRendererForSitePerProcess,TraceSiteInstanceGetProcessCreation --variations-seed-version --pseudonymization-salt-handle=2192,i,15495027039908561937,2505952963138778894,4 --trace-process-track-uuid=3190708988185955192 --mojo-platform-channel-handle=2184 /prefetch:2"
"2026-07-29T15:22:13.2267593+08:00","47260","50784","electron.exe","True","0.078","42.3","2026/7/29 15:19:19","""D:\Clackly\resolve-command-center\node_modules\electron\dist\electron.exe"" --type=utility --utility-sub-type=network.mojom.NetworkService --lang=zh-CN --service-sandbox-type=none --user-data-dir=""C:\Users\Administrator\AppData\Roaming\clackly"" --field-trial-handle=2196,i,12658543882519034140,1049900951455408011,262144 --enable-features=PdfUseShowSaveFilePicker --disable-features=DropInputEventsWhilePaintHolding,LocalNetworkAccessChecks,NetworkServiceSandbox,ScreenAIOCREnabled,SpareRendererForSitePerProcess,TraceSiteInstanceGetProcessCreation --variations-seed-version --pseudonymization-salt-handle=2192,i,15495027039908561937,2505952963138778894,4 --trace-process-track-uuid=3190708989122997041 --mojo-platform-channel-handle=2364 /prefetch:11"
"2026-07-29T15:22:13.2267593+08:00","83820","50784","electron.exe","True","0.109","82.9","2026/7/29 15:19:19","""D:\Clackly\resolve-command-center\node_modules\electron\dist\electron.exe"" --type=renderer --user-data-dir=""C:\Users\Administrator\AppData\Roaming\clackly"" --app-path=""D:\Clackly\resolve-command-center"" --no-sandbox --no-zygote --video-capture-use-gpu-memory-buffer --lang=zh-CN --device-scale-factor=1 --num-raster-threads=4 --enable-main-frame-before-activation --renderer-client-id=4 --time-ticks-at-unix-epoch=-1783908236192501 --launch-time-ticks=1401323289119 --field-trial-handle=2196,i,12658543882519034140,1049900951455408011,262144 --enable-features=PdfUseShowSaveFilePicker --disable-features=DropInputEventsWhilePaintHolding,LocalNetworkAccessChecks,NetworkServiceSandbox,ScreenAIOCREnabled,SpareRendererForSitePerProcess,TraceSiteInstanceGetProcessCreation --variations-seed-version --pseudonymization-salt-handle=2192,i,15495027039908561937,2505952963138778894,4 --trace-process-track-uuid=3190708990060038890 --mojo-platform-channel-handle=3472 /prefetch:1"
"2026-07-29T15:22:13.2267593+08:00","14192","17532","Resolve.exe","True","38.625","2296.2","2026/7/29 15:20:28","""C:\Program Files\Blackmagic Design\DaVinci Resolve\Resolve.exe"" "
"2026-07-29T15:22:14.4095894+08:00","70468","57316","python.exe","True","0.031","5.7","2026/7/29 15:19:17","C:\Users\Administrator\AppData\Local\hermes\hermes-agent\venv\Scripts\python.exe D:\Clackly\resolve-command-center\bridge\server.py"
"2026-07-29T15:22:14.4095894+08:00","23760","70468","python.exe","True","0.141","22.9","2026/7/29 15:19:17","""C:\Users\Administrator\AppData\Roaming\uv\python\cpython-3.11-windows-x86_64-none\python.exe""  D:\Clackly\resolve-command-center\bridge\server.py"
"2026-07-29T15:22:14.4095894+08:00","3328","35252","node.exe","True","0.062","47.3","2026/7/29 15:19:19","""node""   ""D:\Clackly\resolve-command-center\node_modules\.bin\\..\electron\cli.js"" ."
"2026-07-29T15:22:14.4095894+08:00","50784","3328","electron.exe","True","1.672","99.9","2026/7/29 15:19:19","D:\Clackly\resolve-command-center\node_modules\electron\dist\electron.exe ."
"2026-07-29T15:22:14.4095894+08:00","66788","50784","electron.exe","True","0.359","90.5","2026/7/29 15:19:19","""D:\Clackly\resolve-command-center\node_modules\electron\dist\electron.exe"" --type=gpu-process --user-data-dir=""C:\Users\Administrator\AppData\Roaming\clackly"" --gpu-preferences=UAAAAAAAAADgAAAEAAAAAAAAAAAAAGAAOAAAAAAAAAABAAAAAAAAAAAAAAAAAAAAAgAAAAAAAAAAAAAAAAAAABgAAAAAAAAAGAAAAAAAAAAIAAAAAAAAAAgAAAAAAAAACAAAAAAAAAA= --field-trial-handle=2196,i,12658543882519034140,1049900951455408011,262144 --enable-features=PdfUseShowSaveFilePicker --disable-features=DropInputEventsWhilePaintHolding,LocalNetworkAccessChecks,NetworkServiceSandbox,ScreenAIOCREnabled,SpareRendererForSitePerProcess,TraceSiteInstanceGetProcessCreation --variations-seed-version --pseudonymization-salt-handle=2192,i,15495027039908561937,2505952963138778894,4 --trace-process-track-uuid=3190708988185955192 --mojo-platform-channel-handle=2184 /prefetch:2"
"2026-07-29T15:22:14.4095894+08:00","47260","50784","electron.exe","True","0.078","42.3","2026/7/29 15:19:19","""D:\Clackly\resolve-command-center\node_modules\electron\dist\electron.exe"" --type=utility --utility-sub-type=network.mojom.NetworkService --lang=zh-CN --service-sandbox-type=none --user-data-dir=""C:\Users\Administrator\AppData\Roaming\clackly"" --field-trial-handle=2196,i,12658543882519034140,1049900951455408011,262144 --enable-features=PdfUseShowSaveFilePicker --disable-features=DropInputEventsWhilePaintHolding,LocalNetworkAccessChecks,NetworkServiceSandbox,ScreenAIOCREnabled,SpareRendererForSitePerProcess,TraceSiteInstanceGetProcessCreation --variations-seed-version --pseudonymization-salt-handle=2192,i,15495027039908561937,2505952963138778894,4 --trace-process-track-uuid=3190708989122997041 --mojo-platform-channel-handle=2364 /prefetch:11"
"2026-07-29T15:22:14.4095894+08:00","83820","50784","electron.exe","True","0.109","82.9","2026/7/29 15:19:19","""D:\Clackly\resolve-command-center\node_modules\electron\dist\electron.exe"" --type=renderer --user-data-dir=""C:\Users\Administrator\AppData\Roaming\clackly"" --app-path=""D:\Clackly\resolve-command-center"" --no-sandbox --no-zygote --video-capture-use-gpu-memory-buffer --lang=zh-CN --device-scale-factor=1 --num-raster-threads=4 --enable-main-frame-before-activation --renderer-client-id=4 --time-ticks-at-unix-epoch=-1783908236192501 --launch-time-ticks=1401323289119 --field-trial-handle=2196,i,12658543882519034140,1049900951455408011,262144 --enable-features=PdfUseShowSaveFilePicker --disable-features=DropInputEventsWhilePaintHolding,LocalNetworkAccessChecks,NetworkServiceSandbox,ScreenAIOCREnabled,SpareRendererForSitePerProcess,TraceSiteInstanceGetProcessCreation --variations-seed-version --pseudonymization-salt-handle=2192,i,15495027039908561937,2505952963138778894,4 --trace-process-track-uuid=3190708990060038890 --mojo-platform-channel-handle=3472 /prefetch:1"
"2026-07-29T15:22:14.4095894+08:00","14192","17532","Resolve.exe","True","38.688","2296.2","2026/7/29 15:20:28","""C:\Program Files\Blackmagic Design\DaVinci Resolve\Resolve.exe"" "
"2026-07-29T15:22:15.5800774+08:00","70468","57316","python.exe","True","0.031","5.7","2026/7/29 15:19:17","C:\Users\Administrator\AppData\Local\hermes\hermes-agent\venv\Scripts\python.exe D:\Clackly\resolve-command-center\bridge\server.py"
"2026-07-29T15:22:15.5800774+08:00","23760","70468","python.exe","True","0.141","22.9","2026/7/29 15:19:17","""C:\Users\Administrator\AppData\Roaming\uv\python\cpython-3.11-windows-x86_64-none\python.exe""  D:\Clackly\resolve-command-center\bridge\server.py"
"2026-07-29T15:22:15.5800774+08:00","3328","35252","node.exe","True","0.062","47.3","2026/7/29 15:19:19","""node""   ""D:\Clackly\resolve-command-center\node_modules\.bin\\..\electron\cli.js"" ."
"2026-07-29T15:22:15.5800774+08:00","50784","3328","electron.exe","True","1.672","99.9","2026/7/29 15:19:19","D:\Clackly\resolve-command-center\node_modules\electron\dist\electron.exe ."
"2026-07-29T15:22:15.5800774+08:00","66788","50784","electron.exe","True","0.359","90.5","2026/7/29 15:19:19","""D:\Clackly\resolve-command-center\node_modules\electron\dist\electron.exe"" --type=gpu-process --user-data-dir=""C:\Users\Administrator\AppData\Roaming\clackly"" --gpu-preferences=UAAAAAAAAADgAAAEAAAAAAAAAAAAAGAAOAAAAAAAAAABAAAAAAAAAAAAAAAAAAAAAgAAAAAAAAAAAAAAAAAAABgAAAAAAAAAGAAAAAAAAAAIAAAAAAAAAAgAAAAAAAAACAAAAAAAAAA= --field-trial-handle=2196,i,12658543882519034140,1049900951455408011,262144 --enable-features=PdfUseShowSaveFilePicker --disable-features=DropInputEventsWhilePaintHolding,LocalNetworkAccessChecks,NetworkServiceSandbox,ScreenAIOCREnabled,SpareRendererForSitePerProcess,TraceSiteInstanceGetProcessCreation --variations-seed-version --pseudonymization-salt-handle=2192,i,15495027039908561937,2505952963138778894,4 --trace-process-track-uuid=3190708988185955192 --mojo-platform-channel-handle=2184 /prefetch:2"
"2026-07-29T15:22:15.5800774+08:00","47260","50784","electron.exe","True","0.078","42.3","2026/7/29 15:19:19","""D:\Clackly\resolve-command-center\node_modules\electron\dist\electron.exe"" --type=utility --utility-sub-type=network.mojom.NetworkService --lang=zh-CN --service-sandbox-type=none --user-data-dir=""C:\Users\Administrator\AppData\Roaming\clackly"" --field-trial-handle=2196,i,12658543882519034140,1049900951455408011,262144 --enable-features=PdfUseShowSaveFilePicker --disable-features=DropInputEventsWhilePaintHolding,LocalNetworkAccessChecks,NetworkServiceSandbox,ScreenAIOCREnabled,SpareRendererForSitePerProcess,TraceSiteInstanceGetProcessCreation --variations-seed-version --pseudonymization-salt-handle=2192,i,15495027039908561937,2505952963138778894,4 --trace-process-track-uuid=3190708989122997041 --mojo-platform-channel-handle=2364 /prefetch:11"
"2026-07-29T15:22:15.5800774+08:00","83820","50784","electron.exe","True","0.109","82.9","2026/7/29 15:19:19","""D:\Clackly\resolve-command-center\node_modules\electron\dist\electron.exe"" --type=renderer --user-data-dir=""C:\Users\Administrator\AppData\Roaming\clackly"" --app-path=""D:\Clackly\resolve-command-center"" --no-sandbox --no-zygote --video-capture-use-gpu-memory-buffer --lang=zh-CN --device-scale-factor=1 --num-raster-threads=4 --enable-main-frame-before-activation --renderer-client-id=4 --time-ticks-at-unix-epoch=-1783908236192501 --launch-time-ticks=1401323289119 --field-trial-handle=2196,i,12658543882519034140,1049900951455408011,262144 --enable-features=PdfUseShowSaveFilePicker --disable-features=DropInputEventsWhilePaintHolding,LocalNetworkAccessChecks,NetworkServiceSandbox,ScreenAIOCREnabled,SpareRendererForSitePerProcess,TraceSiteInstanceGetProcessCreation --variations-seed-version --pseudonymization-salt-handle=2192,i,15495027039908561937,2505952963138778894,4 --trace-process-track-uuid=3190708990060038890 --mojo-platform-channel-handle=3472 /prefetch:1"
"2026-07-29T15:22:15.5800774+08:00","14192","17532","Resolve.exe","True","38.734","2296.2","2026/7/29 15:20:28","""C:\Program Files\Blackmagic Design\DaVinci Resolve\Resolve.exe"" "
"2026-07-29T15:22:16.7670955+08:00","70468","57316","python.exe","True","0.031","5.7","2026/7/29 15:19:17","C:\Users\Administrator\AppData\Local\hermes\hermes-agent\venv\Scripts\python.exe D:\Clackly\resolve-command-center\bridge\server.py"
"2026-07-29T15:22:16.7670955+08:00","23760","70468","python.exe","True","0.141","22.9","2026/7/29 15:19:17","""C:\Users\Administrator\AppData\Roaming\uv\python\cpython-3.11-windows-x86_64-none\python.exe""  D:\Clackly\resolve-command-center\bridge\server.py"
"2026-07-29T15:22:16.7670955+08:00","3328","35252","node.exe","True","0.062","47.3","2026/7/29 15:19:19","""node""   ""D:\Clackly\resolve-command-center\node_modules\.bin\\..\electron\cli.js"" ."
"2026-07-29T15:22:16.7670955+08:00","50784","3328","electron.exe","True","1.672","99.9","2026/7/29 15:19:19","D:\Clackly\resolve-command-center\node_modules\electron\dist\electron.exe ."
"2026-07-29T15:22:16.7670955+08:00","66788","50784","electron.exe","True","0.359","90.5","2026/7/29 15:19:19","""D:\Clackly\resolve-command-center\node_modules\electron\dist\electron.exe"" --type=gpu-process --user-data-dir=""C:\Users\Administrator\AppData\Roaming\clackly"" --gpu-preferences=UAAAAAAAAADgAAAEAAAAAAAAAAAAAGAAOAAAAAAAAAABAAAAAAAAAAAAAAAAAAAAAgAAAAAAAAAAAAAAAAAAABgAAAAAAAAAGAAAAAAAAAAIAAAAAAAAAAgAAAAAAAAACAAAAAAAAAA= --field-trial-handle=2196,i,12658543882519034140,1049900951455408011,262144 --enable-features=PdfUseShowSaveFilePicker --disable-features=DropInputEventsWhilePaintHolding,LocalNetworkAccessChecks,NetworkServiceSandbox,ScreenAIOCREnabled,SpareRendererForSitePerProcess,TraceSiteInstanceGetProcessCreation --variations-seed-version --pseudonymization-salt-handle=2192,i,15495027039908561937,2505952963138778894,4 --trace-process-track-uuid=3190708988185955192 --mojo-platform-channel-handle=2184 /prefetch:2"
"2026-07-29T15:22:16.7670955+08:00","47260","50784","electron.exe","True","0.078","42.3","2026/7/29 15:19:19","""D:\Clackly\resolve-command-center\node_modules\electron\dist\electron.exe"" --type=utility --utility-sub-type=network.mojom.NetworkService --lang=zh-CN --service-sandbox-type=none --user-data-dir=""C:\Users\Administrator\AppData\Roaming\clackly"" --field-trial-handle=2196,i,12658543882519034140,1049900951455408011,262144 --enable-features=PdfUseShowSaveFilePicker --disable-features=DropInputEventsWhilePaintHolding,LocalNetworkAccessChecks,NetworkServiceSandbox,ScreenAIOCREnabled,SpareRendererForSitePerProcess,TraceSiteInstanceGetProcessCreation --variations-seed-version --pseudonymization-salt-handle=2192,i,15495027039908561937,2505952963138778894,4 --trace-process-track-uuid=3190708989122997041 --mojo-platform-channel-handle=2364 /prefetch:11"
"2026-07-29T15:22:16.7670955+08:00","83820","50784","electron.exe","True","0.109","82.9","2026/7/29 15:19:19","""D:\Clackly\resolve-command-center\node_modules\electron\dist\electron.exe"" --type=renderer --user-data-dir=""C:\Users\Administrator\AppData\Roaming\clackly"" --app-path=""D:\Clackly\resolve-command-center"" --no-sandbox --no-zygote --video-capture-use-gpu-memory-buffer --lang=zh-CN --device-scale-factor=1 --num-raster-threads=4 --enable-main-frame-before-activation --renderer-client-id=4 --time-ticks-at-unix-epoch=-1783908236192501 --launch-time-ticks=1401323289119 --field-trial-handle=2196,i,12658543882519034140,1049900951455408011,262144 --enable-features=PdfUseShowSaveFilePicker --disable-features=DropInputEventsWhilePaintHolding,LocalNetworkAccessChecks,NetworkServiceSandbox,ScreenAIOCREnabled,SpareRendererForSitePerProcess,TraceSiteInstanceGetProcessCreation --variations-seed-version --pseudonymization-salt-handle=2192,i,15495027039908561937,2505952963138778894,4 --trace-process-track-uuid=3190708990060038890 --mojo-platform-channel-handle=3472 /prefetch:1"
"2026-07-29T15:22:16.7670955+08:00","14192","17532","Resolve.exe","True","38.859","2296.2","2026/7/29 15:20:28","""C:\Program Files\Blackmagic Design\DaVinci Resolve\Resolve.exe"" "
"2026-07-29T15:22:17.9358954+08:00","70468","57316","python.exe","True","0.031","5.7","2026/7/29 15:19:17","C:\Users\Administrator\AppData\Local\hermes\hermes-agent\venv\Scripts\python.exe D:\Clackly\resolve-command-center\bridge\server.py"
"2026-07-29T15:22:17.9358954+08:00","23760","70468","python.exe","True","0.141","22.9","2026/7/29 15:19:17","""C:\Users\Administrator\AppData\Roaming\uv\python\cpython-3.11-windows-x86_64-none\python.exe""  D:\Clackly\resolve-command-center\bridge\server.py"
"2026-07-29T15:22:17.9358954+08:00","3328","35252","node.exe","True","0.062","47.3","2026/7/29 15:19:19","""node""   ""D:\Clackly\resolve-command-center\node_modules\.bin\\..\electron\cli.js"" ."
"2026-07-29T15:22:17.9358954+08:00","50784","3328","electron.exe","True","1.672","99.9","2026/7/29 15:19:19","D:\Clackly\resolve-command-center\node_modules\electron\dist\electron.exe ."
"2026-07-29T15:22:17.9358954+08:00","66788","50784","electron.exe","True","0.359","90.5","2026/7/29 15:19:19","""D:\Clackly\resolve-command-center\node_modules\electron\dist\electron.exe"" --type=gpu-process --user-data-dir=""C:\Users\Administrator\AppData\Roaming\clackly"" --gpu-preferences=UAAAAAAAAADgAAAEAAAAAAAAAAAAAGAAOAAAAAAAAAABAAAAAAAAAAAAAAAAAAAAAgAAAAAAAAAAAAAAAAAAABgAAAAAAAAAGAAAAAAAAAAIAAAAAAAAAAgAAAAAAAAACAAAAAAAAAA= --field-trial-handle=2196,i,12658543882519034140,1049900951455408011,262144 --enable-features=PdfUseShowSaveFilePicker --disable-features=DropInputEventsWhilePaintHolding,LocalNetworkAccessChecks,NetworkServiceSandbox,ScreenAIOCREnabled,SpareRendererForSitePerProcess,TraceSiteInstanceGetProcessCreation --variations-seed-version --pseudonymization-salt-handle=2192,i,15495027039908561937,2505952963138778894,4 --trace-process-track-uuid=3190708988185955192 --mojo-platform-channel-handle=2184 /prefetch:2"
"2026-07-29T15:22:17.9358954+08:00","47260","50784","electron.exe","True","0.078","42.3","2026/7/29 15:19:19","""D:\Clackly\resolve-command-center\node_modules\electron\dist\electron.exe"" --type=utility --utility-sub-type=network.mojom.NetworkService --lang=zh-CN --service-sandbox-type=none --user-data-dir=""C:\Users\Administrator\AppData\Roaming\clackly"" --field-trial-handle=2196,i,12658543882519034140,1049900951455408011,262144 --enable-features=PdfUseShowSaveFilePicker --disable-features=DropInputEventsWhilePaintHolding,LocalNetworkAccessChecks,NetworkServiceSandbox,ScreenAIOCREnabled,SpareRendererForSitePerProcess,TraceSiteInstanceGetProcessCreation --variations-seed-version --pseudonymization-salt-handle=2192,i,15495027039908561937,2505952963138778894,4 --trace-process-track-uuid=3190708989122997041 --mojo-platform-channel-handle=2364 /prefetch:11"
"2026-07-29T15:22:17.9358954+08:00","83820","50784","electron.exe","True","0.109","82.9","2026/7/29 15:19:19","""D:\Clackly\resolve-command-center\node_modules\electron\dist\electron.exe"" --type=renderer --user-data-dir=""C:\Users\Administrator\AppData\Roaming\clackly"" --app-path=""D:\Clackly\resolve-command-center"" --no-sandbox --no-zygote --video-capture-use-gpu-memory-buffer --lang=zh-CN --device-scale-factor=1 --num-raster-threads=4 --enable-main-frame-before-activation --renderer-client-id=4 --time-ticks-at-unix-epoch=-1783908236192501 --launch-time-ticks=1401323289119 --field-trial-handle=2196,i,12658543882519034140,1049900951455408011,262144 --enable-features=PdfUseShowSaveFilePicker --disable-features=DropInputEventsWhilePaintHolding,LocalNetworkAccessChecks,NetworkServiceSandbox,ScreenAIOCREnabled,SpareRendererForSitePerProcess,TraceSiteInstanceGetProcessCreation --variations-seed-version --pseudonymization-salt-handle=2192,i,15495027039908561937,2505952963138778894,4 --trace-process-track-uuid=3190708990060038890 --mojo-platform-channel-handle=3472 /prefetch:1"
"2026-07-29T15:22:17.9358954+08:00","14192","17532","Resolve.exe","True","39.047","2296.4","2026/7/29 15:20:28","""C:\Program Files\Blackmagic Design\DaVinci Resolve\Resolve.exe"" "
"2026-07-29T15:22:19.2841106+08:00","70468","57316","python.exe","True","0.031","5.7","2026/7/29 15:19:17","C:\Users\Administrator\AppData\Local\hermes\hermes-agent\venv\Scripts\python.exe D:\Clackly\resolve-command-center\bridge\server.py"
"2026-07-29T15:22:19.2841106+08:00","23760","70468","python.exe","True","0.141","22.9","2026/7/29 15:19:17","""C:\Users\Administrator\AppData\Roaming\uv\python\cpython-3.11-windows-x86_64-none\python.exe""  D:\Clackly\resolve-command-center\bridge\server.py"
"2026-07-29T15:22:19.2841106+08:00","3328","35252","node.exe","True","0.062","47.3","2026/7/29 15:19:19","""node""   ""D:\Clackly\resolve-command-center\node_modules\.bin\\..\electron\cli.js"" ."
"2026-07-29T15:22:19.2841106+08:00","50784","3328","electron.exe","True","1.672","99.9","2026/7/29 15:19:19","D:\Clackly\resolve-command-center\node_modules\electron\dist\electron.exe ."
"2026-07-29T15:22:19.2841106+08:00","66788","50784","electron.exe","True","0.359","90.5","2026/7/29 15:19:19","""D:\Clackly\resolve-command-center\node_modules\electron\dist\electron.exe"" --type=gpu-process --user-data-dir=""C:\Users\Administrator\AppData\Roaming\clackly"" --gpu-preferences=UAAAAAAAAADgAAAEAAAAAAAAAAAAAGAAOAAAAAAAAAABAAAAAAAAAAAAAAAAAAAAAgAAAAAAAAAAAAAAAAAAABgAAAAAAAAAGAAAAAAAAAAIAAAAAAAAAAgAAAAAAAAACAAAAAAAAAA= --field-trial-handle=2196,i,12658543882519034140,1049900951455408011,262144 --enable-features=PdfUseShowSaveFilePicker --disable-features=DropInputEventsWhilePaintHolding,LocalNetworkAccessChecks,NetworkServiceSandbox,ScreenAIOCREnabled,SpareRendererForSitePerProcess,TraceSiteInstanceGetProcessCreation --variations-seed-version --pseudonymization-salt-handle=2192,i,15495027039908561937,2505952963138778894,4 --trace-process-track-uuid=3190708988185955192 --mojo-platform-channel-handle=2184 /prefetch:2"
"2026-07-29T15:22:19.2841106+08:00","47260","50784","electron.exe","True","0.078","42.3","2026/7/29 15:19:19","""D:\Clackly\resolve-command-center\node_modules\electron\dist\electron.exe"" --type=utility --utility-sub-type=network.mojom.NetworkService --lang=zh-CN --service-sandbox-type=none --user-data-dir=""C:\Users\Administrator\AppData\Roaming\clackly"" --field-trial-handle=2196,i,12658543882519034140,1049900951455408011,262144 --enable-features=PdfUseShowSaveFilePicker --disable-features=DropInputEventsWhilePaintHolding,LocalNetworkAccessChecks,NetworkServiceSandbox,ScreenAIOCREnabled,SpareRendererForSitePerProcess,TraceSiteInstanceGetProcessCreation --variations-seed-version --pseudonymization-salt-handle=2192,i,15495027039908561937,2505952963138778894,4 --trace-process-track-uuid=3190708989122997041 --mojo-platform-channel-handle=2364 /prefetch:11"
"2026-07-29T15:22:19.2841106+08:00","83820","50784","electron.exe","True","0.109","82.9","2026/7/29 15:19:19","""D:\Clackly\resolve-command-center\node_modules\electron\dist\electron.exe"" --type=renderer --user-data-dir=""C:\Users\Administrator\AppData\Roaming\clackly"" --app-path=""D:\Clackly\resolve-command-center"" --no-sandbox --no-zygote --video-capture-use-gpu-memory-buffer --lang=zh-CN --device-scale-factor=1 --num-raster-threads=4 --enable-main-frame-before-activation --renderer-client-id=4 --time-ticks-at-unix-epoch=-1783908236192501 --launch-time-ticks=1401323289119 --field-trial-handle=2196,i,12658543882519034140,1049900951455408011,262144 --enable-features=PdfUseShowSaveFilePicker --disable-features=DropInputEventsWhilePaintHolding,LocalNetworkAccessChecks,NetworkServiceSandbox,ScreenAIOCREnabled,SpareRendererForSitePerProcess,TraceSiteInstanceGetProcessCreation --variations-seed-version --pseudonymization-salt-handle=2192,i,15495027039908561937,2505952963138778894,4 --trace-process-track-uuid=3190708990060038890 --mojo-platform-channel-handle=3472 /prefetch:1"
"2026-07-29T15:22:19.2841106+08:00","14192","17532","Resolve.exe","True","40.438","2318.7","2026/7/29 15:20:28","""C:\Program Files\Blackmagic Design\DaVinci Resolve\Resolve.exe"" "
"2026-07-29T15:22:20.5201295+08:00","70468","57316","python.exe","True","0.031","5.7","2026/7/29 15:19:17","C:\Users\Administrator\AppData\Local\hermes\hermes-agent\venv\Scripts\python.exe D:\Clackly\resolve-command-center\bridge\server.py"
"2026-07-29T15:22:20.5201295+08:00","23760","70468","python.exe","True","0.141","22.9","2026/7/29 15:19:17","""C:\Users\Administrator\AppData\Roaming\uv\python\cpython-3.11-windows-x86_64-none\python.exe""  D:\Clackly\resolve-command-center\bridge\server.py"
"2026-07-29T15:22:20.5201295+08:00","3328","35252","node.exe","True","0.062","47.3","2026/7/29 15:19:19","""node""   ""D:\Clackly\resolve-command-center\node_modules\.bin\\..\electron\cli.js"" ."
"2026-07-29T15:22:20.5201295+08:00","50784","3328","electron.exe","True","1.672","99.9","2026/7/29 15:19:19","D:\Clackly\resolve-command-center\node_modules\electron\dist\electron.exe ."
"2026-07-29T15:22:20.5201295+08:00","66788","50784","electron.exe","True","0.359","90.5","2026/7/29 15:19:19","""D:\Clackly\resolve-command-center\node_modules\electron\dist\electron.exe"" --type=gpu-process --user-data-dir=""C:\Users\Administrator\AppData\Roaming\clackly"" --gpu-preferences=UAAAAAAAAADgAAAEAAAAAAAAAAAAAGAAOAAAAAAAAAABAAAAAAAAAAAAAAAAAAAAAgAAAAAAAAAAAAAAAAAAABgAAAAAAAAAGAAAAAAAAAAIAAAAAAAAAAgAAAAAAAAACAAAAAAAAAA= --field-trial-handle=2196,i,12658543882519034140,1049900951455408011,262144 --enable-features=PdfUseShowSaveFilePicker --disable-features=DropInputEventsWhilePaintHolding,LocalNetworkAccessChecks,NetworkServiceSandbox,ScreenAIOCREnabled,SpareRendererForSitePerProcess,TraceSiteInstanceGetProcessCreation --variations-seed-version --pseudonymization-salt-handle=2192,i,15495027039908561937,2505952963138778894,4 --trace-process-track-uuid=3190708988185955192 --mojo-platform-channel-handle=2184 /prefetch:2"
"2026-07-29T15:22:20.5201295+08:00","47260","50784","electron.exe","True","0.078","42.3","2026/7/29 15:19:19","""D:\Clackly\resolve-command-center\node_modules\electron\dist\electron.exe"" --type=utility --utility-sub-type=network.mojom.NetworkService --lang=zh-CN --service-sandbox-type=none --user-data-dir=""C:\Users\Administrator\AppData\Roaming\clackly"" --field-trial-handle=2196,i,12658543882519034140,1049900951455408011,262144 --enable-features=PdfUseShowSaveFilePicker --disable-features=DropInputEventsWhilePaintHolding,LocalNetworkAccessChecks,NetworkServiceSandbox,ScreenAIOCREnabled,SpareRendererForSitePerProcess,TraceSiteInstanceGetProcessCreation --variations-seed-version --pseudonymization-salt-handle=2192,i,15495027039908561937,2505952963138778894,4 --trace-process-track-uuid=3190708989122997041 --mojo-platform-channel-handle=2364 /prefetch:11"
"2026-07-29T15:22:20.5201295+08:00","83820","50784","electron.exe","True","0.109","82.9","2026/7/29 15:19:19","""D:\Clackly\resolve-command-center\node_modules\electron\dist\electron.exe"" --type=renderer --user-data-dir=""C:\Users\Administrator\AppData\Roaming\clackly"" --app-path=""D:\Clackly\resolve-command-center"" --no-sandbox --no-zygote --video-capture-use-gpu-memory-buffer --lang=zh-CN --device-scale-factor=1 --num-raster-threads=4 --enable-main-frame-before-activation --renderer-client-id=4 --time-ticks-at-unix-epoch=-1783908236192501 --launch-time-ticks=1401323289119 --field-trial-handle=2196,i,12658543882519034140,1049900951455408011,262144 --enable-features=PdfUseShowSaveFilePicker --disable-features=DropInputEventsWhilePaintHolding,LocalNetworkAccessChecks,NetworkServiceSandbox,ScreenAIOCREnabled,SpareRendererForSitePerProcess,TraceSiteInstanceGetProcessCreation --variations-seed-version --pseudonymization-salt-handle=2192,i,15495027039908561937,2505952963138778894,4 --trace-process-track-uuid=3190708990060038890 --mojo-platform-channel-handle=3472 /prefetch:1"
"2026-07-29T15:22:20.5201295+08:00","14192","17532","Resolve.exe","True","41.906","2339.6","2026/7/29 15:20:28","""C:\Program Files\Blackmagic Design\DaVinci Resolve\Resolve.exe"" "
"2026-07-29T15:22:21.7332084+08:00","70468","57316","python.exe","True","0.031","5.7","2026/7/29 15:19:17","C:\Users\Administrator\AppData\Local\hermes\hermes-agent\venv\Scripts\python.exe D:\Clackly\resolve-command-center\bridge\server.py"
"2026-07-29T15:22:21.7332084+08:00","23760","70468","python.exe","True","0.141","22.9","2026/7/29 15:19:17","""C:\Users\Administrator\AppData\Roaming\uv\python\cpython-3.11-windows-x86_64-none\python.exe""  D:\Clackly\resolve-command-center\bridge\server.py"
"2026-07-29T15:22:21.7332084+08:00","3328","35252","node.exe","True","0.062","47.3","2026/7/29 15:19:19","""node""   ""D:\Clackly\resolve-command-center\node_modules\.bin\\..\electron\cli.js"" ."
"2026-07-29T15:22:21.7332084+08:00","50784","3328","electron.exe","True","1.672","99.9","2026/7/29 15:19:19","D:\Clackly\resolve-command-center\node_modules\electron\dist\electron.exe ."
"2026-07-29T15:22:21.7332084+08:00","66788","50784","electron.exe","True","0.359","90.5","2026/7/29 15:19:19","""D:\Clackly\resolve-command-center\node_modules\electron\dist\electron.exe"" --type=gpu-process --user-data-dir=""C:\Users\Administrator\AppData\Roaming\clackly"" --gpu-preferences=UAAAAAAAAADgAAAEAAAAAAAAAAAAAGAAOAAAAAAAAAABAAAAAAAAAAAAAAAAAAAAAgAAAAAAAAAAAAAAAAAAABgAAAAAAAAAGAAAAAAAAAAIAAAAAAAAAAgAAAAAAAAACAAAAAAAAAA= --field-trial-handle=2196,i,12658543882519034140,1049900951455408011,262144 --enable-features=PdfUseShowSaveFilePicker --disable-features=DropInputEventsWhilePaintHolding,LocalNetworkAccessChecks,NetworkServiceSandbox,ScreenAIOCREnabled,SpareRendererForSitePerProcess,TraceSiteInstanceGetProcessCreation --variations-seed-version --pseudonymization-salt-handle=2192,i,15495027039908561937,2505952963138778894,4 --trace-process-track-uuid=3190708988185955192 --mojo-platform-channel-handle=2184 /prefetch:2"
"2026-07-29T15:22:21.7332084+08:00","47260","50784","electron.exe","True","0.078","42.3","2026/7/29 15:19:19","""D:\Clackly\resolve-command-center\node_modules\electron\dist\electron.exe"" --type=utility --utility-sub-type=network.mojom.NetworkService --lang=zh-CN --service-sandbox-type=none --user-data-dir=""C:\Users\Administrator\AppData\Roaming\clackly"" --field-trial-handle=2196,i,12658543882519034140,1049900951455408011,262144 --enable-features=PdfUseShowSaveFilePicker --disable-features=DropInputEventsWhilePaintHolding,LocalNetworkAccessChecks,NetworkServiceSandbox,ScreenAIOCREnabled,SpareRendererForSitePerProcess,TraceSiteInstanceGetProcessCreation --variations-seed-version --pseudonymization-salt-handle=2192,i,15495027039908561937,2505952963138778894,4 --trace-process-track-uuid=3190708989122997041 --mojo-platform-channel-handle=2364 /prefetch:11"
"2026-07-29T15:22:21.7332084+08:00","83820","50784","electron.exe","True","0.109","82.9","2026/7/29 15:19:19","""D:\Clackly\resolve-command-center\node_modules\electron\dist\electron.exe"" --type=renderer --user-data-dir=""C:\Users\Administrator\AppData\Roaming\clackly"" --app-path=""D:\Clackly\resolve-command-center"" --no-sandbox --no-zygote --video-capture-use-gpu-memory-buffer --lang=zh-CN --device-scale-factor=1 --num-raster-threads=4 --enable-main-frame-before-activation --renderer-client-id=4 --time-ticks-at-unix-epoch=-1783908236192501 --launch-time-ticks=1401323289119 --field-trial-handle=2196,i,12658543882519034140,1049900951455408011,262144 --enable-features=PdfUseShowSaveFilePicker --disable-features=DropInputEventsWhilePaintHolding,LocalNetworkAccessChecks,NetworkServiceSandbox,ScreenAIOCREnabled,SpareRendererForSitePerProcess,TraceSiteInstanceGetProcessCreation --variations-seed-version --pseudonymization-salt-handle=2192,i,15495027039908561937,2505952963138778894,4 --trace-process-track-uuid=3190708990060038890 --mojo-platform-channel-handle=3472 /prefetch:1"
"2026-07-29T15:22:21.7332084+08:00","14192","17532","Resolve.exe","True","43.234","2354.4","2026/7/29 15:20:28","""C:\Program Files\Blackmagic Design\DaVinci Resolve\Resolve.exe"" "
"2026-07-29T15:22:23.1056229+08:00","70468","57316","python.exe","True","0.031","5.7","2026/7/29 15:19:17","C:\Users\Administrator\AppData\Local\hermes\hermes-agent\venv\Scripts\python.exe D:\Clackly\resolve-command-center\bridge\server.py"
"2026-07-29T15:22:23.1056229+08:00","23760","70468","python.exe","True","0.141","22.9","2026/7/29 15:19:17","""C:\Users\Administrator\AppData\Roaming\uv\python\cpython-3.11-windows-x86_64-none\python.exe""  D:\Clackly\resolve-command-center\bridge\server.py"
"2026-07-29T15:22:23.1056229+08:00","3328","35252","node.exe","True","0.062","47.3","2026/7/29 15:19:19","""node""   ""D:\Clackly\resolve-command-center\node_modules\.bin\\..\electron\cli.js"" ."
"2026-07-29T15:22:23.1056229+08:00","50784","3328","electron.exe","True","1.672","99.9","2026/7/29 15:19:19","D:\Clackly\resolve-command-center\node_modules\electron\dist\electron.exe ."
"2026-07-29T15:22:23.1056229+08:00","66788","50784","electron.exe","True","0.375","90.5","2026/7/29 15:19:19","""D:\Clackly\resolve-command-center\node_modules\electron\dist\electron.exe"" --type=gpu-process --user-data-dir=""C:\Users\Administrator\AppData\Roaming\clackly"" --gpu-preferences=UAAAAAAAAADgAAAEAAAAAAAAAAAAAGAAOAAAAAAAAAABAAAAAAAAAAAAAAAAAAAAAgAAAAAAAAAAAAAAAAAAABgAAAAAAAAAGAAAAAAAAAAIAAAAAAAAAAgAAAAAAAAACAAAAAAAAAA= --field-trial-handle=2196,i,12658543882519034140,1049900951455408011,262144 --enable-features=PdfUseShowSaveFilePicker --disable-features=DropInputEventsWhilePaintHolding,LocalNetworkAccessChecks,NetworkServiceSandbox,ScreenAIOCREnabled,SpareRendererForSitePerProcess,TraceSiteInstanceGetProcessCreation --variations-seed-version --pseudonymization-salt-handle=2192,i,15495027039908561937,2505952963138778894,4 --trace-process-track-uuid=3190708988185955192 --mojo-platform-channel-handle=2184 /prefetch:2"
"2026-07-29T15:22:23.1056229+08:00","47260","50784","electron.exe","True","0.078","42.3","2026/7/29 15:19:19","""D:\Clackly\resolve-command-center\node_modules\electron\dist\electron.exe"" --type=utility --utility-sub-type=network.mojom.NetworkService --lang=zh-CN --service-sandbox-type=none --user-data-dir=""C:\Users\Administrator\AppData\Roaming\clackly"" --field-trial-handle=2196,i,12658543882519034140,1049900951455408011,262144 --enable-features=PdfUseShowSaveFilePicker --disable-features=DropInputEventsWhilePaintHolding,LocalNetworkAccessChecks,NetworkServiceSandbox,ScreenAIOCREnabled,SpareRendererForSitePerProcess,TraceSiteInstanceGetProcessCreation --variations-seed-version --pseudonymization-salt-handle=2192,i,15495027039908561937,2505952963138778894,4 --trace-process-track-uuid=3190708989122997041 --mojo-platform-channel-handle=2364 /prefetch:11"
"2026-07-29T15:22:23.1056229+08:00","83820","50784","electron.exe","True","0.109","82.9","2026/7/29 15:19:19","""D:\Clackly\resolve-command-center\node_modules\electron\dist\electron.exe"" --type=renderer --user-data-dir=""C:\Users\Administrator\AppData\Roaming\clackly"" --app-path=""D:\Clackly\resolve-command-center"" --no-sandbox --no-zygote --video-capture-use-gpu-memory-buffer --lang=zh-CN --device-scale-factor=1 --num-raster-threads=4 --enable-main-frame-before-activation --renderer-client-id=4 --time-ticks-at-unix-epoch=-1783908236192501 --launch-time-ticks=1401323289119 --field-trial-handle=2196,i,12658543882519034140,1049900951455408011,262144 --enable-features=PdfUseShowSaveFilePicker --disable-features=DropInputEventsWhilePaintHolding,LocalNetworkAccessChecks,NetworkServiceSandbox,ScreenAIOCREnabled,SpareRendererForSitePerProcess,TraceSiteInstanceGetProcessCreation --variations-seed-version --pseudonymization-salt-handle=2192,i,15495027039908561937,2505952963138778894,4 --trace-process-track-uuid=3190708990060038890 --mojo-platform-channel-handle=3472 /prefetch:1"
"2026-07-29T15:22:23.1056229+08:00","14192","17532","Resolve.exe","True","44.734","2367.5","2026/7/29 15:20:28","""C:\Program Files\Blackmagic Design\DaVinci Resolve\Resolve.exe"" "
"2026-07-29T15:22:24.3070200+08:00","70468","57316","python.exe","True","0.031","5.7","2026/7/29 15:19:17","C:\Users\Administrator\AppData\Local\hermes\hermes-agent\venv\Scripts\python.exe D:\Clackly\resolve-command-center\bridge\server.py"
"2026-07-29T15:22:24.3070200+08:00","23760","70468","python.exe","True","0.141","22.9","2026/7/29 15:19:17","""C:\Users\Administrator\AppData\Roaming\uv\python\cpython-3.11-windows-x86_64-none\python.exe""  D:\Clackly\resolve-command-center\bridge\server.py"
"2026-07-29T15:22:24.3070200+08:00","3328","35252","node.exe","True","0.062","47.3","2026/7/29 15:19:19","""node""   ""D:\Clackly\resolve-command-center\node_modules\.bin\\..\electron\cli.js"" ."
"2026-07-29T15:22:24.3070200+08:00","50784","3328","electron.exe","True","1.672","99.9","2026/7/29 15:19:19","D:\Clackly\resolve-command-center\node_modules\electron\dist\electron.exe ."
"2026-07-29T15:22:24.3070200+08:00","66788","50784","electron.exe","True","0.375","90.5","2026/7/29 15:19:19","""D:\Clackly\resolve-command-center\node_modules\electron\dist\electron.exe"" --type=gpu-process --user-data-dir=""C:\Users\Administrator\AppData\Roaming\clackly"" --gpu-preferences=UAAAAAAAAADgAAAEAAAAAAAAAAAAAGAAOAAAAAAAAAABAAAAAAAAAAAAAAAAAAAAAgAAAAAAAAAAAAAAAAAAABgAAAAAAAAAGAAAAAAAAAAIAAAAAAAAAAgAAAAAAAAACAAAAAAAAAA= --field-trial-handle=2196,i,12658543882519034140,1049900951455408011,262144 --enable-features=PdfUseShowSaveFilePicker --disable-features=DropInputEventsWhilePaintHolding,LocalNetworkAccessChecks,NetworkServiceSandbox,ScreenAIOCREnabled,SpareRendererForSitePerProcess,TraceSiteInstanceGetProcessCreation --variations-seed-version --pseudonymization-salt-handle=2192,i,15495027039908561937,2505952963138778894,4 --trace-process-track-uuid=3190708988185955192 --mojo-platform-channel-handle=2184 /prefetch:2"
"2026-07-29T15:22:24.3070200+08:00","47260","50784","electron.exe","True","0.078","42.3","2026/7/29 15:19:19","""D:\Clackly\resolve-command-center\node_modules\electron\dist\electron.exe"" --type=utility --utility-sub-type=network.mojom.NetworkService --lang=zh-CN --service-sandbox-type=none --user-data-dir=""C:\Users\Administrator\AppData\Roaming\clackly"" --field-trial-handle=2196,i,12658543882519034140,1049900951455408011,262144 --enable-features=PdfUseShowSaveFilePicker --disable-features=DropInputEventsWhilePaintHolding,LocalNetworkAccessChecks,NetworkServiceSandbox,ScreenAIOCREnabled,SpareRendererForSitePerProcess,TraceSiteInstanceGetProcessCreation --variations-seed-version --pseudonymization-salt-handle=2192,i,15495027039908561937,2505952963138778894,4 --trace-process-track-uuid=3190708989122997041 --mojo-platform-channel-handle=2364 /prefetch:11"
"2026-07-29T15:22:24.3070200+08:00","83820","50784","electron.exe","True","0.109","82.9","2026/7/29 15:19:19","""D:\Clackly\resolve-command-center\node_modules\electron\dist\electron.exe"" --type=renderer --user-data-dir=""C:\Users\Administrator\AppData\Roaming\clackly"" --app-path=""D:\Clackly\resolve-command-center"" --no-sandbox --no-zygote --video-capture-use-gpu-memory-buffer --lang=zh-CN --device-scale-factor=1 --num-raster-threads=4 --enable-main-frame-before-activation --renderer-client-id=4 --time-ticks-at-unix-epoch=-1783908236192501 --launch-time-ticks=1401323289119 --field-trial-handle=2196,i,12658543882519034140,1049900951455408011,262144 --enable-features=PdfUseShowSaveFilePicker --disable-features=DropInputEventsWhilePaintHolding,LocalNetworkAccessChecks,NetworkServiceSandbox,ScreenAIOCREnabled,SpareRendererForSitePerProcess,TraceSiteInstanceGetProcessCreation --variations-seed-version --pseudonymization-salt-handle=2192,i,15495027039908561937,2505952963138778894,4 --trace-process-track-uuid=3190708990060038890 --mojo-platform-channel-handle=3472 /prefetch:1"
"2026-07-29T15:22:24.3070200+08:00","14192","17532","Resolve.exe","True","46.078","2374.7","2026/7/29 15:20:28","""C:\Program Files\Blackmagic Design\DaVinci Resolve\Resolve.exe"" "
"2026-07-29T15:22:25.6163266+08:00","70468","57316","python.exe","True","0.031","5.7","2026/7/29 15:19:17","C:\Users\Administrator\AppData\Local\hermes\hermes-agent\venv\Scripts\python.exe D:\Clackly\resolve-command-center\bridge\server.py"
"2026-07-29T15:22:25.6163266+08:00","23760","70468","python.exe","True","0.141","22.9","2026/7/29 15:19:17","""C:\Users\Administrator\AppData\Roaming\uv\python\cpython-3.11-windows-x86_64-none\python.exe""  D:\Clackly\resolve-command-center\bridge\server.py"
"2026-07-29T15:22:25.6163266+08:00","3328","35252","node.exe","True","0.062","47.3","2026/7/29 15:19:19","""node""   ""D:\Clackly\resolve-command-center\node_modules\.bin\\..\electron\cli.js"" ."
"2026-07-29T15:22:25.6163266+08:00","50784","3328","electron.exe","True","1.672","99.9","2026/7/29 15:19:19","D:\Clackly\resolve-command-center\node_modules\electron\dist\electron.exe ."
"2026-07-29T15:22:25.6163266+08:00","66788","50784","electron.exe","True","0.375","90.5","2026/7/29 15:19:19","""D:\Clackly\resolve-command-center\node_modules\electron\dist\electron.exe"" --type=gpu-process --user-data-dir=""C:\Users\Administrator\AppData\Roaming\clackly"" --gpu-preferences=UAAAAAAAAADgAAAEAAAAAAAAAAAAAGAAOAAAAAAAAAABAAAAAAAAAAAAAAAAAAAAAgAAAAAAAAAAAAAAAAAAABgAAAAAAAAAGAAAAAAAAAAIAAAAAAAAAAgAAAAAAAAACAAAAAAAAAA= --field-trial-handle=2196,i,12658543882519034140,1049900951455408011,262144 --enable-features=PdfUseShowSaveFilePicker --disable-features=DropInputEventsWhilePaintHolding,LocalNetworkAccessChecks,NetworkServiceSandbox,ScreenAIOCREnabled,SpareRendererForSitePerProcess,TraceSiteInstanceGetProcessCreation --variations-seed-version --pseudonymization-salt-handle=2192,i,15495027039908561937,2505952963138778894,4 --trace-process-track-uuid=3190708988185955192 --mojo-platform-channel-handle=2184 /prefetch:2"
"2026-07-29T15:22:25.6163266+08:00","47260","50784","electron.exe","True","0.078","42.3","2026/7/29 15:19:19","""D:\Clackly\resolve-command-center\node_modules\electron\dist\electron.exe"" --type=utility --utility-sub-type=network.mojom.NetworkService --lang=zh-CN --service-sandbox-type=none --user-data-dir=""C:\Users\Administrator\AppData\Roaming\clackly"" --field-trial-handle=2196,i,12658543882519034140,1049900951455408011,262144 --enable-features=PdfUseShowSaveFilePicker --disable-features=DropInputEventsWhilePaintHolding,LocalNetworkAccessChecks,NetworkServiceSandbox,ScreenAIOCREnabled,SpareRendererForSitePerProcess,TraceSiteInstanceGetProcessCreation --variations-seed-version --pseudonymization-salt-handle=2192,i,15495027039908561937,2505952963138778894,4 --trace-process-track-uuid=3190708989122997041 --mojo-platform-channel-handle=2364 /prefetch:11"
"2026-07-29T15:22:25.6163266+08:00","83820","50784","electron.exe","True","0.109","82.9","2026/7/29 15:19:19","""D:\Clackly\resolve-command-center\node_modules\electron\dist\electron.exe"" --type=renderer --user-data-dir=""C:\Users\Administrator\AppData\Roaming\clackly"" --app-path=""D:\Clackly\resolve-command-center"" --no-sandbox --no-zygote --video-capture-use-gpu-memory-buffer --lang=zh-CN --device-scale-factor=1 --num-raster-threads=4 --enable-main-frame-before-activation --renderer-client-id=4 --time-ticks-at-unix-epoch=-1783908236192501 --launch-time-ticks=1401323289119 --field-trial-handle=2196,i,12658543882519034140,1049900951455408011,262144 --enable-features=PdfUseShowSaveFilePicker --disable-features=DropInputEventsWhilePaintHolding,LocalNetworkAccessChecks,NetworkServiceSandbox,ScreenAIOCREnabled,SpareRendererForSitePerProcess,TraceSiteInstanceGetProcessCreation --variations-seed-version --pseudonymization-salt-handle=2192,i,15495027039908561937,2505952963138778894,4 --trace-process-track-uuid=3190708990060038890 --mojo-platform-channel-handle=3472 /prefetch:1"
"2026-07-29T15:22:25.6163266+08:00","14192","17532","Resolve.exe","True","47.75","2380.6","2026/7/29 15:20:28","""C:\Program Files\Blackmagic Design\DaVinci Resolve\Resolve.exe"" "
"2026-07-29T15:22:26.8496798+08:00","70468","57316","python.exe","True","0.031","5.7","2026/7/29 15:19:17","C:\Users\Administrator\AppData\Local\hermes\hermes-agent\venv\Scripts\python.exe D:\Clackly\resolve-command-center\bridge\server.py"
"2026-07-29T15:22:26.8496798+08:00","23760","70468","python.exe","True","0.141","22.9","2026/7/29 15:19:17","""C:\Users\Administrator\AppData\Roaming\uv\python\cpython-3.11-windows-x86_64-none\python.exe""  D:\Clackly\resolve-command-center\bridge\server.py"
"2026-07-29T15:22:26.8496798+08:00","3328","35252","node.exe","True","0.062","47.3","2026/7/29 15:19:19","""node""   ""D:\Clackly\resolve-command-center\node_modules\.bin\\..\electron\cli.js"" ."
"2026-07-29T15:22:26.8496798+08:00","50784","3328","electron.exe","True","1.672","99.9","2026/7/29 15:19:19","D:\Clackly\resolve-command-center\node_modules\electron\dist\electron.exe ."
"2026-07-29T15:22:26.8496798+08:00","66788","50784","electron.exe","True","0.375","90.5","2026/7/29 15:19:19","""D:\Clackly\resolve-command-center\node_modules\electron\dist\electron.exe"" --type=gpu-process --user-data-dir=""C:\Users\Administrator\AppData\Roaming\clackly"" --gpu-preferences=UAAAAAAAAADgAAAEAAAAAAAAAAAAAGAAOAAAAAAAAAABAAAAAAAAAAAAAAAAAAAAAgAAAAAAAAAAAAAAAAAAABgAAAAAAAAAGAAAAAAAAAAIAAAAAAAAAAgAAAAAAAAACAAAAAAAAAA= --field-trial-handle=2196,i,12658543882519034140,1049900951455408011,262144 --enable-features=PdfUseShowSaveFilePicker --disable-features=DropInputEventsWhilePaintHolding,LocalNetworkAccessChecks,NetworkServiceSandbox,ScreenAIOCREnabled,SpareRendererForSitePerProcess,TraceSiteInstanceGetProcessCreation --variations-seed-version --pseudonymization-salt-handle=2192,i,15495027039908561937,2505952963138778894,4 --trace-process-track-uuid=3190708988185955192 --mojo-platform-channel-handle=2184 /prefetch:2"
"2026-07-29T15:22:26.8496798+08:00","47260","50784","electron.exe","True","0.078","42.3","2026/7/29 15:19:19","""D:\Clackly\resolve-command-center\node_modules\electron\dist\electron.exe"" --type=utility --utility-sub-type=network.mojom.NetworkService --lang=zh-CN --service-sandbox-type=none --user-data-dir=""C:\Users\Administrator\AppData\Roaming\clackly"" --field-trial-handle=2196,i,12658543882519034140,1049900951455408011,262144 --enable-features=PdfUseShowSaveFilePicker --disable-features=DropInputEventsWhilePaintHolding,LocalNetworkAccessChecks,NetworkServiceSandbox,ScreenAIOCREnabled,SpareRendererForSitePerProcess,TraceSiteInstanceGetProcessCreation --variations-seed-version --pseudonymization-salt-handle=2192,i,15495027039908561937,2505952963138778894,4 --trace-process-track-uuid=3190708989122997041 --mojo-platform-channel-handle=2364 /prefetch:11"
"2026-07-29T15:22:26.8496798+08:00","83820","50784","electron.exe","True","0.109","82.9","2026/7/29 15:19:19","""D:\Clackly\resolve-command-center\node_modules\electron\dist\electron.exe"" --type=renderer --user-data-dir=""C:\Users\Administrator\AppData\Roaming\clackly"" --app-path=""D:\Clackly\resolve-command-center"" --no-sandbox --no-zygote --video-capture-use-gpu-memory-buffer --lang=zh-CN --device-scale-factor=1 --num-raster-threads=4 --enable-main-frame-before-activation --renderer-client-id=4 --time-ticks-at-unix-epoch=-1783908236192501 --launch-time-ticks=1401323289119 --field-trial-handle=2196,i,12658543882519034140,1049900951455408011,262144 --enable-features=PdfUseShowSaveFilePicker --disable-features=DropInputEventsWhilePaintHolding,LocalNetworkAccessChecks,NetworkServiceSandbox,ScreenAIOCREnabled,SpareRendererForSitePerProcess,TraceSiteInstanceGetProcessCreation --variations-seed-version --pseudonymization-salt-handle=2192,i,15495027039908561937,2505952963138778894,4 --trace-process-track-uuid=3190708990060038890 --mojo-platform-channel-handle=3472 /prefetch:1"
"2026-07-29T15:22:26.8496798+08:00","14192","17532","Resolve.exe","True","49.219","2379.5","2026/7/29 15:20:28","""C:\Program Files\Blackmagic Design\DaVinci Resolve\Resolve.exe"" "
"2026-07-29T15:22:28.1438872+08:00","70468","57316","python.exe","True","0.031","5.7","2026/7/29 15:19:17","C:\Users\Administrator\AppData\Local\hermes\hermes-agent\venv\Scripts\python.exe D:\Clackly\resolve-command-center\bridge\server.py"
"2026-07-29T15:22:28.1438872+08:00","23760","70468","python.exe","True","0.141","22.9","2026/7/29 15:19:17","""C:\Users\Administrator\AppData\Roaming\uv\python\cpython-3.11-windows-x86_64-none\python.exe""  D:\Clackly\resolve-command-center\bridge\server.py"
"2026-07-29T15:22:28.1438872+08:00","3328","35252","node.exe","True","0.062","47.3","2026/7/29 15:19:19","""node""   ""D:\Clackly\resolve-command-center\node_modules\.bin\\..\electron\cli.js"" ."
"2026-07-29T15:22:28.1438872+08:00","50784","3328","electron.exe","True","1.672","99.9","2026/7/29 15:19:19","D:\Clackly\resolve-command-center\node_modules\electron\dist\electron.exe ."
"2026-07-29T15:22:28.1438872+08:00","66788","50784","electron.exe","True","0.375","90.5","2026/7/29 15:19:19","""D:\Clackly\resolve-command-center\node_modules\electron\dist\electron.exe"" --type=gpu-process --user-data-dir=""C:\Users\Administrator\AppData\Roaming\clackly"" --gpu-preferences=UAAAAAAAAADgAAAEAAAAAAAAAAAAAGAAOAAAAAAAAAABAAAAAAAAAAAAAAAAAAAAAgAAAAAAAAAAAAAAAAAAABgAAAAAAAAAGAAAAAAAAAAIAAAAAAAAAAgAAAAAAAAACAAAAAAAAAA= --field-trial-handle=2196,i,12658543882519034140,1049900951455408011,262144 --enable-features=PdfUseShowSaveFilePicker --disable-features=DropInputEventsWhilePaintHolding,LocalNetworkAccessChecks,NetworkServiceSandbox,ScreenAIOCREnabled,SpareRendererForSitePerProcess,TraceSiteInstanceGetProcessCreation --variations-seed-version --pseudonymization-salt-handle=2192,i,15495027039908561937,2505952963138778894,4 --trace-process-track-uuid=3190708988185955192 --mojo-platform-channel-handle=2184 /prefetch:2"
"2026-07-29T15:22:28.1438872+08:00","47260","50784","electron.exe","True","0.078","42.3","2026/7/29 15:19:19","""D:\Clackly\resolve-command-center\node_modules\electron\dist\electron.exe"" --type=utility --utility-sub-type=network.mojom.NetworkService --lang=zh-CN --service-sandbox-type=none --user-data-dir=""C:\Users\Administrator\AppData\Roaming\clackly"" --field-trial-handle=2196,i,12658543882519034140,1049900951455408011,262144 --enable-features=PdfUseShowSaveFilePicker --disable-features=DropInputEventsWhilePaintHolding,LocalNetworkAccessChecks,NetworkServiceSandbox,ScreenAIOCREnabled,SpareRendererForSitePerProcess,TraceSiteInstanceGetProcessCreation --variations-seed-version --pseudonymization-salt-handle=2192,i,15495027039908561937,2505952963138778894,4 --trace-process-track-uuid=3190708989122997041 --mojo-platform-channel-handle=2364 /prefetch:11"
"2026-07-29T15:22:28.1438872+08:00","83820","50784","electron.exe","True","0.109","82.9","2026/7/29 15:19:19","""D:\Clackly\resolve-command-center\node_modules\electron\dist\electron.exe"" --type=renderer --user-data-dir=""C:\Users\Administrator\AppData\Roaming\clackly"" --app-path=""D:\Clackly\resolve-command-center"" --no-sandbox --no-zygote --video-capture-use-gpu-memory-buffer --lang=zh-CN --device-scale-factor=1 --num-raster-threads=4 --enable-main-frame-before-activation --renderer-client-id=4 --time-ticks-at-unix-epoch=-1783908236192501 --launch-time-ticks=1401323289119 --field-trial-handle=2196,i,12658543882519034140,1049900951455408011,262144 --enable-features=PdfUseShowSaveFilePicker --disable-features=DropInputEventsWhilePaintHolding,LocalNetworkAccessChecks,NetworkServiceSandbox,ScreenAIOCREnabled,SpareRendererForSitePerProcess,TraceSiteInstanceGetProcessCreation --variations-seed-version --pseudonymization-salt-handle=2192,i,15495027039908561937,2505952963138778894,4 --trace-process-track-uuid=3190708990060038890 --mojo-platform-channel-handle=3472 /prefetch:1"
"2026-07-29T15:22:28.1438872+08:00","14192","17532","Resolve.exe","True","50.344","2379.7","2026/7/29 15:20:28","""C:\Program Files\Blackmagic Design\DaVinci Resolve\Resolve.exe"" "
"2026-07-29T15:22:29.5341370+08:00","70468","57316","python.exe","True","0.031","5.7","2026/7/29 15:19:17","C:\Users\Administrator\AppData\Local\hermes\hermes-agent\venv\Scripts\python.exe D:\Clackly\resolve-command-center\bridge\server.py"
"2026-07-29T15:22:29.5341370+08:00","23760","70468","python.exe","True","0.141","22.9","2026/7/29 15:19:17","""C:\Users\Administrator\AppData\Roaming\uv\python\cpython-3.11-windows-x86_64-none\python.exe""  D:\Clackly\resolve-command-center\bridge\server.py"
"2026-07-29T15:22:29.5341370+08:00","3328","35252","node.exe","True","0.062","47.3","2026/7/29 15:19:19","""node""   ""D:\Clackly\resolve-command-center\node_modules\.bin\\..\electron\cli.js"" ."
"2026-07-29T15:22:29.5341370+08:00","50784","3328","electron.exe","True","1.672","99.9","2026/7/29 15:19:19","D:\Clackly\resolve-command-center\node_modules\electron\dist\electron.exe ."
"2026-07-29T15:22:29.5341370+08:00","66788","50784","electron.exe","True","0.375","90.5","2026/7/29 15:19:19","""D:\Clackly\resolve-command-center\node_modules\electron\dist\electron.exe"" --type=gpu-process --user-data-dir=""C:\Users\Administrator\AppData\Roaming\clackly"" --gpu-preferences=UAAAAAAAAADgAAAEAAAAAAAAAAAAAGAAOAAAAAAAAAABAAAAAAAAAAAAAAAAAAAAAgAAAAAAAAAAAAAAAAAAABgAAAAAAAAAGAAAAAAAAAAIAAAAAAAAAAgAAAAAAAAACAAAAAAAAAA= --field-trial-handle=2196,i,12658543882519034140,1049900951455408011,262144 --enable-features=PdfUseShowSaveFilePicker --disable-features=DropInputEventsWhilePaintHolding,LocalNetworkAccessChecks,NetworkServiceSandbox,ScreenAIOCREnabled,SpareRendererForSitePerProcess,TraceSiteInstanceGetProcessCreation --variations-seed-version --pseudonymization-salt-handle=2192,i,15495027039908561937,2505952963138778894,4 --trace-process-track-uuid=3190708988185955192 --mojo-platform-channel-handle=2184 /prefetch:2"
"2026-07-29T15:22:29.5341370+08:00","47260","50784","electron.exe","True","0.078","42.3","2026/7/29 15:19:19","""D:\Clackly\resolve-command-center\node_modules\electron\dist\electron.exe"" --type=utility --utility-sub-type=network.mojom.NetworkService --lang=zh-CN --service-sandbox-type=none --user-data-dir=""C:\Users\Administrator\AppData\Roaming\clackly"" --field-trial-handle=2196,i,12658543882519034140,1049900951455408011,262144 --enable-features=PdfUseShowSaveFilePicker --disable-features=DropInputEventsWhilePaintHolding,LocalNetworkAccessChecks,NetworkServiceSandbox,ScreenAIOCREnabled,SpareRendererForSitePerProcess,TraceSiteInstanceGetProcessCreation --variations-seed-version --pseudonymization-salt-handle=2192,i,15495027039908561937,2505952963138778894,4 --trace-process-track-uuid=3190708989122997041 --mojo-platform-channel-handle=2364 /prefetch:11"
"2026-07-29T15:22:29.5341370+08:00","83820","50784","electron.exe","True","0.109","82.9","2026/7/29 15:19:19","""D:\Clackly\resolve-command-center\node_modules\electron\dist\electron.exe"" --type=renderer --user-data-dir=""C:\Users\Administrator\AppData\Roaming\clackly"" --app-path=""D:\Clackly\resolve-command-center"" --no-sandbox --no-zygote --video-capture-use-gpu-memory-buffer --lang=zh-CN --device-scale-factor=1 --num-raster-threads=4 --enable-main-frame-before-activation --renderer-client-id=4 --time-ticks-at-unix-epoch=-1783908236192501 --launch-time-ticks=1401323289119 --field-trial-handle=2196,i,12658543882519034140,1049900951455408011,262144 --enable-features=PdfUseShowSaveFilePicker --disable-features=DropInputEventsWhilePaintHolding,LocalNetworkAccessChecks,NetworkServiceSandbox,ScreenAIOCREnabled,SpareRendererForSitePerProcess,TraceSiteInstanceGetProcessCreation --variations-seed-version --pseudonymization-salt-handle=2192,i,15495027039908561937,2505952963138778894,4 --trace-process-track-uuid=3190708990060038890 --mojo-platform-channel-handle=3472 /prefetch:1"
"2026-07-29T15:22:29.5341370+08:00","14192","17532","Resolve.exe","True","52.078","2382.4","2026/7/29 15:20:28","""C:\Program Files\Blackmagic Design\DaVinci Resolve\Resolve.exe"" "
"2026-07-29T15:22:30.7576887+08:00","70468","57316","python.exe","True","0.031","5.7","2026/7/29 15:19:17","C:\Users\Administrator\AppData\Local\hermes\hermes-agent\venv\Scripts\python.exe D:\Clackly\resolve-command-center\bridge\server.py"
"2026-07-29T15:22:30.7576887+08:00","23760","70468","python.exe","True","0.141","22.9","2026/7/29 15:19:17","""C:\Users\Administrator\AppData\Roaming\uv\python\cpython-3.11-windows-x86_64-none\python.exe""  D:\Clackly\resolve-command-center\bridge\server.py"
"2026-07-29T15:22:30.7576887+08:00","3328","35252","node.exe","True","0.062","47.3","2026/7/29 15:19:19","""node""   ""D:\Clackly\resolve-command-center\node_modules\.bin\\..\electron\cli.js"" ."
"2026-07-29T15:22:30.7576887+08:00","50784","3328","electron.exe","True","1.672","99.9","2026/7/29 15:19:19","D:\Clackly\resolve-command-center\node_modules\electron\dist\electron.exe ."
"2026-07-29T15:22:30.7576887+08:00","66788","50784","electron.exe","True","0.375","90.5","2026/7/29 15:19:19","""D:\Clackly\resolve-command-center\node_modules\electron\dist\electron.exe"" --type=gpu-process --user-data-dir=""C:\Users\Administrator\AppData\Roaming\clackly"" --gpu-preferences=UAAAAAAAAADgAAAEAAAAAAAAAAAAAGAAOAAAAAAAAAABAAAAAAAAAAAAAAAAAAAAAgAAAAAAAAAAAAAAAAAAABgAAAAAAAAAGAAAAAAAAAAIAAAAAAAAAAgAAAAAAAAACAAAAAAAAAA= --field-trial-handle=2196,i,12658543882519034140,1049900951455408011,262144 --enable-features=PdfUseShowSaveFilePicker --disable-features=DropInputEventsWhilePaintHolding,LocalNetworkAccessChecks,NetworkServiceSandbox,ScreenAIOCREnabled,SpareRendererForSitePerProcess,TraceSiteInstanceGetProcessCreation --variations-seed-version --pseudonymization-salt-handle=2192,i,15495027039908561937,2505952963138778894,4 --trace-process-track-uuid=3190708988185955192 --mojo-platform-channel-handle=2184 /prefetch:2"
"2026-07-29T15:22:30.7576887+08:00","47260","50784","electron.exe","True","0.078","42.3","2026/7/29 15:19:19","""D:\Clackly\resolve-command-center\node_modules\electron\dist\electron.exe"" --type=utility --utility-sub-type=network.mojom.NetworkService --lang=zh-CN --service-sandbox-type=none --user-data-dir=""C:\Users\Administrator\AppData\Roaming\clackly"" --field-trial-handle=2196,i,12658543882519034140,1049900951455408011,262144 --enable-features=PdfUseShowSaveFilePicker --disable-features=DropInputEventsWhilePaintHolding,LocalNetworkAccessChecks,NetworkServiceSandbox,ScreenAIOCREnabled,SpareRendererForSitePerProcess,TraceSiteInstanceGetProcessCreation --variations-seed-version --pseudonymization-salt-handle=2192,i,15495027039908561937,2505952963138778894,4 --trace-process-track-uuid=3190708989122997041 --mojo-platform-channel-handle=2364 /prefetch:11"
"2026-07-29T15:22:30.7576887+08:00","83820","50784","electron.exe","True","0.109","82.9","2026/7/29 15:19:19","""D:\Clackly\resolve-command-center\node_modules\electron\dist\electron.exe"" --type=renderer --user-data-dir=""C:\Users\Administrator\AppData\Roaming\clackly"" --app-path=""D:\Clackly\resolve-command-center"" --no-sandbox --no-zygote --video-capture-use-gpu-memory-buffer --lang=zh-CN --device-scale-factor=1 --num-raster-threads=4 --enable-main-frame-before-activation --renderer-client-id=4 --time-ticks-at-unix-epoch=-1783908236192501 --launch-time-ticks=1401323289119 --field-trial-handle=2196,i,12658543882519034140,1049900951455408011,262144 --enable-features=PdfUseShowSaveFilePicker --disable-features=DropInputEventsWhilePaintHolding,LocalNetworkAccessChecks,NetworkServiceSandbox,ScreenAIOCREnabled,SpareRendererForSitePerProcess,TraceSiteInstanceGetProcessCreation --variations-seed-version --pseudonymization-salt-handle=2192,i,15495027039908561937,2505952963138778894,4 --trace-process-track-uuid=3190708990060038890 --mojo-platform-channel-handle=3472 /prefetch:1"
"2026-07-29T15:22:30.7576887+08:00","14192","17532","Resolve.exe","True","53.125","2382.6","2026/7/29 15:20:28","""C:\Program Files\Blackmagic Design\DaVinci Resolve\Resolve.exe"" "
"2026-07-29T15:22:32.1164913+08:00","70468","57316","python.exe","True","0.031","5.7","2026/7/29 15:19:17","C:\Users\Administrator\AppData\Local\hermes\hermes-agent\venv\Scripts\python.exe D:\Clackly\resolve-command-center\bridge\server.py"
"2026-07-29T15:22:32.1164913+08:00","23760","70468","python.exe","True","0.141","22.9","2026/7/29 15:19:17","""C:\Users\Administrator\AppData\Roaming\uv\python\cpython-3.11-windows-x86_64-none\python.exe""  D:\Clackly\resolve-command-center\bridge\server.py"
"2026-07-29T15:22:32.1164913+08:00","3328","35252","node.exe","True","0.062","47.3","2026/7/29 15:19:19","""node""   ""D:\Clackly\resolve-command-center\node_modules\.bin\\..\electron\cli.js"" ."
"2026-07-29T15:22:32.1164913+08:00","50784","3328","electron.exe","True","1.672","99.9","2026/7/29 15:19:19","D:\Clackly\resolve-command-center\node_modules\electron\dist\electron.exe ."
"2026-07-29T15:22:32.1164913+08:00","66788","50784","electron.exe","True","0.375","90.5","2026/7/29 15:19:19","""D:\Clackly\resolve-command-center\node_modules\electron\dist\electron.exe"" --type=gpu-process --user-data-dir=""C:\Users\Administrator\AppData\Roaming\clackly"" --gpu-preferences=UAAAAAAAAADgAAAEAAAAAAAAAAAAAGAAOAAAAAAAAAABAAAAAAAAAAAAAAAAAAAAAgAAAAAAAAAAAAAAAAAAABgAAAAAAAAAGAAAAAAAAAAIAAAAAAAAAAgAAAAAAAAACAAAAAAAAAA= --field-trial-handle=2196,i,12658543882519034140,1049900951455408011,262144 --enable-features=PdfUseShowSaveFilePicker --disable-features=DropInputEventsWhilePaintHolding,LocalNetworkAccessChecks,NetworkServiceSandbox,ScreenAIOCREnabled,SpareRendererForSitePerProcess,TraceSiteInstanceGetProcessCreation --variations-seed-version --pseudonymization-salt-handle=2192,i,15495027039908561937,2505952963138778894,4 --trace-process-track-uuid=3190708988185955192 --mojo-platform-channel-handle=2184 /prefetch:2"
"2026-07-29T15:22:32.1164913+08:00","47260","50784","electron.exe","True","0.078","42.3","2026/7/29 15:19:19","""D:\Clackly\resolve-command-center\node_modules\electron\dist\electron.exe"" --type=utility --utility-sub-type=network.mojom.NetworkService --lang=zh-CN --service-sandbox-type=none --user-data-dir=""C:\Users\Administrator\AppData\Roaming\clackly"" --field-trial-handle=2196,i,12658543882519034140,1049900951455408011,262144 --enable-features=PdfUseShowSaveFilePicker --disable-features=DropInputEventsWhilePaintHolding,LocalNetworkAccessChecks,NetworkServiceSandbox,ScreenAIOCREnabled,SpareRendererForSitePerProcess,TraceSiteInstanceGetProcessCreation --variations-seed-version --pseudonymization-salt-handle=2192,i,15495027039908561937,2505952963138778894,4 --trace-process-track-uuid=3190708989122997041 --mojo-platform-channel-handle=2364 /prefetch:11"
"2026-07-29T15:22:32.1164913+08:00","83820","50784","electron.exe","True","0.109","82.9","2026/7/29 15:19:19","""D:\Clackly\resolve-command-center\node_modules\electron\dist\electron.exe"" --type=renderer --user-data-dir=""C:\Users\Administrator\AppData\Roaming\clackly"" --app-path=""D:\Clackly\resolve-command-center"" --no-sandbox --no-zygote --video-capture-use-gpu-memory-buffer --lang=zh-CN --device-scale-factor=1 --num-raster-threads=4 --enable-main-frame-before-activation --renderer-client-id=4 --time-ticks-at-unix-epoch=-1783908236192501 --launch-time-ticks=1401323289119 --field-trial-handle=2196,i,12658543882519034140,1049900951455408011,262144 --enable-features=PdfUseShowSaveFilePicker --disable-features=DropInputEventsWhilePaintHolding,LocalNetworkAccessChecks,NetworkServiceSandbox,ScreenAIOCREnabled,SpareRendererForSitePerProcess,TraceSiteInstanceGetProcessCreation --variations-seed-version --pseudonymization-salt-handle=2192,i,15495027039908561937,2505952963138778894,4 --trace-process-track-uuid=3190708990060038890 --mojo-platform-channel-handle=3472 /prefetch:1"
"2026-07-29T15:22:32.1164913+08:00","14192","17532","Resolve.exe","True","54.578","2382.7","2026/7/29 15:20:28","""C:\Program Files\Blackmagic Design\DaVinci Resolve\Resolve.exe"" "
"2026-07-29T15:22:33.4565427+08:00","70468","57316","python.exe","True","0.031","5.7","2026/7/29 15:19:17","C:\Users\Administrator\AppData\Local\hermes\hermes-agent\venv\Scripts\python.exe D:\Clackly\resolve-command-center\bridge\server.py"
"2026-07-29T15:22:33.4565427+08:00","23760","70468","python.exe","True","0.141","22.9","2026/7/29 15:19:17","""C:\Users\Administrator\AppData\Roaming\uv\python\cpython-3.11-windows-x86_64-none\python.exe""  D:\Clackly\resolve-command-center\bridge\server.py"
"2026-07-29T15:22:33.4565427+08:00","3328","35252","node.exe","True","0.062","47.3","2026/7/29 15:19:19","""node""   ""D:\Clackly\resolve-command-center\node_modules\.bin\\..\electron\cli.js"" ."
"2026-07-29T15:22:33.4565427+08:00","50784","3328","electron.exe","True","1.672","99.9","2026/7/29 15:19:19","D:\Clackly\resolve-command-center\node_modules\electron\dist\electron.exe ."
"2026-07-29T15:22:33.4565427+08:00","66788","50784","electron.exe","True","0.375","90.5","2026/7/29 15:19:19","""D:\Clackly\resolve-command-center\node_modules\electron\dist\electron.exe"" --type=gpu-process --user-data-dir=""C:\Users\Administrator\AppData\Roaming\clackly"" --gpu-preferences=UAAAAAAAAADgAAAEAAAAAAAAAAAAAGAAOAAAAAAAAAABAAAAAAAAAAAAAAAAAAAAAgAAAAAAAAAAAAAAAAAAABgAAAAAAAAAGAAAAAAAAAAIAAAAAAAAAAgAAAAAAAAACAAAAAAAAAA= --field-trial-handle=2196,i,12658543882519034140,1049900951455408011,262144 --enable-features=PdfUseShowSaveFilePicker --disable-features=DropInputEventsWhilePaintHolding,LocalNetworkAccessChecks,NetworkServiceSandbox,ScreenAIOCREnabled,SpareRendererForSitePerProcess,TraceSiteInstanceGetProcessCreation --variations-seed-version --pseudonymization-salt-handle=2192,i,15495027039908561937,2505952963138778894,4 --trace-process-track-uuid=3190708988185955192 --mojo-platform-channel-handle=2184 /prefetch:2"
"2026-07-29T15:22:33.4565427+08:00","47260","50784","electron.exe","True","0.078","42.3","2026/7/29 15:19:19","""D:\Clackly\resolve-command-center\node_modules\electron\dist\electron.exe"" --type=utility --utility-sub-type=network.mojom.NetworkService --lang=zh-CN --service-sandbox-type=none --user-data-dir=""C:\Users\Administrator\AppData\Roaming\clackly"" --field-trial-handle=2196,i,12658543882519034140,1049900951455408011,262144 --enable-features=PdfUseShowSaveFilePicker --disable-features=DropInputEventsWhilePaintHolding,LocalNetworkAccessChecks,NetworkServiceSandbox,ScreenAIOCREnabled,SpareRendererForSitePerProcess,TraceSiteInstanceGetProcessCreation --variations-seed-version --pseudonymization-salt-handle=2192,i,15495027039908561937,2505952963138778894,4 --trace-process-track-uuid=3190708989122997041 --mojo-platform-channel-handle=2364 /prefetch:11"
"2026-07-29T15:22:33.4565427+08:00","83820","50784","electron.exe","True","0.109","82.9","2026/7/29 15:19:19","""D:\Clackly\resolve-command-center\node_modules\electron\dist\electron.exe"" --type=renderer --user-data-dir=""C:\Users\Administrator\AppData\Roaming\clackly"" --app-path=""D:\Clackly\resolve-command-center"" --no-sandbox --no-zygote --video-capture-use-gpu-memory-buffer --lang=zh-CN --device-scale-factor=1 --num-raster-threads=4 --enable-main-frame-before-activation --renderer-client-id=4 --time-ticks-at-unix-epoch=-1783908236192501 --launch-time-ticks=1401323289119 --field-trial-handle=2196,i,12658543882519034140,1049900951455408011,262144 --enable-features=PdfUseShowSaveFilePicker --disable-features=DropInputEventsWhilePaintHolding,LocalNetworkAccessChecks,NetworkServiceSandbox,ScreenAIOCREnabled,SpareRendererForSitePerProcess,TraceSiteInstanceGetProcessCreation --variations-seed-version --pseudonymization-salt-handle=2192,i,15495027039908561937,2505952963138778894,4 --trace-process-track-uuid=3190708990060038890 --mojo-platform-channel-handle=3472 /prefetch:1"
"2026-07-29T15:22:33.4565427+08:00","14192","17532","Resolve.exe","True","56.125","2383.6","2026/7/29 15:20:28","""C:\Program Files\Blackmagic Design\DaVinci Resolve\Resolve.exe"" "
"2026-07-29T15:22:34.7372509+08:00","70468","57316","python.exe","True","0.031","5.7","2026/7/29 15:19:17","C:\Users\Administrator\AppData\Local\hermes\hermes-agent\venv\Scripts\python.exe D:\Clackly\resolve-command-center\bridge\server.py"
"2026-07-29T15:22:34.7372509+08:00","23760","70468","python.exe","True","0.141","22.9","2026/7/29 15:19:17","""C:\Users\Administrator\AppData\Roaming\uv\python\cpython-3.11-windows-x86_64-none\python.exe""  D:\Clackly\resolve-command-center\bridge\server.py"
"2026-07-29T15:22:34.7372509+08:00","3328","35252","node.exe","True","0.062","47.3","2026/7/29 15:19:19","""node""   ""D:\Clackly\resolve-command-center\node_modules\.bin\\..\electron\cli.js"" ."
"2026-07-29T15:22:34.7372509+08:00","50784","3328","electron.exe","True","1.672","99.9","2026/7/29 15:19:19","D:\Clackly\resolve-command-center\node_modules\electron\dist\electron.exe ."
"2026-07-29T15:22:34.7372509+08:00","66788","50784","electron.exe","True","0.375","90.5","2026/7/29 15:19:19","""D:\Clackly\resolve-command-center\node_modules\electron\dist\electron.exe"" --type=gpu-process --user-data-dir=""C:\Users\Administrator\AppData\Roaming\clackly"" --gpu-preferences=UAAAAAAAAADgAAAEAAAAAAAAAAAAAGAAOAAAAAAAAAABAAAAAAAAAAAAAAAAAAAAAgAAAAAAAAAAAAAAAAAAABgAAAAAAAAAGAAAAAAAAAAIAAAAAAAAAAgAAAAAAAAACAAAAAAAAAA= --field-trial-handle=2196,i,12658543882519034140,1049900951455408011,262144 --enable-features=PdfUseShowSaveFilePicker --disable-features=DropInputEventsWhilePaintHolding,LocalNetworkAccessChecks,NetworkServiceSandbox,ScreenAIOCREnabled,SpareRendererForSitePerProcess,TraceSiteInstanceGetProcessCreation --variations-seed-version --pseudonymization-salt-handle=2192,i,15495027039908561937,2505952963138778894,4 --trace-process-track-uuid=3190708988185955192 --mojo-platform-channel-handle=2184 /prefetch:2"
"2026-07-29T15:22:34.7372509+08:00","47260","50784","electron.exe","True","0.078","42.3","2026/7/29 15:19:19","""D:\Clackly\resolve-command-center\node_modules\electron\dist\electron.exe"" --type=utility --utility-sub-type=network.mojom.NetworkService --lang=zh-CN --service-sandbox-type=none --user-data-dir=""C:\Users\Administrator\AppData\Roaming\clackly"" --field-trial-handle=2196,i,12658543882519034140,1049900951455408011,262144 --enable-features=PdfUseShowSaveFilePicker --disable-features=DropInputEventsWhilePaintHolding,LocalNetworkAccessChecks,NetworkServiceSandbox,ScreenAIOCREnabled,SpareRendererForSitePerProcess,TraceSiteInstanceGetProcessCreation --variations-seed-version --pseudonymization-salt-handle=2192,i,15495027039908561937,2505952963138778894,4 --trace-process-track-uuid=3190708989122997041 --mojo-platform-channel-handle=2364 /prefetch:11"
"2026-07-29T15:22:34.7372509+08:00","83820","50784","electron.exe","True","0.109","82.9","2026/7/29 15:19:19","""D:\Clackly\resolve-command-center\node_modules\electron\dist\electron.exe"" --type=renderer --user-data-dir=""C:\Users\Administrator\AppData\Roaming\clackly"" --app-path=""D:\Clackly\resolve-command-center"" --no-sandbox --no-zygote --video-capture-use-gpu-memory-buffer --lang=zh-CN --device-scale-factor=1 --num-raster-threads=4 --enable-main-frame-before-activation --renderer-client-id=4 --time-ticks-at-unix-epoch=-1783908236192501 --launch-time-ticks=1401323289119 --field-trial-handle=2196,i,12658543882519034140,1049900951455408011,262144 --enable-features=PdfUseShowSaveFilePicker --disable-features=DropInputEventsWhilePaintHolding,LocalNetworkAccessChecks,NetworkServiceSandbox,ScreenAIOCREnabled,SpareRendererForSitePerProcess,TraceSiteInstanceGetProcessCreation --variations-seed-version --pseudonymization-salt-handle=2192,i,15495027039908561937,2505952963138778894,4 --trace-process-track-uuid=3190708990060038890 --mojo-platform-channel-handle=3472 /prefetch:1"
"2026-07-29T15:22:34.7372509+08:00","14192","17532","Resolve.exe","True","57.516","2384","2026/7/29 15:20:28","""C:\Program Files\Blackmagic Design\DaVinci Resolve\Resolve.exe"" "
"2026-07-29T15:22:36.0830139+08:00","70468","57316","python.exe","True","0.031","5.7","2026/7/29 15:19:17","C:\Users\Administrator\AppData\Local\hermes\hermes-agent\venv\Scripts\python.exe D:\Clackly\resolve-command-center\bridge\server.py"
"2026-07-29T15:22:36.0830139+08:00","23760","70468","python.exe","True","0.141","22.9","2026/7/29 15:19:17","""C:\Users\Administrator\AppData\Roaming\uv\python\cpython-3.11-windows-x86_64-none\python.exe""  D:\Clackly\resolve-command-center\bridge\server.py"
"2026-07-29T15:22:36.0830139+08:00","3328","35252","node.exe","True","0.062","47.3","2026/7/29 15:19:19","""node""   ""D:\Clackly\resolve-command-center\node_modules\.bin\\..\electron\cli.js"" ."
"2026-07-29T15:22:36.0830139+08:00","50784","3328","electron.exe","True","1.672","99.9","2026/7/29 15:19:19","D:\Clackly\resolve-command-center\node_modules\electron\dist\electron.exe ."
"2026-07-29T15:22:36.0830139+08:00","66788","50784","electron.exe","True","0.375","90.5","2026/7/29 15:19:19","""D:\Clackly\resolve-command-center\node_modules\electron\dist\electron.exe"" --type=gpu-process --user-data-dir=""C:\Users\Administrator\AppData\Roaming\clackly"" --gpu-preferences=UAAAAAAAAADgAAAEAAAAAAAAAAAAAGAAOAAAAAAAAAABAAAAAAAAAAAAAAAAAAAAAgAAAAAAAAAAAAAAAAAAABgAAAAAAAAAGAAAAAAAAAAIAAAAAAAAAAgAAAAAAAAACAAAAAAAAAA= --field-trial-handle=2196,i,12658543882519034140,1049900951455408011,262144 --enable-features=PdfUseShowSaveFilePicker --disable-features=DropInputEventsWhilePaintHolding,LocalNetworkAccessChecks,NetworkServiceSandbox,ScreenAIOCREnabled,SpareRendererForSitePerProcess,TraceSiteInstanceGetProcessCreation --variations-seed-version --pseudonymization-salt-handle=2192,i,15495027039908561937,2505952963138778894,4 --trace-process-track-uuid=3190708988185955192 --mojo-platform-channel-handle=2184 /prefetch:2"
"2026-07-29T15:22:36.0830139+08:00","47260","50784","electron.exe","True","0.078","42.3","2026/7/29 15:19:19","""D:\Clackly\resolve-command-center\node_modules\electron\dist\electron.exe"" --type=utility --utility-sub-type=network.mojom.NetworkService --lang=zh-CN --service-sandbox-type=none --user-data-dir=""C:\Users\Administrator\AppData\Roaming\clackly"" --field-trial-handle=2196,i,12658543882519034140,1049900951455408011,262144 --enable-features=PdfUseShowSaveFilePicker --disable-features=DropInputEventsWhilePaintHolding,LocalNetworkAccessChecks,NetworkServiceSandbox,ScreenAIOCREnabled,SpareRendererForSitePerProcess,TraceSiteInstanceGetProcessCreation --variations-seed-version --pseudonymization-salt-handle=2192,i,15495027039908561937,2505952963138778894,4 --trace-process-track-uuid=3190708989122997041 --mojo-platform-channel-handle=2364 /prefetch:11"
"2026-07-29T15:22:36.0830139+08:00","83820","50784","electron.exe","True","0.109","82.9","2026/7/29 15:19:19","""D:\Clackly\resolve-command-center\node_modules\electron\dist\electron.exe"" --type=renderer --user-data-dir=""C:\Users\Administrator\AppData\Roaming\clackly"" --app-path=""D:\Clackly\resolve-command-center"" --no-sandbox --no-zygote --video-capture-use-gpu-memory-buffer --lang=zh-CN --device-scale-factor=1 --num-raster-threads=4 --enable-main-frame-before-activation --renderer-client-id=4 --time-ticks-at-unix-epoch=-1783908236192501 --launch-time-ticks=1401323289119 --field-trial-handle=2196,i,12658543882519034140,1049900951455408011,262144 --enable-features=PdfUseShowSaveFilePicker --disable-features=DropInputEventsWhilePaintHolding,LocalNetworkAccessChecks,NetworkServiceSandbox,ScreenAIOCREnabled,SpareRendererForSitePerProcess,TraceSiteInstanceGetProcessCreation --variations-seed-version --pseudonymization-salt-handle=2192,i,15495027039908561937,2505952963138778894,4 --trace-process-track-uuid=3190708990060038890 --mojo-platform-channel-handle=3472 /prefetch:1"
"2026-07-29T15:22:36.0830139+08:00","14192","17532","Resolve.exe","True","58.984","2384.4","2026/7/29 15:20:28","""C:\Program Files\Blackmagic Design\DaVinci Resolve\Resolve.exe"" "
"2026-07-29T15:22:37.3319875+08:00","70468","57316","python.exe","True","0.031","5.7","2026/7/29 15:19:17","C:\Users\Administrator\AppData\Local\hermes\hermes-agent\venv\Scripts\python.exe D:\Clackly\resolve-command-center\bridge\server.py"
"2026-07-29T15:22:37.3319875+08:00","23760","70468","python.exe","True","0.141","22.9","2026/7/29 15:19:17","""C:\Users\Administrator\AppData\Roaming\uv\python\cpython-3.11-windows-x86_64-none\python.exe""  D:\Clackly\resolve-command-center\bridge\server.py"
"2026-07-29T15:22:37.3319875+08:00","3328","35252","node.exe","True","0.062","47.3","2026/7/29 15:19:19","""node""   ""D:\Clackly\resolve-command-center\node_modules\.bin\\..\electron\cli.js"" ."
"2026-07-29T15:22:37.3319875+08:00","50784","3328","electron.exe","True","1.672","99.9","2026/7/29 15:19:19","D:\Clackly\resolve-command-center\node_modules\electron\dist\electron.exe ."
"2026-07-29T15:22:37.3319875+08:00","66788","50784","electron.exe","True","0.375","90.5","2026/7/29 15:19:19","""D:\Clackly\resolve-command-center\node_modules\electron\dist\electron.exe"" --type=gpu-process --user-data-dir=""C:\Users\Administrator\AppData\Roaming\clackly"" --gpu-preferences=UAAAAAAAAADgAAAEAAAAAAAAAAAAAGAAOAAAAAAAAAABAAAAAAAAAAAAAAAAAAAAAgAAAAAAAAAAAAAAAAAAABgAAAAAAAAAGAAAAAAAAAAIAAAAAAAAAAgAAAAAAAAACAAAAAAAAAA= --field-trial-handle=2196,i,12658543882519034140,1049900951455408011,262144 --enable-features=PdfUseShowSaveFilePicker --disable-features=DropInputEventsWhilePaintHolding,LocalNetworkAccessChecks,NetworkServiceSandbox,ScreenAIOCREnabled,SpareRendererForSitePerProcess,TraceSiteInstanceGetProcessCreation --variations-seed-version --pseudonymization-salt-handle=2192,i,15495027039908561937,2505952963138778894,4 --trace-process-track-uuid=3190708988185955192 --mojo-platform-channel-handle=2184 /prefetch:2"
"2026-07-29T15:22:37.3319875+08:00","47260","50784","electron.exe","True","0.078","42.3","2026/7/29 15:19:19","""D:\Clackly\resolve-command-center\node_modules\electron\dist\electron.exe"" --type=utility --utility-sub-type=network.mojom.NetworkService --lang=zh-CN --service-sandbox-type=none --user-data-dir=""C:\Users\Administrator\AppData\Roaming\clackly"" --field-trial-handle=2196,i,12658543882519034140,1049900951455408011,262144 --enable-features=PdfUseShowSaveFilePicker --disable-features=DropInputEventsWhilePaintHolding,LocalNetworkAccessChecks,NetworkServiceSandbox,ScreenAIOCREnabled,SpareRendererForSitePerProcess,TraceSiteInstanceGetProcessCreation --variations-seed-version --pseudonymization-salt-handle=2192,i,15495027039908561937,2505952963138778894,4 --trace-process-track-uuid=3190708989122997041 --mojo-platform-channel-handle=2364 /prefetch:11"
"2026-07-29T15:22:37.3319875+08:00","83820","50784","electron.exe","True","0.109","82.9","2026/7/29 15:19:19","""D:\Clackly\resolve-command-center\node_modules\electron\dist\electron.exe"" --type=renderer --user-data-dir=""C:\Users\Administrator\AppData\Roaming\clackly"" --app-path=""D:\Clackly\resolve-command-center"" --no-sandbox --no-zygote --video-capture-use-gpu-memory-buffer --lang=zh-CN --device-scale-factor=1 --num-raster-threads=4 --enable-main-frame-before-activation --renderer-client-id=4 --time-ticks-at-unix-epoch=-1783908236192501 --launch-time-ticks=1401323289119 --field-trial-handle=2196,i,12658543882519034140,1049900951455408011,262144 --enable-features=PdfUseShowSaveFilePicker --disable-features=DropInputEventsWhilePaintHolding,LocalNetworkAccessChecks,NetworkServiceSandbox,ScreenAIOCREnabled,SpareRendererForSitePerProcess,TraceSiteInstanceGetProcessCreation --variations-seed-version --pseudonymization-salt-handle=2192,i,15495027039908561937,2505952963138778894,4 --trace-process-track-uuid=3190708990060038890 --mojo-platform-channel-handle=3472 /prefetch:1"
"2026-07-29T15:22:37.3319875+08:00","14192","17532","Resolve.exe","True","60.453","2383.2","2026/7/29 15:20:28","""C:\Program Files\Blackmagic Design\DaVinci Resolve\Resolve.exe"" "
"2026-07-29T15:22:38.6280288+08:00","70468","57316","python.exe","True","0.031","5.7","2026/7/29 15:19:17","C:\Users\Administrator\AppData\Local\hermes\hermes-agent\venv\Scripts\python.exe D:\Clackly\resolve-command-center\bridge\server.py"
"2026-07-29T15:22:38.6280288+08:00","23760","70468","python.exe","True","0.141","22.9","2026/7/29 15:19:17","""C:\Users\Administrator\AppData\Roaming\uv\python\cpython-3.11-windows-x86_64-none\python.exe""  D:\Clackly\resolve-command-center\bridge\server.py"
"2026-07-29T15:22:38.6280288+08:00","3328","35252","node.exe","True","0.062","47.3","2026/7/29 15:19:19","""node""   ""D:\Clackly\resolve-command-center\node_modules\.bin\\..\electron\cli.js"" ."
"2026-07-29T15:22:38.6280288+08:00","50784","3328","electron.exe","True","1.672","99.9","2026/7/29 15:19:19","D:\Clackly\resolve-command-center\node_modules\electron\dist\electron.exe ."
"2026-07-29T15:22:38.6280288+08:00","66788","50784","electron.exe","True","0.375","90.5","2026/7/29 15:19:19","""D:\Clackly\resolve-command-center\node_modules\electron\dist\electron.exe"" --type=gpu-process --user-data-dir=""C:\Users\Administrator\AppData\Roaming\clackly"" --gpu-preferences=UAAAAAAAAADgAAAEAAAAAAAAAAAAAGAAOAAAAAAAAAABAAAAAAAAAAAAAAAAAAAAAgAAAAAAAAAAAAAAAAAAABgAAAAAAAAAGAAAAAAAAAAIAAAAAAAAAAgAAAAAAAAACAAAAAAAAAA= --field-trial-handle=2196,i,12658543882519034140,1049900951455408011,262144 --enable-features=PdfUseShowSaveFilePicker --disable-features=DropInputEventsWhilePaintHolding,LocalNetworkAccessChecks,NetworkServiceSandbox,ScreenAIOCREnabled,SpareRendererForSitePerProcess,TraceSiteInstanceGetProcessCreation --variations-seed-version --pseudonymization-salt-handle=2192,i,15495027039908561937,2505952963138778894,4 --trace-process-track-uuid=3190708988185955192 --mojo-platform-channel-handle=2184 /prefetch:2"
"2026-07-29T15:22:38.6280288+08:00","47260","50784","electron.exe","True","0.078","42.3","2026/7/29 15:19:19","""D:\Clackly\resolve-command-center\node_modules\electron\dist\electron.exe"" --type=utility --utility-sub-type=network.mojom.NetworkService --lang=zh-CN --service-sandbox-type=none --user-data-dir=""C:\Users\Administrator\AppData\Roaming\clackly"" --field-trial-handle=2196,i,12658543882519034140,1049900951455408011,262144 --enable-features=PdfUseShowSaveFilePicker --disable-features=DropInputEventsWhilePaintHolding,LocalNetworkAccessChecks,NetworkServiceSandbox,ScreenAIOCREnabled,SpareRendererForSitePerProcess,TraceSiteInstanceGetProcessCreation --variations-seed-version --pseudonymization-salt-handle=2192,i,15495027039908561937,2505952963138778894,4 --trace-process-track-uuid=3190708989122997041 --mojo-platform-channel-handle=2364 /prefetch:11"
"2026-07-29T15:22:38.6280288+08:00","83820","50784","electron.exe","True","0.109","82.9","2026/7/29 15:19:19","""D:\Clackly\resolve-command-center\node_modules\electron\dist\electron.exe"" --type=renderer --user-data-dir=""C:\Users\Administrator\AppData\Roaming\clackly"" --app-path=""D:\Clackly\resolve-command-center"" --no-sandbox --no-zygote --video-capture-use-gpu-memory-buffer --lang=zh-CN --device-scale-factor=1 --num-raster-threads=4 --enable-main-frame-before-activation --renderer-client-id=4 --time-ticks-at-unix-epoch=-1783908236192501 --launch-time-ticks=1401323289119 --field-trial-handle=2196,i,12658543882519034140,1049900951455408011,262144 --enable-features=PdfUseShowSaveFilePicker --disable-features=DropInputEventsWhilePaintHolding,LocalNetworkAccessChecks,NetworkServiceSandbox,ScreenAIOCREnabled,SpareRendererForSitePerProcess,TraceSiteInstanceGetProcessCreation --variations-seed-version --pseudonymization-salt-handle=2192,i,15495027039908561937,2505952963138778894,4 --trace-process-track-uuid=3190708990060038890 --mojo-platform-channel-handle=3472 /prefetch:1"
"2026-07-29T15:22:38.6280288+08:00","14192","17532","Resolve.exe","True","61.797","2383.2","2026/7/29 15:20:28","""C:\Program Files\Blackmagic Design\DaVinci Resolve\Resolve.exe"" "
"2026-07-29T15:22:39.7955850+08:00","70468","57316","python.exe","True","0.031","5.7","2026/7/29 15:19:17","C:\Users\Administrator\AppData\Local\hermes\hermes-agent\venv\Scripts\python.exe D:\Clackly\resolve-command-center\bridge\server.py"
"2026-07-29T15:22:39.7955850+08:00","23760","70468","python.exe","True","0.141","22.9","2026/7/29 15:19:17","""C:\Users\Administrator\AppData\Roaming\uv\python\cpython-3.11-windows-x86_64-none\python.exe""  D:\Clackly\resolve-command-center\bridge\server.py"
"2026-07-29T15:22:39.7955850+08:00","3328","35252","node.exe","True","0.062","47.3","2026/7/29 15:19:19","""node""   ""D:\Clackly\resolve-command-center\node_modules\.bin\\..\electron\cli.js"" ."
"2026-07-29T15:22:39.7955850+08:00","50784","3328","electron.exe","True","1.703","100.1","2026/7/29 15:19:19","D:\Clackly\resolve-command-center\node_modules\electron\dist\electron.exe ."
"2026-07-29T15:22:39.7955850+08:00","66788","50784","electron.exe","True","0.375","90.8","2026/7/29 15:19:19","""D:\Clackly\resolve-command-center\node_modules\electron\dist\electron.exe"" --type=gpu-process --user-data-dir=""C:\Users\Administrator\AppData\Roaming\clackly"" --gpu-preferences=UAAAAAAAAADgAAAEAAAAAAAAAAAAAGAAOAAAAAAAAAABAAAAAAAAAAAAAAAAAAAAAgAAAAAAAAAAAAAAAAAAABgAAAAAAAAAGAAAAAAAAAAIAAAAAAAAAAgAAAAAAAAACAAAAAAAAAA= --field-trial-handle=2196,i,12658543882519034140,1049900951455408011,262144 --enable-features=PdfUseShowSaveFilePicker --disable-features=DropInputEventsWhilePaintHolding,LocalNetworkAccessChecks,NetworkServiceSandbox,ScreenAIOCREnabled,SpareRendererForSitePerProcess,TraceSiteInstanceGetProcessCreation --variations-seed-version --pseudonymization-salt-handle=2192,i,15495027039908561937,2505952963138778894,4 --trace-process-track-uuid=3190708988185955192 --mojo-platform-channel-handle=2184 /prefetch:2"
"2026-07-29T15:22:39.7955850+08:00","47260","50784","electron.exe","True","0.078","42.3","2026/7/29 15:19:19","""D:\Clackly\resolve-command-center\node_modules\electron\dist\electron.exe"" --type=utility --utility-sub-type=network.mojom.NetworkService --lang=zh-CN --service-sandbox-type=none --user-data-dir=""C:\Users\Administrator\AppData\Roaming\clackly"" --field-trial-handle=2196,i,12658543882519034140,1049900951455408011,262144 --enable-features=PdfUseShowSaveFilePicker --disable-features=DropInputEventsWhilePaintHolding,LocalNetworkAccessChecks,NetworkServiceSandbox,ScreenAIOCREnabled,SpareRendererForSitePerProcess,TraceSiteInstanceGetProcessCreation --variations-seed-version --pseudonymization-salt-handle=2192,i,15495027039908561937,2505952963138778894,4 --trace-process-track-uuid=3190708989122997041 --mojo-platform-channel-handle=2364 /prefetch:11"
"2026-07-29T15:22:39.7955850+08:00","83820","50784","electron.exe","True","0.109","83.2","2026/7/29 15:19:19","""D:\Clackly\resolve-command-center\node_modules\electron\dist\electron.exe"" --type=renderer --user-data-dir=""C:\Users\Administrator\AppData\Roaming\clackly"" --app-path=""D:\Clackly\resolve-command-center"" --no-sandbox --no-zygote --video-capture-use-gpu-memory-buffer --lang=zh-CN --device-scale-factor=1 --num-raster-threads=4 --enable-main-frame-before-activation --renderer-client-id=4 --time-ticks-at-unix-epoch=-1783908236192501 --launch-time-ticks=1401323289119 --field-trial-handle=2196,i,12658543882519034140,1049900951455408011,262144 --enable-features=PdfUseShowSaveFilePicker --disable-features=DropInputEventsWhilePaintHolding,LocalNetworkAccessChecks,NetworkServiceSandbox,ScreenAIOCREnabled,SpareRendererForSitePerProcess,TraceSiteInstanceGetProcessCreation --variations-seed-version --pseudonymization-salt-handle=2192,i,15495027039908561937,2505952963138778894,4 --trace-process-track-uuid=3190708990060038890 --mojo-platform-channel-handle=3472 /prefetch:1"
"2026-07-29T15:22:39.7955850+08:00","14192","17532","Resolve.exe","True","61.938","2382.9","2026/7/29 15:20:28","""C:\Program Files\Blackmagic Design\DaVinci Resolve\Resolve.exe"" "
"2026-07-29T15:22:40.9667274+08:00","70468","57316","python.exe","True","0.031","5.7","2026/7/29 15:19:17","C:\Users\Administrator\AppData\Local\hermes\hermes-agent\venv\Scripts\python.exe D:\Clackly\resolve-command-center\bridge\server.py"
"2026-07-29T15:22:40.9667274+08:00","23760","70468","python.exe","True","0.141","22.9","2026/7/29 15:19:17","""C:\Users\Administrator\AppData\Roaming\uv\python\cpython-3.11-windows-x86_64-none\python.exe""  D:\Clackly\resolve-command-center\bridge\server.py"
"2026-07-29T15:22:40.9667274+08:00","3328","35252","node.exe","True","0.062","47.3","2026/7/29 15:19:19","""node""   ""D:\Clackly\resolve-command-center\node_modules\.bin\\..\electron\cli.js"" ."
"2026-07-29T15:22:40.9667274+08:00","50784","3328","electron.exe","True","1.703","100.1","2026/7/29 15:19:19","D:\Clackly\resolve-command-center\node_modules\electron\dist\electron.exe ."
"2026-07-29T15:22:40.9667274+08:00","66788","50784","electron.exe","True","0.375","91","2026/7/29 15:19:19","""D:\Clackly\resolve-command-center\node_modules\electron\dist\electron.exe"" --type=gpu-process --user-data-dir=""C:\Users\Administrator\AppData\Roaming\clackly"" --gpu-preferences=UAAAAAAAAADgAAAEAAAAAAAAAAAAAGAAOAAAAAAAAAABAAAAAAAAAAAAAAAAAAAAAgAAAAAAAAAAAAAAAAAAABgAAAAAAAAAGAAAAAAAAAAIAAAAAAAAAAgAAAAAAAAACAAAAAAAAAA= --field-trial-handle=2196,i,12658543882519034140,1049900951455408011,262144 --enable-features=PdfUseShowSaveFilePicker --disable-features=DropInputEventsWhilePaintHolding,LocalNetworkAccessChecks,NetworkServiceSandbox,ScreenAIOCREnabled,SpareRendererForSitePerProcess,TraceSiteInstanceGetProcessCreation --variations-seed-version --pseudonymization-salt-handle=2192,i,15495027039908561937,2505952963138778894,4 --trace-process-track-uuid=3190708988185955192 --mojo-platform-channel-handle=2184 /prefetch:2"
"2026-07-29T15:22:40.9667274+08:00","47260","50784","electron.exe","True","0.078","42.3","2026/7/29 15:19:19","""D:\Clackly\resolve-command-center\node_modules\electron\dist\electron.exe"" --type=utility --utility-sub-type=network.mojom.NetworkService --lang=zh-CN --service-sandbox-type=none --user-data-dir=""C:\Users\Administrator\AppData\Roaming\clackly"" --field-trial-handle=2196,i,12658543882519034140,1049900951455408011,262144 --enable-features=PdfUseShowSaveFilePicker --disable-features=DropInputEventsWhilePaintHolding,LocalNetworkAccessChecks,NetworkServiceSandbox,ScreenAIOCREnabled,SpareRendererForSitePerProcess,TraceSiteInstanceGetProcessCreation --variations-seed-version --pseudonymization-salt-handle=2192,i,15495027039908561937,2505952963138778894,4 --trace-process-track-uuid=3190708989122997041 --mojo-platform-channel-handle=2364 /prefetch:11"
"2026-07-29T15:22:40.9667274+08:00","83820","50784","electron.exe","True","0.125","83.2","2026/7/29 15:19:19","""D:\Clackly\resolve-command-center\node_modules\electron\dist\electron.exe"" --type=renderer --user-data-dir=""C:\Users\Administrator\AppData\Roaming\clackly"" --app-path=""D:\Clackly\resolve-command-center"" --no-sandbox --no-zygote --video-capture-use-gpu-memory-buffer --lang=zh-CN --device-scale-factor=1 --num-raster-threads=4 --enable-main-frame-before-activation --renderer-client-id=4 --time-ticks-at-unix-epoch=-1783908236192501 --launch-time-ticks=1401323289119 --field-trial-handle=2196,i,12658543882519034140,1049900951455408011,262144 --enable-features=PdfUseShowSaveFilePicker --disable-features=DropInputEventsWhilePaintHolding,LocalNetworkAccessChecks,NetworkServiceSandbox,ScreenAIOCREnabled,SpareRendererForSitePerProcess,TraceSiteInstanceGetProcessCreation --variations-seed-version --pseudonymization-salt-handle=2192,i,15495027039908561937,2505952963138778894,4 --trace-process-track-uuid=3190708990060038890 --mojo-platform-channel-handle=3472 /prefetch:1"
"2026-07-29T15:22:40.9667274+08:00","14192","17532","Resolve.exe","True","62.047","2382.9","2026/7/29 15:20:28","""C:\Program Files\Blackmagic Design\DaVinci Resolve\Resolve.exe"" "
"2026-07-29T15:22:42.1931488+08:00","70468","57316","python.exe","True","0.031","5.7","2026/7/29 15:19:17","C:\Users\Administrator\AppData\Local\hermes\hermes-agent\venv\Scripts\python.exe D:\Clackly\resolve-command-center\bridge\server.py"
"2026-07-29T15:22:42.1931488+08:00","23760","70468","python.exe","True","0.141","22.9","2026/7/29 15:19:17","""C:\Users\Administrator\AppData\Roaming\uv\python\cpython-3.11-windows-x86_64-none\python.exe""  D:\Clackly\resolve-command-center\bridge\server.py"
"2026-07-29T15:22:42.1931488+08:00","3328","35252","node.exe","True","0.062","47.3","2026/7/29 15:19:19","""node""   ""D:\Clackly\resolve-command-center\node_modules\.bin\\..\electron\cli.js"" ."
"2026-07-29T15:22:42.1931488+08:00","50784","3328","electron.exe","True","1.703","100.1","2026/7/29 15:19:19","D:\Clackly\resolve-command-center\node_modules\electron\dist\electron.exe ."
"2026-07-29T15:22:42.1931488+08:00","66788","50784","electron.exe","True","0.375","90.6","2026/7/29 15:19:19","""D:\Clackly\resolve-command-center\node_modules\electron\dist\electron.exe"" --type=gpu-process --user-data-dir=""C:\Users\Administrator\AppData\Roaming\clackly"" --gpu-preferences=UAAAAAAAAADgAAAEAAAAAAAAAAAAAGAAOAAAAAAAAAABAAAAAAAAAAAAAAAAAAAAAgAAAAAAAAAAAAAAAAAAABgAAAAAAAAAGAAAAAAAAAAIAAAAAAAAAAgAAAAAAAAACAAAAAAAAAA= --field-trial-handle=2196,i,12658543882519034140,1049900951455408011,262144 --enable-features=PdfUseShowSaveFilePicker --disable-features=DropInputEventsWhilePaintHolding,LocalNetworkAccessChecks,NetworkServiceSandbox,ScreenAIOCREnabled,SpareRendererForSitePerProcess,TraceSiteInstanceGetProcessCreation --variations-seed-version --pseudonymization-salt-handle=2192,i,15495027039908561937,2505952963138778894,4 --trace-process-track-uuid=3190708988185955192 --mojo-platform-channel-handle=2184 /prefetch:2"
"2026-07-29T15:22:42.1931488+08:00","47260","50784","electron.exe","True","0.078","42.3","2026/7/29 15:19:19","""D:\Clackly\resolve-command-center\node_modules\electron\dist\electron.exe"" --type=utility --utility-sub-type=network.mojom.NetworkService --lang=zh-CN --service-sandbox-type=none --user-data-dir=""C:\Users\Administrator\AppData\Roaming\clackly"" --field-trial-handle=2196,i,12658543882519034140,1049900951455408011,262144 --enable-features=PdfUseShowSaveFilePicker --disable-features=DropInputEventsWhilePaintHolding,LocalNetworkAccessChecks,NetworkServiceSandbox,ScreenAIOCREnabled,SpareRendererForSitePerProcess,TraceSiteInstanceGetProcessCreation --variations-seed-version --pseudonymization-salt-handle=2192,i,15495027039908561937,2505952963138778894,4 --trace-process-track-uuid=3190708989122997041 --mojo-platform-channel-handle=2364 /prefetch:11"
"2026-07-29T15:22:42.1931488+08:00","83820","50784","electron.exe","True","0.125","83.3","2026/7/29 15:19:19","""D:\Clackly\resolve-command-center\node_modules\electron\dist\electron.exe"" --type=renderer --user-data-dir=""C:\Users\Administrator\AppData\Roaming\clackly"" --app-path=""D:\Clackly\resolve-command-center"" --no-sandbox --no-zygote --video-capture-use-gpu-memory-buffer --lang=zh-CN --device-scale-factor=1 --num-raster-threads=4 --enable-main-frame-before-activation --renderer-client-id=4 --time-ticks-at-unix-epoch=-1783908236192501 --launch-time-ticks=1401323289119 --field-trial-handle=2196,i,12658543882519034140,1049900951455408011,262144 --enable-features=PdfUseShowSaveFilePicker --disable-features=DropInputEventsWhilePaintHolding,LocalNetworkAccessChecks,NetworkServiceSandbox,ScreenAIOCREnabled,SpareRendererForSitePerProcess,TraceSiteInstanceGetProcessCreation --variations-seed-version --pseudonymization-salt-handle=2192,i,15495027039908561937,2505952963138778894,4 --trace-process-track-uuid=3190708990060038890 --mojo-platform-channel-handle=3472 /prefetch:1"
"2026-07-29T15:22:42.1931488+08:00","14192","17532","Resolve.exe","True","62.266","2382.9","2026/7/29 15:20:28","""C:\Program Files\Blackmagic Design\DaVinci Resolve\Resolve.exe"" "
"2026-07-29T15:22:43.3475041+08:00","70468","57316","python.exe","True","0.031","5.7","2026/7/29 15:19:17","C:\Users\Administrator\AppData\Local\hermes\hermes-agent\venv\Scripts\python.exe D:\Clackly\resolve-command-center\bridge\server.py"
"2026-07-29T15:22:43.3475041+08:00","23760","70468","python.exe","True","0.141","22.9","2026/7/29 15:19:17","""C:\Users\Administrator\AppData\Roaming\uv\python\cpython-3.11-windows-x86_64-none\python.exe""  D:\Clackly\resolve-command-center\bridge\server.py"
"2026-07-29T15:22:43.3475041+08:00","3328","35252","node.exe","True","0.062","47.3","2026/7/29 15:19:19","""node""   ""D:\Clackly\resolve-command-center\node_modules\.bin\\..\electron\cli.js"" ."
"2026-07-29T15:22:43.3475041+08:00","50784","3328","electron.exe","True","1.734","100.9","2026/7/29 15:19:19","D:\Clackly\resolve-command-center\node_modules\electron\dist\electron.exe ."
"2026-07-29T15:22:43.3475041+08:00","66788","50784","electron.exe","True","0.375","90.6","2026/7/29 15:19:19","""D:\Clackly\resolve-command-center\node_modules\electron\dist\electron.exe"" --type=gpu-process --user-data-dir=""C:\Users\Administrator\AppData\Roaming\clackly"" --gpu-preferences=UAAAAAAAAADgAAAEAAAAAAAAAAAAAGAAOAAAAAAAAAABAAAAAAAAAAAAAAAAAAAAAgAAAAAAAAAAAAAAAAAAABgAAAAAAAAAGAAAAAAAAAAIAAAAAAAAAAgAAAAAAAAACAAAAAAAAAA= --field-trial-handle=2196,i,12658543882519034140,1049900951455408011,262144 --enable-features=PdfUseShowSaveFilePicker --disable-features=DropInputEventsWhilePaintHolding,LocalNetworkAccessChecks,NetworkServiceSandbox,ScreenAIOCREnabled,SpareRendererForSitePerProcess,TraceSiteInstanceGetProcessCreation --variations-seed-version --pseudonymization-salt-handle=2192,i,15495027039908561937,2505952963138778894,4 --trace-process-track-uuid=3190708988185955192 --mojo-platform-channel-handle=2184 /prefetch:2"
"2026-07-29T15:22:43.3475041+08:00","47260","50784","electron.exe","True","0.078","42.3","2026/7/29 15:19:19","""D:\Clackly\resolve-command-center\node_modules\electron\dist\electron.exe"" --type=utility --utility-sub-type=network.mojom.NetworkService --lang=zh-CN --service-sandbox-type=none --user-data-dir=""C:\Users\Administrator\AppData\Roaming\clackly"" --field-trial-handle=2196,i,12658543882519034140,1049900951455408011,262144 --enable-features=PdfUseShowSaveFilePicker --disable-features=DropInputEventsWhilePaintHolding,LocalNetworkAccessChecks,NetworkServiceSandbox,ScreenAIOCREnabled,SpareRendererForSitePerProcess,TraceSiteInstanceGetProcessCreation --variations-seed-version --pseudonymization-salt-handle=2192,i,15495027039908561937,2505952963138778894,4 --trace-process-track-uuid=3190708989122997041 --mojo-platform-channel-handle=2364 /prefetch:11"
"2026-07-29T15:22:43.3475041+08:00","83820","50784","electron.exe","True","0.125","84","2026/7/29 15:19:19","""D:\Clackly\resolve-command-center\node_modules\electron\dist\electron.exe"" --type=renderer --user-data-dir=""C:\Users\Administrator\AppData\Roaming\clackly"" --app-path=""D:\Clackly\resolve-command-center"" --no-sandbox --no-zygote --video-capture-use-gpu-memory-buffer --lang=zh-CN --device-scale-factor=1 --num-raster-threads=4 --enable-main-frame-before-activation --renderer-client-id=4 --time-ticks-at-unix-epoch=-1783908236192501 --launch-time-ticks=1401323289119 --field-trial-handle=2196,i,12658543882519034140,1049900951455408011,262144 --enable-features=PdfUseShowSaveFilePicker --disable-features=DropInputEventsWhilePaintHolding,LocalNetworkAccessChecks,NetworkServiceSandbox,ScreenAIOCREnabled,SpareRendererForSitePerProcess,TraceSiteInstanceGetProcessCreation --variations-seed-version --pseudonymization-salt-handle=2192,i,15495027039908561937,2505952963138778894,4 --trace-process-track-uuid=3190708990060038890 --mojo-platform-channel-handle=3472 /prefetch:1"
"2026-07-29T15:22:43.3475041+08:00","14192","17532","Resolve.exe","True","62.281","2382.8","2026/7/29 15:20:28","""C:\Program Files\Blackmagic Design\DaVinci Resolve\Resolve.exe"" "
"2026-07-29T15:22:44.5808005+08:00","70468","57316","python.exe","True","0.031","5.7","2026/7/29 15:19:17","C:\Users\Administrator\AppData\Local\hermes\hermes-agent\venv\Scripts\python.exe D:\Clackly\resolve-command-center\bridge\server.py"
"2026-07-29T15:22:44.5808005+08:00","23760","70468","python.exe","True","0.141","22.9","2026/7/29 15:19:17","""C:\Users\Administrator\AppData\Roaming\uv\python\cpython-3.11-windows-x86_64-none\python.exe""  D:\Clackly\resolve-command-center\bridge\server.py"
"2026-07-29T15:22:44.5808005+08:00","3328","35252","node.exe","True","0.062","47.3","2026/7/29 15:19:19","""node""   ""D:\Clackly\resolve-command-center\node_modules\.bin\\..\electron\cli.js"" ."
"2026-07-29T15:22:44.5808005+08:00","50784","3328","electron.exe","True","1.781","101.2","2026/7/29 15:19:19","D:\Clackly\resolve-command-center\node_modules\electron\dist\electron.exe ."
"2026-07-29T15:22:44.5808005+08:00","66788","50784","electron.exe","True","0.375","90.7","2026/7/29 15:19:19","""D:\Clackly\resolve-command-center\node_modules\electron\dist\electron.exe"" --type=gpu-process --user-data-dir=""C:\Users\Administrator\AppData\Roaming\clackly"" --gpu-preferences=UAAAAAAAAADgAAAEAAAAAAAAAAAAAGAAOAAAAAAAAAABAAAAAAAAAAAAAAAAAAAAAgAAAAAAAAAAAAAAAAAAABgAAAAAAAAAGAAAAAAAAAAIAAAAAAAAAAgAAAAAAAAACAAAAAAAAAA= --field-trial-handle=2196,i,12658543882519034140,1049900951455408011,262144 --enable-features=PdfUseShowSaveFilePicker --disable-features=DropInputEventsWhilePaintHolding,LocalNetworkAccessChecks,NetworkServiceSandbox,ScreenAIOCREnabled,SpareRendererForSitePerProcess,TraceSiteInstanceGetProcessCreation --variations-seed-version --pseudonymization-salt-handle=2192,i,15495027039908561937,2505952963138778894,4 --trace-process-track-uuid=3190708988185955192 --mojo-platform-channel-handle=2184 /prefetch:2"
"2026-07-29T15:22:44.5808005+08:00","47260","50784","electron.exe","True","0.078","42.3","2026/7/29 15:19:19","""D:\Clackly\resolve-command-center\node_modules\electron\dist\electron.exe"" --type=utility --utility-sub-type=network.mojom.NetworkService --lang=zh-CN --service-sandbox-type=none --user-data-dir=""C:\Users\Administrator\AppData\Roaming\clackly"" --field-trial-handle=2196,i,12658543882519034140,1049900951455408011,262144 --enable-features=PdfUseShowSaveFilePicker --disable-features=DropInputEventsWhilePaintHolding,LocalNetworkAccessChecks,NetworkServiceSandbox,ScreenAIOCREnabled,SpareRendererForSitePerProcess,TraceSiteInstanceGetProcessCreation --variations-seed-version --pseudonymization-salt-handle=2192,i,15495027039908561937,2505952963138778894,4 --trace-process-track-uuid=3190708989122997041 --mojo-platform-channel-handle=2364 /prefetch:11"
"2026-07-29T15:22:44.5808005+08:00","83820","50784","electron.exe","True","0.125","84.8","2026/7/29 15:19:19","""D:\Clackly\resolve-command-center\node_modules\electron\dist\electron.exe"" --type=renderer --user-data-dir=""C:\Users\Administrator\AppData\Roaming\clackly"" --app-path=""D:\Clackly\resolve-command-center"" --no-sandbox --no-zygote --video-capture-use-gpu-memory-buffer --lang=zh-CN --device-scale-factor=1 --num-raster-threads=4 --enable-main-frame-before-activation --renderer-client-id=4 --time-ticks-at-unix-epoch=-1783908236192501 --launch-time-ticks=1401323289119 --field-trial-handle=2196,i,12658543882519034140,1049900951455408011,262144 --enable-features=PdfUseShowSaveFilePicker --disable-features=DropInputEventsWhilePaintHolding,LocalNetworkAccessChecks,NetworkServiceSandbox,ScreenAIOCREnabled,SpareRendererForSitePerProcess,TraceSiteInstanceGetProcessCreation --variations-seed-version --pseudonymization-salt-handle=2192,i,15495027039908561937,2505952963138778894,4 --trace-process-track-uuid=3190708990060038890 --mojo-platform-channel-handle=3472 /prefetch:1"
"2026-07-29T15:22:44.5808005+08:00","14192","17532","Resolve.exe","True","62.328","2382.8","2026/7/29 15:20:28","""C:\Program Files\Blackmagic Design\DaVinci Resolve\Resolve.exe"" "
"2026-07-29T15:22:45.7371672+08:00","70468","57316","python.exe","True","0.031","5.7","2026/7/29 15:19:17","C:\Users\Administrator\AppData\Local\hermes\hermes-agent\venv\Scripts\python.exe D:\Clackly\resolve-command-center\bridge\server.py"
"2026-07-29T15:22:45.7371672+08:00","23760","70468","python.exe","True","0.141","22.9","2026/7/29 15:19:17","""C:\Users\Administrator\AppData\Roaming\uv\python\cpython-3.11-windows-x86_64-none\python.exe""  D:\Clackly\resolve-command-center\bridge\server.py"
"2026-07-29T15:22:45.7371672+08:00","3328","35252","node.exe","True","0.062","47.3","2026/7/29 15:19:19","""node""   ""D:\Clackly\resolve-command-center\node_modules\.bin\\..\electron\cli.js"" ."
"2026-07-29T15:22:45.7371672+08:00","50784","3328","electron.exe","True","1.781","101.2","2026/7/29 15:19:19","D:\Clackly\resolve-command-center\node_modules\electron\dist\electron.exe ."
"2026-07-29T15:22:45.7371672+08:00","66788","50784","electron.exe","True","0.375","90.7","2026/7/29 15:19:19","""D:\Clackly\resolve-command-center\node_modules\electron\dist\electron.exe"" --type=gpu-process --user-data-dir=""C:\Users\Administrator\AppData\Roaming\clackly"" --gpu-preferences=UAAAAAAAAADgAAAEAAAAAAAAAAAAAGAAOAAAAAAAAAABAAAAAAAAAAAAAAAAAAAAAgAAAAAAAAAAAAAAAAAAABgAAAAAAAAAGAAAAAAAAAAIAAAAAAAAAAgAAAAAAAAACAAAAAAAAAA= --field-trial-handle=2196,i,12658543882519034140,1049900951455408011,262144 --enable-features=PdfUseShowSaveFilePicker --disable-features=DropInputEventsWhilePaintHolding,LocalNetworkAccessChecks,NetworkServiceSandbox,ScreenAIOCREnabled,SpareRendererForSitePerProcess,TraceSiteInstanceGetProcessCreation --variations-seed-version --pseudonymization-salt-handle=2192,i,15495027039908561937,2505952963138778894,4 --trace-process-track-uuid=3190708988185955192 --mojo-platform-channel-handle=2184 /prefetch:2"
"2026-07-29T15:22:45.7371672+08:00","47260","50784","electron.exe","True","0.078","42.3","2026/7/29 15:19:19","""D:\Clackly\resolve-command-center\node_modules\electron\dist\electron.exe"" --type=utility --utility-sub-type=network.mojom.NetworkService --lang=zh-CN --service-sandbox-type=none --user-data-dir=""C:\Users\Administrator\AppData\Roaming\clackly"" --field-trial-handle=2196,i,12658543882519034140,1049900951455408011,262144 --enable-features=PdfUseShowSaveFilePicker --disable-features=DropInputEventsWhilePaintHolding,LocalNetworkAccessChecks,NetworkServiceSandbox,ScreenAIOCREnabled,SpareRendererForSitePerProcess,TraceSiteInstanceGetProcessCreation --variations-seed-version --pseudonymization-salt-handle=2192,i,15495027039908561937,2505952963138778894,4 --trace-process-track-uuid=3190708989122997041 --mojo-platform-channel-handle=2364 /prefetch:11"
"2026-07-29T15:22:45.7371672+08:00","83820","50784","electron.exe","True","0.125","84.9","2026/7/29 15:19:19","""D:\Clackly\resolve-command-center\node_modules\electron\dist\electron.exe"" --type=renderer --user-data-dir=""C:\Users\Administrator\AppData\Roaming\clackly"" --app-path=""D:\Clackly\resolve-command-center"" --no-sandbox --no-zygote --video-capture-use-gpu-memory-buffer --lang=zh-CN --device-scale-factor=1 --num-raster-threads=4 --enable-main-frame-before-activation --renderer-client-id=4 --time-ticks-at-unix-epoch=-1783908236192501 --launch-time-ticks=1401323289119 --field-trial-handle=2196,i,12658543882519034140,1049900951455408011,262144 --enable-features=PdfUseShowSaveFilePicker --disable-features=DropInputEventsWhilePaintHolding,LocalNetworkAccessChecks,NetworkServiceSandbox,ScreenAIOCREnabled,SpareRendererForSitePerProcess,TraceSiteInstanceGetProcessCreation --variations-seed-version --pseudonymization-salt-handle=2192,i,15495027039908561937,2505952963138778894,4 --trace-process-track-uuid=3190708990060038890 --mojo-platform-channel-handle=3472 /prefetch:1"
"2026-07-29T15:22:45.7371672+08:00","14192","17532","Resolve.exe","True","62.422","2382.8","2026/7/29 15:20:28","""C:\Program Files\Blackmagic Design\DaVinci Resolve\Resolve.exe"" "
"2026-07-29T15:22:46.9205177+08:00","70468","57316","python.exe","True","0.031","5.7","2026/7/29 15:19:17","C:\Users\Administrator\AppData\Local\hermes\hermes-agent\venv\Scripts\python.exe D:\Clackly\resolve-command-center\bridge\server.py"
"2026-07-29T15:22:46.9205177+08:00","23760","70468","python.exe","True","0.141","22.9","2026/7/29 15:19:17","""C:\Users\Administrator\AppData\Roaming\uv\python\cpython-3.11-windows-x86_64-none\python.exe""  D:\Clackly\resolve-command-center\bridge\server.py"
"2026-07-29T15:22:46.9205177+08:00","3328","35252","node.exe","True","0.062","47.3","2026/7/29 15:19:19","""node""   ""D:\Clackly\resolve-command-center\node_modules\.bin\\..\electron\cli.js"" ."
"2026-07-29T15:22:46.9205177+08:00","50784","3328","electron.exe","True","1.781","101.2","2026/7/29 15:19:19","D:\Clackly\resolve-command-center\node_modules\electron\dist\electron.exe ."
"2026-07-29T15:22:46.9205177+08:00","66788","50784","electron.exe","True","0.375","90.7","2026/7/29 15:19:19","""D:\Clackly\resolve-command-center\node_modules\electron\dist\electron.exe"" --type=gpu-process --user-data-dir=""C:\Users\Administrator\AppData\Roaming\clackly"" --gpu-preferences=UAAAAAAAAADgAAAEAAAAAAAAAAAAAGAAOAAAAAAAAAABAAAAAAAAAAAAAAAAAAAAAgAAAAAAAAAAAAAAAAAAABgAAAAAAAAAGAAAAAAAAAAIAAAAAAAAAAgAAAAAAAAACAAAAAAAAAA= --field-trial-handle=2196,i,12658543882519034140,1049900951455408011,262144 --enable-features=PdfUseShowSaveFilePicker --disable-features=DropInputEventsWhilePaintHolding,LocalNetworkAccessChecks,NetworkServiceSandbox,ScreenAIOCREnabled,SpareRendererForSitePerProcess,TraceSiteInstanceGetProcessCreation --variations-seed-version --pseudonymization-salt-handle=2192,i,15495027039908561937,2505952963138778894,4 --trace-process-track-uuid=3190708988185955192 --mojo-platform-channel-handle=2184 /prefetch:2"
"2026-07-29T15:22:46.9205177+08:00","47260","50784","electron.exe","True","0.078","42.3","2026/7/29 15:19:19","""D:\Clackly\resolve-command-center\node_modules\electron\dist\electron.exe"" --type=utility --utility-sub-type=network.mojom.NetworkService --lang=zh-CN --service-sandbox-type=none --user-data-dir=""C:\Users\Administrator\AppData\Roaming\clackly"" --field-trial-handle=2196,i,12658543882519034140,1049900951455408011,262144 --enable-features=PdfUseShowSaveFilePicker --disable-features=DropInputEventsWhilePaintHolding,LocalNetworkAccessChecks,NetworkServiceSandbox,ScreenAIOCREnabled,SpareRendererForSitePerProcess,TraceSiteInstanceGetProcessCreation --variations-seed-version --pseudonymization-salt-handle=2192,i,15495027039908561937,2505952963138778894,4 --trace-process-track-uuid=3190708989122997041 --mojo-platform-channel-handle=2364 /prefetch:11"
"2026-07-29T15:22:46.9205177+08:00","83820","50784","electron.exe","True","0.125","84.9","2026/7/29 15:19:19","""D:\Clackly\resolve-command-center\node_modules\electron\dist\electron.exe"" --type=renderer --user-data-dir=""C:\Users\Administrator\AppData\Roaming\clackly"" --app-path=""D:\Clackly\resolve-command-center"" --no-sandbox --no-zygote --video-capture-use-gpu-memory-buffer --lang=zh-CN --device-scale-factor=1 --num-raster-threads=4 --enable-main-frame-before-activation --renderer-client-id=4 --time-ticks-at-unix-epoch=-1783908236192501 --launch-time-ticks=1401323289119 --field-trial-handle=2196,i,12658543882519034140,1049900951455408011,262144 --enable-features=PdfUseShowSaveFilePicker --disable-features=DropInputEventsWhilePaintHolding,LocalNetworkAccessChecks,NetworkServiceSandbox,ScreenAIOCREnabled,SpareRendererForSitePerProcess,TraceSiteInstanceGetProcessCreation --variations-seed-version --pseudonymization-salt-handle=2192,i,15495027039908561937,2505952963138778894,4 --trace-process-track-uuid=3190708990060038890 --mojo-platform-channel-handle=3472 /prefetch:1"
"2026-07-29T15:22:46.9205177+08:00","14192","17532","Resolve.exe","True","62.469","2382.8","2026/7/29 15:20:28","""C:\Program Files\Blackmagic Design\DaVinci Resolve\Resolve.exe"" "
"2026-07-29T15:22:48.0924566+08:00","70468","57316","python.exe","True","0.031","5.7","2026/7/29 15:19:17","C:\Users\Administrator\AppData\Local\hermes\hermes-agent\venv\Scripts\python.exe D:\Clackly\resolve-command-center\bridge\server.py"
"2026-07-29T15:22:48.0924566+08:00","23760","70468","python.exe","True","0.141","22.9","2026/7/29 15:19:17","""C:\Users\Administrator\AppData\Roaming\uv\python\cpython-3.11-windows-x86_64-none\python.exe""  D:\Clackly\resolve-command-center\bridge\server.py"
"2026-07-29T15:22:48.0924566+08:00","3328","35252","node.exe","True","0.062","47.3","2026/7/29 15:19:19","""node""   ""D:\Clackly\resolve-command-center\node_modules\.bin\\..\electron\cli.js"" ."
"2026-07-29T15:22:48.0924566+08:00","50784","3328","electron.exe","True","1.781","100.9","2026/7/29 15:19:19","D:\Clackly\resolve-command-center\node_modules\electron\dist\electron.exe ."
"2026-07-29T15:22:48.0924566+08:00","66788","50784","electron.exe","True","0.375","90.7","2026/7/29 15:19:19","""D:\Clackly\resolve-command-center\node_modules\electron\dist\electron.exe"" --type=gpu-process --user-data-dir=""C:\Users\Administrator\AppData\Roaming\clackly"" --gpu-preferences=UAAAAAAAAADgAAAEAAAAAAAAAAAAAGAAOAAAAAAAAAABAAAAAAAAAAAAAAAAAAAAAgAAAAAAAAAAAAAAAAAAABgAAAAAAAAAGAAAAAAAAAAIAAAAAAAAAAgAAAAAAAAACAAAAAAAAAA= --field-trial-handle=2196,i,12658543882519034140,1049900951455408011,262144 --enable-features=PdfUseShowSaveFilePicker --disable-features=DropInputEventsWhilePaintHolding,LocalNetworkAccessChecks,NetworkServiceSandbox,ScreenAIOCREnabled,SpareRendererForSitePerProcess,TraceSiteInstanceGetProcessCreation --variations-seed-version --pseudonymization-salt-handle=2192,i,15495027039908561937,2505952963138778894,4 --trace-process-track-uuid=3190708988185955192 --mojo-platform-channel-handle=2184 /prefetch:2"
"2026-07-29T15:22:48.0924566+08:00","47260","50784","electron.exe","True","0.078","42.3","2026/7/29 15:19:19","""D:\Clackly\resolve-command-center\node_modules\electron\dist\electron.exe"" --type=utility --utility-sub-type=network.mojom.NetworkService --lang=zh-CN --service-sandbox-type=none --user-data-dir=""C:\Users\Administrator\AppData\Roaming\clackly"" --field-trial-handle=2196,i,12658543882519034140,1049900951455408011,262144 --enable-features=PdfUseShowSaveFilePicker --disable-features=DropInputEventsWhilePaintHolding,LocalNetworkAccessChecks,NetworkServiceSandbox,ScreenAIOCREnabled,SpareRendererForSitePerProcess,TraceSiteInstanceGetProcessCreation --variations-seed-version --pseudonymization-salt-handle=2192,i,15495027039908561937,2505952963138778894,4 --trace-process-track-uuid=3190708989122997041 --mojo-platform-channel-handle=2364 /prefetch:11"
"2026-07-29T15:22:48.0924566+08:00","83820","50784","electron.exe","True","0.125","84.8","2026/7/29 15:19:19","""D:\Clackly\resolve-command-center\node_modules\electron\dist\electron.exe"" --type=renderer --user-data-dir=""C:\Users\Administrator\AppData\Roaming\clackly"" --app-path=""D:\Clackly\resolve-command-center"" --no-sandbox --no-zygote --video-capture-use-gpu-memory-buffer --lang=zh-CN --device-scale-factor=1 --num-raster-threads=4 --enable-main-frame-before-activation --renderer-client-id=4 --time-ticks-at-unix-epoch=-1783908236192501 --launch-time-ticks=1401323289119 --field-trial-handle=2196,i,12658543882519034140,1049900951455408011,262144 --enable-features=PdfUseShowSaveFilePicker --disable-features=DropInputEventsWhilePaintHolding,LocalNetworkAccessChecks,NetworkServiceSandbox,ScreenAIOCREnabled,SpareRendererForSitePerProcess,TraceSiteInstanceGetProcessCreation --variations-seed-version --pseudonymization-salt-handle=2192,i,15495027039908561937,2505952963138778894,4 --trace-process-track-uuid=3190708990060038890 --mojo-platform-channel-handle=3472 /prefetch:1"
"2026-07-29T15:22:48.0924566+08:00","14192","17532","Resolve.exe","True","62.516","2382.8","2026/7/29 15:20:28","""C:\Program Files\Blackmagic Design\DaVinci Resolve\Resolve.exe"" "
"2026-07-29T15:22:49.2420770+08:00","70468","57316","python.exe","True","0.031","5.7","2026/7/29 15:19:17","C:\Users\Administrator\AppData\Local\hermes\hermes-agent\venv\Scripts\python.exe D:\Clackly\resolve-command-center\bridge\server.py"
"2026-07-29T15:22:49.2420770+08:00","23760","70468","python.exe","True","0.141","22.9","2026/7/29 15:19:17","""C:\Users\Administrator\AppData\Roaming\uv\python\cpython-3.11-windows-x86_64-none\python.exe""  D:\Clackly\resolve-command-center\bridge\server.py"
"2026-07-29T15:22:49.2420770+08:00","3328","35252","node.exe","True","0.062","47.3","2026/7/29 15:19:19","""node""   ""D:\Clackly\resolve-command-center\node_modules\.bin\\..\electron\cli.js"" ."
"2026-07-29T15:22:49.2420770+08:00","50784","3328","electron.exe","True","1.781","100.9","2026/7/29 15:19:19","D:\Clackly\resolve-command-center\node_modules\electron\dist\electron.exe ."
"2026-07-29T15:22:49.2420770+08:00","66788","50784","electron.exe","True","0.391","90.7","2026/7/29 15:19:19","""D:\Clackly\resolve-command-center\node_modules\electron\dist\electron.exe"" --type=gpu-process --user-data-dir=""C:\Users\Administrator\AppData\Roaming\clackly"" --gpu-preferences=UAAAAAAAAADgAAAEAAAAAAAAAAAAAGAAOAAAAAAAAAABAAAAAAAAAAAAAAAAAAAAAgAAAAAAAAAAAAAAAAAAABgAAAAAAAAAGAAAAAAAAAAIAAAAAAAAAAgAAAAAAAAACAAAAAAAAAA= --field-trial-handle=2196,i,12658543882519034140,1049900951455408011,262144 --enable-features=PdfUseShowSaveFilePicker --disable-features=DropInputEventsWhilePaintHolding,LocalNetworkAccessChecks,NetworkServiceSandbox,ScreenAIOCREnabled,SpareRendererForSitePerProcess,TraceSiteInstanceGetProcessCreation --variations-seed-version --pseudonymization-salt-handle=2192,i,15495027039908561937,2505952963138778894,4 --trace-process-track-uuid=3190708988185955192 --mojo-platform-channel-handle=2184 /prefetch:2"
"2026-07-29T15:22:49.2420770+08:00","47260","50784","electron.exe","True","0.078","42.3","2026/7/29 15:19:19","""D:\Clackly\resolve-command-center\node_modules\electron\dist\electron.exe"" --type=utility --utility-sub-type=network.mojom.NetworkService --lang=zh-CN --service-sandbox-type=none --user-data-dir=""C:\Users\Administrator\AppData\Roaming\clackly"" --field-trial-handle=2196,i,12658543882519034140,1049900951455408011,262144 --enable-features=PdfUseShowSaveFilePicker --disable-features=DropInputEventsWhilePaintHolding,LocalNetworkAccessChecks,NetworkServiceSandbox,ScreenAIOCREnabled,SpareRendererForSitePerProcess,TraceSiteInstanceGetProcessCreation --variations-seed-version --pseudonymization-salt-handle=2192,i,15495027039908561937,2505952963138778894,4 --trace-process-track-uuid=3190708989122997041 --mojo-platform-channel-handle=2364 /prefetch:11"
"2026-07-29T15:22:49.2420770+08:00","83820","50784","electron.exe","True","0.125","84.7","2026/7/29 15:19:19","""D:\Clackly\resolve-command-center\node_modules\electron\dist\electron.exe"" --type=renderer --user-data-dir=""C:\Users\Administrator\AppData\Roaming\clackly"" --app-path=""D:\Clackly\resolve-command-center"" --no-sandbox --no-zygote --video-capture-use-gpu-memory-buffer --lang=zh-CN --device-scale-factor=1 --num-raster-threads=4 --enable-main-frame-before-activation --renderer-client-id=4 --time-ticks-at-unix-epoch=-1783908236192501 --launch-time-ticks=1401323289119 --field-trial-handle=2196,i,12658543882519034140,1049900951455408011,262144 --enable-features=PdfUseShowSaveFilePicker --disable-features=DropInputEventsWhilePaintHolding,LocalNetworkAccessChecks,NetworkServiceSandbox,ScreenAIOCREnabled,SpareRendererForSitePerProcess,TraceSiteInstanceGetProcessCreation --variations-seed-version --pseudonymization-salt-handle=2192,i,15495027039908561937,2505952963138778894,4 --trace-process-track-uuid=3190708990060038890 --mojo-platform-channel-handle=3472 /prefetch:1"
"2026-07-29T15:22:49.2420770+08:00","14192","17532","Resolve.exe","True","62.562","2382.8","2026/7/29 15:20:28","""C:\Program Files\Blackmagic Design\DaVinci Resolve\Resolve.exe"" "
"2026-07-29T15:22:50.3968400+08:00","70468","57316","python.exe","True","0.031","5.7","2026/7/29 15:19:17","C:\Users\Administrator\AppData\Local\hermes\hermes-agent\venv\Scripts\python.exe D:\Clackly\resolve-command-center\bridge\server.py"
"2026-07-29T15:22:50.3968400+08:00","23760","70468","python.exe","True","0.141","22.9","2026/7/29 15:19:17","""C:\Users\Administrator\AppData\Roaming\uv\python\cpython-3.11-windows-x86_64-none\python.exe""  D:\Clackly\resolve-command-center\bridge\server.py"
"2026-07-29T15:22:50.3968400+08:00","3328","35252","node.exe","True","0.062","47.3","2026/7/29 15:19:19","""node""   ""D:\Clackly\resolve-command-center\node_modules\.bin\\..\electron\cli.js"" ."
"2026-07-29T15:22:50.3968400+08:00","50784","3328","electron.exe","True","1.797","100.9","2026/7/29 15:19:19","D:\Clackly\resolve-command-center\node_modules\electron\dist\electron.exe ."
"2026-07-29T15:22:50.3968400+08:00","66788","50784","electron.exe","True","0.391","90.7","2026/7/29 15:19:19","""D:\Clackly\resolve-command-center\node_modules\electron\dist\electron.exe"" --type=gpu-process --user-data-dir=""C:\Users\Administrator\AppData\Roaming\clackly"" --gpu-preferences=UAAAAAAAAADgAAAEAAAAAAAAAAAAAGAAOAAAAAAAAAABAAAAAAAAAAAAAAAAAAAAAgAAAAAAAAAAAAAAAAAAABgAAAAAAAAAGAAAAAAAAAAIAAAAAAAAAAgAAAAAAAAACAAAAAAAAAA= --field-trial-handle=2196,i,12658543882519034140,1049900951455408011,262144 --enable-features=PdfUseShowSaveFilePicker --disable-features=DropInputEventsWhilePaintHolding,LocalNetworkAccessChecks,NetworkServiceSandbox,ScreenAIOCREnabled,SpareRendererForSitePerProcess,TraceSiteInstanceGetProcessCreation --variations-seed-version --pseudonymization-salt-handle=2192,i,15495027039908561937,2505952963138778894,4 --trace-process-track-uuid=3190708988185955192 --mojo-platform-channel-handle=2184 /prefetch:2"
"2026-07-29T15:22:50.3968400+08:00","47260","50784","electron.exe","True","0.078","42.3","2026/7/29 15:19:19","""D:\Clackly\resolve-command-center\node_modules\electron\dist\electron.exe"" --type=utility --utility-sub-type=network.mojom.NetworkService --lang=zh-CN --service-sandbox-type=none --user-data-dir=""C:\Users\Administrator\AppData\Roaming\clackly"" --field-trial-handle=2196,i,12658543882519034140,1049900951455408011,262144 --enable-features=PdfUseShowSaveFilePicker --disable-features=DropInputEventsWhilePaintHolding,LocalNetworkAccessChecks,NetworkServiceSandbox,ScreenAIOCREnabled,SpareRendererForSitePerProcess,TraceSiteInstanceGetProcessCreation --variations-seed-version --pseudonymization-salt-handle=2192,i,15495027039908561937,2505952963138778894,4 --trace-process-track-uuid=3190708989122997041 --mojo-platform-channel-handle=2364 /prefetch:11"
"2026-07-29T15:22:50.3968400+08:00","83820","50784","electron.exe","True","0.125","84.8","2026/7/29 15:19:19","""D:\Clackly\resolve-command-center\node_modules\electron\dist\electron.exe"" --type=renderer --user-data-dir=""C:\Users\Administrator\AppData\Roaming\clackly"" --app-path=""D:\Clackly\resolve-command-center"" --no-sandbox --no-zygote --video-capture-use-gpu-memory-buffer --lang=zh-CN --device-scale-factor=1 --num-raster-threads=4 --enable-main-frame-before-activation --renderer-client-id=4 --time-ticks-at-unix-epoch=-1783908236192501 --launch-time-ticks=1401323289119 --field-trial-handle=2196,i,12658543882519034140,1049900951455408011,262144 --enable-features=PdfUseShowSaveFilePicker --disable-features=DropInputEventsWhilePaintHolding,LocalNetworkAccessChecks,NetworkServiceSandbox,ScreenAIOCREnabled,SpareRendererForSitePerProcess,TraceSiteInstanceGetProcessCreation --variations-seed-version --pseudonymization-salt-handle=2192,i,15495027039908561937,2505952963138778894,4 --trace-process-track-uuid=3190708990060038890 --mojo-platform-channel-handle=3472 /prefetch:1"
"2026-07-29T15:22:50.3968400+08:00","14192","17532","Resolve.exe","True","62.609","2382.8","2026/7/29 15:20:28","""C:\Program Files\Blackmagic Design\DaVinci Resolve\Resolve.exe"" "
"2026-07-29T15:22:51.5687584+08:00","70468","57316","python.exe","True","0.031","5.7","2026/7/29 15:19:17","C:\Users\Administrator\AppData\Local\hermes\hermes-agent\venv\Scripts\python.exe D:\Clackly\resolve-command-center\bridge\server.py"
"2026-07-29T15:22:51.5687584+08:00","23760","70468","python.exe","True","0.141","22.9","2026/7/29 15:19:17","""C:\Users\Administrator\AppData\Roaming\uv\python\cpython-3.11-windows-x86_64-none\python.exe""  D:\Clackly\resolve-command-center\bridge\server.py"
"2026-07-29T15:22:51.5687584+08:00","3328","35252","node.exe","True","0.062","47.3","2026/7/29 15:19:19","""node""   ""D:\Clackly\resolve-command-center\node_modules\.bin\\..\electron\cli.js"" ."
"2026-07-29T15:22:51.5687584+08:00","50784","3328","electron.exe","True","1.797","100.9","2026/7/29 15:19:19","D:\Clackly\resolve-command-center\node_modules\electron\dist\electron.exe ."
"2026-07-29T15:22:51.5687584+08:00","66788","50784","electron.exe","True","0.391","90.7","2026/7/29 15:19:19","""D:\Clackly\resolve-command-center\node_modules\electron\dist\electron.exe"" --type=gpu-process --user-data-dir=""C:\Users\Administrator\AppData\Roaming\clackly"" --gpu-preferences=UAAAAAAAAADgAAAEAAAAAAAAAAAAAGAAOAAAAAAAAAABAAAAAAAAAAAAAAAAAAAAAgAAAAAAAAAAAAAAAAAAABgAAAAAAAAAGAAAAAAAAAAIAAAAAAAAAAgAAAAAAAAACAAAAAAAAAA= --field-trial-handle=2196,i,12658543882519034140,1049900951455408011,262144 --enable-features=PdfUseShowSaveFilePicker --disable-features=DropInputEventsWhilePaintHolding,LocalNetworkAccessChecks,NetworkServiceSandbox,ScreenAIOCREnabled,SpareRendererForSitePerProcess,TraceSiteInstanceGetProcessCreation --variations-seed-version --pseudonymization-salt-handle=2192,i,15495027039908561937,2505952963138778894,4 --trace-process-track-uuid=3190708988185955192 --mojo-platform-channel-handle=2184 /prefetch:2"
"2026-07-29T15:22:51.5687584+08:00","47260","50784","electron.exe","True","0.078","42.3","2026/7/29 15:19:19","""D:\Clackly\resolve-command-center\node_modules\electron\dist\electron.exe"" --type=utility --utility-sub-type=network.mojom.NetworkService --lang=zh-CN --service-sandbox-type=none --user-data-dir=""C:\Users\Administrator\AppData\Roaming\clackly"" --field-trial-handle=2196,i,12658543882519034140,1049900951455408011,262144 --enable-features=PdfUseShowSaveFilePicker --disable-features=DropInputEventsWhilePaintHolding,LocalNetworkAccessChecks,NetworkServiceSandbox,ScreenAIOCREnabled,SpareRendererForSitePerProcess,TraceSiteInstanceGetProcessCreation --variations-seed-version --pseudonymization-salt-handle=2192,i,15495027039908561937,2505952963138778894,4 --trace-process-track-uuid=3190708989122997041 --mojo-platform-channel-handle=2364 /prefetch:11"
"2026-07-29T15:22:51.5687584+08:00","83820","50784","electron.exe","True","0.125","84.8","2026/7/29 15:19:19","""D:\Clackly\resolve-command-center\node_modules\electron\dist\electron.exe"" --type=renderer --user-data-dir=""C:\Users\Administrator\AppData\Roaming\clackly"" --app-path=""D:\Clackly\resolve-command-center"" --no-sandbox --no-zygote --video-capture-use-gpu-memory-buffer --lang=zh-CN --device-scale-factor=1 --num-raster-threads=4 --enable-main-frame-before-activation --renderer-client-id=4 --time-ticks-at-unix-epoch=-1783908236192501 --launch-time-ticks=1401323289119 --field-trial-handle=2196,i,12658543882519034140,1049900951455408011,262144 --enable-features=PdfUseShowSaveFilePicker --disable-features=DropInputEventsWhilePaintHolding,LocalNetworkAccessChecks,NetworkServiceSandbox,ScreenAIOCREnabled,SpareRendererForSitePerProcess,TraceSiteInstanceGetProcessCreation --variations-seed-version --pseudonymization-salt-handle=2192,i,15495027039908561937,2505952963138778894,4 --trace-process-track-uuid=3190708990060038890 --mojo-platform-channel-handle=3472 /prefetch:1"
"2026-07-29T15:22:51.5687584+08:00","14192","17532","Resolve.exe","True","62.734","2382.8","2026/7/29 15:20:28","""C:\Program Files\Blackmagic Design\DaVinci Resolve\Resolve.exe"" "
"2026-07-29T15:22:52.7213031+08:00","70468","57316","python.exe","True","0.031","5.7","2026/7/29 15:19:17","C:\Users\Administrator\AppData\Local\hermes\hermes-agent\venv\Scripts\python.exe D:\Clackly\resolve-command-center\bridge\server.py"
"2026-07-29T15:22:52.7213031+08:00","23760","70468","python.exe","True","0.141","22.9","2026/7/29 15:19:17","""C:\Users\Administrator\AppData\Roaming\uv\python\cpython-3.11-windows-x86_64-none\python.exe""  D:\Clackly\resolve-command-center\bridge\server.py"
"2026-07-29T15:22:52.7213031+08:00","3328","35252","node.exe","True","0.062","47.3","2026/7/29 15:19:19","""node""   ""D:\Clackly\resolve-command-center\node_modules\.bin\\..\electron\cli.js"" ."
"2026-07-29T15:22:52.7213031+08:00","50784","3328","electron.exe","True","1.797","100.9","2026/7/29 15:19:19","D:\Clackly\resolve-command-center\node_modules\electron\dist\electron.exe ."
"2026-07-29T15:22:52.7213031+08:00","66788","50784","electron.exe","True","0.391","90.7","2026/7/29 15:19:19","""D:\Clackly\resolve-command-center\node_modules\electron\dist\electron.exe"" --type=gpu-process --user-data-dir=""C:\Users\Administrator\AppData\Roaming\clackly"" --gpu-preferences=UAAAAAAAAADgAAAEAAAAAAAAAAAAAGAAOAAAAAAAAAABAAAAAAAAAAAAAAAAAAAAAgAAAAAAAAAAAAAAAAAAABgAAAAAAAAAGAAAAAAAAAAIAAAAAAAAAAgAAAAAAAAACAAAAAAAAAA= --field-trial-handle=2196,i,12658543882519034140,1049900951455408011,262144 --enable-features=PdfUseShowSaveFilePicker --disable-features=DropInputEventsWhilePaintHolding,LocalNetworkAccessChecks,NetworkServiceSandbox,ScreenAIOCREnabled,SpareRendererForSitePerProcess,TraceSiteInstanceGetProcessCreation --variations-seed-version --pseudonymization-salt-handle=2192,i,15495027039908561937,2505952963138778894,4 --trace-process-track-uuid=3190708988185955192 --mojo-platform-channel-handle=2184 /prefetch:2"
"2026-07-29T15:22:52.7213031+08:00","47260","50784","electron.exe","True","0.078","42.3","2026/7/29 15:19:19","""D:\Clackly\resolve-command-center\node_modules\electron\dist\electron.exe"" --type=utility --utility-sub-type=network.mojom.NetworkService --lang=zh-CN --service-sandbox-type=none --user-data-dir=""C:\Users\Administrator\AppData\Roaming\clackly"" --field-trial-handle=2196,i,12658543882519034140,1049900951455408011,262144 --enable-features=PdfUseShowSaveFilePicker --disable-features=DropInputEventsWhilePaintHolding,LocalNetworkAccessChecks,NetworkServiceSandbox,ScreenAIOCREnabled,SpareRendererForSitePerProcess,TraceSiteInstanceGetProcessCreation --variations-seed-version --pseudonymization-salt-handle=2192,i,15495027039908561937,2505952963138778894,4 --trace-process-track-uuid=3190708989122997041 --mojo-platform-channel-handle=2364 /prefetch:11"
"2026-07-29T15:22:52.7213031+08:00","83820","50784","electron.exe","True","0.125","84.8","2026/7/29 15:19:19","""D:\Clackly\resolve-command-center\node_modules\electron\dist\electron.exe"" --type=renderer --user-data-dir=""C:\Users\Administrator\AppData\Roaming\clackly"" --app-path=""D:\Clackly\resolve-command-center"" --no-sandbox --no-zygote --video-capture-use-gpu-memory-buffer --lang=zh-CN --device-scale-factor=1 --num-raster-threads=4 --enable-main-frame-before-activation --renderer-client-id=4 --time-ticks-at-unix-epoch=-1783908236192501 --launch-time-ticks=1401323289119 --field-trial-handle=2196,i,12658543882519034140,1049900951455408011,262144 --enable-features=PdfUseShowSaveFilePicker --disable-features=DropInputEventsWhilePaintHolding,LocalNetworkAccessChecks,NetworkServiceSandbox,ScreenAIOCREnabled,SpareRendererForSitePerProcess,TraceSiteInstanceGetProcessCreation --variations-seed-version --pseudonymization-salt-handle=2192,i,15495027039908561937,2505952963138778894,4 --trace-process-track-uuid=3190708990060038890 --mojo-platform-channel-handle=3472 /prefetch:1"
"2026-07-29T15:22:52.7213031+08:00","14192","17532","Resolve.exe","True","62.766","2382.8","2026/7/29 15:20:28","""C:\Program Files\Blackmagic Design\DaVinci Resolve\Resolve.exe"" "
"2026-07-29T15:22:54.0103511+08:00","70468","57316","python.exe","True","0.031","5.7","2026/7/29 15:19:17","C:\Users\Administrator\AppData\Local\hermes\hermes-agent\venv\Scripts\python.exe D:\Clackly\resolve-command-center\bridge\server.py"
"2026-07-29T15:22:54.0103511+08:00","23760","70468","python.exe","True","0.141","22.9","2026/7/29 15:19:17","""C:\Users\Administrator\AppData\Roaming\uv\python\cpython-3.11-windows-x86_64-none\python.exe""  D:\Clackly\resolve-command-center\bridge\server.py"
"2026-07-29T15:22:54.0103511+08:00","3328","35252","node.exe","True","0.062","47.3","2026/7/29 15:19:19","""node""   ""D:\Clackly\resolve-command-center\node_modules\.bin\\..\electron\cli.js"" ."
"2026-07-29T15:22:54.0103511+08:00","50784","3328","electron.exe","True","1.797","100.9","2026/7/29 15:19:19","D:\Clackly\resolve-command-center\node_modules\electron\dist\electron.exe ."
"2026-07-29T15:22:54.0103511+08:00","66788","50784","electron.exe","True","0.406","90.7","2026/7/29 15:19:19","""D:\Clackly\resolve-command-center\node_modules\electron\dist\electron.exe"" --type=gpu-process --user-data-dir=""C:\Users\Administrator\AppData\Roaming\clackly"" --gpu-preferences=UAAAAAAAAADgAAAEAAAAAAAAAAAAAGAAOAAAAAAAAAABAAAAAAAAAAAAAAAAAAAAAgAAAAAAAAAAAAAAAAAAABgAAAAAAAAAGAAAAAAAAAAIAAAAAAAAAAgAAAAAAAAACAAAAAAAAAA= --field-trial-handle=2196,i,12658543882519034140,1049900951455408011,262144 --enable-features=PdfUseShowSaveFilePicker --disable-features=DropInputEventsWhilePaintHolding,LocalNetworkAccessChecks,NetworkServiceSandbox,ScreenAIOCREnabled,SpareRendererForSitePerProcess,TraceSiteInstanceGetProcessCreation --variations-seed-version --pseudonymization-salt-handle=2192,i,15495027039908561937,2505952963138778894,4 --trace-process-track-uuid=3190708988185955192 --mojo-platform-channel-handle=2184 /prefetch:2"
"2026-07-29T15:22:54.0103511+08:00","47260","50784","electron.exe","True","0.078","42.3","2026/7/29 15:19:19","""D:\Clackly\resolve-command-center\node_modules\electron\dist\electron.exe"" --type=utility --utility-sub-type=network.mojom.NetworkService --lang=zh-CN --service-sandbox-type=none --user-data-dir=""C:\Users\Administrator\AppData\Roaming\clackly"" --field-trial-handle=2196,i,12658543882519034140,1049900951455408011,262144 --enable-features=PdfUseShowSaveFilePicker --disable-features=DropInputEventsWhilePaintHolding,LocalNetworkAccessChecks,NetworkServiceSandbox,ScreenAIOCREnabled,SpareRendererForSitePerProcess,TraceSiteInstanceGetProcessCreation --variations-seed-version --pseudonymization-salt-handle=2192,i,15495027039908561937,2505952963138778894,4 --trace-process-track-uuid=3190708989122997041 --mojo-platform-channel-handle=2364 /prefetch:11"
"2026-07-29T15:22:54.0103511+08:00","83820","50784","electron.exe","True","0.125","84.8","2026/7/29 15:19:19","""D:\Clackly\resolve-command-center\node_modules\electron\dist\electron.exe"" --type=renderer --user-data-dir=""C:\Users\Administrator\AppData\Roaming\clackly"" --app-path=""D:\Clackly\resolve-command-center"" --no-sandbox --no-zygote --video-capture-use-gpu-memory-buffer --lang=zh-CN --device-scale-factor=1 --num-raster-threads=4 --enable-main-frame-before-activation --renderer-client-id=4 --time-ticks-at-unix-epoch=-1783908236192501 --launch-time-ticks=1401323289119 --field-trial-handle=2196,i,12658543882519034140,1049900951455408011,262144 --enable-features=PdfUseShowSaveFilePicker --disable-features=DropInputEventsWhilePaintHolding,LocalNetworkAccessChecks,NetworkServiceSandbox,ScreenAIOCREnabled,SpareRendererForSitePerProcess,TraceSiteInstanceGetProcessCreation --variations-seed-version --pseudonymization-salt-handle=2192,i,15495027039908561937,2505952963138778894,4 --trace-process-track-uuid=3190708990060038890 --mojo-platform-channel-handle=3472 /prefetch:1"
"2026-07-29T15:22:54.0103511+08:00","14192","17532","Resolve.exe","True","62.812","2382.8","2026/7/29 15:20:28","""C:\Program Files\Blackmagic Design\DaVinci Resolve\Resolve.exe"" "
"2026-07-29T15:22:55.1804819+08:00","70468","57316","python.exe","True","0.031","5.7","2026/7/29 15:19:17","C:\Users\Administrator\AppData\Local\hermes\hermes-agent\venv\Scripts\python.exe D:\Clackly\resolve-command-center\bridge\server.py"
"2026-07-29T15:22:55.1804819+08:00","23760","70468","python.exe","True","0.141","22.9","2026/7/29 15:19:17","""C:\Users\Administrator\AppData\Roaming\uv\python\cpython-3.11-windows-x86_64-none\python.exe""  D:\Clackly\resolve-command-center\bridge\server.py"
"2026-07-29T15:22:55.1804819+08:00","3328","35252","node.exe","True","0.062","47.3","2026/7/29 15:19:19","""node""   ""D:\Clackly\resolve-command-center\node_modules\.bin\\..\electron\cli.js"" ."
"2026-07-29T15:22:55.1804819+08:00","50784","3328","electron.exe","True","1.797","100.9","2026/7/29 15:19:19","D:\Clackly\resolve-command-center\node_modules\electron\dist\electron.exe ."
"2026-07-29T15:22:55.1804819+08:00","66788","50784","electron.exe","True","0.406","90.7","2026/7/29 15:19:19","""D:\Clackly\resolve-command-center\node_modules\electron\dist\electron.exe"" --type=gpu-process --user-data-dir=""C:\Users\Administrator\AppData\Roaming\clackly"" --gpu-preferences=UAAAAAAAAADgAAAEAAAAAAAAAAAAAGAAOAAAAAAAAAABAAAAAAAAAAAAAAAAAAAAAgAAAAAAAAAAAAAAAAAAABgAAAAAAAAAGAAAAAAAAAAIAAAAAAAAAAgAAAAAAAAACAAAAAAAAAA= --field-trial-handle=2196,i,12658543882519034140,1049900951455408011,262144 --enable-features=PdfUseShowSaveFilePicker --disable-features=DropInputEventsWhilePaintHolding,LocalNetworkAccessChecks,NetworkServiceSandbox,ScreenAIOCREnabled,SpareRendererForSitePerProcess,TraceSiteInstanceGetProcessCreation --variations-seed-version --pseudonymization-salt-handle=2192,i,15495027039908561937,2505952963138778894,4 --trace-process-track-uuid=3190708988185955192 --mojo-platform-channel-handle=2184 /prefetch:2"
"2026-07-29T15:22:55.1804819+08:00","47260","50784","electron.exe","True","0.078","42.3","2026/7/29 15:19:19","""D:\Clackly\resolve-command-center\node_modules\electron\dist\electron.exe"" --type=utility --utility-sub-type=network.mojom.NetworkService --lang=zh-CN --service-sandbox-type=none --user-data-dir=""C:\Users\Administrator\AppData\Roaming\clackly"" --field-trial-handle=2196,i,12658543882519034140,1049900951455408011,262144 --enable-features=PdfUseShowSaveFilePicker --disable-features=DropInputEventsWhilePaintHolding,LocalNetworkAccessChecks,NetworkServiceSandbox,ScreenAIOCREnabled,SpareRendererForSitePerProcess,TraceSiteInstanceGetProcessCreation --variations-seed-version --pseudonymization-salt-handle=2192,i,15495027039908561937,2505952963138778894,4 --trace-process-track-uuid=3190708989122997041 --mojo-platform-channel-handle=2364 /prefetch:11"
"2026-07-29T15:22:55.1804819+08:00","83820","50784","electron.exe","True","0.125","84.8","2026/7/29 15:19:19","""D:\Clackly\resolve-command-center\node_modules\electron\dist\electron.exe"" --type=renderer --user-data-dir=""C:\Users\Administrator\AppData\Roaming\clackly"" --app-path=""D:\Clackly\resolve-command-center"" --no-sandbox --no-zygote --video-capture-use-gpu-memory-buffer --lang=zh-CN --device-scale-factor=1 --num-raster-threads=4 --enable-main-frame-before-activation --renderer-client-id=4 --time-ticks-at-unix-epoch=-1783908236192501 --launch-time-ticks=1401323289119 --field-trial-handle=2196,i,12658543882519034140,1049900951455408011,262144 --enable-features=PdfUseShowSaveFilePicker --disable-features=DropInputEventsWhilePaintHolding,LocalNetworkAccessChecks,NetworkServiceSandbox,ScreenAIOCREnabled,SpareRendererForSitePerProcess,TraceSiteInstanceGetProcessCreation --variations-seed-version --pseudonymization-salt-handle=2192,i,15495027039908561937,2505952963138778894,4 --trace-process-track-uuid=3190708990060038890 --mojo-platform-channel-handle=3472 /prefetch:1"
"2026-07-29T15:22:55.1804819+08:00","14192","17532","Resolve.exe","True","62.828","2382.8","2026/7/29 15:20:28","""C:\Program Files\Blackmagic Design\DaVinci Resolve\Resolve.exe"" "
"2026-07-29T15:22:56.3382536+08:00","70468","57316","python.exe","True","0.031","5.7","2026/7/29 15:19:17","C:\Users\Administrator\AppData\Local\hermes\hermes-agent\venv\Scripts\python.exe D:\Clackly\resolve-command-center\bridge\server.py"
"2026-07-29T15:22:56.3382536+08:00","23760","70468","python.exe","True","0.141","22.9","2026/7/29 15:19:17","""C:\Users\Administrator\AppData\Roaming\uv\python\cpython-3.11-windows-x86_64-none\python.exe""  D:\Clackly\resolve-command-center\bridge\server.py"
"2026-07-29T15:22:56.3382536+08:00","3328","35252","node.exe","True","0.062","47.3","2026/7/29 15:19:19","""node""   ""D:\Clackly\resolve-command-center\node_modules\.bin\\..\electron\cli.js"" ."
"2026-07-29T15:22:56.3382536+08:00","50784","3328","electron.exe","True","1.797","100.9","2026/7/29 15:19:19","D:\Clackly\resolve-command-center\node_modules\electron\dist\electron.exe ."
"2026-07-29T15:22:56.3382536+08:00","66788","50784","electron.exe","True","0.406","90.7","2026/7/29 15:19:19","""D:\Clackly\resolve-command-center\node_modules\electron\dist\electron.exe"" --type=gpu-process --user-data-dir=""C:\Users\Administrator\AppData\Roaming\clackly"" --gpu-preferences=UAAAAAAAAADgAAAEAAAAAAAAAAAAAGAAOAAAAAAAAAABAAAAAAAAAAAAAAAAAAAAAgAAAAAAAAAAAAAAAAAAABgAAAAAAAAAGAAAAAAAAAAIAAAAAAAAAAgAAAAAAAAACAAAAAAAAAA= --field-trial-handle=2196,i,12658543882519034140,1049900951455408011,262144 --enable-features=PdfUseShowSaveFilePicker --disable-features=DropInputEventsWhilePaintHolding,LocalNetworkAccessChecks,NetworkServiceSandbox,ScreenAIOCREnabled,SpareRendererForSitePerProcess,TraceSiteInstanceGetProcessCreation --variations-seed-version --pseudonymization-salt-handle=2192,i,15495027039908561937,2505952963138778894,4 --trace-process-track-uuid=3190708988185955192 --mojo-platform-channel-handle=2184 /prefetch:2"
"2026-07-29T15:22:56.3382536+08:00","47260","50784","electron.exe","True","0.078","42.3","2026/7/29 15:19:19","""D:\Clackly\resolve-command-center\node_modules\electron\dist\electron.exe"" --type=utility --utility-sub-type=network.mojom.NetworkService --lang=zh-CN --service-sandbox-type=none --user-data-dir=""C:\Users\Administrator\AppData\Roaming\clackly"" --field-trial-handle=2196,i,12658543882519034140,1049900951455408011,262144 --enable-features=PdfUseShowSaveFilePicker --disable-features=DropInputEventsWhilePaintHolding,LocalNetworkAccessChecks,NetworkServiceSandbox,ScreenAIOCREnabled,SpareRendererForSitePerProcess,TraceSiteInstanceGetProcessCreation --variations-seed-version --pseudonymization-salt-handle=2192,i,15495027039908561937,2505952963138778894,4 --trace-process-track-uuid=3190708989122997041 --mojo-platform-channel-handle=2364 /prefetch:11"
"2026-07-29T15:22:56.3382536+08:00","83820","50784","electron.exe","True","0.125","84.8","2026/7/29 15:19:19","""D:\Clackly\resolve-command-center\node_modules\electron\dist\electron.exe"" --type=renderer --user-data-dir=""C:\Users\Administrator\AppData\Roaming\clackly"" --app-path=""D:\Clackly\resolve-command-center"" --no-sandbox --no-zygote --video-capture-use-gpu-memory-buffer --lang=zh-CN --device-scale-factor=1 --num-raster-threads=4 --enable-main-frame-before-activation --renderer-client-id=4 --time-ticks-at-unix-epoch=-1783908236192501 --launch-time-ticks=1401323289119 --field-trial-handle=2196,i,12658543882519034140,1049900951455408011,262144 --enable-features=PdfUseShowSaveFilePicker --disable-features=DropInputEventsWhilePaintHolding,LocalNetworkAccessChecks,NetworkServiceSandbox,ScreenAIOCREnabled,SpareRendererForSitePerProcess,TraceSiteInstanceGetProcessCreation --variations-seed-version --pseudonymization-salt-handle=2192,i,15495027039908561937,2505952963138778894,4 --trace-process-track-uuid=3190708990060038890 --mojo-platform-channel-handle=3472 /prefetch:1"
"2026-07-29T15:22:56.3382536+08:00","14192","17532","Resolve.exe","True","62.875","2382.8","2026/7/29 15:20:28","""C:\Program Files\Blackmagic Design\DaVinci Resolve\Resolve.exe"" "
"2026-07-29T15:22:57.5204940+08:00","70468","57316","python.exe","True","0.031","5.7","2026/7/29 15:19:17","C:\Users\Administrator\AppData\Local\hermes\hermes-agent\venv\Scripts\python.exe D:\Clackly\resolve-command-center\bridge\server.py"
"2026-07-29T15:22:57.5204940+08:00","23760","70468","python.exe","True","0.141","22.9","2026/7/29 15:19:17","""C:\Users\Administrator\AppData\Roaming\uv\python\cpython-3.11-windows-x86_64-none\python.exe""  D:\Clackly\resolve-command-center\bridge\server.py"
"2026-07-29T15:22:57.5204940+08:00","3328","35252","node.exe","True","0.062","47.3","2026/7/29 15:19:19","""node""   ""D:\Clackly\resolve-command-center\node_modules\.bin\\..\electron\cli.js"" ."
"2026-07-29T15:22:57.5204940+08:00","50784","3328","electron.exe","True","1.797","100.9","2026/7/29 15:19:19","D:\Clackly\resolve-command-center\node_modules\electron\dist\electron.exe ."
"2026-07-29T15:22:57.5204940+08:00","66788","50784","electron.exe","True","0.406","90.7","2026/7/29 15:19:19","""D:\Clackly\resolve-command-center\node_modules\electron\dist\electron.exe"" --type=gpu-process --user-data-dir=""C:\Users\Administrator\AppData\Roaming\clackly"" --gpu-preferences=UAAAAAAAAADgAAAEAAAAAAAAAAAAAGAAOAAAAAAAAAABAAAAAAAAAAAAAAAAAAAAAgAAAAAAAAAAAAAAAAAAABgAAAAAAAAAGAAAAAAAAAAIAAAAAAAAAAgAAAAAAAAACAAAAAAAAAA= --field-trial-handle=2196,i,12658543882519034140,1049900951455408011,262144 --enable-features=PdfUseShowSaveFilePicker --disable-features=DropInputEventsWhilePaintHolding,LocalNetworkAccessChecks,NetworkServiceSandbox,ScreenAIOCREnabled,SpareRendererForSitePerProcess,TraceSiteInstanceGetProcessCreation --variations-seed-version --pseudonymization-salt-handle=2192,i,15495027039908561937,2505952963138778894,4 --trace-process-track-uuid=3190708988185955192 --mojo-platform-channel-handle=2184 /prefetch:2"
"2026-07-29T15:22:57.5204940+08:00","47260","50784","electron.exe","True","0.078","42.3","2026/7/29 15:19:19","""D:\Clackly\resolve-command-center\node_modules\electron\dist\electron.exe"" --type=utility --utility-sub-type=network.mojom.NetworkService --lang=zh-CN --service-sandbox-type=none --user-data-dir=""C:\Users\Administrator\AppData\Roaming\clackly"" --field-trial-handle=2196,i,12658543882519034140,1049900951455408011,262144 --enable-features=PdfUseShowSaveFilePicker --disable-features=DropInputEventsWhilePaintHolding,LocalNetworkAccessChecks,NetworkServiceSandbox,ScreenAIOCREnabled,SpareRendererForSitePerProcess,TraceSiteInstanceGetProcessCreation --variations-seed-version --pseudonymization-salt-handle=2192,i,15495027039908561937,2505952963138778894,4 --trace-process-track-uuid=3190708989122997041 --mojo-platform-channel-handle=2364 /prefetch:11"
"2026-07-29T15:22:57.5204940+08:00","83820","50784","electron.exe","True","0.125","84.8","2026/7/29 15:19:19","""D:\Clackly\resolve-command-center\node_modules\electron\dist\electron.exe"" --type=renderer --user-data-dir=""C:\Users\Administrator\AppData\Roaming\clackly"" --app-path=""D:\Clackly\resolve-command-center"" --no-sandbox --no-zygote --video-capture-use-gpu-memory-buffer --lang=zh-CN --device-scale-factor=1 --num-raster-threads=4 --enable-main-frame-before-activation --renderer-client-id=4 --time-ticks-at-unix-epoch=-1783908236192501 --launch-time-ticks=1401323289119 --field-trial-handle=2196,i,12658543882519034140,1049900951455408011,262144 --enable-features=PdfUseShowSaveFilePicker --disable-features=DropInputEventsWhilePaintHolding,LocalNetworkAccessChecks,NetworkServiceSandbox,ScreenAIOCREnabled,SpareRendererForSitePerProcess,TraceSiteInstanceGetProcessCreation --variations-seed-version --pseudonymization-salt-handle=2192,i,15495027039908561937,2505952963138778894,4 --trace-process-track-uuid=3190708990060038890 --mojo-platform-channel-handle=3472 /prefetch:1"
"2026-07-29T15:22:57.5204940+08:00","14192","17532","Resolve.exe","True","63.016","2382.8","2026/7/29 15:20:28","""C:\Program Files\Blackmagic Design\DaVinci Resolve\Resolve.exe"" "
"2026-07-29T15:22:58.6758404+08:00","70468","57316","python.exe","True","0.031","5.7","2026/7/29 15:19:17","C:\Users\Administrator\AppData\Local\hermes\hermes-agent\venv\Scripts\python.exe D:\Clackly\resolve-command-center\bridge\server.py"
"2026-07-29T15:22:58.6758404+08:00","23760","70468","python.exe","True","0.141","22.9","2026/7/29 15:19:17","""C:\Users\Administrator\AppData\Roaming\uv\python\cpython-3.11-windows-x86_64-none\python.exe""  D:\Clackly\resolve-command-center\bridge\server.py"
"2026-07-29T15:22:58.6758404+08:00","3328","35252","node.exe","True","0.062","47.3","2026/7/29 15:19:19","""node""   ""D:\Clackly\resolve-command-center\node_modules\.bin\\..\electron\cli.js"" ."
"2026-07-29T15:22:58.6758404+08:00","50784","3328","electron.exe","True","1.797","100.9","2026/7/29 15:19:19","D:\Clackly\resolve-command-center\node_modules\electron\dist\electron.exe ."
"2026-07-29T15:22:58.6758404+08:00","66788","50784","electron.exe","True","0.406","90.7","2026/7/29 15:19:19","""D:\Clackly\resolve-command-center\node_modules\electron\dist\electron.exe"" --type=gpu-process --user-data-dir=""C:\Users\Administrator\AppData\Roaming\clackly"" --gpu-preferences=UAAAAAAAAADgAAAEAAAAAAAAAAAAAGAAOAAAAAAAAAABAAAAAAAAAAAAAAAAAAAAAgAAAAAAAAAAAAAAAAAAABgAAAAAAAAAGAAAAAAAAAAIAAAAAAAAAAgAAAAAAAAACAAAAAAAAAA= --field-trial-handle=2196,i,12658543882519034140,1049900951455408011,262144 --enable-features=PdfUseShowSaveFilePicker --disable-features=DropInputEventsWhilePaintHolding,LocalNetworkAccessChecks,NetworkServiceSandbox,ScreenAIOCREnabled,SpareRendererForSitePerProcess,TraceSiteInstanceGetProcessCreation --variations-seed-version --pseudonymization-salt-handle=2192,i,15495027039908561937,2505952963138778894,4 --trace-process-track-uuid=3190708988185955192 --mojo-platform-channel-handle=2184 /prefetch:2"
"2026-07-29T15:22:58.6758404+08:00","47260","50784","electron.exe","True","0.078","42.3","2026/7/29 15:19:19","""D:\Clackly\resolve-command-center\node_modules\electron\dist\electron.exe"" --type=utility --utility-sub-type=network.mojom.NetworkService --lang=zh-CN --service-sandbox-type=none --user-data-dir=""C:\Users\Administrator\AppData\Roaming\clackly"" --field-trial-handle=2196,i,12658543882519034140,1049900951455408011,262144 --enable-features=PdfUseShowSaveFilePicker --disable-features=DropInputEventsWhilePaintHolding,LocalNetworkAccessChecks,NetworkServiceSandbox,ScreenAIOCREnabled,SpareRendererForSitePerProcess,TraceSiteInstanceGetProcessCreation --variations-seed-version --pseudonymization-salt-handle=2192,i,15495027039908561937,2505952963138778894,4 --trace-process-track-uuid=3190708989122997041 --mojo-platform-channel-handle=2364 /prefetch:11"
"2026-07-29T15:22:58.6758404+08:00","83820","50784","electron.exe","True","0.125","84.8","2026/7/29 15:19:19","""D:\Clackly\resolve-command-center\node_modules\electron\dist\electron.exe"" --type=renderer --user-data-dir=""C:\Users\Administrator\AppData\Roaming\clackly"" --app-path=""D:\Clackly\resolve-command-center"" --no-sandbox --no-zygote --video-capture-use-gpu-memory-buffer --lang=zh-CN --device-scale-factor=1 --num-raster-threads=4 --enable-main-frame-before-activation --renderer-client-id=4 --time-ticks-at-unix-epoch=-1783908236192501 --launch-time-ticks=1401323289119 --field-trial-handle=2196,i,12658543882519034140,1049900951455408011,262144 --enable-features=PdfUseShowSaveFilePicker --disable-features=DropInputEventsWhilePaintHolding,LocalNetworkAccessChecks,NetworkServiceSandbox,ScreenAIOCREnabled,SpareRendererForSitePerProcess,TraceSiteInstanceGetProcessCreation --variations-seed-version --pseudonymization-salt-handle=2192,i,15495027039908561937,2505952963138778894,4 --trace-process-track-uuid=3190708990060038890 --mojo-platform-channel-handle=3472 /prefetch:1"
"2026-07-29T15:22:58.6758404+08:00","14192","17532","Resolve.exe","True","63.031","2382.8","2026/7/29 15:20:28","""C:\Program Files\Blackmagic Design\DaVinci Resolve\Resolve.exe"" "
"2026-07-29T15:22:59.8434715+08:00","70468","57316","python.exe","True","0.031","5.7","2026/7/29 15:19:17","C:\Users\Administrator\AppData\Local\hermes\hermes-agent\venv\Scripts\python.exe D:\Clackly\resolve-command-center\bridge\server.py"
"2026-07-29T15:22:59.8434715+08:00","23760","70468","python.exe","True","0.141","22.9","2026/7/29 15:19:17","""C:\Users\Administrator\AppData\Roaming\uv\python\cpython-3.11-windows-x86_64-none\python.exe""  D:\Clackly\resolve-command-center\bridge\server.py"
"2026-07-29T15:22:59.8434715+08:00","3328","35252","node.exe","True","0.062","47.3","2026/7/29 15:19:19","""node""   ""D:\Clackly\resolve-command-center\node_modules\.bin\\..\electron\cli.js"" ."
"2026-07-29T15:22:59.8434715+08:00","50784","3328","electron.exe","True","1.797","100.9","2026/7/29 15:19:19","D:\Clackly\resolve-command-center\node_modules\electron\dist\electron.exe ."
"2026-07-29T15:22:59.8434715+08:00","66788","50784","electron.exe","True","0.406","90.7","2026/7/29 15:19:19","""D:\Clackly\resolve-command-center\node_modules\electron\dist\electron.exe"" --type=gpu-process --user-data-dir=""C:\Users\Administrator\AppData\Roaming\clackly"" --gpu-preferences=UAAAAAAAAADgAAAEAAAAAAAAAAAAAGAAOAAAAAAAAAABAAAAAAAAAAAAAAAAAAAAAgAAAAAAAAAAAAAAAAAAABgAAAAAAAAAGAAAAAAAAAAIAAAAAAAAAAgAAAAAAAAACAAAAAAAAAA= --field-trial-handle=2196,i,12658543882519034140,1049900951455408011,262144 --enable-features=PdfUseShowSaveFilePicker --disable-features=DropInputEventsWhilePaintHolding,LocalNetworkAccessChecks,NetworkServiceSandbox,ScreenAIOCREnabled,SpareRendererForSitePerProcess,TraceSiteInstanceGetProcessCreation --variations-seed-version --pseudonymization-salt-handle=2192,i,15495027039908561937,2505952963138778894,4 --trace-process-track-uuid=3190708988185955192 --mojo-platform-channel-handle=2184 /prefetch:2"
"2026-07-29T15:22:59.8434715+08:00","47260","50784","electron.exe","True","0.078","42.3","2026/7/29 15:19:19","""D:\Clackly\resolve-command-center\node_modules\electron\dist\electron.exe"" --type=utility --utility-sub-type=network.mojom.NetworkService --lang=zh-CN --service-sandbox-type=none --user-data-dir=""C:\Users\Administrator\AppData\Roaming\clackly"" --field-trial-handle=2196,i,12658543882519034140,1049900951455408011,262144 --enable-features=PdfUseShowSaveFilePicker --disable-features=DropInputEventsWhilePaintHolding,LocalNetworkAccessChecks,NetworkServiceSandbox,ScreenAIOCREnabled,SpareRendererForSitePerProcess,TraceSiteInstanceGetProcessCreation --variations-seed-version --pseudonymization-salt-handle=2192,i,15495027039908561937,2505952963138778894,4 --trace-process-track-uuid=3190708989122997041 --mojo-platform-channel-handle=2364 /prefetch:11"
"2026-07-29T15:22:59.8434715+08:00","83820","50784","electron.exe","True","0.125","84.4","2026/7/29 15:19:19","""D:\Clackly\resolve-command-center\node_modules\electron\dist\electron.exe"" --type=renderer --user-data-dir=""C:\Users\Administrator\AppData\Roaming\clackly"" --app-path=""D:\Clackly\resolve-command-center"" --no-sandbox --no-zygote --video-capture-use-gpu-memory-buffer --lang=zh-CN --device-scale-factor=1 --num-raster-threads=4 --enable-main-frame-before-activation --renderer-client-id=4 --time-ticks-at-unix-epoch=-1783908236192501 --launch-time-ticks=1401323289119 --field-trial-handle=2196,i,12658543882519034140,1049900951455408011,262144 --enable-features=PdfUseShowSaveFilePicker --disable-features=DropInputEventsWhilePaintHolding,LocalNetworkAccessChecks,NetworkServiceSandbox,ScreenAIOCREnabled,SpareRendererForSitePerProcess,TraceSiteInstanceGetProcessCreation --variations-seed-version --pseudonymization-salt-handle=2192,i,15495027039908561937,2505952963138778894,4 --trace-process-track-uuid=3190708990060038890 --mojo-platform-channel-handle=3472 /prefetch:1"
"2026-07-29T15:22:59.8434715+08:00","14192","17532","Resolve.exe","True","63.062","2382.8","2026/7/29 15:20:28","""C:\Program Files\Blackmagic Design\DaVinci Resolve\Resolve.exe"" "
"2026-07-29T15:23:01.0142653+08:00","70468","57316","python.exe","True","0.031","5.7","2026/7/29 15:19:17","C:\Users\Administrator\AppData\Local\hermes\hermes-agent\venv\Scripts\python.exe D:\Clackly\resolve-command-center\bridge\server.py"
"2026-07-29T15:23:01.0142653+08:00","23760","70468","python.exe","True","0.141","22.9","2026/7/29 15:19:17","""C:\Users\Administrator\AppData\Roaming\uv\python\cpython-3.11-windows-x86_64-none\python.exe""  D:\Clackly\resolve-command-center\bridge\server.py"
"2026-07-29T15:23:01.0142653+08:00","3328","35252","node.exe","True","0.062","47.3","2026/7/29 15:19:19","""node""   ""D:\Clackly\resolve-command-center\node_modules\.bin\\..\electron\cli.js"" ."
"2026-07-29T15:23:01.0142653+08:00","50784","3328","electron.exe","True","1.797","100.9","2026/7/29 15:19:19","D:\Clackly\resolve-command-center\node_modules\electron\dist\electron.exe ."
"2026-07-29T15:23:01.0142653+08:00","66788","50784","electron.exe","True","0.406","90.7","2026/7/29 15:19:19","""D:\Clackly\resolve-command-center\node_modules\electron\dist\electron.exe"" --type=gpu-process --user-data-dir=""C:\Users\Administrator\AppData\Roaming\clackly"" --gpu-preferences=UAAAAAAAAADgAAAEAAAAAAAAAAAAAGAAOAAAAAAAAAABAAAAAAAAAAAAAAAAAAAAAgAAAAAAAAAAAAAAAAAAABgAAAAAAAAAGAAAAAAAAAAIAAAAAAAAAAgAAAAAAAAACAAAAAAAAAA= --field-trial-handle=2196,i,12658543882519034140,1049900951455408011,262144 --enable-features=PdfUseShowSaveFilePicker --disable-features=DropInputEventsWhilePaintHolding,LocalNetworkAccessChecks,NetworkServiceSandbox,ScreenAIOCREnabled,SpareRendererForSitePerProcess,TraceSiteInstanceGetProcessCreation --variations-seed-version --pseudonymization-salt-handle=2192,i,15495027039908561937,2505952963138778894,4 --trace-process-track-uuid=3190708988185955192 --mojo-platform-channel-handle=2184 /prefetch:2"
"2026-07-29T15:23:01.0142653+08:00","47260","50784","electron.exe","True","0.078","42.3","2026/7/29 15:19:19","""D:\Clackly\resolve-command-center\node_modules\electron\dist\electron.exe"" --type=utility --utility-sub-type=network.mojom.NetworkService --lang=zh-CN --service-sandbox-type=none --user-data-dir=""C:\Users\Administrator\AppData\Roaming\clackly"" --field-trial-handle=2196,i,12658543882519034140,1049900951455408011,262144 --enable-features=PdfUseShowSaveFilePicker --disable-features=DropInputEventsWhilePaintHolding,LocalNetworkAccessChecks,NetworkServiceSandbox,ScreenAIOCREnabled,SpareRendererForSitePerProcess,TraceSiteInstanceGetProcessCreation --variations-seed-version --pseudonymization-salt-handle=2192,i,15495027039908561937,2505952963138778894,4 --trace-process-track-uuid=3190708989122997041 --mojo-platform-channel-handle=2364 /prefetch:11"
"2026-07-29T15:23:01.0142653+08:00","83820","50784","electron.exe","True","0.125","84.4","2026/7/29 15:19:19","""D:\Clackly\resolve-command-center\node_modules\electron\dist\electron.exe"" --type=renderer --user-data-dir=""C:\Users\Administrator\AppData\Roaming\clackly"" --app-path=""D:\Clackly\resolve-command-center"" --no-sandbox --no-zygote --video-capture-use-gpu-memory-buffer --lang=zh-CN --device-scale-factor=1 --num-raster-threads=4 --enable-main-frame-before-activation --renderer-client-id=4 --time-ticks-at-unix-epoch=-1783908236192501 --launch-time-ticks=1401323289119 --field-trial-handle=2196,i,12658543882519034140,1049900951455408011,262144 --enable-features=PdfUseShowSaveFilePicker --disable-features=DropInputEventsWhilePaintHolding,LocalNetworkAccessChecks,NetworkServiceSandbox,ScreenAIOCREnabled,SpareRendererForSitePerProcess,TraceSiteInstanceGetProcessCreation --variations-seed-version --pseudonymization-salt-handle=2192,i,15495027039908561937,2505952963138778894,4 --trace-process-track-uuid=3190708990060038890 --mojo-platform-channel-handle=3472 /prefetch:1"
"2026-07-29T15:23:01.0142653+08:00","14192","17532","Resolve.exe","True","63.078","2382.8","2026/7/29 15:20:28","""C:\Program Files\Blackmagic Design\DaVinci Resolve\Resolve.exe"" "
"2026-07-29T15:23:02.2302745+08:00","70468","57316","python.exe","True","0.031","5.7","2026/7/29 15:19:17","C:\Users\Administrator\AppData\Local\hermes\hermes-agent\venv\Scripts\python.exe D:\Clackly\resolve-command-center\bridge\server.py"
"2026-07-29T15:23:02.2302745+08:00","23760","70468","python.exe","True","0.141","22.9","2026/7/29 15:19:17","""C:\Users\Administrator\AppData\Roaming\uv\python\cpython-3.11-windows-x86_64-none\python.exe""  D:\Clackly\resolve-command-center\bridge\server.py"
"2026-07-29T15:23:02.2302745+08:00","3328","35252","node.exe","True","0.062","47.3","2026/7/29 15:19:19","""node""   ""D:\Clackly\resolve-command-center\node_modules\.bin\\..\electron\cli.js"" ."
"2026-07-29T15:23:02.2302745+08:00","50784","3328","electron.exe","True","1.797","100.9","2026/7/29 15:19:19","D:\Clackly\resolve-command-center\node_modules\electron\dist\electron.exe ."
"2026-07-29T15:23:02.2302745+08:00","66788","50784","electron.exe","True","0.406","90.7","2026/7/29 15:19:19","""D:\Clackly\resolve-command-center\node_modules\electron\dist\electron.exe"" --type=gpu-process --user-data-dir=""C:\Users\Administrator\AppData\Roaming\clackly"" --gpu-preferences=UAAAAAAAAADgAAAEAAAAAAAAAAAAAGAAOAAAAAAAAAABAAAAAAAAAAAAAAAAAAAAAgAAAAAAAAAAAAAAAAAAABgAAAAAAAAAGAAAAAAAAAAIAAAAAAAAAAgAAAAAAAAACAAAAAAAAAA= --field-trial-handle=2196,i,12658543882519034140,1049900951455408011,262144 --enable-features=PdfUseShowSaveFilePicker --disable-features=DropInputEventsWhilePaintHolding,LocalNetworkAccessChecks,NetworkServiceSandbox,ScreenAIOCREnabled,SpareRendererForSitePerProcess,TraceSiteInstanceGetProcessCreation --variations-seed-version --pseudonymization-salt-handle=2192,i,15495027039908561937,2505952963138778894,4 --trace-process-track-uuid=3190708988185955192 --mojo-platform-channel-handle=2184 /prefetch:2"
"2026-07-29T15:23:02.2302745+08:00","47260","50784","electron.exe","True","0.078","42.3","2026/7/29 15:19:19","""D:\Clackly\resolve-command-center\node_modules\electron\dist\electron.exe"" --type=utility --utility-sub-type=network.mojom.NetworkService --lang=zh-CN --service-sandbox-type=none --user-data-dir=""C:\Users\Administrator\AppData\Roaming\clackly"" --field-trial-handle=2196,i,12658543882519034140,1049900951455408011,262144 --enable-features=PdfUseShowSaveFilePicker --disable-features=DropInputEventsWhilePaintHolding,LocalNetworkAccessChecks,NetworkServiceSandbox,ScreenAIOCREnabled,SpareRendererForSitePerProcess,TraceSiteInstanceGetProcessCreation --variations-seed-version --pseudonymization-salt-handle=2192,i,15495027039908561937,2505952963138778894,4 --trace-process-track-uuid=3190708989122997041 --mojo-platform-channel-handle=2364 /prefetch:11"
"2026-07-29T15:23:02.2302745+08:00","83820","50784","electron.exe","True","0.125","84.4","2026/7/29 15:19:19","""D:\Clackly\resolve-command-center\node_modules\electron\dist\electron.exe"" --type=renderer --user-data-dir=""C:\Users\Administrator\AppData\Roaming\clackly"" --app-path=""D:\Clackly\resolve-command-center"" --no-sandbox --no-zygote --video-capture-use-gpu-memory-buffer --lang=zh-CN --device-scale-factor=1 --num-raster-threads=4 --enable-main-frame-before-activation --renderer-client-id=4 --time-ticks-at-unix-epoch=-1783908236192501 --launch-time-ticks=1401323289119 --field-trial-handle=2196,i,12658543882519034140,1049900951455408011,262144 --enable-features=PdfUseShowSaveFilePicker --disable-features=DropInputEventsWhilePaintHolding,LocalNetworkAccessChecks,NetworkServiceSandbox,ScreenAIOCREnabled,SpareRendererForSitePerProcess,TraceSiteInstanceGetProcessCreation --variations-seed-version --pseudonymization-salt-handle=2192,i,15495027039908561937,2505952963138778894,4 --trace-process-track-uuid=3190708990060038890 --mojo-platform-channel-handle=3472 /prefetch:1"
"2026-07-29T15:23:02.2302745+08:00","14192","17532","Resolve.exe","True","63.281","2382.8","2026/7/29 15:20:28","""C:\Program Files\Blackmagic Design\DaVinci Resolve\Resolve.exe"" "
"2026-07-29T15:23:03.3905714+08:00","70468","57316","python.exe","True","0.031","5.7","2026/7/29 15:19:17","C:\Users\Administrator\AppData\Local\hermes\hermes-agent\venv\Scripts\python.exe D:\Clackly\resolve-command-center\bridge\server.py"
"2026-07-29T15:23:03.3905714+08:00","23760","70468","python.exe","True","0.141","22.9","2026/7/29 15:19:17","""C:\Users\Administrator\AppData\Roaming\uv\python\cpython-3.11-windows-x86_64-none\python.exe""  D:\Clackly\resolve-command-center\bridge\server.py"
"2026-07-29T15:23:03.3905714+08:00","3328","35252","node.exe","True","0.062","47.3","2026/7/29 15:19:19","""node""   ""D:\Clackly\resolve-command-center\node_modules\.bin\\..\electron\cli.js"" ."
"2026-07-29T15:23:03.3905714+08:00","50784","3328","electron.exe","True","1.797","100.9","2026/7/29 15:19:19","D:\Clackly\resolve-command-center\node_modules\electron\dist\electron.exe ."
"2026-07-29T15:23:03.3905714+08:00","66788","50784","electron.exe","True","0.406","90.7","2026/7/29 15:19:19","""D:\Clackly\resolve-command-center\node_modules\electron\dist\electron.exe"" --type=gpu-process --user-data-dir=""C:\Users\Administrator\AppData\Roaming\clackly"" --gpu-preferences=UAAAAAAAAADgAAAEAAAAAAAAAAAAAGAAOAAAAAAAAAABAAAAAAAAAAAAAAAAAAAAAgAAAAAAAAAAAAAAAAAAABgAAAAAAAAAGAAAAAAAAAAIAAAAAAAAAAgAAAAAAAAACAAAAAAAAAA= --field-trial-handle=2196,i,12658543882519034140,1049900951455408011,262144 --enable-features=PdfUseShowSaveFilePicker --disable-features=DropInputEventsWhilePaintHolding,LocalNetworkAccessChecks,NetworkServiceSandbox,ScreenAIOCREnabled,SpareRendererForSitePerProcess,TraceSiteInstanceGetProcessCreation --variations-seed-version --pseudonymization-salt-handle=2192,i,15495027039908561937,2505952963138778894,4 --trace-process-track-uuid=3190708988185955192 --mojo-platform-channel-handle=2184 /prefetch:2"
"2026-07-29T15:23:03.3905714+08:00","47260","50784","electron.exe","True","0.078","42.3","2026/7/29 15:19:19","""D:\Clackly\resolve-command-center\node_modules\electron\dist\electron.exe"" --type=utility --utility-sub-type=network.mojom.NetworkService --lang=zh-CN --service-sandbox-type=none --user-data-dir=""C:\Users\Administrator\AppData\Roaming\clackly"" --field-trial-handle=2196,i,12658543882519034140,1049900951455408011,262144 --enable-features=PdfUseShowSaveFilePicker --disable-features=DropInputEventsWhilePaintHolding,LocalNetworkAccessChecks,NetworkServiceSandbox,ScreenAIOCREnabled,SpareRendererForSitePerProcess,TraceSiteInstanceGetProcessCreation --variations-seed-version --pseudonymization-salt-handle=2192,i,15495027039908561937,2505952963138778894,4 --trace-process-track-uuid=3190708989122997041 --mojo-platform-channel-handle=2364 /prefetch:11"
"2026-07-29T15:23:03.3905714+08:00","83820","50784","electron.exe","True","0.125","84.4","2026/7/29 15:19:19","""D:\Clackly\resolve-command-center\node_modules\electron\dist\electron.exe"" --type=renderer --user-data-dir=""C:\Users\Administrator\AppData\Roaming\clackly"" --app-path=""D:\Clackly\resolve-command-center"" --no-sandbox --no-zygote --video-capture-use-gpu-memory-buffer --lang=zh-CN --device-scale-factor=1 --num-raster-threads=4 --enable-main-frame-before-activation --renderer-client-id=4 --time-ticks-at-unix-epoch=-1783908236192501 --launch-time-ticks=1401323289119 --field-trial-handle=2196,i,12658543882519034140,1049900951455408011,262144 --enable-features=PdfUseShowSaveFilePicker --disable-features=DropInputEventsWhilePaintHolding,LocalNetworkAccessChecks,NetworkServiceSandbox,ScreenAIOCREnabled,SpareRendererForSitePerProcess,TraceSiteInstanceGetProcessCreation --variations-seed-version --pseudonymization-salt-handle=2192,i,15495027039908561937,2505952963138778894,4 --trace-process-track-uuid=3190708990060038890 --mojo-platform-channel-handle=3472 /prefetch:1"
"2026-07-29T15:23:03.3905714+08:00","14192","17532","Resolve.exe","True","63.391","2382.8","2026/7/29 15:20:28","""C:\Program Files\Blackmagic Design\DaVinci Resolve\Resolve.exe"" "
"2026-07-29T15:23:04.5679169+08:00","70468","57316","python.exe","True","0.031","5.7","2026/7/29 15:19:17","C:\Users\Administrator\AppData\Local\hermes\hermes-agent\venv\Scripts\python.exe D:\Clackly\resolve-command-center\bridge\server.py"
"2026-07-29T15:23:04.5679169+08:00","23760","70468","python.exe","True","0.141","22.9","2026/7/29 15:19:17","""C:\Users\Administrator\AppData\Roaming\uv\python\cpython-3.11-windows-x86_64-none\python.exe""  D:\Clackly\resolve-command-center\bridge\server.py"
"2026-07-29T15:23:04.5679169+08:00","3328","35252","node.exe","True","0.062","47.3","2026/7/29 15:19:19","""node""   ""D:\Clackly\resolve-command-center\node_modules\.bin\\..\electron\cli.js"" ."
"2026-07-29T15:23:04.5679169+08:00","50784","3328","electron.exe","True","1.797","100.9","2026/7/29 15:19:19","D:\Clackly\resolve-command-center\node_modules\electron\dist\electron.exe ."
"2026-07-29T15:23:04.5679169+08:00","66788","50784","electron.exe","True","0.406","90.7","2026/7/29 15:19:19","""D:\Clackly\resolve-command-center\node_modules\electron\dist\electron.exe"" --type=gpu-process --user-data-dir=""C:\Users\Administrator\AppData\Roaming\clackly"" --gpu-preferences=UAAAAAAAAADgAAAEAAAAAAAAAAAAAGAAOAAAAAAAAAABAAAAAAAAAAAAAAAAAAAAAgAAAAAAAAAAAAAAAAAAABgAAAAAAAAAGAAAAAAAAAAIAAAAAAAAAAgAAAAAAAAACAAAAAAAAAA= --field-trial-handle=2196,i,12658543882519034140,1049900951455408011,262144 --enable-features=PdfUseShowSaveFilePicker --disable-features=DropInputEventsWhilePaintHolding,LocalNetworkAccessChecks,NetworkServiceSandbox,ScreenAIOCREnabled,SpareRendererForSitePerProcess,TraceSiteInstanceGetProcessCreation --variations-seed-version --pseudonymization-salt-handle=2192,i,15495027039908561937,2505952963138778894,4 --trace-process-track-uuid=3190708988185955192 --mojo-platform-channel-handle=2184 /prefetch:2"
"2026-07-29T15:23:04.5679169+08:00","47260","50784","electron.exe","True","0.078","42.3","2026/7/29 15:19:19","""D:\Clackly\resolve-command-center\node_modules\electron\dist\electron.exe"" --type=utility --utility-sub-type=network.mojom.NetworkService --lang=zh-CN --service-sandbox-type=none --user-data-dir=""C:\Users\Administrator\AppData\Roaming\clackly"" --field-trial-handle=2196,i,12658543882519034140,1049900951455408011,262144 --enable-features=PdfUseShowSaveFilePicker --disable-features=DropInputEventsWhilePaintHolding,LocalNetworkAccessChecks,NetworkServiceSandbox,ScreenAIOCREnabled,SpareRendererForSitePerProcess,TraceSiteInstanceGetProcessCreation --variations-seed-version --pseudonymization-salt-handle=2192,i,15495027039908561937,2505952963138778894,4 --trace-process-track-uuid=3190708989122997041 --mojo-platform-channel-handle=2364 /prefetch:11"
"2026-07-29T15:23:04.5679169+08:00","83820","50784","electron.exe","True","0.125","84.4","2026/7/29 15:19:19","""D:\Clackly\resolve-command-center\node_modules\electron\dist\electron.exe"" --type=renderer --user-data-dir=""C:\Users\Administrator\AppData\Roaming\clackly"" --app-path=""D:\Clackly\resolve-command-center"" --no-sandbox --no-zygote --video-capture-use-gpu-memory-buffer --lang=zh-CN --device-scale-factor=1 --num-raster-threads=4 --enable-main-frame-before-activation --renderer-client-id=4 --time-ticks-at-unix-epoch=-1783908236192501 --launch-time-ticks=1401323289119 --field-trial-handle=2196,i,12658543882519034140,1049900951455408011,262144 --enable-features=PdfUseShowSaveFilePicker --disable-features=DropInputEventsWhilePaintHolding,LocalNetworkAccessChecks,NetworkServiceSandbox,ScreenAIOCREnabled,SpareRendererForSitePerProcess,TraceSiteInstanceGetProcessCreation --variations-seed-version --pseudonymization-salt-handle=2192,i,15495027039908561937,2505952963138778894,4 --trace-process-track-uuid=3190708990060038890 --mojo-platform-channel-handle=3472 /prefetch:1"
"2026-07-29T15:23:04.5679169+08:00","14192","17532","Resolve.exe","True","63.484","2382.8","2026/7/29 15:20:28","""C:\Program Files\Blackmagic Design\DaVinci Resolve\Resolve.exe"" "
"2026-07-29T15:23:05.7520237+08:00","70468","57316","python.exe","True","0.031","5.7","2026/7/29 15:19:17","C:\Users\Administrator\AppData\Local\hermes\hermes-agent\venv\Scripts\python.exe D:\Clackly\resolve-command-center\bridge\server.py"
"2026-07-29T15:23:05.7520237+08:00","23760","70468","python.exe","True","0.141","22.9","2026/7/29 15:19:17","""C:\Users\Administrator\AppData\Roaming\uv\python\cpython-3.11-windows-x86_64-none\python.exe""  D:\Clackly\resolve-command-center\bridge\server.py"
"2026-07-29T15:23:05.7520237+08:00","3328","35252","node.exe","True","0.062","47.3","2026/7/29 15:19:19","""node""   ""D:\Clackly\resolve-command-center\node_modules\.bin\\..\electron\cli.js"" ."
"2026-07-29T15:23:05.7520237+08:00","50784","3328","electron.exe","True","1.797","100.9","2026/7/29 15:19:19","D:\Clackly\resolve-command-center\node_modules\electron\dist\electron.exe ."
"2026-07-29T15:23:05.7520237+08:00","66788","50784","electron.exe","True","0.406","90.7","2026/7/29 15:19:19","""D:\Clackly\resolve-command-center\node_modules\electron\dist\electron.exe"" --type=gpu-process --user-data-dir=""C:\Users\Administrator\AppData\Roaming\clackly"" --gpu-preferences=UAAAAAAAAADgAAAEAAAAAAAAAAAAAGAAOAAAAAAAAAABAAAAAAAAAAAAAAAAAAAAAgAAAAAAAAAAAAAAAAAAABgAAAAAAAAAGAAAAAAAAAAIAAAAAAAAAAgAAAAAAAAACAAAAAAAAAA= --field-trial-handle=2196,i,12658543882519034140,1049900951455408011,262144 --enable-features=PdfUseShowSaveFilePicker --disable-features=DropInputEventsWhilePaintHolding,LocalNetworkAccessChecks,NetworkServiceSandbox,ScreenAIOCREnabled,SpareRendererForSitePerProcess,TraceSiteInstanceGetProcessCreation --variations-seed-version --pseudonymization-salt-handle=2192,i,15495027039908561937,2505952963138778894,4 --trace-process-track-uuid=3190708988185955192 --mojo-platform-channel-handle=2184 /prefetch:2"
"2026-07-29T15:23:05.7520237+08:00","47260","50784","electron.exe","True","0.078","42.3","2026/7/29 15:19:19","""D:\Clackly\resolve-command-center\node_modules\electron\dist\electron.exe"" --type=utility --utility-sub-type=network.mojom.NetworkService --lang=zh-CN --service-sandbox-type=none --user-data-dir=""C:\Users\Administrator\AppData\Roaming\clackly"" --field-trial-handle=2196,i,12658543882519034140,1049900951455408011,262144 --enable-features=PdfUseShowSaveFilePicker --disable-features=DropInputEventsWhilePaintHolding,LocalNetworkAccessChecks,NetworkServiceSandbox,ScreenAIOCREnabled,SpareRendererForSitePerProcess,TraceSiteInstanceGetProcessCreation --variations-seed-version --pseudonymization-salt-handle=2192,i,15495027039908561937,2505952963138778894,4 --trace-process-track-uuid=3190708989122997041 --mojo-platform-channel-handle=2364 /prefetch:11"
"2026-07-29T15:23:05.7520237+08:00","83820","50784","electron.exe","True","0.125","84.4","2026/7/29 15:19:19","""D:\Clackly\resolve-command-center\node_modules\electron\dist\electron.exe"" --type=renderer --user-data-dir=""C:\Users\Administrator\AppData\Roaming\clackly"" --app-path=""D:\Clackly\resolve-command-center"" --no-sandbox --no-zygote --video-capture-use-gpu-memory-buffer --lang=zh-CN --device-scale-factor=1 --num-raster-threads=4 --enable-main-frame-before-activation --renderer-client-id=4 --time-ticks-at-unix-epoch=-1783908236192501 --launch-time-ticks=1401323289119 --field-trial-handle=2196,i,12658543882519034140,1049900951455408011,262144 --enable-features=PdfUseShowSaveFilePicker --disable-features=DropInputEventsWhilePaintHolding,LocalNetworkAccessChecks,NetworkServiceSandbox,ScreenAIOCREnabled,SpareRendererForSitePerProcess,TraceSiteInstanceGetProcessCreation --variations-seed-version --pseudonymization-salt-handle=2192,i,15495027039908561937,2505952963138778894,4 --trace-process-track-uuid=3190708990060038890 --mojo-platform-channel-handle=3472 /prefetch:1"
"2026-07-29T15:23:05.7520237+08:00","14192","17532","Resolve.exe","True","63.531","2382.8","2026/7/29 15:20:28","""C:\Program Files\Blackmagic Design\DaVinci Resolve\Resolve.exe"" "
"2026-07-29T15:23:06.9036694+08:00","70468","57316","python.exe","True","0.031","5.7","2026/7/29 15:19:17","C:\Users\Administrator\AppData\Local\hermes\hermes-agent\venv\Scripts\python.exe D:\Clackly\resolve-command-center\bridge\server.py"
"2026-07-29T15:23:06.9036694+08:00","23760","70468","python.exe","True","0.141","22.9","2026/7/29 15:19:17","""C:\Users\Administrator\AppData\Roaming\uv\python\cpython-3.11-windows-x86_64-none\python.exe""  D:\Clackly\resolve-command-center\bridge\server.py"
"2026-07-29T15:23:06.9036694+08:00","3328","35252","node.exe","True","0.062","47.3","2026/7/29 15:19:19","""node""   ""D:\Clackly\resolve-command-center\node_modules\.bin\\..\electron\cli.js"" ."
"2026-07-29T15:23:06.9036694+08:00","50784","3328","electron.exe","True","1.797","100.9","2026/7/29 15:19:19","D:\Clackly\resolve-command-center\node_modules\electron\dist\electron.exe ."
"2026-07-29T15:23:06.9036694+08:00","66788","50784","electron.exe","True","0.406","90.7","2026/7/29 15:19:19","""D:\Clackly\resolve-command-center\node_modules\electron\dist\electron.exe"" --type=gpu-process --user-data-dir=""C:\Users\Administrator\AppData\Roaming\clackly"" --gpu-preferences=UAAAAAAAAADgAAAEAAAAAAAAAAAAAGAAOAAAAAAAAAABAAAAAAAAAAAAAAAAAAAAAgAAAAAAAAAAAAAAAAAAABgAAAAAAAAAGAAAAAAAAAAIAAAAAAAAAAgAAAAAAAAACAAAAAAAAAA= --field-trial-handle=2196,i,12658543882519034140,1049900951455408011,262144 --enable-features=PdfUseShowSaveFilePicker --disable-features=DropInputEventsWhilePaintHolding,LocalNetworkAccessChecks,NetworkServiceSandbox,ScreenAIOCREnabled,SpareRendererForSitePerProcess,TraceSiteInstanceGetProcessCreation --variations-seed-version --pseudonymization-salt-handle=2192,i,15495027039908561937,2505952963138778894,4 --trace-process-track-uuid=3190708988185955192 --mojo-platform-channel-handle=2184 /prefetch:2"
"2026-07-29T15:23:06.9036694+08:00","47260","50784","electron.exe","True","0.078","42.3","2026/7/29 15:19:19","""D:\Clackly\resolve-command-center\node_modules\electron\dist\electron.exe"" --type=utility --utility-sub-type=network.mojom.NetworkService --lang=zh-CN --service-sandbox-type=none --user-data-dir=""C:\Users\Administrator\AppData\Roaming\clackly"" --field-trial-handle=2196,i,12658543882519034140,1049900951455408011,262144 --enable-features=PdfUseShowSaveFilePicker --disable-features=DropInputEventsWhilePaintHolding,LocalNetworkAccessChecks,NetworkServiceSandbox,ScreenAIOCREnabled,SpareRendererForSitePerProcess,TraceSiteInstanceGetProcessCreation --variations-seed-version --pseudonymization-salt-handle=2192,i,15495027039908561937,2505952963138778894,4 --trace-process-track-uuid=3190708989122997041 --mojo-platform-channel-handle=2364 /prefetch:11"
"2026-07-29T15:23:06.9036694+08:00","83820","50784","electron.exe","True","0.125","84.4","2026/7/29 15:19:19","""D:\Clackly\resolve-command-center\node_modules\electron\dist\electron.exe"" --type=renderer --user-data-dir=""C:\Users\Administrator\AppData\Roaming\clackly"" --app-path=""D:\Clackly\resolve-command-center"" --no-sandbox --no-zygote --video-capture-use-gpu-memory-buffer --lang=zh-CN --device-scale-factor=1 --num-raster-threads=4 --enable-main-frame-before-activation --renderer-client-id=4 --time-ticks-at-unix-epoch=-1783908236192501 --launch-time-ticks=1401323289119 --field-trial-handle=2196,i,12658543882519034140,1049900951455408011,262144 --enable-features=PdfUseShowSaveFilePicker --disable-features=DropInputEventsWhilePaintHolding,LocalNetworkAccessChecks,NetworkServiceSandbox,ScreenAIOCREnabled,SpareRendererForSitePerProcess,TraceSiteInstanceGetProcessCreation --variations-seed-version --pseudonymization-salt-handle=2192,i,15495027039908561937,2505952963138778894,4 --trace-process-track-uuid=3190708990060038890 --mojo-platform-channel-handle=3472 /prefetch:1"
"2026-07-29T15:23:06.9036694+08:00","14192","17532","Resolve.exe","True","63.656","2382.8","2026/7/29 15:20:28","""C:\Program Files\Blackmagic Design\DaVinci Resolve\Resolve.exe"" "
"2026-07-29T15:23:08.0557793+08:00","70468","57316","python.exe","True","0.031","5.7","2026/7/29 15:19:17","C:\Users\Administrator\AppData\Local\hermes\hermes-agent\venv\Scripts\python.exe D:\Clackly\resolve-command-center\bridge\server.py"
"2026-07-29T15:23:08.0557793+08:00","23760","70468","python.exe","True","0.141","22.9","2026/7/29 15:19:17","""C:\Users\Administrator\AppData\Roaming\uv\python\cpython-3.11-windows-x86_64-none\python.exe""  D:\Clackly\resolve-command-center\bridge\server.py"
"2026-07-29T15:23:08.0557793+08:00","3328","35252","node.exe","True","0.062","47.3","2026/7/29 15:19:19","""node""   ""D:\Clackly\resolve-command-center\node_modules\.bin\\..\electron\cli.js"" ."
"2026-07-29T15:23:08.0557793+08:00","50784","3328","electron.exe","True","1.797","100.9","2026/7/29 15:19:19","D:\Clackly\resolve-command-center\node_modules\electron\dist\electron.exe ."
"2026-07-29T15:23:08.0557793+08:00","66788","50784","electron.exe","True","0.406","90.7","2026/7/29 15:19:19","""D:\Clackly\resolve-command-center\node_modules\electron\dist\electron.exe"" --type=gpu-process --user-data-dir=""C:\Users\Administrator\AppData\Roaming\clackly"" --gpu-preferences=UAAAAAAAAADgAAAEAAAAAAAAAAAAAGAAOAAAAAAAAAABAAAAAAAAAAAAAAAAAAAAAgAAAAAAAAAAAAAAAAAAABgAAAAAAAAAGAAAAAAAAAAIAAAAAAAAAAgAAAAAAAAACAAAAAAAAAA= --field-trial-handle=2196,i,12658543882519034140,1049900951455408011,262144 --enable-features=PdfUseShowSaveFilePicker --disable-features=DropInputEventsWhilePaintHolding,LocalNetworkAccessChecks,NetworkServiceSandbox,ScreenAIOCREnabled,SpareRendererForSitePerProcess,TraceSiteInstanceGetProcessCreation --variations-seed-version --pseudonymization-salt-handle=2192,i,15495027039908561937,2505952963138778894,4 --trace-process-track-uuid=3190708988185955192 --mojo-platform-channel-handle=2184 /prefetch:2"
"2026-07-29T15:23:08.0557793+08:00","47260","50784","electron.exe","True","0.078","42.3","2026/7/29 15:19:19","""D:\Clackly\resolve-command-center\node_modules\electron\dist\electron.exe"" --type=utility --utility-sub-type=network.mojom.NetworkService --lang=zh-CN --service-sandbox-type=none --user-data-dir=""C:\Users\Administrator\AppData\Roaming\clackly"" --field-trial-handle=2196,i,12658543882519034140,1049900951455408011,262144 --enable-features=PdfUseShowSaveFilePicker --disable-features=DropInputEventsWhilePaintHolding,LocalNetworkAccessChecks,NetworkServiceSandbox,ScreenAIOCREnabled,SpareRendererForSitePerProcess,TraceSiteInstanceGetProcessCreation --variations-seed-version --pseudonymization-salt-handle=2192,i,15495027039908561937,2505952963138778894,4 --trace-process-track-uuid=3190708989122997041 --mojo-platform-channel-handle=2364 /prefetch:11"
"2026-07-29T15:23:08.0557793+08:00","83820","50784","electron.exe","True","0.125","84.4","2026/7/29 15:19:19","""D:\Clackly\resolve-command-center\node_modules\electron\dist\electron.exe"" --type=renderer --user-data-dir=""C:\Users\Administrator\AppData\Roaming\clackly"" --app-path=""D:\Clackly\resolve-command-center"" --no-sandbox --no-zygote --video-capture-use-gpu-memory-buffer --lang=zh-CN --device-scale-factor=1 --num-raster-threads=4 --enable-main-frame-before-activation --renderer-client-id=4 --time-ticks-at-unix-epoch=-1783908236192501 --launch-time-ticks=1401323289119 --field-trial-handle=2196,i,12658543882519034140,1049900951455408011,262144 --enable-features=PdfUseShowSaveFilePicker --disable-features=DropInputEventsWhilePaintHolding,LocalNetworkAccessChecks,NetworkServiceSandbox,ScreenAIOCREnabled,SpareRendererForSitePerProcess,TraceSiteInstanceGetProcessCreation --variations-seed-version --pseudonymization-salt-handle=2192,i,15495027039908561937,2505952963138778894,4 --trace-process-track-uuid=3190708990060038890 --mojo-platform-channel-handle=3472 /prefetch:1"
"2026-07-29T15:23:08.0557793+08:00","14192","17532","Resolve.exe","True","63.672","2382.8","2026/7/29 15:20:28","""C:\Program Files\Blackmagic Design\DaVinci Resolve\Resolve.exe"" "
"2026-07-29T15:23:09.2272953+08:00","70468","57316","python.exe","True","0.031","5.7","2026/7/29 15:19:17","C:\Users\Administrator\AppData\Local\hermes\hermes-agent\venv\Scripts\python.exe D:\Clackly\resolve-command-center\bridge\server.py"
"2026-07-29T15:23:09.2272953+08:00","23760","70468","python.exe","True","0.141","22.9","2026/7/29 15:19:17","""C:\Users\Administrator\AppData\Roaming\uv\python\cpython-3.11-windows-x86_64-none\python.exe""  D:\Clackly\resolve-command-center\bridge\server.py"
"2026-07-29T15:23:09.2272953+08:00","3328","35252","node.exe","True","0.062","47.3","2026/7/29 15:19:19","""node""   ""D:\Clackly\resolve-command-center\node_modules\.bin\\..\electron\cli.js"" ."
"2026-07-29T15:23:09.2272953+08:00","50784","3328","electron.exe","True","1.797","100.9","2026/7/29 15:19:19","D:\Clackly\resolve-command-center\node_modules\electron\dist\electron.exe ."
"2026-07-29T15:23:09.2272953+08:00","66788","50784","electron.exe","True","0.406","90.7","2026/7/29 15:19:19","""D:\Clackly\resolve-command-center\node_modules\electron\dist\electron.exe"" --type=gpu-process --user-data-dir=""C:\Users\Administrator\AppData\Roaming\clackly"" --gpu-preferences=UAAAAAAAAADgAAAEAAAAAAAAAAAAAGAAOAAAAAAAAAABAAAAAAAAAAAAAAAAAAAAAgAAAAAAAAAAAAAAAAAAABgAAAAAAAAAGAAAAAAAAAAIAAAAAAAAAAgAAAAAAAAACAAAAAAAAAA= --field-trial-handle=2196,i,12658543882519034140,1049900951455408011,262144 --enable-features=PdfUseShowSaveFilePicker --disable-features=DropInputEventsWhilePaintHolding,LocalNetworkAccessChecks,NetworkServiceSandbox,ScreenAIOCREnabled,SpareRendererForSitePerProcess,TraceSiteInstanceGetProcessCreation --variations-seed-version --pseudonymization-salt-handle=2192,i,15495027039908561937,2505952963138778894,4 --trace-process-track-uuid=3190708988185955192 --mojo-platform-channel-handle=2184 /prefetch:2"
"2026-07-29T15:23:09.2272953+08:00","47260","50784","electron.exe","True","0.078","42.3","2026/7/29 15:19:19","""D:\Clackly\resolve-command-center\node_modules\electron\dist\electron.exe"" --type=utility --utility-sub-type=network.mojom.NetworkService --lang=zh-CN --service-sandbox-type=none --user-data-dir=""C:\Users\Administrator\AppData\Roaming\clackly"" --field-trial-handle=2196,i,12658543882519034140,1049900951455408011,262144 --enable-features=PdfUseShowSaveFilePicker --disable-features=DropInputEventsWhilePaintHolding,LocalNetworkAccessChecks,NetworkServiceSandbox,ScreenAIOCREnabled,SpareRendererForSitePerProcess,TraceSiteInstanceGetProcessCreation --variations-seed-version --pseudonymization-salt-handle=2192,i,15495027039908561937,2505952963138778894,4 --trace-process-track-uuid=3190708989122997041 --mojo-platform-channel-handle=2364 /prefetch:11"
"2026-07-29T15:23:09.2272953+08:00","83820","50784","electron.exe","True","0.125","84.4","2026/7/29 15:19:19","""D:\Clackly\resolve-command-center\node_modules\electron\dist\electron.exe"" --type=renderer --user-data-dir=""C:\Users\Administrator\AppData\Roaming\clackly"" --app-path=""D:\Clackly\resolve-command-center"" --no-sandbox --no-zygote --video-capture-use-gpu-memory-buffer --lang=zh-CN --device-scale-factor=1 --num-raster-threads=4 --enable-main-frame-before-activation --renderer-client-id=4 --time-ticks-at-unix-epoch=-1783908236192501 --launch-time-ticks=1401323289119 --field-trial-handle=2196,i,12658543882519034140,1049900951455408011,262144 --enable-features=PdfUseShowSaveFilePicker --disable-features=DropInputEventsWhilePaintHolding,LocalNetworkAccessChecks,NetworkServiceSandbox,ScreenAIOCREnabled,SpareRendererForSitePerProcess,TraceSiteInstanceGetProcessCreation --variations-seed-version --pseudonymization-salt-handle=2192,i,15495027039908561937,2505952963138778894,4 --trace-process-track-uuid=3190708990060038890 --mojo-platform-channel-handle=3472 /prefetch:1"
"2026-07-29T15:23:09.2272953+08:00","14192","17532","Resolve.exe","True","63.688","2382.9","2026/7/29 15:20:28","""C:\Program Files\Blackmagic Design\DaVinci Resolve\Resolve.exe"" "
"2026-07-29T15:23:10.4992305+08:00","70468","57316","python.exe","True","0.031","5.7","2026/7/29 15:19:17","C:\Users\Administrator\AppData\Local\hermes\hermes-agent\venv\Scripts\python.exe D:\Clackly\resolve-command-center\bridge\server.py"
"2026-07-29T15:23:10.4992305+08:00","23760","70468","python.exe","True","0.141","22.9","2026/7/29 15:19:17","""C:\Users\Administrator\AppData\Roaming\uv\python\cpython-3.11-windows-x86_64-none\python.exe""  D:\Clackly\resolve-command-center\bridge\server.py"
"2026-07-29T15:23:10.4992305+08:00","3328","35252","node.exe","True","0.062","47.3","2026/7/29 15:19:19","""node""   ""D:\Clackly\resolve-command-center\node_modules\.bin\\..\electron\cli.js"" ."
"2026-07-29T15:23:10.4992305+08:00","50784","3328","electron.exe","True","1.797","100.9","2026/7/29 15:19:19","D:\Clackly\resolve-command-center\node_modules\electron\dist\electron.exe ."
"2026-07-29T15:23:10.4992305+08:00","66788","50784","electron.exe","True","0.406","90.7","2026/7/29 15:19:19","""D:\Clackly\resolve-command-center\node_modules\electron\dist\electron.exe"" --type=gpu-process --user-data-dir=""C:\Users\Administrator\AppData\Roaming\clackly"" --gpu-preferences=UAAAAAAAAADgAAAEAAAAAAAAAAAAAGAAOAAAAAAAAAABAAAAAAAAAAAAAAAAAAAAAgAAAAAAAAAAAAAAAAAAABgAAAAAAAAAGAAAAAAAAAAIAAAAAAAAAAgAAAAAAAAACAAAAAAAAAA= --field-trial-handle=2196,i,12658543882519034140,1049900951455408011,262144 --enable-features=PdfUseShowSaveFilePicker --disable-features=DropInputEventsWhilePaintHolding,LocalNetworkAccessChecks,NetworkServiceSandbox,ScreenAIOCREnabled,SpareRendererForSitePerProcess,TraceSiteInstanceGetProcessCreation --variations-seed-version --pseudonymization-salt-handle=2192,i,15495027039908561937,2505952963138778894,4 --trace-process-track-uuid=3190708988185955192 --mojo-platform-channel-handle=2184 /prefetch:2"
"2026-07-29T15:23:10.4992305+08:00","47260","50784","electron.exe","True","0.078","42.3","2026/7/29 15:19:19","""D:\Clackly\resolve-command-center\node_modules\electron\dist\electron.exe"" --type=utility --utility-sub-type=network.mojom.NetworkService --lang=zh-CN --service-sandbox-type=none --user-data-dir=""C:\Users\Administrator\AppData\Roaming\clackly"" --field-trial-handle=2196,i,12658543882519034140,1049900951455408011,262144 --enable-features=PdfUseShowSaveFilePicker --disable-features=DropInputEventsWhilePaintHolding,LocalNetworkAccessChecks,NetworkServiceSandbox,ScreenAIOCREnabled,SpareRendererForSitePerProcess,TraceSiteInstanceGetProcessCreation --variations-seed-version --pseudonymization-salt-handle=2192,i,15495027039908561937,2505952963138778894,4 --trace-process-track-uuid=3190708989122997041 --mojo-platform-channel-handle=2364 /prefetch:11"
"2026-07-29T15:23:10.4992305+08:00","83820","50784","electron.exe","True","0.125","84.4","2026/7/29 15:19:19","""D:\Clackly\resolve-command-center\node_modules\electron\dist\electron.exe"" --type=renderer --user-data-dir=""C:\Users\Administrator\AppData\Roaming\clackly"" --app-path=""D:\Clackly\resolve-command-center"" --no-sandbox --no-zygote --video-capture-use-gpu-memory-buffer --lang=zh-CN --device-scale-factor=1 --num-raster-threads=4 --enable-main-frame-before-activation --renderer-client-id=4 --time-ticks-at-unix-epoch=-1783908236192501 --launch-time-ticks=1401323289119 --field-trial-handle=2196,i,12658543882519034140,1049900951455408011,262144 --enable-features=PdfUseShowSaveFilePicker --disable-features=DropInputEventsWhilePaintHolding,LocalNetworkAccessChecks,NetworkServiceSandbox,ScreenAIOCREnabled,SpareRendererForSitePerProcess,TraceSiteInstanceGetProcessCreation --variations-seed-version --pseudonymization-salt-handle=2192,i,15495027039908561937,2505952963138778894,4 --trace-process-track-uuid=3190708990060038890 --mojo-platform-channel-handle=3472 /prefetch:1"
"2026-07-29T15:23:10.4992305+08:00","14192","17532","Resolve.exe","True","64.016","2382.9","2026/7/29 15:20:28","""C:\Program Files\Blackmagic Design\DaVinci Resolve\Resolve.exe"" "
"2026-07-29T15:23:11.7838027+08:00","70468","57316","python.exe","True","0.031","5.7","2026/7/29 15:19:17","C:\Users\Administrator\AppData\Local\hermes\hermes-agent\venv\Scripts\python.exe D:\Clackly\resolve-command-center\bridge\server.py"
"2026-07-29T15:23:11.7838027+08:00","23760","70468","python.exe","True","0.141","22.9","2026/7/29 15:19:17","""C:\Users\Administrator\AppData\Roaming\uv\python\cpython-3.11-windows-x86_64-none\python.exe""  D:\Clackly\resolve-command-center\bridge\server.py"
"2026-07-29T15:23:11.7838027+08:00","3328","35252","node.exe","True","0.062","47.3","2026/7/29 15:19:19","""node""   ""D:\Clackly\resolve-command-center\node_modules\.bin\\..\electron\cli.js"" ."
"2026-07-29T15:23:11.7838027+08:00","50784","3328","electron.exe","True","1.797","100.9","2026/7/29 15:19:19","D:\Clackly\resolve-command-center\node_modules\electron\dist\electron.exe ."
"2026-07-29T15:23:11.7838027+08:00","66788","50784","electron.exe","True","0.406","90.7","2026/7/29 15:19:19","""D:\Clackly\resolve-command-center\node_modules\electron\dist\electron.exe"" --type=gpu-process --user-data-dir=""C:\Users\Administrator\AppData\Roaming\clackly"" --gpu-preferences=UAAAAAAAAADgAAAEAAAAAAAAAAAAAGAAOAAAAAAAAAABAAAAAAAAAAAAAAAAAAAAAgAAAAAAAAAAAAAAAAAAABgAAAAAAAAAGAAAAAAAAAAIAAAAAAAAAAgAAAAAAAAACAAAAAAAAAA= --field-trial-handle=2196,i,12658543882519034140,1049900951455408011,262144 --enable-features=PdfUseShowSaveFilePicker --disable-features=DropInputEventsWhilePaintHolding,LocalNetworkAccessChecks,NetworkServiceSandbox,ScreenAIOCREnabled,SpareRendererForSitePerProcess,TraceSiteInstanceGetProcessCreation --variations-seed-version --pseudonymization-salt-handle=2192,i,15495027039908561937,2505952963138778894,4 --trace-process-track-uuid=3190708988185955192 --mojo-platform-channel-handle=2184 /prefetch:2"
"2026-07-29T15:23:11.7838027+08:00","47260","50784","electron.exe","True","0.078","42.3","2026/7/29 15:19:19","""D:\Clackly\resolve-command-center\node_modules\electron\dist\electron.exe"" --type=utility --utility-sub-type=network.mojom.NetworkService --lang=zh-CN --service-sandbox-type=none --user-data-dir=""C:\Users\Administrator\AppData\Roaming\clackly"" --field-trial-handle=2196,i,12658543882519034140,1049900951455408011,262144 --enable-features=PdfUseShowSaveFilePicker --disable-features=DropInputEventsWhilePaintHolding,LocalNetworkAccessChecks,NetworkServiceSandbox,ScreenAIOCREnabled,SpareRendererForSitePerProcess,TraceSiteInstanceGetProcessCreation --variations-seed-version --pseudonymization-salt-handle=2192,i,15495027039908561937,2505952963138778894,4 --trace-process-track-uuid=3190708989122997041 --mojo-platform-channel-handle=2364 /prefetch:11"
"2026-07-29T15:23:11.7838027+08:00","83820","50784","electron.exe","True","0.125","84.4","2026/7/29 15:19:19","""D:\Clackly\resolve-command-center\node_modules\electron\dist\electron.exe"" --type=renderer --user-data-dir=""C:\Users\Administrator\AppData\Roaming\clackly"" --app-path=""D:\Clackly\resolve-command-center"" --no-sandbox --no-zygote --video-capture-use-gpu-memory-buffer --lang=zh-CN --device-scale-factor=1 --num-raster-threads=4 --enable-main-frame-before-activation --renderer-client-id=4 --time-ticks-at-unix-epoch=-1783908236192501 --launch-time-ticks=1401323289119 --field-trial-handle=2196,i,12658543882519034140,1049900951455408011,262144 --enable-features=PdfUseShowSaveFilePicker --disable-features=DropInputEventsWhilePaintHolding,LocalNetworkAccessChecks,NetworkServiceSandbox,ScreenAIOCREnabled,SpareRendererForSitePerProcess,TraceSiteInstanceGetProcessCreation --variations-seed-version --pseudonymization-salt-handle=2192,i,15495027039908561937,2505952963138778894,4 --trace-process-track-uuid=3190708990060038890 --mojo-platform-channel-handle=3472 /prefetch:1"
"2026-07-29T15:23:11.7838027+08:00","14192","17532","Resolve.exe","True","64.109","2382.9","2026/7/29 15:20:28","""C:\Program Files\Blackmagic Design\DaVinci Resolve\Resolve.exe"" "
"2026-07-29T15:23:13.0483626+08:00","70468","57316","python.exe","True","0.031","5.7","2026/7/29 15:19:17","C:\Users\Administrator\AppData\Local\hermes\hermes-agent\venv\Scripts\python.exe D:\Clackly\resolve-command-center\bridge\server.py"
"2026-07-29T15:23:13.0483626+08:00","23760","70468","python.exe","True","0.141","22.9","2026/7/29 15:19:17","""C:\Users\Administrator\AppData\Roaming\uv\python\cpython-3.11-windows-x86_64-none\python.exe""  D:\Clackly\resolve-command-center\bridge\server.py"
"2026-07-29T15:23:13.0483626+08:00","3328","35252","node.exe","True","0.062","47.3","2026/7/29 15:19:19","""node""   ""D:\Clackly\resolve-command-center\node_modules\.bin\\..\electron\cli.js"" ."
"2026-07-29T15:23:13.0483626+08:00","50784","3328","electron.exe","True","1.797","100.9","2026/7/29 15:19:19","D:\Clackly\resolve-command-center\node_modules\electron\dist\electron.exe ."
"2026-07-29T15:23:13.0483626+08:00","66788","50784","electron.exe","True","0.406","90.7","2026/7/29 15:19:19","""D:\Clackly\resolve-command-center\node_modules\electron\dist\electron.exe"" --type=gpu-process --user-data-dir=""C:\Users\Administrator\AppData\Roaming\clackly"" --gpu-preferences=UAAAAAAAAADgAAAEAAAAAAAAAAAAAGAAOAAAAAAAAAABAAAAAAAAAAAAAAAAAAAAAgAAAAAAAAAAAAAAAAAAABgAAAAAAAAAGAAAAAAAAAAIAAAAAAAAAAgAAAAAAAAACAAAAAAAAAA= --field-trial-handle=2196,i,12658543882519034140,1049900951455408011,262144 --enable-features=PdfUseShowSaveFilePicker --disable-features=DropInputEventsWhilePaintHolding,LocalNetworkAccessChecks,NetworkServiceSandbox,ScreenAIOCREnabled,SpareRendererForSitePerProcess,TraceSiteInstanceGetProcessCreation --variations-seed-version --pseudonymization-salt-handle=2192,i,15495027039908561937,2505952963138778894,4 --trace-process-track-uuid=3190708988185955192 --mojo-platform-channel-handle=2184 /prefetch:2"
"2026-07-29T15:23:13.0483626+08:00","47260","50784","electron.exe","True","0.078","42.3","2026/7/29 15:19:19","""D:\Clackly\resolve-command-center\node_modules\electron\dist\electron.exe"" --type=utility --utility-sub-type=network.mojom.NetworkService --lang=zh-CN --service-sandbox-type=none --user-data-dir=""C:\Users\Administrator\AppData\Roaming\clackly"" --field-trial-handle=2196,i,12658543882519034140,1049900951455408011,262144 --enable-features=PdfUseShowSaveFilePicker --disable-features=DropInputEventsWhilePaintHolding,LocalNetworkAccessChecks,NetworkServiceSandbox,ScreenAIOCREnabled,SpareRendererForSitePerProcess,TraceSiteInstanceGetProcessCreation --variations-seed-version --pseudonymization-salt-handle=2192,i,15495027039908561937,2505952963138778894,4 --trace-process-track-uuid=3190708989122997041 --mojo-platform-channel-handle=2364 /prefetch:11"
"2026-07-29T15:23:13.0483626+08:00","83820","50784","electron.exe","True","0.125","84.4","2026/7/29 15:19:19","""D:\Clackly\resolve-command-center\node_modules\electron\dist\electron.exe"" --type=renderer --user-data-dir=""C:\Users\Administrator\AppData\Roaming\clackly"" --app-path=""D:\Clackly\resolve-command-center"" --no-sandbox --no-zygote --video-capture-use-gpu-memory-buffer --lang=zh-CN --device-scale-factor=1 --num-raster-threads=4 --enable-main-frame-before-activation --renderer-client-id=4 --time-ticks-at-unix-epoch=-1783908236192501 --launch-time-ticks=1401323289119 --field-trial-handle=2196,i,12658543882519034140,1049900951455408011,262144 --enable-features=PdfUseShowSaveFilePicker --disable-features=DropInputEventsWhilePaintHolding,LocalNetworkAccessChecks,NetworkServiceSandbox,ScreenAIOCREnabled,SpareRendererForSitePerProcess,TraceSiteInstanceGetProcessCreation --variations-seed-version --pseudonymization-salt-handle=2192,i,15495027039908561937,2505952963138778894,4 --trace-process-track-uuid=3190708990060038890 --mojo-platform-channel-handle=3472 /prefetch:1"
"2026-07-29T15:23:13.0483626+08:00","14192","17532","Resolve.exe","True","64.203","2382.9","2026/7/29 15:20:28","""C:\Program Files\Blackmagic Design\DaVinci Resolve\Resolve.exe"" "
"2026-07-29T15:23:14.2182419+08:00","70468","57316","python.exe","True","0.031","5.7","2026/7/29 15:19:17","C:\Users\Administrator\AppData\Local\hermes\hermes-agent\venv\Scripts\python.exe D:\Clackly\resolve-command-center\bridge\server.py"
"2026-07-29T15:23:14.2182419+08:00","23760","70468","python.exe","True","0.141","22.9","2026/7/29 15:19:17","""C:\Users\Administrator\AppData\Roaming\uv\python\cpython-3.11-windows-x86_64-none\python.exe""  D:\Clackly\resolve-command-center\bridge\server.py"
"2026-07-29T15:23:14.2182419+08:00","3328","35252","node.exe","True","0.062","47.3","2026/7/29 15:19:19","""node""   ""D:\Clackly\resolve-command-center\node_modules\.bin\\..\electron\cli.js"" ."
"2026-07-29T15:23:14.2182419+08:00","50784","3328","electron.exe","True","1.828","100","2026/7/29 15:19:19","D:\Clackly\resolve-command-center\node_modules\electron\dist\electron.exe ."
"2026-07-29T15:23:14.2182419+08:00","66788","50784","electron.exe","True","0.406","90.7","2026/7/29 15:19:19","""D:\Clackly\resolve-command-center\node_modules\electron\dist\electron.exe"" --type=gpu-process --user-data-dir=""C:\Users\Administrator\AppData\Roaming\clackly"" --gpu-preferences=UAAAAAAAAADgAAAEAAAAAAAAAAAAAGAAOAAAAAAAAAABAAAAAAAAAAAAAAAAAAAAAgAAAAAAAAAAAAAAAAAAABgAAAAAAAAAGAAAAAAAAAAIAAAAAAAAAAgAAAAAAAAACAAAAAAAAAA= --field-trial-handle=2196,i,12658543882519034140,1049900951455408011,262144 --enable-features=PdfUseShowSaveFilePicker --disable-features=DropInputEventsWhilePaintHolding,LocalNetworkAccessChecks,NetworkServiceSandbox,ScreenAIOCREnabled,SpareRendererForSitePerProcess,TraceSiteInstanceGetProcessCreation --variations-seed-version --pseudonymization-salt-handle=2192,i,15495027039908561937,2505952963138778894,4 --trace-process-track-uuid=3190708988185955192 --mojo-platform-channel-handle=2184 /prefetch:2"
"2026-07-29T15:23:14.2182419+08:00","47260","50784","electron.exe","True","0.078","42.3","2026/7/29 15:19:19","""D:\Clackly\resolve-command-center\node_modules\electron\dist\electron.exe"" --type=utility --utility-sub-type=network.mojom.NetworkService --lang=zh-CN --service-sandbox-type=none --user-data-dir=""C:\Users\Administrator\AppData\Roaming\clackly"" --field-trial-handle=2196,i,12658543882519034140,1049900951455408011,262144 --enable-features=PdfUseShowSaveFilePicker --disable-features=DropInputEventsWhilePaintHolding,LocalNetworkAccessChecks,NetworkServiceSandbox,ScreenAIOCREnabled,SpareRendererForSitePerProcess,TraceSiteInstanceGetProcessCreation --variations-seed-version --pseudonymization-salt-handle=2192,i,15495027039908561937,2505952963138778894,4 --trace-process-track-uuid=3190708989122997041 --mojo-platform-channel-handle=2364 /prefetch:11"
"2026-07-29T15:23:14.2182419+08:00","83820","50784","electron.exe","True","0.125","84.4","2026/7/29 15:19:19","""D:\Clackly\resolve-command-center\node_modules\electron\dist\electron.exe"" --type=renderer --user-data-dir=""C:\Users\Administrator\AppData\Roaming\clackly"" --app-path=""D:\Clackly\resolve-command-center"" --no-sandbox --no-zygote --video-capture-use-gpu-memory-buffer --lang=zh-CN --device-scale-factor=1 --num-raster-threads=4 --enable-main-frame-before-activation --renderer-client-id=4 --time-ticks-at-unix-epoch=-1783908236192501 --launch-time-ticks=1401323289119 --field-trial-handle=2196,i,12658543882519034140,1049900951455408011,262144 --enable-features=PdfUseShowSaveFilePicker --disable-features=DropInputEventsWhilePaintHolding,LocalNetworkAccessChecks,NetworkServiceSandbox,ScreenAIOCREnabled,SpareRendererForSitePerProcess,TraceSiteInstanceGetProcessCreation --variations-seed-version --pseudonymization-salt-handle=2192,i,15495027039908561937,2505952963138778894,4 --trace-process-track-uuid=3190708990060038890 --mojo-platform-channel-handle=3472 /prefetch:1"
"2026-07-29T15:23:14.2182419+08:00","14192","17532","Resolve.exe","True","64.219","2382.9","2026/7/29 15:20:28","""C:\Program Files\Blackmagic Design\DaVinci Resolve\Resolve.exe"" "
"2026-07-29T15:23:15.3527120+08:00","70468","57316","python.exe","True","0.031","5.7","2026/7/29 15:19:17","C:\Users\Administrator\AppData\Local\hermes\hermes-agent\venv\Scripts\python.exe D:\Clackly\resolve-command-center\bridge\server.py"
"2026-07-29T15:23:15.3527120+08:00","23760","70468","python.exe","True","0.141","22.9","2026/7/29 15:19:17","""C:\Users\Administrator\AppData\Roaming\uv\python\cpython-3.11-windows-x86_64-none\python.exe""  D:\Clackly\resolve-command-center\bridge\server.py"
"2026-07-29T15:23:15.3527120+08:00","3328","35252","node.exe","True","0.062","47.3","2026/7/29 15:19:19","""node""   ""D:\Clackly\resolve-command-center\node_modules\.bin\\..\electron\cli.js"" ."
"2026-07-29T15:23:15.3527120+08:00","50784","3328","electron.exe","True","1.828","99.6","2026/7/29 15:19:19","D:\Clackly\resolve-command-center\node_modules\electron\dist\electron.exe ."
"2026-07-29T15:23:15.3527120+08:00","66788","50784","electron.exe","True","0.406","90.7","2026/7/29 15:19:19","""D:\Clackly\resolve-command-center\node_modules\electron\dist\electron.exe"" --type=gpu-process --user-data-dir=""C:\Users\Administrator\AppData\Roaming\clackly"" --gpu-preferences=UAAAAAAAAADgAAAEAAAAAAAAAAAAAGAAOAAAAAAAAAABAAAAAAAAAAAAAAAAAAAAAgAAAAAAAAAAAAAAAAAAABgAAAAAAAAAGAAAAAAAAAAIAAAAAAAAAAgAAAAAAAAACAAAAAAAAAA= --field-trial-handle=2196,i,12658543882519034140,1049900951455408011,262144 --enable-features=PdfUseShowSaveFilePicker --disable-features=DropInputEventsWhilePaintHolding,LocalNetworkAccessChecks,NetworkServiceSandbox,ScreenAIOCREnabled,SpareRendererForSitePerProcess,TraceSiteInstanceGetProcessCreation --variations-seed-version --pseudonymization-salt-handle=2192,i,15495027039908561937,2505952963138778894,4 --trace-process-track-uuid=3190708988185955192 --mojo-platform-channel-handle=2184 /prefetch:2"
"2026-07-29T15:23:15.3527120+08:00","47260","50784","electron.exe","True","0.078","42.3","2026/7/29 15:19:19","""D:\Clackly\resolve-command-center\node_modules\electron\dist\electron.exe"" --type=utility --utility-sub-type=network.mojom.NetworkService --lang=zh-CN --service-sandbox-type=none --user-data-dir=""C:\Users\Administrator\AppData\Roaming\clackly"" --field-trial-handle=2196,i,12658543882519034140,1049900951455408011,262144 --enable-features=PdfUseShowSaveFilePicker --disable-features=DropInputEventsWhilePaintHolding,LocalNetworkAccessChecks,NetworkServiceSandbox,ScreenAIOCREnabled,SpareRendererForSitePerProcess,TraceSiteInstanceGetProcessCreation --variations-seed-version --pseudonymization-salt-handle=2192,i,15495027039908561937,2505952963138778894,4 --trace-process-track-uuid=3190708989122997041 --mojo-platform-channel-handle=2364 /prefetch:11"
"2026-07-29T15:23:15.3527120+08:00","83820","50784","electron.exe","True","0.125","84.4","2026/7/29 15:19:19","""D:\Clackly\resolve-command-center\node_modules\electron\dist\electron.exe"" --type=renderer --user-data-dir=""C:\Users\Administrator\AppData\Roaming\clackly"" --app-path=""D:\Clackly\resolve-command-center"" --no-sandbox --no-zygote --video-capture-use-gpu-memory-buffer --lang=zh-CN --device-scale-factor=1 --num-raster-threads=4 --enable-main-frame-before-activation --renderer-client-id=4 --time-ticks-at-unix-epoch=-1783908236192501 --launch-time-ticks=1401323289119 --field-trial-handle=2196,i,12658543882519034140,1049900951455408011,262144 --enable-features=PdfUseShowSaveFilePicker --disable-features=DropInputEventsWhilePaintHolding,LocalNetworkAccessChecks,NetworkServiceSandbox,ScreenAIOCREnabled,SpareRendererForSitePerProcess,TraceSiteInstanceGetProcessCreation --variations-seed-version --pseudonymization-salt-handle=2192,i,15495027039908561937,2505952963138778894,4 --trace-process-track-uuid=3190708990060038890 --mojo-platform-channel-handle=3472 /prefetch:1"
"2026-07-29T15:23:15.3527120+08:00","14192","17532","Resolve.exe","True","64.297","2382.9","2026/7/29 15:20:28","""C:\Program Files\Blackmagic Design\DaVinci Resolve\Resolve.exe"" "
"2026-07-29T15:23:16.4731019+08:00","70468","57316","python.exe","True","0.031","5.7","2026/7/29 15:19:17","C:\Users\Administrator\AppData\Local\hermes\hermes-agent\venv\Scripts\python.exe D:\Clackly\resolve-command-center\bridge\server.py"
"2026-07-29T15:23:16.4731019+08:00","23760","70468","python.exe","True","0.141","22.9","2026/7/29 15:19:17","""C:\Users\Administrator\AppData\Roaming\uv\python\cpython-3.11-windows-x86_64-none\python.exe""  D:\Clackly\resolve-command-center\bridge\server.py"
"2026-07-29T15:23:16.4731019+08:00","3328","35252","node.exe","True","0.062","47.3","2026/7/29 15:19:19","""node""   ""D:\Clackly\resolve-command-center\node_modules\.bin\\..\electron\cli.js"" ."
"2026-07-29T15:23:16.4731019+08:00","50784","3328","electron.exe","True","1.828","99.6","2026/7/29 15:19:19","D:\Clackly\resolve-command-center\node_modules\electron\dist\electron.exe ."
"2026-07-29T15:23:16.4731019+08:00","66788","50784","electron.exe","True","0.406","90.7","2026/7/29 15:19:19","""D:\Clackly\resolve-command-center\node_modules\electron\dist\electron.exe"" --type=gpu-process --user-data-dir=""C:\Users\Administrator\AppData\Roaming\clackly"" --gpu-preferences=UAAAAAAAAADgAAAEAAAAAAAAAAAAAGAAOAAAAAAAAAABAAAAAAAAAAAAAAAAAAAAAgAAAAAAAAAAAAAAAAAAABgAAAAAAAAAGAAAAAAAAAAIAAAAAAAAAAgAAAAAAAAACAAAAAAAAAA= --field-trial-handle=2196,i,12658543882519034140,1049900951455408011,262144 --enable-features=PdfUseShowSaveFilePicker --disable-features=DropInputEventsWhilePaintHolding,LocalNetworkAccessChecks,NetworkServiceSandbox,ScreenAIOCREnabled,SpareRendererForSitePerProcess,TraceSiteInstanceGetProcessCreation --variations-seed-version --pseudonymization-salt-handle=2192,i,15495027039908561937,2505952963138778894,4 --trace-process-track-uuid=3190708988185955192 --mojo-platform-channel-handle=2184 /prefetch:2"
"2026-07-29T15:23:16.4731019+08:00","47260","50784","electron.exe","True","0.078","42.3","2026/7/29 15:19:19","""D:\Clackly\resolve-command-center\node_modules\electron\dist\electron.exe"" --type=utility --utility-sub-type=network.mojom.NetworkService --lang=zh-CN --service-sandbox-type=none --user-data-dir=""C:\Users\Administrator\AppData\Roaming\clackly"" --field-trial-handle=2196,i,12658543882519034140,1049900951455408011,262144 --enable-features=PdfUseShowSaveFilePicker --disable-features=DropInputEventsWhilePaintHolding,LocalNetworkAccessChecks,NetworkServiceSandbox,ScreenAIOCREnabled,SpareRendererForSitePerProcess,TraceSiteInstanceGetProcessCreation --variations-seed-version --pseudonymization-salt-handle=2192,i,15495027039908561937,2505952963138778894,4 --trace-process-track-uuid=3190708989122997041 --mojo-platform-channel-handle=2364 /prefetch:11"
"2026-07-29T15:23:16.4731019+08:00","83820","50784","electron.exe","True","0.125","84.4","2026/7/29 15:19:19","""D:\Clackly\resolve-command-center\node_modules\electron\dist\electron.exe"" --type=renderer --user-data-dir=""C:\Users\Administrator\AppData\Roaming\clackly"" --app-path=""D:\Clackly\resolve-command-center"" --no-sandbox --no-zygote --video-capture-use-gpu-memory-buffer --lang=zh-CN --device-scale-factor=1 --num-raster-threads=4 --enable-main-frame-before-activation --renderer-client-id=4 --time-ticks-at-unix-epoch=-1783908236192501 --launch-time-ticks=1401323289119 --field-trial-handle=2196,i,12658543882519034140,1049900951455408011,262144 --enable-features=PdfUseShowSaveFilePicker --disable-features=DropInputEventsWhilePaintHolding,LocalNetworkAccessChecks,NetworkServiceSandbox,ScreenAIOCREnabled,SpareRendererForSitePerProcess,TraceSiteInstanceGetProcessCreation --variations-seed-version --pseudonymization-salt-handle=2192,i,15495027039908561937,2505952963138778894,4 --trace-process-track-uuid=3190708990060038890 --mojo-platform-channel-handle=3472 /prefetch:1"
"2026-07-29T15:23:16.4731019+08:00","14192","17532","Resolve.exe","True","64.406","2382.9","2026/7/29 15:20:28","""C:\Program Files\Blackmagic Design\DaVinci Resolve\Resolve.exe"" "
"2026-07-29T15:23:17.6413840+08:00","70468","57316","python.exe","True","0.031","5.7","2026/7/29 15:19:17","C:\Users\Administrator\AppData\Local\hermes\hermes-agent\venv\Scripts\python.exe D:\Clackly\resolve-command-center\bridge\server.py"
"2026-07-29T15:23:17.6413840+08:00","23760","70468","python.exe","True","0.141","22.9","2026/7/29 15:19:17","""C:\Users\Administrator\AppData\Roaming\uv\python\cpython-3.11-windows-x86_64-none\python.exe""  D:\Clackly\resolve-command-center\bridge\server.py"
"2026-07-29T15:23:17.6413840+08:00","3328","35252","node.exe","True","0.062","47.3","2026/7/29 15:19:19","""node""   ""D:\Clackly\resolve-command-center\node_modules\.bin\\..\electron\cli.js"" ."
"2026-07-29T15:23:17.6413840+08:00","50784","3328","electron.exe","True","1.828","99.6","2026/7/29 15:19:19","D:\Clackly\resolve-command-center\node_modules\electron\dist\electron.exe ."
"2026-07-29T15:23:17.6413840+08:00","66788","50784","electron.exe","True","0.406","90.7","2026/7/29 15:19:19","""D:\Clackly\resolve-command-center\node_modules\electron\dist\electron.exe"" --type=gpu-process --user-data-dir=""C:\Users\Administrator\AppData\Roaming\clackly"" --gpu-preferences=UAAAAAAAAADgAAAEAAAAAAAAAAAAAGAAOAAAAAAAAAABAAAAAAAAAAAAAAAAAAAAAgAAAAAAAAAAAAAAAAAAABgAAAAAAAAAGAAAAAAAAAAIAAAAAAAAAAgAAAAAAAAACAAAAAAAAAA= --field-trial-handle=2196,i,12658543882519034140,1049900951455408011,262144 --enable-features=PdfUseShowSaveFilePicker --disable-features=DropInputEventsWhilePaintHolding,LocalNetworkAccessChecks,NetworkServiceSandbox,ScreenAIOCREnabled,SpareRendererForSitePerProcess,TraceSiteInstanceGetProcessCreation --variations-seed-version --pseudonymization-salt-handle=2192,i,15495027039908561937,2505952963138778894,4 --trace-process-track-uuid=3190708988185955192 --mojo-platform-channel-handle=2184 /prefetch:2"
"2026-07-29T15:23:17.6413840+08:00","47260","50784","electron.exe","True","0.078","42.3","2026/7/29 15:19:19","""D:\Clackly\resolve-command-center\node_modules\electron\dist\electron.exe"" --type=utility --utility-sub-type=network.mojom.NetworkService --lang=zh-CN --service-sandbox-type=none --user-data-dir=""C:\Users\Administrator\AppData\Roaming\clackly"" --field-trial-handle=2196,i,12658543882519034140,1049900951455408011,262144 --enable-features=PdfUseShowSaveFilePicker --disable-features=DropInputEventsWhilePaintHolding,LocalNetworkAccessChecks,NetworkServiceSandbox,ScreenAIOCREnabled,SpareRendererForSitePerProcess,TraceSiteInstanceGetProcessCreation --variations-seed-version --pseudonymization-salt-handle=2192,i,15495027039908561937,2505952963138778894,4 --trace-process-track-uuid=3190708989122997041 --mojo-platform-channel-handle=2364 /prefetch:11"
"2026-07-29T15:23:17.6413840+08:00","83820","50784","electron.exe","True","0.125","84.4","2026/7/29 15:19:19","""D:\Clackly\resolve-command-center\node_modules\electron\dist\electron.exe"" --type=renderer --user-data-dir=""C:\Users\Administrator\AppData\Roaming\clackly"" --app-path=""D:\Clackly\resolve-command-center"" --no-sandbox --no-zygote --video-capture-use-gpu-memory-buffer --lang=zh-CN --device-scale-factor=1 --num-raster-threads=4 --enable-main-frame-before-activation --renderer-client-id=4 --time-ticks-at-unix-epoch=-1783908236192501 --launch-time-ticks=1401323289119 --field-trial-handle=2196,i,12658543882519034140,1049900951455408011,262144 --enable-features=PdfUseShowSaveFilePicker --disable-features=DropInputEventsWhilePaintHolding,LocalNetworkAccessChecks,NetworkServiceSandbox,ScreenAIOCREnabled,SpareRendererForSitePerProcess,TraceSiteInstanceGetProcessCreation --variations-seed-version --pseudonymization-salt-handle=2192,i,15495027039908561937,2505952963138778894,4 --trace-process-track-uuid=3190708990060038890 --mojo-platform-channel-handle=3472 /prefetch:1"
"2026-07-29T15:23:17.6413840+08:00","14192","17532","Resolve.exe","True","64.5","2382.9","2026/7/29 15:20:28","""C:\Program Files\Blackmagic Design\DaVinci Resolve\Resolve.exe"" "
"2026-07-29T15:23:18.8570597+08:00","70468","57316","python.exe","True","0.031","5.7","2026/7/29 15:19:17","C:\Users\Administrator\AppData\Local\hermes\hermes-agent\venv\Scripts\python.exe D:\Clackly\resolve-command-center\bridge\server.py"
"2026-07-29T15:23:18.8570597+08:00","23760","70468","python.exe","True","0.141","22.9","2026/7/29 15:19:17","""C:\Users\Administrator\AppData\Roaming\uv\python\cpython-3.11-windows-x86_64-none\python.exe""  D:\Clackly\resolve-command-center\bridge\server.py"
"2026-07-29T15:23:18.8570597+08:00","3328","35252","node.exe","True","0.062","47.3","2026/7/29 15:19:19","""node""   ""D:\Clackly\resolve-command-center\node_modules\.bin\\..\electron\cli.js"" ."
"2026-07-29T15:23:18.8570597+08:00","50784","3328","electron.exe","True","1.828","99.6","2026/7/29 15:19:19","D:\Clackly\resolve-command-center\node_modules\electron\dist\electron.exe ."
"2026-07-29T15:23:18.8570597+08:00","66788","50784","electron.exe","True","0.438","90.7","2026/7/29 15:19:19","""D:\Clackly\resolve-command-center\node_modules\electron\dist\electron.exe"" --type=gpu-process --user-data-dir=""C:\Users\Administrator\AppData\Roaming\clackly"" --gpu-preferences=UAAAAAAAAADgAAAEAAAAAAAAAAAAAGAAOAAAAAAAAAABAAAAAAAAAAAAAAAAAAAAAgAAAAAAAAAAAAAAAAAAABgAAAAAAAAAGAAAAAAAAAAIAAAAAAAAAAgAAAAAAAAACAAAAAAAAAA= --field-trial-handle=2196,i,12658543882519034140,1049900951455408011,262144 --enable-features=PdfUseShowSaveFilePicker --disable-features=DropInputEventsWhilePaintHolding,LocalNetworkAccessChecks,NetworkServiceSandbox,ScreenAIOCREnabled,SpareRendererForSitePerProcess,TraceSiteInstanceGetProcessCreation --variations-seed-version --pseudonymization-salt-handle=2192,i,15495027039908561937,2505952963138778894,4 --trace-process-track-uuid=3190708988185955192 --mojo-platform-channel-handle=2184 /prefetch:2"
"2026-07-29T15:23:18.8570597+08:00","47260","50784","electron.exe","True","0.078","42.3","2026/7/29 15:19:19","""D:\Clackly\resolve-command-center\node_modules\electron\dist\electron.exe"" --type=utility --utility-sub-type=network.mojom.NetworkService --lang=zh-CN --service-sandbox-type=none --user-data-dir=""C:\Users\Administrator\AppData\Roaming\clackly"" --field-trial-handle=2196,i,12658543882519034140,1049900951455408011,262144 --enable-features=PdfUseShowSaveFilePicker --disable-features=DropInputEventsWhilePaintHolding,LocalNetworkAccessChecks,NetworkServiceSandbox,ScreenAIOCREnabled,SpareRendererForSitePerProcess,TraceSiteInstanceGetProcessCreation --variations-seed-version --pseudonymization-salt-handle=2192,i,15495027039908561937,2505952963138778894,4 --trace-process-track-uuid=3190708989122997041 --mojo-platform-channel-handle=2364 /prefetch:11"
"2026-07-29T15:23:18.8570597+08:00","83820","50784","electron.exe","True","0.125","84.4","2026/7/29 15:19:19","""D:\Clackly\resolve-command-center\node_modules\electron\dist\electron.exe"" --type=renderer --user-data-dir=""C:\Users\Administrator\AppData\Roaming\clackly"" --app-path=""D:\Clackly\resolve-command-center"" --no-sandbox --no-zygote --video-capture-use-gpu-memory-buffer --lang=zh-CN --device-scale-factor=1 --num-raster-threads=4 --enable-main-frame-before-activation --renderer-client-id=4 --time-ticks-at-unix-epoch=-1783908236192501 --launch-time-ticks=1401323289119 --field-trial-handle=2196,i,12658543882519034140,1049900951455408011,262144 --enable-features=PdfUseShowSaveFilePicker --disable-features=DropInputEventsWhilePaintHolding,LocalNetworkAccessChecks,NetworkServiceSandbox,ScreenAIOCREnabled,SpareRendererForSitePerProcess,TraceSiteInstanceGetProcessCreation --variations-seed-version --pseudonymization-salt-handle=2192,i,15495027039908561937,2505952963138778894,4 --trace-process-track-uuid=3190708990060038890 --mojo-platform-channel-handle=3472 /prefetch:1"
"2026-07-29T15:23:18.8570597+08:00","14192","17532","Resolve.exe","True","64.578","2382.9","2026/7/29 15:20:28","""C:\Program Files\Blackmagic Design\DaVinci Resolve\Resolve.exe"" "
"2026-07-29T15:23:20.0096088+08:00","70468","57316","python.exe","True","0.031","5.7","2026/7/29 15:19:17","C:\Users\Administrator\AppData\Local\hermes\hermes-agent\venv\Scripts\python.exe D:\Clackly\resolve-command-center\bridge\server.py"
"2026-07-29T15:23:20.0096088+08:00","23760","70468","python.exe","True","0.141","22.9","2026/7/29 15:19:17","""C:\Users\Administrator\AppData\Roaming\uv\python\cpython-3.11-windows-x86_64-none\python.exe""  D:\Clackly\resolve-command-center\bridge\server.py"
"2026-07-29T15:23:20.0096088+08:00","3328","35252","node.exe","True","0.062","47.3","2026/7/29 15:19:19","""node""   ""D:\Clackly\resolve-command-center\node_modules\.bin\\..\electron\cli.js"" ."
"2026-07-29T15:23:20.0096088+08:00","50784","3328","electron.exe","True","1.828","99.6","2026/7/29 15:19:19","D:\Clackly\resolve-command-center\node_modules\electron\dist\electron.exe ."
"2026-07-29T15:23:20.0096088+08:00","66788","50784","electron.exe","True","0.438","90.7","2026/7/29 15:19:19","""D:\Clackly\resolve-command-center\node_modules\electron\dist\electron.exe"" --type=gpu-process --user-data-dir=""C:\Users\Administrator\AppData\Roaming\clackly"" --gpu-preferences=UAAAAAAAAADgAAAEAAAAAAAAAAAAAGAAOAAAAAAAAAABAAAAAAAAAAAAAAAAAAAAAgAAAAAAAAAAAAAAAAAAABgAAAAAAAAAGAAAAAAAAAAIAAAAAAAAAAgAAAAAAAAACAAAAAAAAAA= --field-trial-handle=2196,i,12658543882519034140,1049900951455408011,262144 --enable-features=PdfUseShowSaveFilePicker --disable-features=DropInputEventsWhilePaintHolding,LocalNetworkAccessChecks,NetworkServiceSandbox,ScreenAIOCREnabled,SpareRendererForSitePerProcess,TraceSiteInstanceGetProcessCreation --variations-seed-version --pseudonymization-salt-handle=2192,i,15495027039908561937,2505952963138778894,4 --trace-process-track-uuid=3190708988185955192 --mojo-platform-channel-handle=2184 /prefetch:2"
"2026-07-29T15:23:20.0096088+08:00","47260","50784","electron.exe","True","0.078","42.3","2026/7/29 15:19:19","""D:\Clackly\resolve-command-center\node_modules\electron\dist\electron.exe"" --type=utility --utility-sub-type=network.mojom.NetworkService --lang=zh-CN --service-sandbox-type=none --user-data-dir=""C:\Users\Administrator\AppData\Roaming\clackly"" --field-trial-handle=2196,i,12658543882519034140,1049900951455408011,262144 --enable-features=PdfUseShowSaveFilePicker --disable-features=DropInputEventsWhilePaintHolding,LocalNetworkAccessChecks,NetworkServiceSandbox,ScreenAIOCREnabled,SpareRendererForSitePerProcess,TraceSiteInstanceGetProcessCreation --variations-seed-version --pseudonymization-salt-handle=2192,i,15495027039908561937,2505952963138778894,4 --trace-process-track-uuid=3190708989122997041 --mojo-platform-channel-handle=2364 /prefetch:11"
"2026-07-29T15:23:20.0096088+08:00","83820","50784","electron.exe","True","0.125","84.4","2026/7/29 15:19:19","""D:\Clackly\resolve-command-center\node_modules\electron\dist\electron.exe"" --type=renderer --user-data-dir=""C:\Users\Administrator\AppData\Roaming\clackly"" --app-path=""D:\Clackly\resolve-command-center"" --no-sandbox --no-zygote --video-capture-use-gpu-memory-buffer --lang=zh-CN --device-scale-factor=1 --num-raster-threads=4 --enable-main-frame-before-activation --renderer-client-id=4 --time-ticks-at-unix-epoch=-1783908236192501 --launch-time-ticks=1401323289119 --field-trial-handle=2196,i,12658543882519034140,1049900951455408011,262144 --enable-features=PdfUseShowSaveFilePicker --disable-features=DropInputEventsWhilePaintHolding,LocalNetworkAccessChecks,NetworkServiceSandbox,ScreenAIOCREnabled,SpareRendererForSitePerProcess,TraceSiteInstanceGetProcessCreation --variations-seed-version --pseudonymization-salt-handle=2192,i,15495027039908561937,2505952963138778894,4 --trace-process-track-uuid=3190708990060038890 --mojo-platform-channel-handle=3472 /prefetch:1"
"2026-07-29T15:23:20.0096088+08:00","14192","17532","Resolve.exe","True","64.609","2382.9","2026/7/29 15:20:28","""C:\Program Files\Blackmagic Design\DaVinci Resolve\Resolve.exe"" "
"2026-07-29T15:23:21.1300296+08:00","70468","57316","python.exe","True","0.031","5.7","2026/7/29 15:19:17","C:\Users\Administrator\AppData\Local\hermes\hermes-agent\venv\Scripts\python.exe D:\Clackly\resolve-command-center\bridge\server.py"
"2026-07-29T15:23:21.1300296+08:00","23760","70468","python.exe","True","0.141","22.9","2026/7/29 15:19:17","""C:\Users\Administrator\AppData\Roaming\uv\python\cpython-3.11-windows-x86_64-none\python.exe""  D:\Clackly\resolve-command-center\bridge\server.py"
"2026-07-29T15:23:21.1300296+08:00","3328","35252","node.exe","True","0.062","47.3","2026/7/29 15:19:19","""node""   ""D:\Clackly\resolve-command-center\node_modules\.bin\\..\electron\cli.js"" ."
"2026-07-29T15:23:21.1300296+08:00","50784","3328","electron.exe","True","1.828","99.6","2026/7/29 15:19:19","D:\Clackly\resolve-command-center\node_modules\electron\dist\electron.exe ."
"2026-07-29T15:23:21.1300296+08:00","66788","50784","electron.exe","True","0.438","90.7","2026/7/29 15:19:19","""D:\Clackly\resolve-command-center\node_modules\electron\dist\electron.exe"" --type=gpu-process --user-data-dir=""C:\Users\Administrator\AppData\Roaming\clackly"" --gpu-preferences=UAAAAAAAAADgAAAEAAAAAAAAAAAAAGAAOAAAAAAAAAABAAAAAAAAAAAAAAAAAAAAAgAAAAAAAAAAAAAAAAAAABgAAAAAAAAAGAAAAAAAAAAIAAAAAAAAAAgAAAAAAAAACAAAAAAAAAA= --field-trial-handle=2196,i,12658543882519034140,1049900951455408011,262144 --enable-features=PdfUseShowSaveFilePicker --disable-features=DropInputEventsWhilePaintHolding,LocalNetworkAccessChecks,NetworkServiceSandbox,ScreenAIOCREnabled,SpareRendererForSitePerProcess,TraceSiteInstanceGetProcessCreation --variations-seed-version --pseudonymization-salt-handle=2192,i,15495027039908561937,2505952963138778894,4 --trace-process-track-uuid=3190708988185955192 --mojo-platform-channel-handle=2184 /prefetch:2"
"2026-07-29T15:23:21.1300296+08:00","47260","50784","electron.exe","True","0.078","42.3","2026/7/29 15:19:19","""D:\Clackly\resolve-command-center\node_modules\electron\dist\electron.exe"" --type=utility --utility-sub-type=network.mojom.NetworkService --lang=zh-CN --service-sandbox-type=none --user-data-dir=""C:\Users\Administrator\AppData\Roaming\clackly"" --field-trial-handle=2196,i,12658543882519034140,1049900951455408011,262144 --enable-features=PdfUseShowSaveFilePicker --disable-features=DropInputEventsWhilePaintHolding,LocalNetworkAccessChecks,NetworkServiceSandbox,ScreenAIOCREnabled,SpareRendererForSitePerProcess,TraceSiteInstanceGetProcessCreation --variations-seed-version --pseudonymization-salt-handle=2192,i,15495027039908561937,2505952963138778894,4 --trace-process-track-uuid=3190708989122997041 --mojo-platform-channel-handle=2364 /prefetch:11"
"2026-07-29T15:23:21.1300296+08:00","83820","50784","electron.exe","True","0.125","84.4","2026/7/29 15:19:19","""D:\Clackly\resolve-command-center\node_modules\electron\dist\electron.exe"" --type=renderer --user-data-dir=""C:\Users\Administrator\AppData\Roaming\clackly"" --app-path=""D:\Clackly\resolve-command-center"" --no-sandbox --no-zygote --video-capture-use-gpu-memory-buffer --lang=zh-CN --device-scale-factor=1 --num-raster-threads=4 --enable-main-frame-before-activation --renderer-client-id=4 --time-ticks-at-unix-epoch=-1783908236192501 --launch-time-ticks=1401323289119 --field-trial-handle=2196,i,12658543882519034140,1049900951455408011,262144 --enable-features=PdfUseShowSaveFilePicker --disable-features=DropInputEventsWhilePaintHolding,LocalNetworkAccessChecks,NetworkServiceSandbox,ScreenAIOCREnabled,SpareRendererForSitePerProcess,TraceSiteInstanceGetProcessCreation --variations-seed-version --pseudonymization-salt-handle=2192,i,15495027039908561937,2505952963138778894,4 --trace-process-track-uuid=3190708990060038890 --mojo-platform-channel-handle=3472 /prefetch:1"
"2026-07-29T15:23:21.1300296+08:00","14192","17532","Resolve.exe","True","64.625","2382.9","2026/7/29 15:20:28","""C:\Program Files\Blackmagic Design\DaVinci Resolve\Resolve.exe"" "
"2026-07-29T15:23:22.2986333+08:00","70468","57316","python.exe","True","0.031","5.7","2026/7/29 15:19:17","C:\Users\Administrator\AppData\Local\hermes\hermes-agent\venv\Scripts\python.exe D:\Clackly\resolve-command-center\bridge\server.py"
"2026-07-29T15:23:22.2986333+08:00","23760","70468","python.exe","True","0.141","22.9","2026/7/29 15:19:17","""C:\Users\Administrator\AppData\Roaming\uv\python\cpython-3.11-windows-x86_64-none\python.exe""  D:\Clackly\resolve-command-center\bridge\server.py"
"2026-07-29T15:23:22.2986333+08:00","3328","35252","node.exe","True","0.062","47.3","2026/7/29 15:19:19","""node""   ""D:\Clackly\resolve-command-center\node_modules\.bin\\..\electron\cli.js"" ."
"2026-07-29T15:23:22.2986333+08:00","50784","3328","electron.exe","True","1.828","99.6","2026/7/29 15:19:19","D:\Clackly\resolve-command-center\node_modules\electron\dist\electron.exe ."
"2026-07-29T15:23:22.2986333+08:00","66788","50784","electron.exe","True","0.438","90.7","2026/7/29 15:19:19","""D:\Clackly\resolve-command-center\node_modules\electron\dist\electron.exe"" --type=gpu-process --user-data-dir=""C:\Users\Administrator\AppData\Roaming\clackly"" --gpu-preferences=UAAAAAAAAADgAAAEAAAAAAAAAAAAAGAAOAAAAAAAAAABAAAAAAAAAAAAAAAAAAAAAgAAAAAAAAAAAAAAAAAAABgAAAAAAAAAGAAAAAAAAAAIAAAAAAAAAAgAAAAAAAAACAAAAAAAAAA= --field-trial-handle=2196,i,12658543882519034140,1049900951455408011,262144 --enable-features=PdfUseShowSaveFilePicker --disable-features=DropInputEventsWhilePaintHolding,LocalNetworkAccessChecks,NetworkServiceSandbox,ScreenAIOCREnabled,SpareRendererForSitePerProcess,TraceSiteInstanceGetProcessCreation --variations-seed-version --pseudonymization-salt-handle=2192,i,15495027039908561937,2505952963138778894,4 --trace-process-track-uuid=3190708988185955192 --mojo-platform-channel-handle=2184 /prefetch:2"
"2026-07-29T15:23:22.2986333+08:00","47260","50784","electron.exe","True","0.078","42.3","2026/7/29 15:19:19","""D:\Clackly\resolve-command-center\node_modules\electron\dist\electron.exe"" --type=utility --utility-sub-type=network.mojom.NetworkService --lang=zh-CN --service-sandbox-type=none --user-data-dir=""C:\Users\Administrator\AppData\Roaming\clackly"" --field-trial-handle=2196,i,12658543882519034140,1049900951455408011,262144 --enable-features=PdfUseShowSaveFilePicker --disable-features=DropInputEventsWhilePaintHolding,LocalNetworkAccessChecks,NetworkServiceSandbox,ScreenAIOCREnabled,SpareRendererForSitePerProcess,TraceSiteInstanceGetProcessCreation --variations-seed-version --pseudonymization-salt-handle=2192,i,15495027039908561937,2505952963138778894,4 --trace-process-track-uuid=3190708989122997041 --mojo-platform-channel-handle=2364 /prefetch:11"
"2026-07-29T15:23:22.2986333+08:00","83820","50784","electron.exe","True","0.125","84.4","2026/7/29 15:19:19","""D:\Clackly\resolve-command-center\node_modules\electron\dist\electron.exe"" --type=renderer --user-data-dir=""C:\Users\Administrator\AppData\Roaming\clackly"" --app-path=""D:\Clackly\resolve-command-center"" --no-sandbox --no-zygote --video-capture-use-gpu-memory-buffer --lang=zh-CN --device-scale-factor=1 --num-raster-threads=4 --enable-main-frame-before-activation --renderer-client-id=4 --time-ticks-at-unix-epoch=-1783908236192501 --launch-time-ticks=1401323289119 --field-trial-handle=2196,i,12658543882519034140,1049900951455408011,262144 --enable-features=PdfUseShowSaveFilePicker --disable-features=DropInputEventsWhilePaintHolding,LocalNetworkAccessChecks,NetworkServiceSandbox,ScreenAIOCREnabled,SpareRendererForSitePerProcess,TraceSiteInstanceGetProcessCreation --variations-seed-version --pseudonymization-salt-handle=2192,i,15495027039908561937,2505952963138778894,4 --trace-process-track-uuid=3190708990060038890 --mojo-platform-channel-handle=3472 /prefetch:1"
"2026-07-29T15:23:22.2986333+08:00","14192","17532","Resolve.exe","True","64.672","2382.9","2026/7/29 15:20:28","""C:\Program Files\Blackmagic Design\DaVinci Resolve\Resolve.exe"" "
"2026-07-29T15:23:23.4694817+08:00","70468","57316","python.exe","True","0.031","5.7","2026/7/29 15:19:17","C:\Users\Administrator\AppData\Local\hermes\hermes-agent\venv\Scripts\python.exe D:\Clackly\resolve-command-center\bridge\server.py"
"2026-07-29T15:23:23.4694817+08:00","23760","70468","python.exe","True","0.141","22.9","2026/7/29 15:19:17","""C:\Users\Administrator\AppData\Roaming\uv\python\cpython-3.11-windows-x86_64-none\python.exe""  D:\Clackly\resolve-command-center\bridge\server.py"
"2026-07-29T15:23:23.4694817+08:00","3328","35252","node.exe","True","0.062","47.3","2026/7/29 15:19:19","""node""   ""D:\Clackly\resolve-command-center\node_modules\.bin\\..\electron\cli.js"" ."
"2026-07-29T15:23:23.4694817+08:00","50784","3328","electron.exe","True","1.828","99.6","2026/7/29 15:19:19","D:\Clackly\resolve-command-center\node_modules\electron\dist\electron.exe ."
"2026-07-29T15:23:23.4694817+08:00","66788","50784","electron.exe","True","0.438","90.7","2026/7/29 15:19:19","""D:\Clackly\resolve-command-center\node_modules\electron\dist\electron.exe"" --type=gpu-process --user-data-dir=""C:\Users\Administrator\AppData\Roaming\clackly"" --gpu-preferences=UAAAAAAAAADgAAAEAAAAAAAAAAAAAGAAOAAAAAAAAAABAAAAAAAAAAAAAAAAAAAAAgAAAAAAAAAAAAAAAAAAABgAAAAAAAAAGAAAAAAAAAAIAAAAAAAAAAgAAAAAAAAACAAAAAAAAAA= --field-trial-handle=2196,i,12658543882519034140,1049900951455408011,262144 --enable-features=PdfUseShowSaveFilePicker --disable-features=DropInputEventsWhilePaintHolding,LocalNetworkAccessChecks,NetworkServiceSandbox,ScreenAIOCREnabled,SpareRendererForSitePerProcess,TraceSiteInstanceGetProcessCreation --variations-seed-version --pseudonymization-salt-handle=2192,i,15495027039908561937,2505952963138778894,4 --trace-process-track-uuid=3190708988185955192 --mojo-platform-channel-handle=2184 /prefetch:2"
"2026-07-29T15:23:23.4694817+08:00","47260","50784","electron.exe","True","0.078","42.3","2026/7/29 15:19:19","""D:\Clackly\resolve-command-center\node_modules\electron\dist\electron.exe"" --type=utility --utility-sub-type=network.mojom.NetworkService --lang=zh-CN --service-sandbox-type=none --user-data-dir=""C:\Users\Administrator\AppData\Roaming\clackly"" --field-trial-handle=2196,i,12658543882519034140,1049900951455408011,262144 --enable-features=PdfUseShowSaveFilePicker --disable-features=DropInputEventsWhilePaintHolding,LocalNetworkAccessChecks,NetworkServiceSandbox,ScreenAIOCREnabled,SpareRendererForSitePerProcess,TraceSiteInstanceGetProcessCreation --variations-seed-version --pseudonymization-salt-handle=2192,i,15495027039908561937,2505952963138778894,4 --trace-process-track-uuid=3190708989122997041 --mojo-platform-channel-handle=2364 /prefetch:11"
"2026-07-29T15:23:23.4694817+08:00","83820","50784","electron.exe","True","0.125","84.4","2026/7/29 15:19:19","""D:\Clackly\resolve-command-center\node_modules\electron\dist\electron.exe"" --type=renderer --user-data-dir=""C:\Users\Administrator\AppData\Roaming\clackly"" --app-path=""D:\Clackly\resolve-command-center"" --no-sandbox --no-zygote --video-capture-use-gpu-memory-buffer --lang=zh-CN --device-scale-factor=1 --num-raster-threads=4 --enable-main-frame-before-activation --renderer-client-id=4 --time-ticks-at-unix-epoch=-1783908236192501 --launch-time-ticks=1401323289119 --field-trial-handle=2196,i,12658543882519034140,1049900951455408011,262144 --enable-features=PdfUseShowSaveFilePicker --disable-features=DropInputEventsWhilePaintHolding,LocalNetworkAccessChecks,NetworkServiceSandbox,ScreenAIOCREnabled,SpareRendererForSitePerProcess,TraceSiteInstanceGetProcessCreation --variations-seed-version --pseudonymization-salt-handle=2192,i,15495027039908561937,2505952963138778894,4 --trace-process-track-uuid=3190708990060038890 --mojo-platform-channel-handle=3472 /prefetch:1"
"2026-07-29T15:23:23.4694817+08:00","14192","17532","Resolve.exe","True","64.781","2382.9","2026/7/29 15:20:28","""C:\Program Files\Blackmagic Design\DaVinci Resolve\Resolve.exe"" "
"2026-07-29T15:23:24.6911319+08:00","70468","57316","python.exe","True","0.031","5.7","2026/7/29 15:19:17","C:\Users\Administrator\AppData\Local\hermes\hermes-agent\venv\Scripts\python.exe D:\Clackly\resolve-command-center\bridge\server.py"
"2026-07-29T15:23:24.6911319+08:00","23760","70468","python.exe","True","0.141","22.9","2026/7/29 15:19:17","""C:\Users\Administrator\AppData\Roaming\uv\python\cpython-3.11-windows-x86_64-none\python.exe""  D:\Clackly\resolve-command-center\bridge\server.py"
"2026-07-29T15:23:24.6911319+08:00","3328","35252","node.exe","True","0.062","47.3","2026/7/29 15:19:19","""node""   ""D:\Clackly\resolve-command-center\node_modules\.bin\\..\electron\cli.js"" ."
"2026-07-29T15:23:24.6911319+08:00","50784","3328","electron.exe","True","1.844","99.6","2026/7/29 15:19:19","D:\Clackly\resolve-command-center\node_modules\electron\dist\electron.exe ."
"2026-07-29T15:23:24.6911319+08:00","66788","50784","electron.exe","True","0.438","90.7","2026/7/29 15:19:19","""D:\Clackly\resolve-command-center\node_modules\electron\dist\electron.exe"" --type=gpu-process --user-data-dir=""C:\Users\Administrator\AppData\Roaming\clackly"" --gpu-preferences=UAAAAAAAAADgAAAEAAAAAAAAAAAAAGAAOAAAAAAAAAABAAAAAAAAAAAAAAAAAAAAAgAAAAAAAAAAAAAAAAAAABgAAAAAAAAAGAAAAAAAAAAIAAAAAAAAAAgAAAAAAAAACAAAAAAAAAA= --field-trial-handle=2196,i,12658543882519034140,1049900951455408011,262144 --enable-features=PdfUseShowSaveFilePicker --disable-features=DropInputEventsWhilePaintHolding,LocalNetworkAccessChecks,NetworkServiceSandbox,ScreenAIOCREnabled,SpareRendererForSitePerProcess,TraceSiteInstanceGetProcessCreation --variations-seed-version --pseudonymization-salt-handle=2192,i,15495027039908561937,2505952963138778894,4 --trace-process-track-uuid=3190708988185955192 --mojo-platform-channel-handle=2184 /prefetch:2"
"2026-07-29T15:23:24.6911319+08:00","47260","50784","electron.exe","True","0.078","42.3","2026/7/29 15:19:19","""D:\Clackly\resolve-command-center\node_modules\electron\dist\electron.exe"" --type=utility --utility-sub-type=network.mojom.NetworkService --lang=zh-CN --service-sandbox-type=none --user-data-dir=""C:\Users\Administrator\AppData\Roaming\clackly"" --field-trial-handle=2196,i,12658543882519034140,1049900951455408011,262144 --enable-features=PdfUseShowSaveFilePicker --disable-features=DropInputEventsWhilePaintHolding,LocalNetworkAccessChecks,NetworkServiceSandbox,ScreenAIOCREnabled,SpareRendererForSitePerProcess,TraceSiteInstanceGetProcessCreation --variations-seed-version --pseudonymization-salt-handle=2192,i,15495027039908561937,2505952963138778894,4 --trace-process-track-uuid=3190708989122997041 --mojo-platform-channel-handle=2364 /prefetch:11"
"2026-07-29T15:23:24.6911319+08:00","83820","50784","electron.exe","True","0.125","84.4","2026/7/29 15:19:19","""D:\Clackly\resolve-command-center\node_modules\electron\dist\electron.exe"" --type=renderer --user-data-dir=""C:\Users\Administrator\AppData\Roaming\clackly"" --app-path=""D:\Clackly\resolve-command-center"" --no-sandbox --no-zygote --video-capture-use-gpu-memory-buffer --lang=zh-CN --device-scale-factor=1 --num-raster-threads=4 --enable-main-frame-before-activation --renderer-client-id=4 --time-ticks-at-unix-epoch=-1783908236192501 --launch-time-ticks=1401323289119 --field-trial-handle=2196,i,12658543882519034140,1049900951455408011,262144 --enable-features=PdfUseShowSaveFilePicker --disable-features=DropInputEventsWhilePaintHolding,LocalNetworkAccessChecks,NetworkServiceSandbox,ScreenAIOCREnabled,SpareRendererForSitePerProcess,TraceSiteInstanceGetProcessCreation --variations-seed-version --pseudonymization-salt-handle=2192,i,15495027039908561937,2505952963138778894,4 --trace-process-track-uuid=3190708990060038890 --mojo-platform-channel-handle=3472 /prefetch:1"
"2026-07-29T15:23:24.6911319+08:00","14192","17532","Resolve.exe","True","64.891","2382.9","2026/7/29 15:20:28","""C:\Program Files\Blackmagic Design\DaVinci Resolve\Resolve.exe"" "
"2026-07-29T15:23:25.8933924+08:00","70468","57316","python.exe","True","0.031","5.7","2026/7/29 15:19:17","C:\Users\Administrator\AppData\Local\hermes\hermes-agent\venv\Scripts\python.exe D:\Clackly\resolve-command-center\bridge\server.py"
"2026-07-29T15:23:25.8933924+08:00","23760","70468","python.exe","True","0.141","22.9","2026/7/29 15:19:17","""C:\Users\Administrator\AppData\Roaming\uv\python\cpython-3.11-windows-x86_64-none\python.exe""  D:\Clackly\resolve-command-center\bridge\server.py"
"2026-07-29T15:23:25.8933924+08:00","3328","35252","node.exe","True","0.062","47.3","2026/7/29 15:19:19","""node""   ""D:\Clackly\resolve-command-center\node_modules\.bin\\..\electron\cli.js"" ."
"2026-07-29T15:23:25.8933924+08:00","50784","3328","electron.exe","True","1.859","99.6","2026/7/29 15:19:19","D:\Clackly\resolve-command-center\node_modules\electron\dist\electron.exe ."
"2026-07-29T15:23:25.8933924+08:00","66788","50784","electron.exe","True","0.438","90.7","2026/7/29 15:19:19","""D:\Clackly\resolve-command-center\node_modules\electron\dist\electron.exe"" --type=gpu-process --user-data-dir=""C:\Users\Administrator\AppData\Roaming\clackly"" --gpu-preferences=UAAAAAAAAADgAAAEAAAAAAAAAAAAAGAAOAAAAAAAAAABAAAAAAAAAAAAAAAAAAAAAgAAAAAAAAAAAAAAAAAAABgAAAAAAAAAGAAAAAAAAAAIAAAAAAAAAAgAAAAAAAAACAAAAAAAAAA= --field-trial-handle=2196,i,12658543882519034140,1049900951455408011,262144 --enable-features=PdfUseShowSaveFilePicker --disable-features=DropInputEventsWhilePaintHolding,LocalNetworkAccessChecks,NetworkServiceSandbox,ScreenAIOCREnabled,SpareRendererForSitePerProcess,TraceSiteInstanceGetProcessCreation --variations-seed-version --pseudonymization-salt-handle=2192,i,15495027039908561937,2505952963138778894,4 --trace-process-track-uuid=3190708988185955192 --mojo-platform-channel-handle=2184 /prefetch:2"
"2026-07-29T15:23:25.8933924+08:00","47260","50784","electron.exe","True","0.078","42.3","2026/7/29 15:19:19","""D:\Clackly\resolve-command-center\node_modules\electron\dist\electron.exe"" --type=utility --utility-sub-type=network.mojom.NetworkService --lang=zh-CN --service-sandbox-type=none --user-data-dir=""C:\Users\Administrator\AppData\Roaming\clackly"" --field-trial-handle=2196,i,12658543882519034140,1049900951455408011,262144 --enable-features=PdfUseShowSaveFilePicker --disable-features=DropInputEventsWhilePaintHolding,LocalNetworkAccessChecks,NetworkServiceSandbox,ScreenAIOCREnabled,SpareRendererForSitePerProcess,TraceSiteInstanceGetProcessCreation --variations-seed-version --pseudonymization-salt-handle=2192,i,15495027039908561937,2505952963138778894,4 --trace-process-track-uuid=3190708989122997041 --mojo-platform-channel-handle=2364 /prefetch:11"
"2026-07-29T15:23:25.8933924+08:00","83820","50784","electron.exe","True","0.125","84.4","2026/7/29 15:19:19","""D:\Clackly\resolve-command-center\node_modules\electron\dist\electron.exe"" --type=renderer --user-data-dir=""C:\Users\Administrator\AppData\Roaming\clackly"" --app-path=""D:\Clackly\resolve-command-center"" --no-sandbox --no-zygote --video-capture-use-gpu-memory-buffer --lang=zh-CN --device-scale-factor=1 --num-raster-threads=4 --enable-main-frame-before-activation --renderer-client-id=4 --time-ticks-at-unix-epoch=-1783908236192501 --launch-time-ticks=1401323289119 --field-trial-handle=2196,i,12658543882519034140,1049900951455408011,262144 --enable-features=PdfUseShowSaveFilePicker --disable-features=DropInputEventsWhilePaintHolding,LocalNetworkAccessChecks,NetworkServiceSandbox,ScreenAIOCREnabled,SpareRendererForSitePerProcess,TraceSiteInstanceGetProcessCreation --variations-seed-version --pseudonymization-salt-handle=2192,i,15495027039908561937,2505952963138778894,4 --trace-process-track-uuid=3190708990060038890 --mojo-platform-channel-handle=3472 /prefetch:1"
"2026-07-29T15:23:25.8933924+08:00","14192","17532","Resolve.exe","True","65.062","2382.9","2026/7/29 15:20:28","""C:\Program Files\Blackmagic Design\DaVinci Resolve\Resolve.exe"" "
"2026-07-29T15:23:27.1531103+08:00","70468","57316","python.exe","True","0.031","5.7","2026/7/29 15:19:17","C:\Users\Administrator\AppData\Local\hermes\hermes-agent\venv\Scripts\python.exe D:\Clackly\resolve-command-center\bridge\server.py"
"2026-07-29T15:23:27.1531103+08:00","23760","70468","python.exe","True","0.141","22.9","2026/7/29 15:19:17","""C:\Users\Administrator\AppData\Roaming\uv\python\cpython-3.11-windows-x86_64-none\python.exe""  D:\Clackly\resolve-command-center\bridge\server.py"
"2026-07-29T15:23:27.1531103+08:00","3328","35252","node.exe","True","0.062","47.3","2026/7/29 15:19:19","""node""   ""D:\Clackly\resolve-command-center\node_modules\.bin\\..\electron\cli.js"" ."
"2026-07-29T15:23:27.1531103+08:00","50784","3328","electron.exe","True","1.875","99.7","2026/7/29 15:19:19","D:\Clackly\resolve-command-center\node_modules\electron\dist\electron.exe ."
"2026-07-29T15:23:27.1531103+08:00","66788","50784","electron.exe","True","0.438","90.7","2026/7/29 15:19:19","""D:\Clackly\resolve-command-center\node_modules\electron\dist\electron.exe"" --type=gpu-process --user-data-dir=""C:\Users\Administrator\AppData\Roaming\clackly"" --gpu-preferences=UAAAAAAAAADgAAAEAAAAAAAAAAAAAGAAOAAAAAAAAAABAAAAAAAAAAAAAAAAAAAAAgAAAAAAAAAAAAAAAAAAABgAAAAAAAAAGAAAAAAAAAAIAAAAAAAAAAgAAAAAAAAACAAAAAAAAAA= --field-trial-handle=2196,i,12658543882519034140,1049900951455408011,262144 --enable-features=PdfUseShowSaveFilePicker --disable-features=DropInputEventsWhilePaintHolding,LocalNetworkAccessChecks,NetworkServiceSandbox,ScreenAIOCREnabled,SpareRendererForSitePerProcess,TraceSiteInstanceGetProcessCreation --variations-seed-version --pseudonymization-salt-handle=2192,i,15495027039908561937,2505952963138778894,4 --trace-process-track-uuid=3190708988185955192 --mojo-platform-channel-handle=2184 /prefetch:2"
"2026-07-29T15:23:27.1531103+08:00","47260","50784","electron.exe","True","0.078","42.3","2026/7/29 15:19:19","""D:\Clackly\resolve-command-center\node_modules\electron\dist\electron.exe"" --type=utility --utility-sub-type=network.mojom.NetworkService --lang=zh-CN --service-sandbox-type=none --user-data-dir=""C:\Users\Administrator\AppData\Roaming\clackly"" --field-trial-handle=2196,i,12658543882519034140,1049900951455408011,262144 --enable-features=PdfUseShowSaveFilePicker --disable-features=DropInputEventsWhilePaintHolding,LocalNetworkAccessChecks,NetworkServiceSandbox,ScreenAIOCREnabled,SpareRendererForSitePerProcess,TraceSiteInstanceGetProcessCreation --variations-seed-version --pseudonymization-salt-handle=2192,i,15495027039908561937,2505952963138778894,4 --trace-process-track-uuid=3190708989122997041 --mojo-platform-channel-handle=2364 /prefetch:11"
"2026-07-29T15:23:27.1531103+08:00","83820","50784","electron.exe","True","0.125","84.4","2026/7/29 15:19:19","""D:\Clackly\resolve-command-center\node_modules\electron\dist\electron.exe"" --type=renderer --user-data-dir=""C:\Users\Administrator\AppData\Roaming\clackly"" --app-path=""D:\Clackly\resolve-command-center"" --no-sandbox --no-zygote --video-capture-use-gpu-memory-buffer --lang=zh-CN --device-scale-factor=1 --num-raster-threads=4 --enable-main-frame-before-activation --renderer-client-id=4 --time-ticks-at-unix-epoch=-1783908236192501 --launch-time-ticks=1401323289119 --field-trial-handle=2196,i,12658543882519034140,1049900951455408011,262144 --enable-features=PdfUseShowSaveFilePicker --disable-features=DropInputEventsWhilePaintHolding,LocalNetworkAccessChecks,NetworkServiceSandbox,ScreenAIOCREnabled,SpareRendererForSitePerProcess,TraceSiteInstanceGetProcessCreation --variations-seed-version --pseudonymization-salt-handle=2192,i,15495027039908561937,2505952963138778894,4 --trace-process-track-uuid=3190708990060038890 --mojo-platform-channel-handle=3472 /prefetch:1"
"2026-07-29T15:23:27.1531103+08:00","14192","17532","Resolve.exe","True","65.172","2382.9","2026/7/29 15:20:28","""C:\Program Files\Blackmagic Design\DaVinci Resolve\Resolve.exe"" "
"2026-07-29T15:23:28.3360473+08:00","70468","57316","python.exe","True","0.031","5.7","2026/7/29 15:19:17","C:\Users\Administrator\AppData\Local\hermes\hermes-agent\venv\Scripts\python.exe D:\Clackly\resolve-command-center\bridge\server.py"
"2026-07-29T15:23:28.3360473+08:00","23760","70468","python.exe","True","0.141","22.9","2026/7/29 15:19:17","""C:\Users\Administrator\AppData\Roaming\uv\python\cpython-3.11-windows-x86_64-none\python.exe""  D:\Clackly\resolve-command-center\bridge\server.py"
"2026-07-29T15:23:28.3360473+08:00","3328","35252","node.exe","True","0.062","47.3","2026/7/29 15:19:19","""node""   ""D:\Clackly\resolve-command-center\node_modules\.bin\\..\electron\cli.js"" ."
"2026-07-29T15:23:28.3360473+08:00","50784","3328","electron.exe","True","1.891","99.7","2026/7/29 15:19:19","D:\Clackly\resolve-command-center\node_modules\electron\dist\electron.exe ."
"2026-07-29T15:23:28.3360473+08:00","66788","50784","electron.exe","True","0.438","90.7","2026/7/29 15:19:19","""D:\Clackly\resolve-command-center\node_modules\electron\dist\electron.exe"" --type=gpu-process --user-data-dir=""C:\Users\Administrator\AppData\Roaming\clackly"" --gpu-preferences=UAAAAAAAAADgAAAEAAAAAAAAAAAAAGAAOAAAAAAAAAABAAAAAAAAAAAAAAAAAAAAAgAAAAAAAAAAAAAAAAAAABgAAAAAAAAAGAAAAAAAAAAIAAAAAAAAAAgAAAAAAAAACAAAAAAAAAA= --field-trial-handle=2196,i,12658543882519034140,1049900951455408011,262144 --enable-features=PdfUseShowSaveFilePicker --disable-features=DropInputEventsWhilePaintHolding,LocalNetworkAccessChecks,NetworkServiceSandbox,ScreenAIOCREnabled,SpareRendererForSitePerProcess,TraceSiteInstanceGetProcessCreation --variations-seed-version --pseudonymization-salt-handle=2192,i,15495027039908561937,2505952963138778894,4 --trace-process-track-uuid=3190708988185955192 --mojo-platform-channel-handle=2184 /prefetch:2"
"2026-07-29T15:23:28.3360473+08:00","47260","50784","electron.exe","True","0.078","42.3","2026/7/29 15:19:19","""D:\Clackly\resolve-command-center\node_modules\electron\dist\electron.exe"" --type=utility --utility-sub-type=network.mojom.NetworkService --lang=zh-CN --service-sandbox-type=none --user-data-dir=""C:\Users\Administrator\AppData\Roaming\clackly"" --field-trial-handle=2196,i,12658543882519034140,1049900951455408011,262144 --enable-features=PdfUseShowSaveFilePicker --disable-features=DropInputEventsWhilePaintHolding,LocalNetworkAccessChecks,NetworkServiceSandbox,ScreenAIOCREnabled,SpareRendererForSitePerProcess,TraceSiteInstanceGetProcessCreation --variations-seed-version --pseudonymization-salt-handle=2192,i,15495027039908561937,2505952963138778894,4 --trace-process-track-uuid=3190708989122997041 --mojo-platform-channel-handle=2364 /prefetch:11"
"2026-07-29T15:23:28.3360473+08:00","83820","50784","electron.exe","True","0.125","84.4","2026/7/29 15:19:19","""D:\Clackly\resolve-command-center\node_modules\electron\dist\electron.exe"" --type=renderer --user-data-dir=""C:\Users\Administrator\AppData\Roaming\clackly"" --app-path=""D:\Clackly\resolve-command-center"" --no-sandbox --no-zygote --video-capture-use-gpu-memory-buffer --lang=zh-CN --device-scale-factor=1 --num-raster-threads=4 --enable-main-frame-before-activation --renderer-client-id=4 --time-ticks-at-unix-epoch=-1783908236192501 --launch-time-ticks=1401323289119 --field-trial-handle=2196,i,12658543882519034140,1049900951455408011,262144 --enable-features=PdfUseShowSaveFilePicker --disable-features=DropInputEventsWhilePaintHolding,LocalNetworkAccessChecks,NetworkServiceSandbox,ScreenAIOCREnabled,SpareRendererForSitePerProcess,TraceSiteInstanceGetProcessCreation --variations-seed-version --pseudonymization-salt-handle=2192,i,15495027039908561937,2505952963138778894,4 --trace-process-track-uuid=3190708990060038890 --mojo-platform-channel-handle=3472 /prefetch:1"
"2026-07-29T15:23:28.3360473+08:00","14192","17532","Resolve.exe","True","65.281","2382.9","2026/7/29 15:20:28","""C:\Program Files\Blackmagic Design\DaVinci Resolve\Resolve.exe"" "
"2026-07-29T15:23:29.5174125+08:00","70468","57316","python.exe","True","0.031","5.7","2026/7/29 15:19:17","C:\Users\Administrator\AppData\Local\hermes\hermes-agent\venv\Scripts\python.exe D:\Clackly\resolve-command-center\bridge\server.py"
"2026-07-29T15:23:29.5174125+08:00","23760","70468","python.exe","True","0.141","22.9","2026/7/29 15:19:17","""C:\Users\Administrator\AppData\Roaming\uv\python\cpython-3.11-windows-x86_64-none\python.exe""  D:\Clackly\resolve-command-center\bridge\server.py"
"2026-07-29T15:23:29.5174125+08:00","3328","35252","node.exe","True","0.062","47.3","2026/7/29 15:19:19","""node""   ""D:\Clackly\resolve-command-center\node_modules\.bin\\..\electron\cli.js"" ."
"2026-07-29T15:23:29.5174125+08:00","50784","3328","electron.exe","True","1.891","99.7","2026/7/29 15:19:19","D:\Clackly\resolve-command-center\node_modules\electron\dist\electron.exe ."
"2026-07-29T15:23:29.5174125+08:00","66788","50784","electron.exe","True","0.438","90.7","2026/7/29 15:19:19","""D:\Clackly\resolve-command-center\node_modules\electron\dist\electron.exe"" --type=gpu-process --user-data-dir=""C:\Users\Administrator\AppData\Roaming\clackly"" --gpu-preferences=UAAAAAAAAADgAAAEAAAAAAAAAAAAAGAAOAAAAAAAAAABAAAAAAAAAAAAAAAAAAAAAgAAAAAAAAAAAAAAAAAAABgAAAAAAAAAGAAAAAAAAAAIAAAAAAAAAAgAAAAAAAAACAAAAAAAAAA= --field-trial-handle=2196,i,12658543882519034140,1049900951455408011,262144 --enable-features=PdfUseShowSaveFilePicker --disable-features=DropInputEventsWhilePaintHolding,LocalNetworkAccessChecks,NetworkServiceSandbox,ScreenAIOCREnabled,SpareRendererForSitePerProcess,TraceSiteInstanceGetProcessCreation --variations-seed-version --pseudonymization-salt-handle=2192,i,15495027039908561937,2505952963138778894,4 --trace-process-track-uuid=3190708988185955192 --mojo-platform-channel-handle=2184 /prefetch:2"
"2026-07-29T15:23:29.5174125+08:00","47260","50784","electron.exe","True","0.078","42.3","2026/7/29 15:19:19","""D:\Clackly\resolve-command-center\node_modules\electron\dist\electron.exe"" --type=utility --utility-sub-type=network.mojom.NetworkService --lang=zh-CN --service-sandbox-type=none --user-data-dir=""C:\Users\Administrator\AppData\Roaming\clackly"" --field-trial-handle=2196,i,12658543882519034140,1049900951455408011,262144 --enable-features=PdfUseShowSaveFilePicker --disable-features=DropInputEventsWhilePaintHolding,LocalNetworkAccessChecks,NetworkServiceSandbox,ScreenAIOCREnabled,SpareRendererForSitePerProcess,TraceSiteInstanceGetProcessCreation --variations-seed-version --pseudonymization-salt-handle=2192,i,15495027039908561937,2505952963138778894,4 --trace-process-track-uuid=3190708989122997041 --mojo-platform-channel-handle=2364 /prefetch:11"
"2026-07-29T15:23:29.5174125+08:00","83820","50784","electron.exe","True","0.125","84.4","2026/7/29 15:19:19","""D:\Clackly\resolve-command-center\node_modules\electron\dist\electron.exe"" --type=renderer --user-data-dir=""C:\Users\Administrator\AppData\Roaming\clackly"" --app-path=""D:\Clackly\resolve-command-center"" --no-sandbox --no-zygote --video-capture-use-gpu-memory-buffer --lang=zh-CN --device-scale-factor=1 --num-raster-threads=4 --enable-main-frame-before-activation --renderer-client-id=4 --time-ticks-at-unix-epoch=-1783908236192501 --launch-time-ticks=1401323289119 --field-trial-handle=2196,i,12658543882519034140,1049900951455408011,262144 --enable-features=PdfUseShowSaveFilePicker --disable-features=DropInputEventsWhilePaintHolding,LocalNetworkAccessChecks,NetworkServiceSandbox,ScreenAIOCREnabled,SpareRendererForSitePerProcess,TraceSiteInstanceGetProcessCreation --variations-seed-version --pseudonymization-salt-handle=2192,i,15495027039908561937,2505952963138778894,4 --trace-process-track-uuid=3190708990060038890 --mojo-platform-channel-handle=3472 /prefetch:1"
"2026-07-29T15:23:29.5174125+08:00","14192","17532","Resolve.exe","True","65.297","2382.9","2026/7/29 15:20:28","""C:\Program Files\Blackmagic Design\DaVinci Resolve\Resolve.exe"" "
"2026-07-29T15:23:30.7176391+08:00","70468","57316","python.exe","True","0.031","5.7","2026/7/29 15:19:17","C:\Users\Administrator\AppData\Local\hermes\hermes-agent\venv\Scripts\python.exe D:\Clackly\resolve-command-center\bridge\server.py"
"2026-07-29T15:23:30.7176391+08:00","23760","70468","python.exe","True","0.141","22.9","2026/7/29 15:19:17","""C:\Users\Administrator\AppData\Roaming\uv\python\cpython-3.11-windows-x86_64-none\python.exe""  D:\Clackly\resolve-command-center\bridge\server.py"
"2026-07-29T15:23:30.7176391+08:00","3328","35252","node.exe","True","0.062","47.3","2026/7/29 15:19:19","""node""   ""D:\Clackly\resolve-command-center\node_modules\.bin\\..\electron\cli.js"" ."
"2026-07-29T15:23:30.7176391+08:00","50784","3328","electron.exe","True","1.891","99.7","2026/7/29 15:19:19","D:\Clackly\resolve-command-center\node_modules\electron\dist\electron.exe ."
"2026-07-29T15:23:30.7176391+08:00","66788","50784","electron.exe","True","0.438","90.7","2026/7/29 15:19:19","""D:\Clackly\resolve-command-center\node_modules\electron\dist\electron.exe"" --type=gpu-process --user-data-dir=""C:\Users\Administrator\AppData\Roaming\clackly"" --gpu-preferences=UAAAAAAAAADgAAAEAAAAAAAAAAAAAGAAOAAAAAAAAAABAAAAAAAAAAAAAAAAAAAAAgAAAAAAAAAAAAAAAAAAABgAAAAAAAAAGAAAAAAAAAAIAAAAAAAAAAgAAAAAAAAACAAAAAAAAAA= --field-trial-handle=2196,i,12658543882519034140,1049900951455408011,262144 --enable-features=PdfUseShowSaveFilePicker --disable-features=DropInputEventsWhilePaintHolding,LocalNetworkAccessChecks,NetworkServiceSandbox,ScreenAIOCREnabled,SpareRendererForSitePerProcess,TraceSiteInstanceGetProcessCreation --variations-seed-version --pseudonymization-salt-handle=2192,i,15495027039908561937,2505952963138778894,4 --trace-process-track-uuid=3190708988185955192 --mojo-platform-channel-handle=2184 /prefetch:2"
"2026-07-29T15:23:30.7176391+08:00","47260","50784","electron.exe","True","0.078","42.3","2026/7/29 15:19:19","""D:\Clackly\resolve-command-center\node_modules\electron\dist\electron.exe"" --type=utility --utility-sub-type=network.mojom.NetworkService --lang=zh-CN --service-sandbox-type=none --user-data-dir=""C:\Users\Administrator\AppData\Roaming\clackly"" --field-trial-handle=2196,i,12658543882519034140,1049900951455408011,262144 --enable-features=PdfUseShowSaveFilePicker --disable-features=DropInputEventsWhilePaintHolding,LocalNetworkAccessChecks,NetworkServiceSandbox,ScreenAIOCREnabled,SpareRendererForSitePerProcess,TraceSiteInstanceGetProcessCreation --variations-seed-version --pseudonymization-salt-handle=2192,i,15495027039908561937,2505952963138778894,4 --trace-process-track-uuid=3190708989122997041 --mojo-platform-channel-handle=2364 /prefetch:11"
"2026-07-29T15:23:30.7176391+08:00","83820","50784","electron.exe","True","0.125","84.4","2026/7/29 15:19:19","""D:\Clackly\resolve-command-center\node_modules\electron\dist\electron.exe"" --type=renderer --user-data-dir=""C:\Users\Administrator\AppData\Roaming\clackly"" --app-path=""D:\Clackly\resolve-command-center"" --no-sandbox --no-zygote --video-capture-use-gpu-memory-buffer --lang=zh-CN --device-scale-factor=1 --num-raster-threads=4 --enable-main-frame-before-activation --renderer-client-id=4 --time-ticks-at-unix-epoch=-1783908236192501 --launch-time-ticks=1401323289119 --field-trial-handle=2196,i,12658543882519034140,1049900951455408011,262144 --enable-features=PdfUseShowSaveFilePicker --disable-features=DropInputEventsWhilePaintHolding,LocalNetworkAccessChecks,NetworkServiceSandbox,ScreenAIOCREnabled,SpareRendererForSitePerProcess,TraceSiteInstanceGetProcessCreation --variations-seed-version --pseudonymization-salt-handle=2192,i,15495027039908561937,2505952963138778894,4 --trace-process-track-uuid=3190708990060038890 --mojo-platform-channel-handle=3472 /prefetch:1"
"2026-07-29T15:23:30.7176391+08:00","14192","17532","Resolve.exe","True","65.484","2382.9","2026/7/29 15:20:28","""C:\Program Files\Blackmagic Design\DaVinci Resolve\Resolve.exe"" "
"2026-07-29T15:23:31.9032743+08:00","70468","57316","python.exe","True","0.031","5.7","2026/7/29 15:19:17","C:\Users\Administrator\AppData\Local\hermes\hermes-agent\venv\Scripts\python.exe D:\Clackly\resolve-command-center\bridge\server.py"
"2026-07-29T15:23:31.9032743+08:00","23760","70468","python.exe","True","0.141","22.9","2026/7/29 15:19:17","""C:\Users\Administrator\AppData\Roaming\uv\python\cpython-3.11-windows-x86_64-none\python.exe""  D:\Clackly\resolve-command-center\bridge\server.py"
"2026-07-29T15:23:31.9032743+08:00","3328","35252","node.exe","True","0.062","47.3","2026/7/29 15:19:19","""node""   ""D:\Clackly\resolve-command-center\node_modules\.bin\\..\electron\cli.js"" ."
"2026-07-29T15:23:31.9032743+08:00","50784","3328","electron.exe","True","1.891","99.6","2026/7/29 15:19:19","D:\Clackly\resolve-command-center\node_modules\electron\dist\electron.exe ."
"2026-07-29T15:23:31.9032743+08:00","66788","50784","electron.exe","True","0.438","90.7","2026/7/29 15:19:19","""D:\Clackly\resolve-command-center\node_modules\electron\dist\electron.exe"" --type=gpu-process --user-data-dir=""C:\Users\Administrator\AppData\Roaming\clackly"" --gpu-preferences=UAAAAAAAAADgAAAEAAAAAAAAAAAAAGAAOAAAAAAAAAABAAAAAAAAAAAAAAAAAAAAAgAAAAAAAAAAAAAAAAAAABgAAAAAAAAAGAAAAAAAAAAIAAAAAAAAAAgAAAAAAAAACAAAAAAAAAA= --field-trial-handle=2196,i,12658543882519034140,1049900951455408011,262144 --enable-features=PdfUseShowSaveFilePicker --disable-features=DropInputEventsWhilePaintHolding,LocalNetworkAccessChecks,NetworkServiceSandbox,ScreenAIOCREnabled,SpareRendererForSitePerProcess,TraceSiteInstanceGetProcessCreation --variations-seed-version --pseudonymization-salt-handle=2192,i,15495027039908561937,2505952963138778894,4 --trace-process-track-uuid=3190708988185955192 --mojo-platform-channel-handle=2184 /prefetch:2"
"2026-07-29T15:23:31.9032743+08:00","47260","50784","electron.exe","True","0.078","42.3","2026/7/29 15:19:19","""D:\Clackly\resolve-command-center\node_modules\electron\dist\electron.exe"" --type=utility --utility-sub-type=network.mojom.NetworkService --lang=zh-CN --service-sandbox-type=none --user-data-dir=""C:\Users\Administrator\AppData\Roaming\clackly"" --field-trial-handle=2196,i,12658543882519034140,1049900951455408011,262144 --enable-features=PdfUseShowSaveFilePicker --disable-features=DropInputEventsWhilePaintHolding,LocalNetworkAccessChecks,NetworkServiceSandbox,ScreenAIOCREnabled,SpareRendererForSitePerProcess,TraceSiteInstanceGetProcessCreation --variations-seed-version --pseudonymization-salt-handle=2192,i,15495027039908561937,2505952963138778894,4 --trace-process-track-uuid=3190708989122997041 --mojo-platform-channel-handle=2364 /prefetch:11"
"2026-07-29T15:23:31.9032743+08:00","83820","50784","electron.exe","True","0.125","84.4","2026/7/29 15:19:19","""D:\Clackly\resolve-command-center\node_modules\electron\dist\electron.exe"" --type=renderer --user-data-dir=""C:\Users\Administrator\AppData\Roaming\clackly"" --app-path=""D:\Clackly\resolve-command-center"" --no-sandbox --no-zygote --video-capture-use-gpu-memory-buffer --lang=zh-CN --device-scale-factor=1 --num-raster-threads=4 --enable-main-frame-before-activation --renderer-client-id=4 --time-ticks-at-unix-epoch=-1783908236192501 --launch-time-ticks=1401323289119 --field-trial-handle=2196,i,12658543882519034140,1049900951455408011,262144 --enable-features=PdfUseShowSaveFilePicker --disable-features=DropInputEventsWhilePaintHolding,LocalNetworkAccessChecks,NetworkServiceSandbox,ScreenAIOCREnabled,SpareRendererForSitePerProcess,TraceSiteInstanceGetProcessCreation --variations-seed-version --pseudonymization-salt-handle=2192,i,15495027039908561937,2505952963138778894,4 --trace-process-track-uuid=3190708990060038890 --mojo-platform-channel-handle=3472 /prefetch:1"
"2026-07-29T15:23:31.9032743+08:00","14192","17532","Resolve.exe","True","65.625","2382.9","2026/7/29 15:20:28","""C:\Program Files\Blackmagic Design\DaVinci Resolve\Resolve.exe"" "
"2026-07-29T15:23:33.0900206+08:00","70468","57316","python.exe","True","0.031","5.7","2026/7/29 15:19:17","C:\Users\Administrator\AppData\Local\hermes\hermes-agent\venv\Scripts\python.exe D:\Clackly\resolve-command-center\bridge\server.py"
"2026-07-29T15:23:33.0900206+08:00","23760","70468","python.exe","True","0.141","22.9","2026/7/29 15:19:17","""C:\Users\Administrator\AppData\Roaming\uv\python\cpython-3.11-windows-x86_64-none\python.exe""  D:\Clackly\resolve-command-center\bridge\server.py"
"2026-07-29T15:23:33.0900206+08:00","3328","35252","node.exe","True","0.062","47.3","2026/7/29 15:19:19","""node""   ""D:\Clackly\resolve-command-center\node_modules\.bin\\..\electron\cli.js"" ."
"2026-07-29T15:23:33.0900206+08:00","50784","3328","electron.exe","True","1.891","99.6","2026/7/29 15:19:19","D:\Clackly\resolve-command-center\node_modules\electron\dist\electron.exe ."
"2026-07-29T15:23:33.0900206+08:00","66788","50784","electron.exe","True","0.438","90.7","2026/7/29 15:19:19","""D:\Clackly\resolve-command-center\node_modules\electron\dist\electron.exe"" --type=gpu-process --user-data-dir=""C:\Users\Administrator\AppData\Roaming\clackly"" --gpu-preferences=UAAAAAAAAADgAAAEAAAAAAAAAAAAAGAAOAAAAAAAAAABAAAAAAAAAAAAAAAAAAAAAgAAAAAAAAAAAAAAAAAAABgAAAAAAAAAGAAAAAAAAAAIAAAAAAAAAAgAAAAAAAAACAAAAAAAAAA= --field-trial-handle=2196,i,12658543882519034140,1049900951455408011,262144 --enable-features=PdfUseShowSaveFilePicker --disable-features=DropInputEventsWhilePaintHolding,LocalNetworkAccessChecks,NetworkServiceSandbox,ScreenAIOCREnabled,SpareRendererForSitePerProcess,TraceSiteInstanceGetProcessCreation --variations-seed-version --pseudonymization-salt-handle=2192,i,15495027039908561937,2505952963138778894,4 --trace-process-track-uuid=3190708988185955192 --mojo-platform-channel-handle=2184 /prefetch:2"
"2026-07-29T15:23:33.0900206+08:00","47260","50784","electron.exe","True","0.078","42.3","2026/7/29 15:19:19","""D:\Clackly\resolve-command-center\node_modules\electron\dist\electron.exe"" --type=utility --utility-sub-type=network.mojom.NetworkService --lang=zh-CN --service-sandbox-type=none --user-data-dir=""C:\Users\Administrator\AppData\Roaming\clackly"" --field-trial-handle=2196,i,12658543882519034140,1049900951455408011,262144 --enable-features=PdfUseShowSaveFilePicker --disable-features=DropInputEventsWhilePaintHolding,LocalNetworkAccessChecks,NetworkServiceSandbox,ScreenAIOCREnabled,SpareRendererForSitePerProcess,TraceSiteInstanceGetProcessCreation --variations-seed-version --pseudonymization-salt-handle=2192,i,15495027039908561937,2505952963138778894,4 --trace-process-track-uuid=3190708989122997041 --mojo-platform-channel-handle=2364 /prefetch:11"
"2026-07-29T15:23:33.0900206+08:00","83820","50784","electron.exe","True","0.125","84.4","2026/7/29 15:19:19","""D:\Clackly\resolve-command-center\node_modules\electron\dist\electron.exe"" --type=renderer --user-data-dir=""C:\Users\Administrator\AppData\Roaming\clackly"" --app-path=""D:\Clackly\resolve-command-center"" --no-sandbox --no-zygote --video-capture-use-gpu-memory-buffer --lang=zh-CN --device-scale-factor=1 --num-raster-threads=4 --enable-main-frame-before-activation --renderer-client-id=4 --time-ticks-at-unix-epoch=-1783908236192501 --launch-time-ticks=1401323289119 --field-trial-handle=2196,i,12658543882519034140,1049900951455408011,262144 --enable-features=PdfUseShowSaveFilePicker --disable-features=DropInputEventsWhilePaintHolding,LocalNetworkAccessChecks,NetworkServiceSandbox,ScreenAIOCREnabled,SpareRendererForSitePerProcess,TraceSiteInstanceGetProcessCreation --variations-seed-version --pseudonymization-salt-handle=2192,i,15495027039908561937,2505952963138778894,4 --trace-process-track-uuid=3190708990060038890 --mojo-platform-channel-handle=3472 /prefetch:1"
"2026-07-29T15:23:33.0900206+08:00","14192","17532","Resolve.exe","True","65.781","2382.9","2026/7/29 15:20:28","""C:\Program Files\Blackmagic Design\DaVinci Resolve\Resolve.exe"" "
"2026-07-29T15:23:34.3074821+08:00","70468","57316","python.exe","True","0.031","5.7","2026/7/29 15:19:17","C:\Users\Administrator\AppData\Local\hermes\hermes-agent\venv\Scripts\python.exe D:\Clackly\resolve-command-center\bridge\server.py"
"2026-07-29T15:23:34.3074821+08:00","23760","70468","python.exe","True","0.141","22.9","2026/7/29 15:19:17","""C:\Users\Administrator\AppData\Roaming\uv\python\cpython-3.11-windows-x86_64-none\python.exe""  D:\Clackly\resolve-command-center\bridge\server.py"
"2026-07-29T15:23:34.3074821+08:00","3328","35252","node.exe","True","0.062","47.3","2026/7/29 15:19:19","""node""   ""D:\Clackly\resolve-command-center\node_modules\.bin\\..\electron\cli.js"" ."
"2026-07-29T15:23:34.3074821+08:00","50784","3328","electron.exe","True","1.891","99.6","2026/7/29 15:19:19","D:\Clackly\resolve-command-center\node_modules\electron\dist\electron.exe ."
"2026-07-29T15:23:34.3074821+08:00","66788","50784","electron.exe","True","0.438","90.6","2026/7/29 15:19:19","""D:\Clackly\resolve-command-center\node_modules\electron\dist\electron.exe"" --type=gpu-process --user-data-dir=""C:\Users\Administrator\AppData\Roaming\clackly"" --gpu-preferences=UAAAAAAAAADgAAAEAAAAAAAAAAAAAGAAOAAAAAAAAAABAAAAAAAAAAAAAAAAAAAAAgAAAAAAAAAAAAAAAAAAABgAAAAAAAAAGAAAAAAAAAAIAAAAAAAAAAgAAAAAAAAACAAAAAAAAAA= --field-trial-handle=2196,i,12658543882519034140,1049900951455408011,262144 --enable-features=PdfUseShowSaveFilePicker --disable-features=DropInputEventsWhilePaintHolding,LocalNetworkAccessChecks,NetworkServiceSandbox,ScreenAIOCREnabled,SpareRendererForSitePerProcess,TraceSiteInstanceGetProcessCreation --variations-seed-version --pseudonymization-salt-handle=2192,i,15495027039908561937,2505952963138778894,4 --trace-process-track-uuid=3190708988185955192 --mojo-platform-channel-handle=2184 /prefetch:2"
"2026-07-29T15:23:34.3074821+08:00","47260","50784","electron.exe","True","0.078","42.3","2026/7/29 15:19:19","""D:\Clackly\resolve-command-center\node_modules\electron\dist\electron.exe"" --type=utility --utility-sub-type=network.mojom.NetworkService --lang=zh-CN --service-sandbox-type=none --user-data-dir=""C:\Users\Administrator\AppData\Roaming\clackly"" --field-trial-handle=2196,i,12658543882519034140,1049900951455408011,262144 --enable-features=PdfUseShowSaveFilePicker --disable-features=DropInputEventsWhilePaintHolding,LocalNetworkAccessChecks,NetworkServiceSandbox,ScreenAIOCREnabled,SpareRendererForSitePerProcess,TraceSiteInstanceGetProcessCreation --variations-seed-version --pseudonymization-salt-handle=2192,i,15495027039908561937,2505952963138778894,4 --trace-process-track-uuid=3190708989122997041 --mojo-platform-channel-handle=2364 /prefetch:11"
"2026-07-29T15:23:34.3074821+08:00","83820","50784","electron.exe","True","0.125","84.4","2026/7/29 15:19:19","""D:\Clackly\resolve-command-center\node_modules\electron\dist\electron.exe"" --type=renderer --user-data-dir=""C:\Users\Administrator\AppData\Roaming\clackly"" --app-path=""D:\Clackly\resolve-command-center"" --no-sandbox --no-zygote --video-capture-use-gpu-memory-buffer --lang=zh-CN --device-scale-factor=1 --num-raster-threads=4 --enable-main-frame-before-activation --renderer-client-id=4 --time-ticks-at-unix-epoch=-1783908236192501 --launch-time-ticks=1401323289119 --field-trial-handle=2196,i,12658543882519034140,1049900951455408011,262144 --enable-features=PdfUseShowSaveFilePicker --disable-features=DropInputEventsWhilePaintHolding,LocalNetworkAccessChecks,NetworkServiceSandbox,ScreenAIOCREnabled,SpareRendererForSitePerProcess,TraceSiteInstanceGetProcessCreation --variations-seed-version --pseudonymization-salt-handle=2192,i,15495027039908561937,2505952963138778894,4 --trace-process-track-uuid=3190708990060038890 --mojo-platform-channel-handle=3472 /prefetch:1"
"2026-07-29T15:23:34.3074821+08:00","14192","17532","Resolve.exe","True","65.938","2382.9","2026/7/29 15:20:28","""C:\Program Files\Blackmagic Design\DaVinci Resolve\Resolve.exe"" "
"2026-07-29T15:23:35.4603782+08:00","70468","57316","python.exe","True","0.031","5.7","2026/7/29 15:19:17","C:\Users\Administrator\AppData\Local\hermes\hermes-agent\venv\Scripts\python.exe D:\Clackly\resolve-command-center\bridge\server.py"
"2026-07-29T15:23:35.4603782+08:00","23760","70468","python.exe","True","0.141","22.9","2026/7/29 15:19:17","""C:\Users\Administrator\AppData\Roaming\uv\python\cpython-3.11-windows-x86_64-none\python.exe""  D:\Clackly\resolve-command-center\bridge\server.py"
"2026-07-29T15:23:35.4603782+08:00","3328","35252","node.exe","True","0.062","47.3","2026/7/29 15:19:19","""node""   ""D:\Clackly\resolve-command-center\node_modules\.bin\\..\electron\cli.js"" ."
"2026-07-29T15:23:35.4603782+08:00","50784","3328","electron.exe","True","1.891","99.6","2026/7/29 15:19:19","D:\Clackly\resolve-command-center\node_modules\electron\dist\electron.exe ."
"2026-07-29T15:23:35.4603782+08:00","66788","50784","electron.exe","True","0.438","90.6","2026/7/29 15:19:19","""D:\Clackly\resolve-command-center\node_modules\electron\dist\electron.exe"" --type=gpu-process --user-data-dir=""C:\Users\Administrator\AppData\Roaming\clackly"" --gpu-preferences=UAAAAAAAAADgAAAEAAAAAAAAAAAAAGAAOAAAAAAAAAABAAAAAAAAAAAAAAAAAAAAAgAAAAAAAAAAAAAAAAAAABgAAAAAAAAAGAAAAAAAAAAIAAAAAAAAAAgAAAAAAAAACAAAAAAAAAA= --field-trial-handle=2196,i,12658543882519034140,1049900951455408011,262144 --enable-features=PdfUseShowSaveFilePicker --disable-features=DropInputEventsWhilePaintHolding,LocalNetworkAccessChecks,NetworkServiceSandbox,ScreenAIOCREnabled,SpareRendererForSitePerProcess,TraceSiteInstanceGetProcessCreation --variations-seed-version --pseudonymization-salt-handle=2192,i,15495027039908561937,2505952963138778894,4 --trace-process-track-uuid=3190708988185955192 --mojo-platform-channel-handle=2184 /prefetch:2"
"2026-07-29T15:23:35.4603782+08:00","47260","50784","electron.exe","True","0.078","42.3","2026/7/29 15:19:19","""D:\Clackly\resolve-command-center\node_modules\electron\dist\electron.exe"" --type=utility --utility-sub-type=network.mojom.NetworkService --lang=zh-CN --service-sandbox-type=none --user-data-dir=""C:\Users\Administrator\AppData\Roaming\clackly"" --field-trial-handle=2196,i,12658543882519034140,1049900951455408011,262144 --enable-features=PdfUseShowSaveFilePicker --disable-features=DropInputEventsWhilePaintHolding,LocalNetworkAccessChecks,NetworkServiceSandbox,ScreenAIOCREnabled,SpareRendererForSitePerProcess,TraceSiteInstanceGetProcessCreation --variations-seed-version --pseudonymization-salt-handle=2192,i,15495027039908561937,2505952963138778894,4 --trace-process-track-uuid=3190708989122997041 --mojo-platform-channel-handle=2364 /prefetch:11"
"2026-07-29T15:23:35.4603782+08:00","83820","50784","electron.exe","True","0.125","84.4","2026/7/29 15:19:19","""D:\Clackly\resolve-command-center\node_modules\electron\dist\electron.exe"" --type=renderer --user-data-dir=""C:\Users\Administrator\AppData\Roaming\clackly"" --app-path=""D:\Clackly\resolve-command-center"" --no-sandbox --no-zygote --video-capture-use-gpu-memory-buffer --lang=zh-CN --device-scale-factor=1 --num-raster-threads=4 --enable-main-frame-before-activation --renderer-client-id=4 --time-ticks-at-unix-epoch=-1783908236192501 --launch-time-ticks=1401323289119 --field-trial-handle=2196,i,12658543882519034140,1049900951455408011,262144 --enable-features=PdfUseShowSaveFilePicker --disable-features=DropInputEventsWhilePaintHolding,LocalNetworkAccessChecks,NetworkServiceSandbox,ScreenAIOCREnabled,SpareRendererForSitePerProcess,TraceSiteInstanceGetProcessCreation --variations-seed-version --pseudonymization-salt-handle=2192,i,15495027039908561937,2505952963138778894,4 --trace-process-track-uuid=3190708990060038890 --mojo-platform-channel-handle=3472 /prefetch:1"
"2026-07-29T15:23:35.4603782+08:00","14192","17532","Resolve.exe","True","66.078","2382.9","2026/7/29 15:20:28","""C:\Program Files\Blackmagic Design\DaVinci Resolve\Resolve.exe"" "
"2026-07-29T15:23:36.6338740+08:00","70468","57316","python.exe","True","0.031","5.7","2026/7/29 15:19:17","C:\Users\Administrator\AppData\Local\hermes\hermes-agent\venv\Scripts\python.exe D:\Clackly\resolve-command-center\bridge\server.py"
"2026-07-29T15:23:36.6338740+08:00","23760","70468","python.exe","True","0.141","22.9","2026/7/29 15:19:17","""C:\Users\Administrator\AppData\Roaming\uv\python\cpython-3.11-windows-x86_64-none\python.exe""  D:\Clackly\resolve-command-center\bridge\server.py"
"2026-07-29T15:23:36.6338740+08:00","3328","35252","node.exe","True","0.062","47.3","2026/7/29 15:19:19","""node""   ""D:\Clackly\resolve-command-center\node_modules\.bin\\..\electron\cli.js"" ."
"2026-07-29T15:23:36.6338740+08:00","50784","3328","electron.exe","True","1.891","99.6","2026/7/29 15:19:19","D:\Clackly\resolve-command-center\node_modules\electron\dist\electron.exe ."
"2026-07-29T15:23:36.6338740+08:00","66788","50784","electron.exe","True","0.438","90.6","2026/7/29 15:19:19","""D:\Clackly\resolve-command-center\node_modules\electron\dist\electron.exe"" --type=gpu-process --user-data-dir=""C:\Users\Administrator\AppData\Roaming\clackly"" --gpu-preferences=UAAAAAAAAADgAAAEAAAAAAAAAAAAAGAAOAAAAAAAAAABAAAAAAAAAAAAAAAAAAAAAgAAAAAAAAAAAAAAAAAAABgAAAAAAAAAGAAAAAAAAAAIAAAAAAAAAAgAAAAAAAAACAAAAAAAAAA= --field-trial-handle=2196,i,12658543882519034140,1049900951455408011,262144 --enable-features=PdfUseShowSaveFilePicker --disable-features=DropInputEventsWhilePaintHolding,LocalNetworkAccessChecks,NetworkServiceSandbox,ScreenAIOCREnabled,SpareRendererForSitePerProcess,TraceSiteInstanceGetProcessCreation --variations-seed-version --pseudonymization-salt-handle=2192,i,15495027039908561937,2505952963138778894,4 --trace-process-track-uuid=3190708988185955192 --mojo-platform-channel-handle=2184 /prefetch:2"
"2026-07-29T15:23:36.6338740+08:00","47260","50784","electron.exe","True","0.078","42.3","2026/7/29 15:19:19","""D:\Clackly\resolve-command-center\node_modules\electron\dist\electron.exe"" --type=utility --utility-sub-type=network.mojom.NetworkService --lang=zh-CN --service-sandbox-type=none --user-data-dir=""C:\Users\Administrator\AppData\Roaming\clackly"" --field-trial-handle=2196,i,12658543882519034140,1049900951455408011,262144 --enable-features=PdfUseShowSaveFilePicker --disable-features=DropInputEventsWhilePaintHolding,LocalNetworkAccessChecks,NetworkServiceSandbox,ScreenAIOCREnabled,SpareRendererForSitePerProcess,TraceSiteInstanceGetProcessCreation --variations-seed-version --pseudonymization-salt-handle=2192,i,15495027039908561937,2505952963138778894,4 --trace-process-track-uuid=3190708989122997041 --mojo-platform-channel-handle=2364 /prefetch:11"
"2026-07-29T15:23:36.6338740+08:00","83820","50784","electron.exe","True","0.125","84.4","2026/7/29 15:19:19","""D:\Clackly\resolve-command-center\node_modules\electron\dist\electron.exe"" --type=renderer --user-data-dir=""C:\Users\Administrator\AppData\Roaming\clackly"" --app-path=""D:\Clackly\resolve-command-center"" --no-sandbox --no-zygote --video-capture-use-gpu-memory-buffer --lang=zh-CN --device-scale-factor=1 --num-raster-threads=4 --enable-main-frame-before-activation --renderer-client-id=4 --time-ticks-at-unix-epoch=-1783908236192501 --launch-time-ticks=1401323289119 --field-trial-handle=2196,i,12658543882519034140,1049900951455408011,262144 --enable-features=PdfUseShowSaveFilePicker --disable-features=DropInputEventsWhilePaintHolding,LocalNetworkAccessChecks,NetworkServiceSandbox,ScreenAIOCREnabled,SpareRendererForSitePerProcess,TraceSiteInstanceGetProcessCreation --variations-seed-version --pseudonymization-salt-handle=2192,i,15495027039908561937,2505952963138778894,4 --trace-process-track-uuid=3190708990060038890 --mojo-platform-channel-handle=3472 /prefetch:1"
"2026-07-29T15:23:36.6338740+08:00","14192","17532","Resolve.exe","True","66.141","2382.9","2026/7/29 15:20:28","""C:\Program Files\Blackmagic Design\DaVinci Resolve\Resolve.exe"" "
"2026-07-29T15:23:37.8526286+08:00","70468","57316","python.exe","True","0.031","5.7","2026/7/29 15:19:17","C:\Users\Administrator\AppData\Local\hermes\hermes-agent\venv\Scripts\python.exe D:\Clackly\resolve-command-center\bridge\server.py"
"2026-07-29T15:23:37.8526286+08:00","23760","70468","python.exe","True","0.141","22.9","2026/7/29 15:19:17","""C:\Users\Administrator\AppData\Roaming\uv\python\cpython-3.11-windows-x86_64-none\python.exe""  D:\Clackly\resolve-command-center\bridge\server.py"
"2026-07-29T15:23:37.8526286+08:00","3328","35252","node.exe","True","0.062","47.3","2026/7/29 15:19:19","""node""   ""D:\Clackly\resolve-command-center\node_modules\.bin\\..\electron\cli.js"" ."
"2026-07-29T15:23:37.8526286+08:00","50784","3328","electron.exe","True","1.891","99.6","2026/7/29 15:19:19","D:\Clackly\resolve-command-center\node_modules\electron\dist\electron.exe ."
"2026-07-29T15:23:37.8526286+08:00","66788","50784","electron.exe","True","0.438","90.6","2026/7/29 15:19:19","""D:\Clackly\resolve-command-center\node_modules\electron\dist\electron.exe"" --type=gpu-process --user-data-dir=""C:\Users\Administrator\AppData\Roaming\clackly"" --gpu-preferences=UAAAAAAAAADgAAAEAAAAAAAAAAAAAGAAOAAAAAAAAAABAAAAAAAAAAAAAAAAAAAAAgAAAAAAAAAAAAAAAAAAABgAAAAAAAAAGAAAAAAAAAAIAAAAAAAAAAgAAAAAAAAACAAAAAAAAAA= --field-trial-handle=2196,i,12658543882519034140,1049900951455408011,262144 --enable-features=PdfUseShowSaveFilePicker --disable-features=DropInputEventsWhilePaintHolding,LocalNetworkAccessChecks,NetworkServiceSandbox,ScreenAIOCREnabled,SpareRendererForSitePerProcess,TraceSiteInstanceGetProcessCreation --variations-seed-version --pseudonymization-salt-handle=2192,i,15495027039908561937,2505952963138778894,4 --trace-process-track-uuid=3190708988185955192 --mojo-platform-channel-handle=2184 /prefetch:2"
"2026-07-29T15:23:37.8526286+08:00","47260","50784","electron.exe","True","0.078","42.3","2026/7/29 15:19:19","""D:\Clackly\resolve-command-center\node_modules\electron\dist\electron.exe"" --type=utility --utility-sub-type=network.mojom.NetworkService --lang=zh-CN --service-sandbox-type=none --user-data-dir=""C:\Users\Administrator\AppData\Roaming\clackly"" --field-trial-handle=2196,i,12658543882519034140,1049900951455408011,262144 --enable-features=PdfUseShowSaveFilePicker --disable-features=DropInputEventsWhilePaintHolding,LocalNetworkAccessChecks,NetworkServiceSandbox,ScreenAIOCREnabled,SpareRendererForSitePerProcess,TraceSiteInstanceGetProcessCreation --variations-seed-version --pseudonymization-salt-handle=2192,i,15495027039908561937,2505952963138778894,4 --trace-process-track-uuid=3190708989122997041 --mojo-platform-channel-handle=2364 /prefetch:11"
"2026-07-29T15:23:37.8526286+08:00","83820","50784","electron.exe","True","0.125","84.4","2026/7/29 15:19:19","""D:\Clackly\resolve-command-center\node_modules\electron\dist\electron.exe"" --type=renderer --user-data-dir=""C:\Users\Administrator\AppData\Roaming\clackly"" --app-path=""D:\Clackly\resolve-command-center"" --no-sandbox --no-zygote --video-capture-use-gpu-memory-buffer --lang=zh-CN --device-scale-factor=1 --num-raster-threads=4 --enable-main-frame-before-activation --renderer-client-id=4 --time-ticks-at-unix-epoch=-1783908236192501 --launch-time-ticks=1401323289119 --field-trial-handle=2196,i,12658543882519034140,1049900951455408011,262144 --enable-features=PdfUseShowSaveFilePicker --disable-features=DropInputEventsWhilePaintHolding,LocalNetworkAccessChecks,NetworkServiceSandbox,ScreenAIOCREnabled,SpareRendererForSitePerProcess,TraceSiteInstanceGetProcessCreation --variations-seed-version --pseudonymization-salt-handle=2192,i,15495027039908561937,2505952963138778894,4 --trace-process-track-uuid=3190708990060038890 --mojo-platform-channel-handle=3472 /prefetch:1"
"2026-07-29T15:23:37.8526286+08:00","14192","17532","Resolve.exe","True","66.234","2382.9","2026/7/29 15:20:28","""C:\Program Files\Blackmagic Design\DaVinci Resolve\Resolve.exe"" "
"2026-07-29T15:23:39.0074248+08:00","70468","57316","python.exe","True","0.031","5.7","2026/7/29 15:19:17","C:\Users\Administrator\AppData\Local\hermes\hermes-agent\venv\Scripts\python.exe D:\Clackly\resolve-command-center\bridge\server.py"
"2026-07-29T15:23:39.0074248+08:00","23760","70468","python.exe","True","0.141","22.9","2026/7/29 15:19:17","""C:\Users\Administrator\AppData\Roaming\uv\python\cpython-3.11-windows-x86_64-none\python.exe""  D:\Clackly\resolve-command-center\bridge\server.py"
"2026-07-29T15:23:39.0074248+08:00","3328","35252","node.exe","True","0.062","47.3","2026/7/29 15:19:19","""node""   ""D:\Clackly\resolve-command-center\node_modules\.bin\\..\electron\cli.js"" ."
"2026-07-29T15:23:39.0074248+08:00","50784","3328","electron.exe","True","1.891","99.6","2026/7/29 15:19:19","D:\Clackly\resolve-command-center\node_modules\electron\dist\electron.exe ."
"2026-07-29T15:23:39.0074248+08:00","66788","50784","electron.exe","True","0.438","90.6","2026/7/29 15:19:19","""D:\Clackly\resolve-command-center\node_modules\electron\dist\electron.exe"" --type=gpu-process --user-data-dir=""C:\Users\Administrator\AppData\Roaming\clackly"" --gpu-preferences=UAAAAAAAAADgAAAEAAAAAAAAAAAAAGAAOAAAAAAAAAABAAAAAAAAAAAAAAAAAAAAAgAAAAAAAAAAAAAAAAAAABgAAAAAAAAAGAAAAAAAAAAIAAAAAAAAAAgAAAAAAAAACAAAAAAAAAA= --field-trial-handle=2196,i,12658543882519034140,1049900951455408011,262144 --enable-features=PdfUseShowSaveFilePicker --disable-features=DropInputEventsWhilePaintHolding,LocalNetworkAccessChecks,NetworkServiceSandbox,ScreenAIOCREnabled,SpareRendererForSitePerProcess,TraceSiteInstanceGetProcessCreation --variations-seed-version --pseudonymization-salt-handle=2192,i,15495027039908561937,2505952963138778894,4 --trace-process-track-uuid=3190708988185955192 --mojo-platform-channel-handle=2184 /prefetch:2"
"2026-07-29T15:23:39.0074248+08:00","47260","50784","electron.exe","True","0.078","42.3","2026/7/29 15:19:19","""D:\Clackly\resolve-command-center\node_modules\electron\dist\electron.exe"" --type=utility --utility-sub-type=network.mojom.NetworkService --lang=zh-CN --service-sandbox-type=none --user-data-dir=""C:\Users\Administrator\AppData\Roaming\clackly"" --field-trial-handle=2196,i,12658543882519034140,1049900951455408011,262144 --enable-features=PdfUseShowSaveFilePicker --disable-features=DropInputEventsWhilePaintHolding,LocalNetworkAccessChecks,NetworkServiceSandbox,ScreenAIOCREnabled,SpareRendererForSitePerProcess,TraceSiteInstanceGetProcessCreation --variations-seed-version --pseudonymization-salt-handle=2192,i,15495027039908561937,2505952963138778894,4 --trace-process-track-uuid=3190708989122997041 --mojo-platform-channel-handle=2364 /prefetch:11"
"2026-07-29T15:23:39.0074248+08:00","83820","50784","electron.exe","True","0.125","84.4","2026/7/29 15:19:19","""D:\Clackly\resolve-command-center\node_modules\electron\dist\electron.exe"" --type=renderer --user-data-dir=""C:\Users\Administrator\AppData\Roaming\clackly"" --app-path=""D:\Clackly\resolve-command-center"" --no-sandbox --no-zygote --video-capture-use-gpu-memory-buffer --lang=zh-CN --device-scale-factor=1 --num-raster-threads=4 --enable-main-frame-before-activation --renderer-client-id=4 --time-ticks-at-unix-epoch=-1783908236192501 --launch-time-ticks=1401323289119 --field-trial-handle=2196,i,12658543882519034140,1049900951455408011,262144 --enable-features=PdfUseShowSaveFilePicker --disable-features=DropInputEventsWhilePaintHolding,LocalNetworkAccessChecks,NetworkServiceSandbox,ScreenAIOCREnabled,SpareRendererForSitePerProcess,TraceSiteInstanceGetProcessCreation --variations-seed-version --pseudonymization-salt-handle=2192,i,15495027039908561937,2505952963138778894,4 --trace-process-track-uuid=3190708990060038890 --mojo-platform-channel-handle=3472 /prefetch:1"
"2026-07-29T15:23:39.0074248+08:00","14192","17532","Resolve.exe","True","66.266","2382.9","2026/7/29 15:20:28","""C:\Program Files\Blackmagic Design\DaVinci Resolve\Resolve.exe"" "
"2026-07-29T15:23:40.1579119+08:00","70468","57316","python.exe","True","0.031","5.7","2026/7/29 15:19:17","C:\Users\Administrator\AppData\Local\hermes\hermes-agent\venv\Scripts\python.exe D:\Clackly\resolve-command-center\bridge\server.py"
"2026-07-29T15:23:40.1579119+08:00","23760","70468","python.exe","True","0.141","22.9","2026/7/29 15:19:17","""C:\Users\Administrator\AppData\Roaming\uv\python\cpython-3.11-windows-x86_64-none\python.exe""  D:\Clackly\resolve-command-center\bridge\server.py"
"2026-07-29T15:23:40.1579119+08:00","3328","35252","node.exe","True","0.062","47.3","2026/7/29 15:19:19","""node""   ""D:\Clackly\resolve-command-center\node_modules\.bin\\..\electron\cli.js"" ."
"2026-07-29T15:23:40.1579119+08:00","50784","3328","electron.exe","True","1.891","99.6","2026/7/29 15:19:19","D:\Clackly\resolve-command-center\node_modules\electron\dist\electron.exe ."
"2026-07-29T15:23:40.1579119+08:00","66788","50784","electron.exe","True","0.438","90.6","2026/7/29 15:19:19","""D:\Clackly\resolve-command-center\node_modules\electron\dist\electron.exe"" --type=gpu-process --user-data-dir=""C:\Users\Administrator\AppData\Roaming\clackly"" --gpu-preferences=UAAAAAAAAADgAAAEAAAAAAAAAAAAAGAAOAAAAAAAAAABAAAAAAAAAAAAAAAAAAAAAgAAAAAAAAAAAAAAAAAAABgAAAAAAAAAGAAAAAAAAAAIAAAAAAAAAAgAAAAAAAAACAAAAAAAAAA= --field-trial-handle=2196,i,12658543882519034140,1049900951455408011,262144 --enable-features=PdfUseShowSaveFilePicker --disable-features=DropInputEventsWhilePaintHolding,LocalNetworkAccessChecks,NetworkServiceSandbox,ScreenAIOCREnabled,SpareRendererForSitePerProcess,TraceSiteInstanceGetProcessCreation --variations-seed-version --pseudonymization-salt-handle=2192,i,15495027039908561937,2505952963138778894,4 --trace-process-track-uuid=3190708988185955192 --mojo-platform-channel-handle=2184 /prefetch:2"
"2026-07-29T15:23:40.1579119+08:00","47260","50784","electron.exe","True","0.078","42.3","2026/7/29 15:19:19","""D:\Clackly\resolve-command-center\node_modules\electron\dist\electron.exe"" --type=utility --utility-sub-type=network.mojom.NetworkService --lang=zh-CN --service-sandbox-type=none --user-data-dir=""C:\Users\Administrator\AppData\Roaming\clackly"" --field-trial-handle=2196,i,12658543882519034140,1049900951455408011,262144 --enable-features=PdfUseShowSaveFilePicker --disable-features=DropInputEventsWhilePaintHolding,LocalNetworkAccessChecks,NetworkServiceSandbox,ScreenAIOCREnabled,SpareRendererForSitePerProcess,TraceSiteInstanceGetProcessCreation --variations-seed-version --pseudonymization-salt-handle=2192,i,15495027039908561937,2505952963138778894,4 --trace-process-track-uuid=3190708989122997041 --mojo-platform-channel-handle=2364 /prefetch:11"
"2026-07-29T15:23:40.1579119+08:00","83820","50784","electron.exe","True","0.125","84.4","2026/7/29 15:19:19","""D:\Clackly\resolve-command-center\node_modules\electron\dist\electron.exe"" --type=renderer --user-data-dir=""C:\Users\Administrator\AppData\Roaming\clackly"" --app-path=""D:\Clackly\resolve-command-center"" --no-sandbox --no-zygote --video-capture-use-gpu-memory-buffer --lang=zh-CN --device-scale-factor=1 --num-raster-threads=4 --enable-main-frame-before-activation --renderer-client-id=4 --time-ticks-at-unix-epoch=-1783908236192501 --launch-time-ticks=1401323289119 --field-trial-handle=2196,i,12658543882519034140,1049900951455408011,262144 --enable-features=PdfUseShowSaveFilePicker --disable-features=DropInputEventsWhilePaintHolding,LocalNetworkAccessChecks,NetworkServiceSandbox,ScreenAIOCREnabled,SpareRendererForSitePerProcess,TraceSiteInstanceGetProcessCreation --variations-seed-version --pseudonymization-salt-handle=2192,i,15495027039908561937,2505952963138778894,4 --trace-process-track-uuid=3190708990060038890 --mojo-platform-channel-handle=3472 /prefetch:1"
"2026-07-29T15:23:40.1579119+08:00","14192","17532","Resolve.exe","True","66.484","2382.9","2026/7/29 15:20:28","""C:\Program Files\Blackmagic Design\DaVinci Resolve\Resolve.exe"" "
"2026-07-29T15:23:41.4029250+08:00","70468","57316","python.exe","True","0.031","5.7","2026/7/29 15:19:17","C:\Users\Administrator\AppData\Local\hermes\hermes-agent\venv\Scripts\python.exe D:\Clackly\resolve-command-center\bridge\server.py"
"2026-07-29T15:23:41.4029250+08:00","23760","70468","python.exe","True","0.141","22.9","2026/7/29 15:19:17","""C:\Users\Administrator\AppData\Roaming\uv\python\cpython-3.11-windows-x86_64-none\python.exe""  D:\Clackly\resolve-command-center\bridge\server.py"
"2026-07-29T15:23:41.4029250+08:00","3328","35252","node.exe","True","0.062","47.3","2026/7/29 15:19:19","""node""   ""D:\Clackly\resolve-command-center\node_modules\.bin\\..\electron\cli.js"" ."
"2026-07-29T15:23:41.4029250+08:00","50784","3328","electron.exe","True","1.891","99.6","2026/7/29 15:19:19","D:\Clackly\resolve-command-center\node_modules\electron\dist\electron.exe ."
"2026-07-29T15:23:41.4029250+08:00","66788","50784","electron.exe","True","0.438","90.6","2026/7/29 15:19:19","""D:\Clackly\resolve-command-center\node_modules\electron\dist\electron.exe"" --type=gpu-process --user-data-dir=""C:\Users\Administrator\AppData\Roaming\clackly"" --gpu-preferences=UAAAAAAAAADgAAAEAAAAAAAAAAAAAGAAOAAAAAAAAAABAAAAAAAAAAAAAAAAAAAAAgAAAAAAAAAAAAAAAAAAABgAAAAAAAAAGAAAAAAAAAAIAAAAAAAAAAgAAAAAAAAACAAAAAAAAAA= --field-trial-handle=2196,i,12658543882519034140,1049900951455408011,262144 --enable-features=PdfUseShowSaveFilePicker --disable-features=DropInputEventsWhilePaintHolding,LocalNetworkAccessChecks,NetworkServiceSandbox,ScreenAIOCREnabled,SpareRendererForSitePerProcess,TraceSiteInstanceGetProcessCreation --variations-seed-version --pseudonymization-salt-handle=2192,i,15495027039908561937,2505952963138778894,4 --trace-process-track-uuid=3190708988185955192 --mojo-platform-channel-handle=2184 /prefetch:2"
"2026-07-29T15:23:41.4029250+08:00","47260","50784","electron.exe","True","0.078","42.3","2026/7/29 15:19:19","""D:\Clackly\resolve-command-center\node_modules\electron\dist\electron.exe"" --type=utility --utility-sub-type=network.mojom.NetworkService --lang=zh-CN --service-sandbox-type=none --user-data-dir=""C:\Users\Administrator\AppData\Roaming\clackly"" --field-trial-handle=2196,i,12658543882519034140,1049900951455408011,262144 --enable-features=PdfUseShowSaveFilePicker --disable-features=DropInputEventsWhilePaintHolding,LocalNetworkAccessChecks,NetworkServiceSandbox,ScreenAIOCREnabled,SpareRendererForSitePerProcess,TraceSiteInstanceGetProcessCreation --variations-seed-version --pseudonymization-salt-handle=2192,i,15495027039908561937,2505952963138778894,4 --trace-process-track-uuid=3190708989122997041 --mojo-platform-channel-handle=2364 /prefetch:11"
"2026-07-29T15:23:41.4029250+08:00","83820","50784","electron.exe","True","0.125","84.4","2026/7/29 15:19:19","""D:\Clackly\resolve-command-center\node_modules\electron\dist\electron.exe"" --type=renderer --user-data-dir=""C:\Users\Administrator\AppData\Roaming\clackly"" --app-path=""D:\Clackly\resolve-command-center"" --no-sandbox --no-zygote --video-capture-use-gpu-memory-buffer --lang=zh-CN --device-scale-factor=1 --num-raster-threads=4 --enable-main-frame-before-activation --renderer-client-id=4 --time-ticks-at-unix-epoch=-1783908236192501 --launch-time-ticks=1401323289119 --field-trial-handle=2196,i,12658543882519034140,1049900951455408011,262144 --enable-features=PdfUseShowSaveFilePicker --disable-features=DropInputEventsWhilePaintHolding,LocalNetworkAccessChecks,NetworkServiceSandbox,ScreenAIOCREnabled,SpareRendererForSitePerProcess,TraceSiteInstanceGetProcessCreation --variations-seed-version --pseudonymization-salt-handle=2192,i,15495027039908561937,2505952963138778894,4 --trace-process-track-uuid=3190708990060038890 --mojo-platform-channel-handle=3472 /prefetch:1"
"2026-07-29T15:23:41.4029250+08:00","14192","17532","Resolve.exe","True","66.609","2382.9","2026/7/29 15:20:28","""C:\Program Files\Blackmagic Design\DaVinci Resolve\Resolve.exe"" "
"2026-07-29T15:23:42.5446565+08:00","70468","57316","python.exe","True","0.031","5.7","2026/7/29 15:19:17","C:\Users\Administrator\AppData\Local\hermes\hermes-agent\venv\Scripts\python.exe D:\Clackly\resolve-command-center\bridge\server.py"
"2026-07-29T15:23:42.5446565+08:00","23760","70468","python.exe","True","0.141","22.9","2026/7/29 15:19:17","""C:\Users\Administrator\AppData\Roaming\uv\python\cpython-3.11-windows-x86_64-none\python.exe""  D:\Clackly\resolve-command-center\bridge\server.py"
"2026-07-29T15:23:42.5446565+08:00","3328","35252","node.exe","True","0.062","47.3","2026/7/29 15:19:19","""node""   ""D:\Clackly\resolve-command-center\node_modules\.bin\\..\electron\cli.js"" ."
"2026-07-29T15:23:42.5446565+08:00","50784","3328","electron.exe","True","1.891","99.6","2026/7/29 15:19:19","D:\Clackly\resolve-command-center\node_modules\electron\dist\electron.exe ."
"2026-07-29T15:23:42.5446565+08:00","66788","50784","electron.exe","True","0.453","90.6","2026/7/29 15:19:19","""D:\Clackly\resolve-command-center\node_modules\electron\dist\electron.exe"" --type=gpu-process --user-data-dir=""C:\Users\Administrator\AppData\Roaming\clackly"" --gpu-preferences=UAAAAAAAAADgAAAEAAAAAAAAAAAAAGAAOAAAAAAAAAABAAAAAAAAAAAAAAAAAAAAAgAAAAAAAAAAAAAAAAAAABgAAAAAAAAAGAAAAAAAAAAIAAAAAAAAAAgAAAAAAAAACAAAAAAAAAA= --field-trial-handle=2196,i,12658543882519034140,1049900951455408011,262144 --enable-features=PdfUseShowSaveFilePicker --disable-features=DropInputEventsWhilePaintHolding,LocalNetworkAccessChecks,NetworkServiceSandbox,ScreenAIOCREnabled,SpareRendererForSitePerProcess,TraceSiteInstanceGetProcessCreation --variations-seed-version --pseudonymization-salt-handle=2192,i,15495027039908561937,2505952963138778894,4 --trace-process-track-uuid=3190708988185955192 --mojo-platform-channel-handle=2184 /prefetch:2"
"2026-07-29T15:23:42.5446565+08:00","47260","50784","electron.exe","True","0.078","42.3","2026/7/29 15:19:19","""D:\Clackly\resolve-command-center\node_modules\electron\dist\electron.exe"" --type=utility --utility-sub-type=network.mojom.NetworkService --lang=zh-CN --service-sandbox-type=none --user-data-dir=""C:\Users\Administrator\AppData\Roaming\clackly"" --field-trial-handle=2196,i,12658543882519034140,1049900951455408011,262144 --enable-features=PdfUseShowSaveFilePicker --disable-features=DropInputEventsWhilePaintHolding,LocalNetworkAccessChecks,NetworkServiceSandbox,ScreenAIOCREnabled,SpareRendererForSitePerProcess,TraceSiteInstanceGetProcessCreation --variations-seed-version --pseudonymization-salt-handle=2192,i,15495027039908561937,2505952963138778894,4 --trace-process-track-uuid=3190708989122997041 --mojo-platform-channel-handle=2364 /prefetch:11"
"2026-07-29T15:23:42.5446565+08:00","83820","50784","electron.exe","True","0.125","84.4","2026/7/29 15:19:19","""D:\Clackly\resolve-command-center\node_modules\electron\dist\electron.exe"" --type=renderer --user-data-dir=""C:\Users\Administrator\AppData\Roaming\clackly"" --app-path=""D:\Clackly\resolve-command-center"" --no-sandbox --no-zygote --video-capture-use-gpu-memory-buffer --lang=zh-CN --device-scale-factor=1 --num-raster-threads=4 --enable-main-frame-before-activation --renderer-client-id=4 --time-ticks-at-unix-epoch=-1783908236192501 --launch-time-ticks=1401323289119 --field-trial-handle=2196,i,12658543882519034140,1049900951455408011,262144 --enable-features=PdfUseShowSaveFilePicker --disable-features=DropInputEventsWhilePaintHolding,LocalNetworkAccessChecks,NetworkServiceSandbox,ScreenAIOCREnabled,SpareRendererForSitePerProcess,TraceSiteInstanceGetProcessCreation --variations-seed-version --pseudonymization-salt-handle=2192,i,15495027039908561937,2505952963138778894,4 --trace-process-track-uuid=3190708990060038890 --mojo-platform-channel-handle=3472 /prefetch:1"
"2026-07-29T15:23:42.5446565+08:00","14192","17532","Resolve.exe","True","66.625","2382.9","2026/7/29 15:20:28","""C:\Program Files\Blackmagic Design\DaVinci Resolve\Resolve.exe"" "
"2026-07-29T15:23:43.7176052+08:00","70468","57316","python.exe","True","0.031","5.7","2026/7/29 15:19:17","C:\Users\Administrator\AppData\Local\hermes\hermes-agent\venv\Scripts\python.exe D:\Clackly\resolve-command-center\bridge\server.py"
"2026-07-29T15:23:43.7176052+08:00","23760","70468","python.exe","True","0.141","22.9","2026/7/29 15:19:17","""C:\Users\Administrator\AppData\Roaming\uv\python\cpython-3.11-windows-x86_64-none\python.exe""  D:\Clackly\resolve-command-center\bridge\server.py"
"2026-07-29T15:23:43.7176052+08:00","3328","35252","node.exe","True","0.062","47.3","2026/7/29 15:19:19","""node""   ""D:\Clackly\resolve-command-center\node_modules\.bin\\..\electron\cli.js"" ."
"2026-07-29T15:23:43.7176052+08:00","50784","3328","electron.exe","True","1.906","99.6","2026/7/29 15:19:19","D:\Clackly\resolve-command-center\node_modules\electron\dist\electron.exe ."
"2026-07-29T15:23:43.7176052+08:00","66788","50784","electron.exe","True","0.453","90.6","2026/7/29 15:19:19","""D:\Clackly\resolve-command-center\node_modules\electron\dist\electron.exe"" --type=gpu-process --user-data-dir=""C:\Users\Administrator\AppData\Roaming\clackly"" --gpu-preferences=UAAAAAAAAADgAAAEAAAAAAAAAAAAAGAAOAAAAAAAAAABAAAAAAAAAAAAAAAAAAAAAgAAAAAAAAAAAAAAAAAAABgAAAAAAAAAGAAAAAAAAAAIAAAAAAAAAAgAAAAAAAAACAAAAAAAAAA= --field-trial-handle=2196,i,12658543882519034140,1049900951455408011,262144 --enable-features=PdfUseShowSaveFilePicker --disable-features=DropInputEventsWhilePaintHolding,LocalNetworkAccessChecks,NetworkServiceSandbox,ScreenAIOCREnabled,SpareRendererForSitePerProcess,TraceSiteInstanceGetProcessCreation --variations-seed-version --pseudonymization-salt-handle=2192,i,15495027039908561937,2505952963138778894,4 --trace-process-track-uuid=3190708988185955192 --mojo-platform-channel-handle=2184 /prefetch:2"
"2026-07-29T15:23:43.7176052+08:00","47260","50784","electron.exe","True","0.078","42.3","2026/7/29 15:19:19","""D:\Clackly\resolve-command-center\node_modules\electron\dist\electron.exe"" --type=utility --utility-sub-type=network.mojom.NetworkService --lang=zh-CN --service-sandbox-type=none --user-data-dir=""C:\Users\Administrator\AppData\Roaming\clackly"" --field-trial-handle=2196,i,12658543882519034140,1049900951455408011,262144 --enable-features=PdfUseShowSaveFilePicker --disable-features=DropInputEventsWhilePaintHolding,LocalNetworkAccessChecks,NetworkServiceSandbox,ScreenAIOCREnabled,SpareRendererForSitePerProcess,TraceSiteInstanceGetProcessCreation --variations-seed-version --pseudonymization-salt-handle=2192,i,15495027039908561937,2505952963138778894,4 --trace-process-track-uuid=3190708989122997041 --mojo-platform-channel-handle=2364 /prefetch:11"
"2026-07-29T15:23:43.7176052+08:00","83820","50784","electron.exe","True","0.125","84.4","2026/7/29 15:19:19","""D:\Clackly\resolve-command-center\node_modules\electron\dist\electron.exe"" --type=renderer --user-data-dir=""C:\Users\Administrator\AppData\Roaming\clackly"" --app-path=""D:\Clackly\resolve-command-center"" --no-sandbox --no-zygote --video-capture-use-gpu-memory-buffer --lang=zh-CN --device-scale-factor=1 --num-raster-threads=4 --enable-main-frame-before-activation --renderer-client-id=4 --time-ticks-at-unix-epoch=-1783908236192501 --launch-time-ticks=1401323289119 --field-trial-handle=2196,i,12658543882519034140,1049900951455408011,262144 --enable-features=PdfUseShowSaveFilePicker --disable-features=DropInputEventsWhilePaintHolding,LocalNetworkAccessChecks,NetworkServiceSandbox,ScreenAIOCREnabled,SpareRendererForSitePerProcess,TraceSiteInstanceGetProcessCreation --variations-seed-version --pseudonymization-salt-handle=2192,i,15495027039908561937,2505952963138778894,4 --trace-process-track-uuid=3190708990060038890 --mojo-platform-channel-handle=3472 /prefetch:1"
"2026-07-29T15:23:43.7176052+08:00","14192","17532","Resolve.exe","True","66.703","2382.9","2026/7/29 15:20:28","""C:\Program Files\Blackmagic Design\DaVinci Resolve\Resolve.exe"" "
"2026-07-29T15:23:44.9841636+08:00","70468","57316","python.exe","True","0.031","5.7","2026/7/29 15:19:17","C:\Users\Administrator\AppData\Local\hermes\hermes-agent\venv\Scripts\python.exe D:\Clackly\resolve-command-center\bridge\server.py"
"2026-07-29T15:23:44.9841636+08:00","23760","70468","python.exe","True","0.141","22.9","2026/7/29 15:19:17","""C:\Users\Administrator\AppData\Roaming\uv\python\cpython-3.11-windows-x86_64-none\python.exe""  D:\Clackly\resolve-command-center\bridge\server.py"
"2026-07-29T15:23:44.9841636+08:00","3328","35252","node.exe","True","0.062","47.3","2026/7/29 15:19:19","""node""   ""D:\Clackly\resolve-command-center\node_modules\.bin\\..\electron\cli.js"" ."
"2026-07-29T15:23:44.9841636+08:00","50784","3328","electron.exe","True","1.906","99.6","2026/7/29 15:19:19","D:\Clackly\resolve-command-center\node_modules\electron\dist\electron.exe ."
"2026-07-29T15:23:44.9841636+08:00","66788","50784","electron.exe","True","0.469","90.6","2026/7/29 15:19:19","""D:\Clackly\resolve-command-center\node_modules\electron\dist\electron.exe"" --type=gpu-process --user-data-dir=""C:\Users\Administrator\AppData\Roaming\clackly"" --gpu-preferences=UAAAAAAAAADgAAAEAAAAAAAAAAAAAGAAOAAAAAAAAAABAAAAAAAAAAAAAAAAAAAAAgAAAAAAAAAAAAAAAAAAABgAAAAAAAAAGAAAAAAAAAAIAAAAAAAAAAgAAAAAAAAACAAAAAAAAAA= --field-trial-handle=2196,i,12658543882519034140,1049900951455408011,262144 --enable-features=PdfUseShowSaveFilePicker --disable-features=DropInputEventsWhilePaintHolding,LocalNetworkAccessChecks,NetworkServiceSandbox,ScreenAIOCREnabled,SpareRendererForSitePerProcess,TraceSiteInstanceGetProcessCreation --variations-seed-version --pseudonymization-salt-handle=2192,i,15495027039908561937,2505952963138778894,4 --trace-process-track-uuid=3190708988185955192 --mojo-platform-channel-handle=2184 /prefetch:2"
"2026-07-29T15:23:44.9841636+08:00","47260","50784","electron.exe","True","0.078","42.3","2026/7/29 15:19:19","""D:\Clackly\resolve-command-center\node_modules\electron\dist\electron.exe"" --type=utility --utility-sub-type=network.mojom.NetworkService --lang=zh-CN --service-sandbox-type=none --user-data-dir=""C:\Users\Administrator\AppData\Roaming\clackly"" --field-trial-handle=2196,i,12658543882519034140,1049900951455408011,262144 --enable-features=PdfUseShowSaveFilePicker --disable-features=DropInputEventsWhilePaintHolding,LocalNetworkAccessChecks,NetworkServiceSandbox,ScreenAIOCREnabled,SpareRendererForSitePerProcess,TraceSiteInstanceGetProcessCreation --variations-seed-version --pseudonymization-salt-handle=2192,i,15495027039908561937,2505952963138778894,4 --trace-process-track-uuid=3190708989122997041 --mojo-platform-channel-handle=2364 /prefetch:11"
"2026-07-29T15:23:44.9841636+08:00","83820","50784","electron.exe","True","0.125","84.4","2026/7/29 15:19:19","""D:\Clackly\resolve-command-center\node_modules\electron\dist\electron.exe"" --type=renderer --user-data-dir=""C:\Users\Administrator\AppData\Roaming\clackly"" --app-path=""D:\Clackly\resolve-command-center"" --no-sandbox --no-zygote --video-capture-use-gpu-memory-buffer --lang=zh-CN --device-scale-factor=1 --num-raster-threads=4 --enable-main-frame-before-activation --renderer-client-id=4 --time-ticks-at-unix-epoch=-1783908236192501 --launch-time-ticks=1401323289119 --field-trial-handle=2196,i,12658543882519034140,1049900951455408011,262144 --enable-features=PdfUseShowSaveFilePicker --disable-features=DropInputEventsWhilePaintHolding,LocalNetworkAccessChecks,NetworkServiceSandbox,ScreenAIOCREnabled,SpareRendererForSitePerProcess,TraceSiteInstanceGetProcessCreation --variations-seed-version --pseudonymization-salt-handle=2192,i,15495027039908561937,2505952963138778894,4 --trace-process-track-uuid=3190708990060038890 --mojo-platform-channel-handle=3472 /prefetch:1"
"2026-07-29T15:23:44.9841636+08:00","14192","17532","Resolve.exe","True","66.891","2382.9","2026/7/29 15:20:28","""C:\Program Files\Blackmagic Design\DaVinci Resolve\Resolve.exe"" "
"2026-07-29T15:23:46.1576695+08:00","70468","57316","python.exe","True","0.031","5.7","2026/7/29 15:19:17","C:\Users\Administrator\AppData\Local\hermes\hermes-agent\venv\Scripts\python.exe D:\Clackly\resolve-command-center\bridge\server.py"
"2026-07-29T15:23:46.1576695+08:00","23760","70468","python.exe","True","0.141","22.9","2026/7/29 15:19:17","""C:\Users\Administrator\AppData\Roaming\uv\python\cpython-3.11-windows-x86_64-none\python.exe""  D:\Clackly\resolve-command-center\bridge\server.py"
"2026-07-29T15:23:46.1576695+08:00","3328","35252","node.exe","True","0.062","47.3","2026/7/29 15:19:19","""node""   ""D:\Clackly\resolve-command-center\node_modules\.bin\\..\electron\cli.js"" ."
"2026-07-29T15:23:46.1576695+08:00","50784","3328","electron.exe","True","1.906","99.6","2026/7/29 15:19:19","D:\Clackly\resolve-command-center\node_modules\electron\dist\electron.exe ."
"2026-07-29T15:23:46.1576695+08:00","66788","50784","electron.exe","True","0.484","90.6","2026/7/29 15:19:19","""D:\Clackly\resolve-command-center\node_modules\electron\dist\electron.exe"" --type=gpu-process --user-data-dir=""C:\Users\Administrator\AppData\Roaming\clackly"" --gpu-preferences=UAAAAAAAAADgAAAEAAAAAAAAAAAAAGAAOAAAAAAAAAABAAAAAAAAAAAAAAAAAAAAAgAAAAAAAAAAAAAAAAAAABgAAAAAAAAAGAAAAAAAAAAIAAAAAAAAAAgAAAAAAAAACAAAAAAAAAA= --field-trial-handle=2196,i,12658543882519034140,1049900951455408011,262144 --enable-features=PdfUseShowSaveFilePicker --disable-features=DropInputEventsWhilePaintHolding,LocalNetworkAccessChecks,NetworkServiceSandbox,ScreenAIOCREnabled,SpareRendererForSitePerProcess,TraceSiteInstanceGetProcessCreation --variations-seed-version --pseudonymization-salt-handle=2192,i,15495027039908561937,2505952963138778894,4 --trace-process-track-uuid=3190708988185955192 --mojo-platform-channel-handle=2184 /prefetch:2"
"2026-07-29T15:23:46.1576695+08:00","47260","50784","electron.exe","True","0.078","42.3","2026/7/29 15:19:19","""D:\Clackly\resolve-command-center\node_modules\electron\dist\electron.exe"" --type=utility --utility-sub-type=network.mojom.NetworkService --lang=zh-CN --service-sandbox-type=none --user-data-dir=""C:\Users\Administrator\AppData\Roaming\clackly"" --field-trial-handle=2196,i,12658543882519034140,1049900951455408011,262144 --enable-features=PdfUseShowSaveFilePicker --disable-features=DropInputEventsWhilePaintHolding,LocalNetworkAccessChecks,NetworkServiceSandbox,ScreenAIOCREnabled,SpareRendererForSitePerProcess,TraceSiteInstanceGetProcessCreation --variations-seed-version --pseudonymization-salt-handle=2192,i,15495027039908561937,2505952963138778894,4 --trace-process-track-uuid=3190708989122997041 --mojo-platform-channel-handle=2364 /prefetch:11"
"2026-07-29T15:23:46.1576695+08:00","83820","50784","electron.exe","True","0.125","84.4","2026/7/29 15:19:19","""D:\Clackly\resolve-command-center\node_modules\electron\dist\electron.exe"" --type=renderer --user-data-dir=""C:\Users\Administrator\AppData\Roaming\clackly"" --app-path=""D:\Clackly\resolve-command-center"" --no-sandbox --no-zygote --video-capture-use-gpu-memory-buffer --lang=zh-CN --device-scale-factor=1 --num-raster-threads=4 --enable-main-frame-before-activation --renderer-client-id=4 --time-ticks-at-unix-epoch=-1783908236192501 --launch-time-ticks=1401323289119 --field-trial-handle=2196,i,12658543882519034140,1049900951455408011,262144 --enable-features=PdfUseShowSaveFilePicker --disable-features=DropInputEventsWhilePaintHolding,LocalNetworkAccessChecks,NetworkServiceSandbox,ScreenAIOCREnabled,SpareRendererForSitePerProcess,TraceSiteInstanceGetProcessCreation --variations-seed-version --pseudonymization-salt-handle=2192,i,15495027039908561937,2505952963138778894,4 --trace-process-track-uuid=3190708990060038890 --mojo-platform-channel-handle=3472 /prefetch:1"
"2026-07-29T15:23:46.1576695+08:00","14192","17532","Resolve.exe","True","67.141","2362.3","2026/7/29 15:20:28","""C:\Program Files\Blackmagic Design\DaVinci Resolve\Resolve.exe"" "
"2026-07-29T15:23:47.4042282+08:00","70468","57316","python.exe","True","0.031","5.7","2026/7/29 15:19:17","C:\Users\Administrator\AppData\Local\hermes\hermes-agent\venv\Scripts\python.exe D:\Clackly\resolve-command-center\bridge\server.py"
"2026-07-29T15:23:47.4042282+08:00","23760","70468","python.exe","True","0.141","22.9","2026/7/29 15:19:17","""C:\Users\Administrator\AppData\Roaming\uv\python\cpython-3.11-windows-x86_64-none\python.exe""  D:\Clackly\resolve-command-center\bridge\server.py"
"2026-07-29T15:23:47.4042282+08:00","3328","35252","node.exe","True","0.062","47.3","2026/7/29 15:19:19","""node""   ""D:\Clackly\resolve-command-center\node_modules\.bin\\..\electron\cli.js"" ."
"2026-07-29T15:23:47.4042282+08:00","50784","3328","electron.exe","True","1.906","99.7","2026/7/29 15:19:19","D:\Clackly\resolve-command-center\node_modules\electron\dist\electron.exe ."
"2026-07-29T15:23:47.4042282+08:00","66788","50784","electron.exe","True","0.5","90.6","2026/7/29 15:19:19","""D:\Clackly\resolve-command-center\node_modules\electron\dist\electron.exe"" --type=gpu-process --user-data-dir=""C:\Users\Administrator\AppData\Roaming\clackly"" --gpu-preferences=UAAAAAAAAADgAAAEAAAAAAAAAAAAAGAAOAAAAAAAAAABAAAAAAAAAAAAAAAAAAAAAgAAAAAAAAAAAAAAAAAAABgAAAAAAAAAGAAAAAAAAAAIAAAAAAAAAAgAAAAAAAAACAAAAAAAAAA= --field-trial-handle=2196,i,12658543882519034140,1049900951455408011,262144 --enable-features=PdfUseShowSaveFilePicker --disable-features=DropInputEventsWhilePaintHolding,LocalNetworkAccessChecks,NetworkServiceSandbox,ScreenAIOCREnabled,SpareRendererForSitePerProcess,TraceSiteInstanceGetProcessCreation --variations-seed-version --pseudonymization-salt-handle=2192,i,15495027039908561937,2505952963138778894,4 --trace-process-track-uuid=3190708988185955192 --mojo-platform-channel-handle=2184 /prefetch:2"
"2026-07-29T15:23:47.4042282+08:00","47260","50784","electron.exe","True","0.078","42.3","2026/7/29 15:19:19","""D:\Clackly\resolve-command-center\node_modules\electron\dist\electron.exe"" --type=utility --utility-sub-type=network.mojom.NetworkService --lang=zh-CN --service-sandbox-type=none --user-data-dir=""C:\Users\Administrator\AppData\Roaming\clackly"" --field-trial-handle=2196,i,12658543882519034140,1049900951455408011,262144 --enable-features=PdfUseShowSaveFilePicker --disable-features=DropInputEventsWhilePaintHolding,LocalNetworkAccessChecks,NetworkServiceSandbox,ScreenAIOCREnabled,SpareRendererForSitePerProcess,TraceSiteInstanceGetProcessCreation --variations-seed-version --pseudonymization-salt-handle=2192,i,15495027039908561937,2505952963138778894,4 --trace-process-track-uuid=3190708989122997041 --mojo-platform-channel-handle=2364 /prefetch:11"
"2026-07-29T15:23:47.4042282+08:00","83820","50784","electron.exe","True","0.125","84.4","2026/7/29 15:19:19","""D:\Clackly\resolve-command-center\node_modules\electron\dist\electron.exe"" --type=renderer --user-data-dir=""C:\Users\Administrator\AppData\Roaming\clackly"" --app-path=""D:\Clackly\resolve-command-center"" --no-sandbox --no-zygote --video-capture-use-gpu-memory-buffer --lang=zh-CN --device-scale-factor=1 --num-raster-threads=4 --enable-main-frame-before-activation --renderer-client-id=4 --time-ticks-at-unix-epoch=-1783908236192501 --launch-time-ticks=1401323289119 --field-trial-handle=2196,i,12658543882519034140,1049900951455408011,262144 --enable-features=PdfUseShowSaveFilePicker --disable-features=DropInputEventsWhilePaintHolding,LocalNetworkAccessChecks,NetworkServiceSandbox,ScreenAIOCREnabled,SpareRendererForSitePerProcess,TraceSiteInstanceGetProcessCreation --variations-seed-version --pseudonymization-salt-handle=2192,i,15495027039908561937,2505952963138778894,4 --trace-process-track-uuid=3190708990060038890 --mojo-platform-channel-handle=3472 /prefetch:1"
"2026-07-29T15:23:47.4042282+08:00","14192","17532","Resolve.exe","True","67.375","2179.2","2026/7/29 15:20:28","""C:\Program Files\Blackmagic Design\DaVinci Resolve\Resolve.exe"" "
"2026-07-29T15:23:48.5289633+08:00","70468","57316","python.exe","True","0.031","5.7","2026/7/29 15:19:17","C:\Users\Administrator\AppData\Local\hermes\hermes-agent\venv\Scripts\python.exe D:\Clackly\resolve-command-center\bridge\server.py"
"2026-07-29T15:23:48.5289633+08:00","23760","70468","python.exe","True","0.141","22.9","2026/7/29 15:19:17","""C:\Users\Administrator\AppData\Roaming\uv\python\cpython-3.11-windows-x86_64-none\python.exe""  D:\Clackly\resolve-command-center\bridge\server.py"
"2026-07-29T15:23:48.5289633+08:00","3328","35252","node.exe","True","0.062","47.3","2026/7/29 15:19:19","""node""   ""D:\Clackly\resolve-command-center\node_modules\.bin\\..\electron\cli.js"" ."
"2026-07-29T15:23:48.5289633+08:00","50784","3328","electron.exe","True","1.906","99.7","2026/7/29 15:19:19","D:\Clackly\resolve-command-center\node_modules\electron\dist\electron.exe ."
"2026-07-29T15:23:48.5289633+08:00","66788","50784","electron.exe","True","0.5","90.6","2026/7/29 15:19:19","""D:\Clackly\resolve-command-center\node_modules\electron\dist\electron.exe"" --type=gpu-process --user-data-dir=""C:\Users\Administrator\AppData\Roaming\clackly"" --gpu-preferences=UAAAAAAAAADgAAAEAAAAAAAAAAAAAGAAOAAAAAAAAAABAAAAAAAAAAAAAAAAAAAAAgAAAAAAAAAAAAAAAAAAABgAAAAAAAAAGAAAAAAAAAAIAAAAAAAAAAgAAAAAAAAACAAAAAAAAAA= --field-trial-handle=2196,i,12658543882519034140,1049900951455408011,262144 --enable-features=PdfUseShowSaveFilePicker --disable-features=DropInputEventsWhilePaintHolding,LocalNetworkAccessChecks,NetworkServiceSandbox,ScreenAIOCREnabled,SpareRendererForSitePerProcess,TraceSiteInstanceGetProcessCreation --variations-seed-version --pseudonymization-salt-handle=2192,i,15495027039908561937,2505952963138778894,4 --trace-process-track-uuid=3190708988185955192 --mojo-platform-channel-handle=2184 /prefetch:2"
"2026-07-29T15:23:48.5289633+08:00","47260","50784","electron.exe","True","0.078","42.3","2026/7/29 15:19:19","""D:\Clackly\resolve-command-center\node_modules\electron\dist\electron.exe"" --type=utility --utility-sub-type=network.mojom.NetworkService --lang=zh-CN --service-sandbox-type=none --user-data-dir=""C:\Users\Administrator\AppData\Roaming\clackly"" --field-trial-handle=2196,i,12658543882519034140,1049900951455408011,262144 --enable-features=PdfUseShowSaveFilePicker --disable-features=DropInputEventsWhilePaintHolding,LocalNetworkAccessChecks,NetworkServiceSandbox,ScreenAIOCREnabled,SpareRendererForSitePerProcess,TraceSiteInstanceGetProcessCreation --variations-seed-version --pseudonymization-salt-handle=2192,i,15495027039908561937,2505952963138778894,4 --trace-process-track-uuid=3190708989122997041 --mojo-platform-channel-handle=2364 /prefetch:11"
"2026-07-29T15:23:48.5289633+08:00","83820","50784","electron.exe","True","0.125","84.4","2026/7/29 15:19:19","""D:\Clackly\resolve-command-center\node_modules\electron\dist\electron.exe"" --type=renderer --user-data-dir=""C:\Users\Administrator\AppData\Roaming\clackly"" --app-path=""D:\Clackly\resolve-command-center"" --no-sandbox --no-zygote --video-capture-use-gpu-memory-buffer --lang=zh-CN --device-scale-factor=1 --num-raster-threads=4 --enable-main-frame-before-activation --renderer-client-id=4 --time-ticks-at-unix-epoch=-1783908236192501 --launch-time-ticks=1401323289119 --field-trial-handle=2196,i,12658543882519034140,1049900951455408011,262144 --enable-features=PdfUseShowSaveFilePicker --disable-features=DropInputEventsWhilePaintHolding,LocalNetworkAccessChecks,NetworkServiceSandbox,ScreenAIOCREnabled,SpareRendererForSitePerProcess,TraceSiteInstanceGetProcessCreation --variations-seed-version --pseudonymization-salt-handle=2192,i,15495027039908561937,2505952963138778894,4 --trace-process-track-uuid=3190708990060038890 --mojo-platform-channel-handle=3472 /prefetch:1"
"2026-07-29T15:23:48.5289633+08:00","14192","17532","Resolve.exe","True","67.391","2179.2","2026/7/29 15:20:28","""C:\Program Files\Blackmagic Design\DaVinci Resolve\Resolve.exe"" "
"2026-07-29T15:23:49.6991085+08:00","70468","57316","python.exe","True","0.031","5.7","2026/7/29 15:19:17","C:\Users\Administrator\AppData\Local\hermes\hermes-agent\venv\Scripts\python.exe D:\Clackly\resolve-command-center\bridge\server.py"
"2026-07-29T15:23:49.6991085+08:00","23760","70468","python.exe","True","0.141","22.9","2026/7/29 15:19:17","""C:\Users\Administrator\AppData\Roaming\uv\python\cpython-3.11-windows-x86_64-none\python.exe""  D:\Clackly\resolve-command-center\bridge\server.py"
"2026-07-29T15:23:49.6991085+08:00","3328","35252","node.exe","True","0.062","47.3","2026/7/29 15:19:19","""node""   ""D:\Clackly\resolve-command-center\node_modules\.bin\\..\electron\cli.js"" ."
"2026-07-29T15:23:49.6991085+08:00","50784","3328","electron.exe","True","1.922","99.7","2026/7/29 15:19:19","D:\Clackly\resolve-command-center\node_modules\electron\dist\electron.exe ."
"2026-07-29T15:23:49.6991085+08:00","66788","50784","electron.exe","True","0.5","90.6","2026/7/29 15:19:19","""D:\Clackly\resolve-command-center\node_modules\electron\dist\electron.exe"" --type=gpu-process --user-data-dir=""C:\Users\Administrator\AppData\Roaming\clackly"" --gpu-preferences=UAAAAAAAAADgAAAEAAAAAAAAAAAAAGAAOAAAAAAAAAABAAAAAAAAAAAAAAAAAAAAAgAAAAAAAAAAAAAAAAAAABgAAAAAAAAAGAAAAAAAAAAIAAAAAAAAAAgAAAAAAAAACAAAAAAAAAA= --field-trial-handle=2196,i,12658543882519034140,1049900951455408011,262144 --enable-features=PdfUseShowSaveFilePicker --disable-features=DropInputEventsWhilePaintHolding,LocalNetworkAccessChecks,NetworkServiceSandbox,ScreenAIOCREnabled,SpareRendererForSitePerProcess,TraceSiteInstanceGetProcessCreation --variations-seed-version --pseudonymization-salt-handle=2192,i,15495027039908561937,2505952963138778894,4 --trace-process-track-uuid=3190708988185955192 --mojo-platform-channel-handle=2184 /prefetch:2"
"2026-07-29T15:23:49.6991085+08:00","47260","50784","electron.exe","True","0.078","42.3","2026/7/29 15:19:19","""D:\Clackly\resolve-command-center\node_modules\electron\dist\electron.exe"" --type=utility --utility-sub-type=network.mojom.NetworkService --lang=zh-CN --service-sandbox-type=none --user-data-dir=""C:\Users\Administrator\AppData\Roaming\clackly"" --field-trial-handle=2196,i,12658543882519034140,1049900951455408011,262144 --enable-features=PdfUseShowSaveFilePicker --disable-features=DropInputEventsWhilePaintHolding,LocalNetworkAccessChecks,NetworkServiceSandbox,ScreenAIOCREnabled,SpareRendererForSitePerProcess,TraceSiteInstanceGetProcessCreation --variations-seed-version --pseudonymization-salt-handle=2192,i,15495027039908561937,2505952963138778894,4 --trace-process-track-uuid=3190708989122997041 --mojo-platform-channel-handle=2364 /prefetch:11"
"2026-07-29T15:23:49.6991085+08:00","83820","50784","electron.exe","True","0.125","84.4","2026/7/29 15:19:19","""D:\Clackly\resolve-command-center\node_modules\electron\dist\electron.exe"" --type=renderer --user-data-dir=""C:\Users\Administrator\AppData\Roaming\clackly"" --app-path=""D:\Clackly\resolve-command-center"" --no-sandbox --no-zygote --video-capture-use-gpu-memory-buffer --lang=zh-CN --device-scale-factor=1 --num-raster-threads=4 --enable-main-frame-before-activation --renderer-client-id=4 --time-ticks-at-unix-epoch=-1783908236192501 --launch-time-ticks=1401323289119 --field-trial-handle=2196,i,12658543882519034140,1049900951455408011,262144 --enable-features=PdfUseShowSaveFilePicker --disable-features=DropInputEventsWhilePaintHolding,LocalNetworkAccessChecks,NetworkServiceSandbox,ScreenAIOCREnabled,SpareRendererForSitePerProcess,TraceSiteInstanceGetProcessCreation --variations-seed-version --pseudonymization-salt-handle=2192,i,15495027039908561937,2505952963138778894,4 --trace-process-track-uuid=3190708990060038890 --mojo-platform-channel-handle=3472 /prefetch:1"
"2026-07-29T15:23:49.6991085+08:00","14192","17532","Resolve.exe","True","67.406","2179","2026/7/29 15:20:28","""C:\Program Files\Blackmagic Design\DaVinci Resolve\Resolve.exe"" "
"2026-07-29T15:23:50.9181287+08:00","70468","57316","python.exe","True","0.031","5.7","2026/7/29 15:19:17","C:\Users\Administrator\AppData\Local\hermes\hermes-agent\venv\Scripts\python.exe D:\Clackly\resolve-command-center\bridge\server.py"
"2026-07-29T15:23:50.9181287+08:00","23760","70468","python.exe","True","0.141","22.9","2026/7/29 15:19:17","""C:\Users\Administrator\AppData\Roaming\uv\python\cpython-3.11-windows-x86_64-none\python.exe""  D:\Clackly\resolve-command-center\bridge\server.py"
"2026-07-29T15:23:50.9181287+08:00","3328","35252","node.exe","True","0.062","47.3","2026/7/29 15:19:19","""node""   ""D:\Clackly\resolve-command-center\node_modules\.bin\\..\electron\cli.js"" ."
"2026-07-29T15:23:50.9181287+08:00","50784","3328","electron.exe","True","1.969","99.7","2026/7/29 15:19:19","D:\Clackly\resolve-command-center\node_modules\electron\dist\electron.exe ."
"2026-07-29T15:23:50.9181287+08:00","66788","50784","electron.exe","True","0.5","90.6","2026/7/29 15:19:19","""D:\Clackly\resolve-command-center\node_modules\electron\dist\electron.exe"" --type=gpu-process --user-data-dir=""C:\Users\Administrator\AppData\Roaming\clackly"" --gpu-preferences=UAAAAAAAAADgAAAEAAAAAAAAAAAAAGAAOAAAAAAAAAABAAAAAAAAAAAAAAAAAAAAAgAAAAAAAAAAAAAAAAAAABgAAAAAAAAAGAAAAAAAAAAIAAAAAAAAAAgAAAAAAAAACAAAAAAAAAA= --field-trial-handle=2196,i,12658543882519034140,1049900951455408011,262144 --enable-features=PdfUseShowSaveFilePicker --disable-features=DropInputEventsWhilePaintHolding,LocalNetworkAccessChecks,NetworkServiceSandbox,ScreenAIOCREnabled,SpareRendererForSitePerProcess,TraceSiteInstanceGetProcessCreation --variations-seed-version --pseudonymization-salt-handle=2192,i,15495027039908561937,2505952963138778894,4 --trace-process-track-uuid=3190708988185955192 --mojo-platform-channel-handle=2184 /prefetch:2"
"2026-07-29T15:23:50.9181287+08:00","47260","50784","electron.exe","True","0.078","42.3","2026/7/29 15:19:19","""D:\Clackly\resolve-command-center\node_modules\electron\dist\electron.exe"" --type=utility --utility-sub-type=network.mojom.NetworkService --lang=zh-CN --service-sandbox-type=none --user-data-dir=""C:\Users\Administrator\AppData\Roaming\clackly"" --field-trial-handle=2196,i,12658543882519034140,1049900951455408011,262144 --enable-features=PdfUseShowSaveFilePicker --disable-features=DropInputEventsWhilePaintHolding,LocalNetworkAccessChecks,NetworkServiceSandbox,ScreenAIOCREnabled,SpareRendererForSitePerProcess,TraceSiteInstanceGetProcessCreation --variations-seed-version --pseudonymization-salt-handle=2192,i,15495027039908561937,2505952963138778894,4 --trace-process-track-uuid=3190708989122997041 --mojo-platform-channel-handle=2364 /prefetch:11"
"2026-07-29T15:23:50.9181287+08:00","83820","50784","electron.exe","True","0.125","84.4","2026/7/29 15:19:19","""D:\Clackly\resolve-command-center\node_modules\electron\dist\electron.exe"" --type=renderer --user-data-dir=""C:\Users\Administrator\AppData\Roaming\clackly"" --app-path=""D:\Clackly\resolve-command-center"" --no-sandbox --no-zygote --video-capture-use-gpu-memory-buffer --lang=zh-CN --device-scale-factor=1 --num-raster-threads=4 --enable-main-frame-before-activation --renderer-client-id=4 --time-ticks-at-unix-epoch=-1783908236192501 --launch-time-ticks=1401323289119 --field-trial-handle=2196,i,12658543882519034140,1049900951455408011,262144 --enable-features=PdfUseShowSaveFilePicker --disable-features=DropInputEventsWhilePaintHolding,LocalNetworkAccessChecks,NetworkServiceSandbox,ScreenAIOCREnabled,SpareRendererForSitePerProcess,TraceSiteInstanceGetProcessCreation --variations-seed-version --pseudonymization-salt-handle=2192,i,15495027039908561937,2505952963138778894,4 --trace-process-track-uuid=3190708990060038890 --mojo-platform-channel-handle=3472 /prefetch:1"
"2026-07-29T15:23:50.9181287+08:00","14192","17532","Resolve.exe","True","67.422","2177.7","2026/7/29 15:20:28","""C:\Program Files\Blackmagic Design\DaVinci Resolve\Resolve.exe"" "
"2026-07-29T15:23:52.1080054+08:00","70468","57316","python.exe","True","0.031","5.7","2026/7/29 15:19:17","C:\Users\Administrator\AppData\Local\hermes\hermes-agent\venv\Scripts\python.exe D:\Clackly\resolve-command-center\bridge\server.py"
"2026-07-29T15:23:52.1080054+08:00","23760","70468","python.exe","True","0.141","22.9","2026/7/29 15:19:17","""C:\Users\Administrator\AppData\Roaming\uv\python\cpython-3.11-windows-x86_64-none\python.exe""  D:\Clackly\resolve-command-center\bridge\server.py"
"2026-07-29T15:23:52.1080054+08:00","3328","35252","node.exe","True","0.062","47.3","2026/7/29 15:19:19","""node""   ""D:\Clackly\resolve-command-center\node_modules\.bin\\..\electron\cli.js"" ."
"2026-07-29T15:23:52.1080054+08:00","50784","3328","electron.exe","True","1.969","99.7","2026/7/29 15:19:19","D:\Clackly\resolve-command-center\node_modules\electron\dist\electron.exe ."
"2026-07-29T15:23:52.1080054+08:00","66788","50784","electron.exe","True","0.5","90.6","2026/7/29 15:19:19","""D:\Clackly\resolve-command-center\node_modules\electron\dist\electron.exe"" --type=gpu-process --user-data-dir=""C:\Users\Administrator\AppData\Roaming\clackly"" --gpu-preferences=UAAAAAAAAADgAAAEAAAAAAAAAAAAAGAAOAAAAAAAAAABAAAAAAAAAAAAAAAAAAAAAgAAAAAAAAAAAAAAAAAAABgAAAAAAAAAGAAAAAAAAAAIAAAAAAAAAAgAAAAAAAAACAAAAAAAAAA= --field-trial-handle=2196,i,12658543882519034140,1049900951455408011,262144 --enable-features=PdfUseShowSaveFilePicker --disable-features=DropInputEventsWhilePaintHolding,LocalNetworkAccessChecks,NetworkServiceSandbox,ScreenAIOCREnabled,SpareRendererForSitePerProcess,TraceSiteInstanceGetProcessCreation --variations-seed-version --pseudonymization-salt-handle=2192,i,15495027039908561937,2505952963138778894,4 --trace-process-track-uuid=3190708988185955192 --mojo-platform-channel-handle=2184 /prefetch:2"
"2026-07-29T15:23:52.1080054+08:00","47260","50784","electron.exe","True","0.078","42.3","2026/7/29 15:19:19","""D:\Clackly\resolve-command-center\node_modules\electron\dist\electron.exe"" --type=utility --utility-sub-type=network.mojom.NetworkService --lang=zh-CN --service-sandbox-type=none --user-data-dir=""C:\Users\Administrator\AppData\Roaming\clackly"" --field-trial-handle=2196,i,12658543882519034140,1049900951455408011,262144 --enable-features=PdfUseShowSaveFilePicker --disable-features=DropInputEventsWhilePaintHolding,LocalNetworkAccessChecks,NetworkServiceSandbox,ScreenAIOCREnabled,SpareRendererForSitePerProcess,TraceSiteInstanceGetProcessCreation --variations-seed-version --pseudonymization-salt-handle=2192,i,15495027039908561937,2505952963138778894,4 --trace-process-track-uuid=3190708989122997041 --mojo-platform-channel-handle=2364 /prefetch:11"
"2026-07-29T15:23:52.1080054+08:00","83820","50784","electron.exe","True","0.125","84.4","2026/7/29 15:19:19","""D:\Clackly\resolve-command-center\node_modules\electron\dist\electron.exe"" --type=renderer --user-data-dir=""C:\Users\Administrator\AppData\Roaming\clackly"" --app-path=""D:\Clackly\resolve-command-center"" --no-sandbox --no-zygote --video-capture-use-gpu-memory-buffer --lang=zh-CN --device-scale-factor=1 --num-raster-threads=4 --enable-main-frame-before-activation --renderer-client-id=4 --time-ticks-at-unix-epoch=-1783908236192501 --launch-time-ticks=1401323289119 --field-trial-handle=2196,i,12658543882519034140,1049900951455408011,262144 --enable-features=PdfUseShowSaveFilePicker --disable-features=DropInputEventsWhilePaintHolding,LocalNetworkAccessChecks,NetworkServiceSandbox,ScreenAIOCREnabled,SpareRendererForSitePerProcess,TraceSiteInstanceGetProcessCreation --variations-seed-version --pseudonymization-salt-handle=2192,i,15495027039908561937,2505952963138778894,4 --trace-process-track-uuid=3190708990060038890 --mojo-platform-channel-handle=3472 /prefetch:1"
"2026-07-29T15:23:52.1080054+08:00","14192","17532","Resolve.exe",,"68.188","1167.7","2026/7/29 15:20:28","""C:\Program Files\Blackmagic Design\DaVinci Resolve\Resolve.exe"" "
"2026-07-29T15:23:53.2737733+08:00","70468","57316","python.exe","True","0.031","5.7","2026/7/29 15:19:17","C:\Users\Administrator\AppData\Local\hermes\hermes-agent\venv\Scripts\python.exe D:\Clackly\resolve-command-center\bridge\server.py"
"2026-07-29T15:23:53.2737733+08:00","23760","70468","python.exe","True","0.141","22.9","2026/7/29 15:19:17","""C:\Users\Administrator\AppData\Roaming\uv\python\cpython-3.11-windows-x86_64-none\python.exe""  D:\Clackly\resolve-command-center\bridge\server.py"
"2026-07-29T15:23:53.2737733+08:00","3328","35252","node.exe","True","0.062","47.3","2026/7/29 15:19:19","""node""   ""D:\Clackly\resolve-command-center\node_modules\.bin\\..\electron\cli.js"" ."
"2026-07-29T15:23:53.2737733+08:00","50784","3328","electron.exe","True","1.969","99.7","2026/7/29 15:19:19","D:\Clackly\resolve-command-center\node_modules\electron\dist\electron.exe ."
"2026-07-29T15:23:53.2737733+08:00","66788","50784","electron.exe","True","0.5","90.6","2026/7/29 15:19:19","""D:\Clackly\resolve-command-center\node_modules\electron\dist\electron.exe"" --type=gpu-process --user-data-dir=""C:\Users\Administrator\AppData\Roaming\clackly"" --gpu-preferences=UAAAAAAAAADgAAAEAAAAAAAAAAAAAGAAOAAAAAAAAAABAAAAAAAAAAAAAAAAAAAAAgAAAAAAAAAAAAAAAAAAABgAAAAAAAAAGAAAAAAAAAAIAAAAAAAAAAgAAAAAAAAACAAAAAAAAAA= --field-trial-handle=2196,i,12658543882519034140,1049900951455408011,262144 --enable-features=PdfUseShowSaveFilePicker --disable-features=DropInputEventsWhilePaintHolding,LocalNetworkAccessChecks,NetworkServiceSandbox,ScreenAIOCREnabled,SpareRendererForSitePerProcess,TraceSiteInstanceGetProcessCreation --variations-seed-version --pseudonymization-salt-handle=2192,i,15495027039908561937,2505952963138778894,4 --trace-process-track-uuid=3190708988185955192 --mojo-platform-channel-handle=2184 /prefetch:2"
"2026-07-29T15:23:53.2737733+08:00","47260","50784","electron.exe","True","0.078","42.3","2026/7/29 15:19:19","""D:\Clackly\resolve-command-center\node_modules\electron\dist\electron.exe"" --type=utility --utility-sub-type=network.mojom.NetworkService --lang=zh-CN --service-sandbox-type=none --user-data-dir=""C:\Users\Administrator\AppData\Roaming\clackly"" --field-trial-handle=2196,i,12658543882519034140,1049900951455408011,262144 --enable-features=PdfUseShowSaveFilePicker --disable-features=DropInputEventsWhilePaintHolding,LocalNetworkAccessChecks,NetworkServiceSandbox,ScreenAIOCREnabled,SpareRendererForSitePerProcess,TraceSiteInstanceGetProcessCreation --variations-seed-version --pseudonymization-salt-handle=2192,i,15495027039908561937,2505952963138778894,4 --trace-process-track-uuid=3190708989122997041 --mojo-platform-channel-handle=2364 /prefetch:11"
"2026-07-29T15:23:53.2737733+08:00","83820","50784","electron.exe","True","0.125","84.4","2026/7/29 15:19:19","""D:\Clackly\resolve-command-center\node_modules\electron\dist\electron.exe"" --type=renderer --user-data-dir=""C:\Users\Administrator\AppData\Roaming\clackly"" --app-path=""D:\Clackly\resolve-command-center"" --no-sandbox --no-zygote --video-capture-use-gpu-memory-buffer --lang=zh-CN --device-scale-factor=1 --num-raster-threads=4 --enable-main-frame-before-activation --renderer-client-id=4 --time-ticks-at-unix-epoch=-1783908236192501 --launch-time-ticks=1401323289119 --field-trial-handle=2196,i,12658543882519034140,1049900951455408011,262144 --enable-features=PdfUseShowSaveFilePicker --disable-features=DropInputEventsWhilePaintHolding,LocalNetworkAccessChecks,NetworkServiceSandbox,ScreenAIOCREnabled,SpareRendererForSitePerProcess,TraceSiteInstanceGetProcessCreation --variations-seed-version --pseudonymization-salt-handle=2192,i,15495027039908561937,2505952963138778894,4 --trace-process-track-uuid=3190708990060038890 --mojo-platform-channel-handle=3472 /prefetch:1"
"2026-07-29T15:23:54.4101664+08:00","70468","57316","python.exe","True","0.031","5.7","2026/7/29 15:19:17","C:\Users\Administrator\AppData\Local\hermes\hermes-agent\venv\Scripts\python.exe D:\Clackly\resolve-command-center\bridge\server.py"
"2026-07-29T15:23:54.4101664+08:00","23760","70468","python.exe","True","0.141","22.9","2026/7/29 15:19:17","""C:\Users\Administrator\AppData\Roaming\uv\python\cpython-3.11-windows-x86_64-none\python.exe""  D:\Clackly\resolve-command-center\bridge\server.py"
"2026-07-29T15:23:54.4101664+08:00","3328","35252","node.exe","True","0.062","47.3","2026/7/29 15:19:19","""node""   ""D:\Clackly\resolve-command-center\node_modules\.bin\\..\electron\cli.js"" ."
"2026-07-29T15:23:54.4101664+08:00","50784","3328","electron.exe","True","1.969","99.7","2026/7/29 15:19:19","D:\Clackly\resolve-command-center\node_modules\electron\dist\electron.exe ."
"2026-07-29T15:23:54.4101664+08:00","66788","50784","electron.exe","True","0.5","90.6","2026/7/29 15:19:19","""D:\Clackly\resolve-command-center\node_modules\electron\dist\electron.exe"" --type=gpu-process --user-data-dir=""C:\Users\Administrator\AppData\Roaming\clackly"" --gpu-preferences=UAAAAAAAAADgAAAEAAAAAAAAAAAAAGAAOAAAAAAAAAABAAAAAAAAAAAAAAAAAAAAAgAAAAAAAAAAAAAAAAAAABgAAAAAAAAAGAAAAAAAAAAIAAAAAAAAAAgAAAAAAAAACAAAAAAAAAA= --field-trial-handle=2196,i,12658543882519034140,1049900951455408011,262144 --enable-features=PdfUseShowSaveFilePicker --disable-features=DropInputEventsWhilePaintHolding,LocalNetworkAccessChecks,NetworkServiceSandbox,ScreenAIOCREnabled,SpareRendererForSitePerProcess,TraceSiteInstanceGetProcessCreation --variations-seed-version --pseudonymization-salt-handle=2192,i,15495027039908561937,2505952963138778894,4 --trace-process-track-uuid=3190708988185955192 --mojo-platform-channel-handle=2184 /prefetch:2"
"2026-07-29T15:23:54.4101664+08:00","47260","50784","electron.exe","True","0.078","42.3","2026/7/29 15:19:19","""D:\Clackly\resolve-command-center\node_modules\electron\dist\electron.exe"" --type=utility --utility-sub-type=network.mojom.NetworkService --lang=zh-CN --service-sandbox-type=none --user-data-dir=""C:\Users\Administrator\AppData\Roaming\clackly"" --field-trial-handle=2196,i,12658543882519034140,1049900951455408011,262144 --enable-features=PdfUseShowSaveFilePicker --disable-features=DropInputEventsWhilePaintHolding,LocalNetworkAccessChecks,NetworkServiceSandbox,ScreenAIOCREnabled,SpareRendererForSitePerProcess,TraceSiteInstanceGetProcessCreation --variations-seed-version --pseudonymization-salt-handle=2192,i,15495027039908561937,2505952963138778894,4 --trace-process-track-uuid=3190708989122997041 --mojo-platform-channel-handle=2364 /prefetch:11"
"2026-07-29T15:23:54.4101664+08:00","83820","50784","electron.exe","True","0.125","84.4","2026/7/29 15:19:19","""D:\Clackly\resolve-command-center\node_modules\electron\dist\electron.exe"" --type=renderer --user-data-dir=""C:\Users\Administrator\AppData\Roaming\clackly"" --app-path=""D:\Clackly\resolve-command-center"" --no-sandbox --no-zygote --video-capture-use-gpu-memory-buffer --lang=zh-CN --device-scale-factor=1 --num-raster-threads=4 --enable-main-frame-before-activation --renderer-client-id=4 --time-ticks-at-unix-epoch=-1783908236192501 --launch-time-ticks=1401323289119 --field-trial-handle=2196,i,12658543882519034140,1049900951455408011,262144 --enable-features=PdfUseShowSaveFilePicker --disable-features=DropInputEventsWhilePaintHolding,LocalNetworkAccessChecks,NetworkServiceSandbox,ScreenAIOCREnabled,SpareRendererForSitePerProcess,TraceSiteInstanceGetProcessCreation --variations-seed-version --pseudonymization-salt-handle=2192,i,15495027039908561937,2505952963138778894,4 --trace-process-track-uuid=3190708990060038890 --mojo-platform-channel-handle=3472 /prefetch:1"
"2026-07-29T15:23:55.6120242+08:00","70468","57316","python.exe","True","0.031","5.7","2026/7/29 15:19:17","C:\Users\Administrator\AppData\Local\hermes\hermes-agent\venv\Scripts\python.exe D:\Clackly\resolve-command-center\bridge\server.py"
"2026-07-29T15:23:55.6120242+08:00","23760","70468","python.exe","True","0.141","22.9","2026/7/29 15:19:17","""C:\Users\Administrator\AppData\Roaming\uv\python\cpython-3.11-windows-x86_64-none\python.exe""  D:\Clackly\resolve-command-center\bridge\server.py"
"2026-07-29T15:23:55.6120242+08:00","3328","35252","node.exe","True","0.062","47.3","2026/7/29 15:19:19","""node""   ""D:\Clackly\resolve-command-center\node_modules\.bin\\..\electron\cli.js"" ."
"2026-07-29T15:23:55.6120242+08:00","50784","3328","electron.exe","True","1.969","99.7","2026/7/29 15:19:19","D:\Clackly\resolve-command-center\node_modules\electron\dist\electron.exe ."
"2026-07-29T15:23:55.6120242+08:00","66788","50784","electron.exe","True","0.5","90.6","2026/7/29 15:19:19","""D:\Clackly\resolve-command-center\node_modules\electron\dist\electron.exe"" --type=gpu-process --user-data-dir=""C:\Users\Administrator\AppData\Roaming\clackly"" --gpu-preferences=UAAAAAAAAADgAAAEAAAAAAAAAAAAAGAAOAAAAAAAAAABAAAAAAAAAAAAAAAAAAAAAgAAAAAAAAAAAAAAAAAAABgAAAAAAAAAGAAAAAAAAAAIAAAAAAAAAAgAAAAAAAAACAAAAAAAAAA= --field-trial-handle=2196,i,12658543882519034140,1049900951455408011,262144 --enable-features=PdfUseShowSaveFilePicker --disable-features=DropInputEventsWhilePaintHolding,LocalNetworkAccessChecks,NetworkServiceSandbox,ScreenAIOCREnabled,SpareRendererForSitePerProcess,TraceSiteInstanceGetProcessCreation --variations-seed-version --pseudonymization-salt-handle=2192,i,15495027039908561937,2505952963138778894,4 --trace-process-track-uuid=3190708988185955192 --mojo-platform-channel-handle=2184 /prefetch:2"
"2026-07-29T15:23:55.6120242+08:00","47260","50784","electron.exe","True","0.078","42.3","2026/7/29 15:19:19","""D:\Clackly\resolve-command-center\node_modules\electron\dist\electron.exe"" --type=utility --utility-sub-type=network.mojom.NetworkService --lang=zh-CN --service-sandbox-type=none --user-data-dir=""C:\Users\Administrator\AppData\Roaming\clackly"" --field-trial-handle=2196,i,12658543882519034140,1049900951455408011,262144 --enable-features=PdfUseShowSaveFilePicker --disable-features=DropInputEventsWhilePaintHolding,LocalNetworkAccessChecks,NetworkServiceSandbox,ScreenAIOCREnabled,SpareRendererForSitePerProcess,TraceSiteInstanceGetProcessCreation --variations-seed-version --pseudonymization-salt-handle=2192,i,15495027039908561937,2505952963138778894,4 --trace-process-track-uuid=3190708989122997041 --mojo-platform-channel-handle=2364 /prefetch:11"
"2026-07-29T15:23:55.6120242+08:00","83820","50784","electron.exe","True","0.125","84.4","2026/7/29 15:19:19","""D:\Clackly\resolve-command-center\node_modules\electron\dist\electron.exe"" --type=renderer --user-data-dir=""C:\Users\Administrator\AppData\Roaming\clackly"" --app-path=""D:\Clackly\resolve-command-center"" --no-sandbox --no-zygote --video-capture-use-gpu-memory-buffer --lang=zh-CN --device-scale-factor=1 --num-raster-threads=4 --enable-main-frame-before-activation --renderer-client-id=4 --time-ticks-at-unix-epoch=-1783908236192501 --launch-time-ticks=1401323289119 --field-trial-handle=2196,i,12658543882519034140,1049900951455408011,262144 --enable-features=PdfUseShowSaveFilePicker --disable-features=DropInputEventsWhilePaintHolding,LocalNetworkAccessChecks,NetworkServiceSandbox,ScreenAIOCREnabled,SpareRendererForSitePerProcess,TraceSiteInstanceGetProcessCreation --variations-seed-version --pseudonymization-salt-handle=2192,i,15495027039908561937,2505952963138778894,4 --trace-process-track-uuid=3190708990060038890 --mojo-platform-channel-handle=3472 /prefetch:1"
"2026-07-29T15:23:56.8320447+08:00","70468","57316","python.exe","True","0.031","5.7","2026/7/29 15:19:17","C:\Users\Administrator\AppData\Local\hermes\hermes-agent\venv\Scripts\python.exe D:\Clackly\resolve-command-center\bridge\server.py"
"2026-07-29T15:23:56.8320447+08:00","23760","70468","python.exe","True","0.141","22.9","2026/7/29 15:19:17","""C:\Users\Administrator\AppData\Roaming\uv\python\cpython-3.11-windows-x86_64-none\python.exe""  D:\Clackly\resolve-command-center\bridge\server.py"
"2026-07-29T15:23:56.8320447+08:00","3328","35252","node.exe","True","0.062","47.3","2026/7/29 15:19:19","""node""   ""D:\Clackly\resolve-command-center\node_modules\.bin\\..\electron\cli.js"" ."
"2026-07-29T15:23:56.8320447+08:00","50784","3328","electron.exe","True","1.969","99.7","2026/7/29 15:19:19","D:\Clackly\resolve-command-center\node_modules\electron\dist\electron.exe ."
"2026-07-29T15:23:56.8320447+08:00","66788","50784","electron.exe","True","0.5","90.6","2026/7/29 15:19:19","""D:\Clackly\resolve-command-center\node_modules\electron\dist\electron.exe"" --type=gpu-process --user-data-dir=""C:\Users\Administrator\AppData\Roaming\clackly"" --gpu-preferences=UAAAAAAAAADgAAAEAAAAAAAAAAAAAGAAOAAAAAAAAAABAAAAAAAAAAAAAAAAAAAAAgAAAAAAAAAAAAAAAAAAABgAAAAAAAAAGAAAAAAAAAAIAAAAAAAAAAgAAAAAAAAACAAAAAAAAAA= --field-trial-handle=2196,i,12658543882519034140,1049900951455408011,262144 --enable-features=PdfUseShowSaveFilePicker --disable-features=DropInputEventsWhilePaintHolding,LocalNetworkAccessChecks,NetworkServiceSandbox,ScreenAIOCREnabled,SpareRendererForSitePerProcess,TraceSiteInstanceGetProcessCreation --variations-seed-version --pseudonymization-salt-handle=2192,i,15495027039908561937,2505952963138778894,4 --trace-process-track-uuid=3190708988185955192 --mojo-platform-channel-handle=2184 /prefetch:2"
"2026-07-29T15:23:56.8320447+08:00","47260","50784","electron.exe","True","0.078","42.3","2026/7/29 15:19:19","""D:\Clackly\resolve-command-center\node_modules\electron\dist\electron.exe"" --type=utility --utility-sub-type=network.mojom.NetworkService --lang=zh-CN --service-sandbox-type=none --user-data-dir=""C:\Users\Administrator\AppData\Roaming\clackly"" --field-trial-handle=2196,i,12658543882519034140,1049900951455408011,262144 --enable-features=PdfUseShowSaveFilePicker --disable-features=DropInputEventsWhilePaintHolding,LocalNetworkAccessChecks,NetworkServiceSandbox,ScreenAIOCREnabled,SpareRendererForSitePerProcess,TraceSiteInstanceGetProcessCreation --variations-seed-version --pseudonymization-salt-handle=2192,i,15495027039908561937,2505952963138778894,4 --trace-process-track-uuid=3190708989122997041 --mojo-platform-channel-handle=2364 /prefetch:11"
"2026-07-29T15:23:56.8320447+08:00","83820","50784","electron.exe","True","0.125","84.4","2026/7/29 15:19:19","""D:\Clackly\resolve-command-center\node_modules\electron\dist\electron.exe"" --type=renderer --user-data-dir=""C:\Users\Administrator\AppData\Roaming\clackly"" --app-path=""D:\Clackly\resolve-command-center"" --no-sandbox --no-zygote --video-capture-use-gpu-memory-buffer --lang=zh-CN --device-scale-factor=1 --num-raster-threads=4 --enable-main-frame-before-activation --renderer-client-id=4 --time-ticks-at-unix-epoch=-1783908236192501 --launch-time-ticks=1401323289119 --field-trial-handle=2196,i,12658543882519034140,1049900951455408011,262144 --enable-features=PdfUseShowSaveFilePicker --disable-features=DropInputEventsWhilePaintHolding,LocalNetworkAccessChecks,NetworkServiceSandbox,ScreenAIOCREnabled,SpareRendererForSitePerProcess,TraceSiteInstanceGetProcessCreation --variations-seed-version --pseudonymization-salt-handle=2192,i,15495027039908561937,2505952963138778894,4 --trace-process-track-uuid=3190708990060038890 --mojo-platform-channel-handle=3472 /prefetch:1"
"2026-07-29T15:23:57.9513777+08:00","70468","57316","python.exe","True","0.031","5.7","2026/7/29 15:19:17","C:\Users\Administrator\AppData\Local\hermes\hermes-agent\venv\Scripts\python.exe D:\Clackly\resolve-command-center\bridge\server.py"
"2026-07-29T15:23:57.9513777+08:00","23760","70468","python.exe","True","0.141","22.9","2026/7/29 15:19:17","""C:\Users\Administrator\AppData\Roaming\uv\python\cpython-3.11-windows-x86_64-none\python.exe""  D:\Clackly\resolve-command-center\bridge\server.py"
"2026-07-29T15:23:57.9513777+08:00","3328","35252","node.exe","True","0.062","47.3","2026/7/29 15:19:19","""node""   ""D:\Clackly\resolve-command-center\node_modules\.bin\\..\electron\cli.js"" ."
"2026-07-29T15:23:57.9513777+08:00","50784","3328","electron.exe","True","1.984","99.7","2026/7/29 15:19:19","D:\Clackly\resolve-command-center\node_modules\electron\dist\electron.exe ."
"2026-07-29T15:23:57.9513777+08:00","66788","50784","electron.exe","True","0.5","90.6","2026/7/29 15:19:19","""D:\Clackly\resolve-command-center\node_modules\electron\dist\electron.exe"" --type=gpu-process --user-data-dir=""C:\Users\Administrator\AppData\Roaming\clackly"" --gpu-preferences=UAAAAAAAAADgAAAEAAAAAAAAAAAAAGAAOAAAAAAAAAABAAAAAAAAAAAAAAAAAAAAAgAAAAAAAAAAAAAAAAAAABgAAAAAAAAAGAAAAAAAAAAIAAAAAAAAAAgAAAAAAAAACAAAAAAAAAA= --field-trial-handle=2196,i,12658543882519034140,1049900951455408011,262144 --enable-features=PdfUseShowSaveFilePicker --disable-features=DropInputEventsWhilePaintHolding,LocalNetworkAccessChecks,NetworkServiceSandbox,ScreenAIOCREnabled,SpareRendererForSitePerProcess,TraceSiteInstanceGetProcessCreation --variations-seed-version --pseudonymization-salt-handle=2192,i,15495027039908561937,2505952963138778894,4 --trace-process-track-uuid=3190708988185955192 --mojo-platform-channel-handle=2184 /prefetch:2"
"2026-07-29T15:23:57.9513777+08:00","47260","50784","electron.exe","True","0.078","42.3","2026/7/29 15:19:19","""D:\Clackly\resolve-command-center\node_modules\electron\dist\electron.exe"" --type=utility --utility-sub-type=network.mojom.NetworkService --lang=zh-CN --service-sandbox-type=none --user-data-dir=""C:\Users\Administrator\AppData\Roaming\clackly"" --field-trial-handle=2196,i,12658543882519034140,1049900951455408011,262144 --enable-features=PdfUseShowSaveFilePicker --disable-features=DropInputEventsWhilePaintHolding,LocalNetworkAccessChecks,NetworkServiceSandbox,ScreenAIOCREnabled,SpareRendererForSitePerProcess,TraceSiteInstanceGetProcessCreation --variations-seed-version --pseudonymization-salt-handle=2192,i,15495027039908561937,2505952963138778894,4 --trace-process-track-uuid=3190708989122997041 --mojo-platform-channel-handle=2364 /prefetch:11"
"2026-07-29T15:23:57.9513777+08:00","83820","50784","electron.exe","True","0.125","84.4","2026/7/29 15:19:19","""D:\Clackly\resolve-command-center\node_modules\electron\dist\electron.exe"" --type=renderer --user-data-dir=""C:\Users\Administrator\AppData\Roaming\clackly"" --app-path=""D:\Clackly\resolve-command-center"" --no-sandbox --no-zygote --video-capture-use-gpu-memory-buffer --lang=zh-CN --device-scale-factor=1 --num-raster-threads=4 --enable-main-frame-before-activation --renderer-client-id=4 --time-ticks-at-unix-epoch=-1783908236192501 --launch-time-ticks=1401323289119 --field-trial-handle=2196,i,12658543882519034140,1049900951455408011,262144 --enable-features=PdfUseShowSaveFilePicker --disable-features=DropInputEventsWhilePaintHolding,LocalNetworkAccessChecks,NetworkServiceSandbox,ScreenAIOCREnabled,SpareRendererForSitePerProcess,TraceSiteInstanceGetProcessCreation --variations-seed-version --pseudonymization-salt-handle=2192,i,15495027039908561937,2505952963138778894,4 --trace-process-track-uuid=3190708990060038890 --mojo-platform-channel-handle=3472 /prefetch:1"
"2026-07-29T15:23:59.1017160+08:00","70468","57316","python.exe","True","0.031","5.7","2026/7/29 15:19:17","C:\Users\Administrator\AppData\Local\hermes\hermes-agent\venv\Scripts\python.exe D:\Clackly\resolve-command-center\bridge\server.py"
"2026-07-29T15:23:59.1017160+08:00","23760","70468","python.exe","True","0.141","22.9","2026/7/29 15:19:17","""C:\Users\Administrator\AppData\Roaming\uv\python\cpython-3.11-windows-x86_64-none\python.exe""  D:\Clackly\resolve-command-center\bridge\server.py"
"2026-07-29T15:23:59.1017160+08:00","3328","35252","node.exe","True","0.062","47.3","2026/7/29 15:19:19","""node""   ""D:\Clackly\resolve-command-center\node_modules\.bin\\..\electron\cli.js"" ."
"2026-07-29T15:23:59.1017160+08:00","50784","3328","electron.exe","True","1.984","99.7","2026/7/29 15:19:19","D:\Clackly\resolve-command-center\node_modules\electron\dist\electron.exe ."
"2026-07-29T15:23:59.1017160+08:00","66788","50784","electron.exe","True","0.5","90.6","2026/7/29 15:19:19","""D:\Clackly\resolve-command-center\node_modules\electron\dist\electron.exe"" --type=gpu-process --user-data-dir=""C:\Users\Administrator\AppData\Roaming\clackly"" --gpu-preferences=UAAAAAAAAADgAAAEAAAAAAAAAAAAAGAAOAAAAAAAAAABAAAAAAAAAAAAAAAAAAAAAgAAAAAAAAAAAAAAAAAAABgAAAAAAAAAGAAAAAAAAAAIAAAAAAAAAAgAAAAAAAAACAAAAAAAAAA= --field-trial-handle=2196,i,12658543882519034140,1049900951455408011,262144 --enable-features=PdfUseShowSaveFilePicker --disable-features=DropInputEventsWhilePaintHolding,LocalNetworkAccessChecks,NetworkServiceSandbox,ScreenAIOCREnabled,SpareRendererForSitePerProcess,TraceSiteInstanceGetProcessCreation --variations-seed-version --pseudonymization-salt-handle=2192,i,15495027039908561937,2505952963138778894,4 --trace-process-track-uuid=3190708988185955192 --mojo-platform-channel-handle=2184 /prefetch:2"
"2026-07-29T15:23:59.1017160+08:00","47260","50784","electron.exe","True","0.078","42.3","2026/7/29 15:19:19","""D:\Clackly\resolve-command-center\node_modules\electron\dist\electron.exe"" --type=utility --utility-sub-type=network.mojom.NetworkService --lang=zh-CN --service-sandbox-type=none --user-data-dir=""C:\Users\Administrator\AppData\Roaming\clackly"" --field-trial-handle=2196,i,12658543882519034140,1049900951455408011,262144 --enable-features=PdfUseShowSaveFilePicker --disable-features=DropInputEventsWhilePaintHolding,LocalNetworkAccessChecks,NetworkServiceSandbox,ScreenAIOCREnabled,SpareRendererForSitePerProcess,TraceSiteInstanceGetProcessCreation --variations-seed-version --pseudonymization-salt-handle=2192,i,15495027039908561937,2505952963138778894,4 --trace-process-track-uuid=3190708989122997041 --mojo-platform-channel-handle=2364 /prefetch:11"
"2026-07-29T15:23:59.1017160+08:00","83820","50784","electron.exe","True","0.125","84.4","2026/7/29 15:19:19","""D:\Clackly\resolve-command-center\node_modules\electron\dist\electron.exe"" --type=renderer --user-data-dir=""C:\Users\Administrator\AppData\Roaming\clackly"" --app-path=""D:\Clackly\resolve-command-center"" --no-sandbox --no-zygote --video-capture-use-gpu-memory-buffer --lang=zh-CN --device-scale-factor=1 --num-raster-threads=4 --enable-main-frame-before-activation --renderer-client-id=4 --time-ticks-at-unix-epoch=-1783908236192501 --launch-time-ticks=1401323289119 --field-trial-handle=2196,i,12658543882519034140,1049900951455408011,262144 --enable-features=PdfUseShowSaveFilePicker --disable-features=DropInputEventsWhilePaintHolding,LocalNetworkAccessChecks,NetworkServiceSandbox,ScreenAIOCREnabled,SpareRendererForSitePerProcess,TraceSiteInstanceGetProcessCreation --variations-seed-version --pseudonymization-salt-handle=2192,i,15495027039908561937,2505952963138778894,4 --trace-process-track-uuid=3190708990060038890 --mojo-platform-channel-handle=3472 /prefetch:1"
"2026-07-29T15:24:00.2405895+08:00","70468","57316","python.exe","True","0.031","5.7","2026/7/29 15:19:17","C:\Users\Administrator\AppData\Local\hermes\hermes-agent\venv\Scripts\python.exe D:\Clackly\resolve-command-center\bridge\server.py"
"2026-07-29T15:24:00.2405895+08:00","23760","70468","python.exe","True","0.141","22.9","2026/7/29 15:19:17","""C:\Users\Administrator\AppData\Roaming\uv\python\cpython-3.11-windows-x86_64-none\python.exe""  D:\Clackly\resolve-command-center\bridge\server.py"
"2026-07-29T15:24:00.2405895+08:00","3328","35252","node.exe","True","0.062","47.3","2026/7/29 15:19:19","""node""   ""D:\Clackly\resolve-command-center\node_modules\.bin\\..\electron\cli.js"" ."
"2026-07-29T15:24:00.2405895+08:00","50784","3328","electron.exe","True","2","99.7","2026/7/29 15:19:19","D:\Clackly\resolve-command-center\node_modules\electron\dist\electron.exe ."
"2026-07-29T15:24:00.2405895+08:00","66788","50784","electron.exe","True","0.5","90.6","2026/7/29 15:19:19","""D:\Clackly\resolve-command-center\node_modules\electron\dist\electron.exe"" --type=gpu-process --user-data-dir=""C:\Users\Administrator\AppData\Roaming\clackly"" --gpu-preferences=UAAAAAAAAADgAAAEAAAAAAAAAAAAAGAAOAAAAAAAAAABAAAAAAAAAAAAAAAAAAAAAgAAAAAAAAAAAAAAAAAAABgAAAAAAAAAGAAAAAAAAAAIAAAAAAAAAAgAAAAAAAAACAAAAAAAAAA= --field-trial-handle=2196,i,12658543882519034140,1049900951455408011,262144 --enable-features=PdfUseShowSaveFilePicker --disable-features=DropInputEventsWhilePaintHolding,LocalNetworkAccessChecks,NetworkServiceSandbox,ScreenAIOCREnabled,SpareRendererForSitePerProcess,TraceSiteInstanceGetProcessCreation --variations-seed-version --pseudonymization-salt-handle=2192,i,15495027039908561937,2505952963138778894,4 --trace-process-track-uuid=3190708988185955192 --mojo-platform-channel-handle=2184 /prefetch:2"
"2026-07-29T15:24:00.2405895+08:00","47260","50784","electron.exe","True","0.078","42.3","2026/7/29 15:19:19","""D:\Clackly\resolve-command-center\node_modules\electron\dist\electron.exe"" --type=utility --utility-sub-type=network.mojom.NetworkService --lang=zh-CN --service-sandbox-type=none --user-data-dir=""C:\Users\Administrator\AppData\Roaming\clackly"" --field-trial-handle=2196,i,12658543882519034140,1049900951455408011,262144 --enable-features=PdfUseShowSaveFilePicker --disable-features=DropInputEventsWhilePaintHolding,LocalNetworkAccessChecks,NetworkServiceSandbox,ScreenAIOCREnabled,SpareRendererForSitePerProcess,TraceSiteInstanceGetProcessCreation --variations-seed-version --pseudonymization-salt-handle=2192,i,15495027039908561937,2505952963138778894,4 --trace-process-track-uuid=3190708989122997041 --mojo-platform-channel-handle=2364 /prefetch:11"
"2026-07-29T15:24:00.2405895+08:00","83820","50784","electron.exe","True","0.125","84.4","2026/7/29 15:19:19","""D:\Clackly\resolve-command-center\node_modules\electron\dist\electron.exe"" --type=renderer --user-data-dir=""C:\Users\Administrator\AppData\Roaming\clackly"" --app-path=""D:\Clackly\resolve-command-center"" --no-sandbox --no-zygote --video-capture-use-gpu-memory-buffer --lang=zh-CN --device-scale-factor=1 --num-raster-threads=4 --enable-main-frame-before-activation --renderer-client-id=4 --time-ticks-at-unix-epoch=-1783908236192501 --launch-time-ticks=1401323289119 --field-trial-handle=2196,i,12658543882519034140,1049900951455408011,262144 --enable-features=PdfUseShowSaveFilePicker --disable-features=DropInputEventsWhilePaintHolding,LocalNetworkAccessChecks,NetworkServiceSandbox,ScreenAIOCREnabled,SpareRendererForSitePerProcess,TraceSiteInstanceGetProcessCreation --variations-seed-version --pseudonymization-salt-handle=2192,i,15495027039908561937,2505952963138778894,4 --trace-process-track-uuid=3190708990060038890 --mojo-platform-channel-handle=3472 /prefetch:1"
"2026-07-29T15:24:01.4132361+08:00","70468","57316","python.exe","True","0.031","5.7","2026/7/29 15:19:17","C:\Users\Administrator\AppData\Local\hermes\hermes-agent\venv\Scripts\python.exe D:\Clackly\resolve-command-center\bridge\server.py"
"2026-07-29T15:24:01.4132361+08:00","23760","70468","python.exe","True","0.141","22.9","2026/7/29 15:19:17","""C:\Users\Administrator\AppData\Roaming\uv\python\cpython-3.11-windows-x86_64-none\python.exe""  D:\Clackly\resolve-command-center\bridge\server.py"
"2026-07-29T15:24:01.4132361+08:00","3328","35252","node.exe","True","0.062","47.3","2026/7/29 15:19:19","""node""   ""D:\Clackly\resolve-command-center\node_modules\.bin\\..\electron\cli.js"" ."
"2026-07-29T15:24:01.4132361+08:00","50784","3328","electron.exe","True","2.031","99.7","2026/7/29 15:19:19","D:\Clackly\resolve-command-center\node_modules\electron\dist\electron.exe ."
"2026-07-29T15:24:01.4132361+08:00","66788","50784","electron.exe","True","0.5","90.6","2026/7/29 15:19:19","""D:\Clackly\resolve-command-center\node_modules\electron\dist\electron.exe"" --type=gpu-process --user-data-dir=""C:\Users\Administrator\AppData\Roaming\clackly"" --gpu-preferences=UAAAAAAAAADgAAAEAAAAAAAAAAAAAGAAOAAAAAAAAAABAAAAAAAAAAAAAAAAAAAAAgAAAAAAAAAAAAAAAAAAABgAAAAAAAAAGAAAAAAAAAAIAAAAAAAAAAgAAAAAAAAACAAAAAAAAAA= --field-trial-handle=2196,i,12658543882519034140,1049900951455408011,262144 --enable-features=PdfUseShowSaveFilePicker --disable-features=DropInputEventsWhilePaintHolding,LocalNetworkAccessChecks,NetworkServiceSandbox,ScreenAIOCREnabled,SpareRendererForSitePerProcess,TraceSiteInstanceGetProcessCreation --variations-seed-version --pseudonymization-salt-handle=2192,i,15495027039908561937,2505952963138778894,4 --trace-process-track-uuid=3190708988185955192 --mojo-platform-channel-handle=2184 /prefetch:2"
"2026-07-29T15:24:01.4132361+08:00","47260","50784","electron.exe","True","0.078","42.3","2026/7/29 15:19:19","""D:\Clackly\resolve-command-center\node_modules\electron\dist\electron.exe"" --type=utility --utility-sub-type=network.mojom.NetworkService --lang=zh-CN --service-sandbox-type=none --user-data-dir=""C:\Users\Administrator\AppData\Roaming\clackly"" --field-trial-handle=2196,i,12658543882519034140,1049900951455408011,262144 --enable-features=PdfUseShowSaveFilePicker --disable-features=DropInputEventsWhilePaintHolding,LocalNetworkAccessChecks,NetworkServiceSandbox,ScreenAIOCREnabled,SpareRendererForSitePerProcess,TraceSiteInstanceGetProcessCreation --variations-seed-version --pseudonymization-salt-handle=2192,i,15495027039908561937,2505952963138778894,4 --trace-process-track-uuid=3190708989122997041 --mojo-platform-channel-handle=2364 /prefetch:11"
"2026-07-29T15:24:01.4132361+08:00","83820","50784","electron.exe","True","0.125","84.4","2026/7/29 15:19:19","""D:\Clackly\resolve-command-center\node_modules\electron\dist\electron.exe"" --type=renderer --user-data-dir=""C:\Users\Administrator\AppData\Roaming\clackly"" --app-path=""D:\Clackly\resolve-command-center"" --no-sandbox --no-zygote --video-capture-use-gpu-memory-buffer --lang=zh-CN --device-scale-factor=1 --num-raster-threads=4 --enable-main-frame-before-activation --renderer-client-id=4 --time-ticks-at-unix-epoch=-1783908236192501 --launch-time-ticks=1401323289119 --field-trial-handle=2196,i,12658543882519034140,1049900951455408011,262144 --enable-features=PdfUseShowSaveFilePicker --disable-features=DropInputEventsWhilePaintHolding,LocalNetworkAccessChecks,NetworkServiceSandbox,ScreenAIOCREnabled,SpareRendererForSitePerProcess,TraceSiteInstanceGetProcessCreation --variations-seed-version --pseudonymization-salt-handle=2192,i,15495027039908561937,2505952963138778894,4 --trace-process-track-uuid=3190708990060038890 --mojo-platform-channel-handle=3472 /prefetch:1"
"2026-07-29T15:24:02.6923032+08:00","70468","57316","python.exe","True","0.031","5.7","2026/7/29 15:19:17","C:\Users\Administrator\AppData\Local\hermes\hermes-agent\venv\Scripts\python.exe D:\Clackly\resolve-command-center\bridge\server.py"
"2026-07-29T15:24:02.6923032+08:00","23760","70468","python.exe","True","0.141","22.9","2026/7/29 15:19:17","""C:\Users\Administrator\AppData\Roaming\uv\python\cpython-3.11-windows-x86_64-none\python.exe""  D:\Clackly\resolve-command-center\bridge\server.py"
"2026-07-29T15:24:02.6923032+08:00","3328","35252","node.exe","True","0.062","47.3","2026/7/29 15:19:19","""node""   ""D:\Clackly\resolve-command-center\node_modules\.bin\\..\electron\cli.js"" ."
"2026-07-29T15:24:02.6923032+08:00","50784","3328","electron.exe","True","2.031","99.7","2026/7/29 15:19:19","D:\Clackly\resolve-command-center\node_modules\electron\dist\electron.exe ."
"2026-07-29T15:24:02.6923032+08:00","66788","50784","electron.exe","True","0.5","90.6","2026/7/29 15:19:19","""D:\Clackly\resolve-command-center\node_modules\electron\dist\electron.exe"" --type=gpu-process --user-data-dir=""C:\Users\Administrator\AppData\Roaming\clackly"" --gpu-preferences=UAAAAAAAAADgAAAEAAAAAAAAAAAAAGAAOAAAAAAAAAABAAAAAAAAAAAAAAAAAAAAAgAAAAAAAAAAAAAAAAAAABgAAAAAAAAAGAAAAAAAAAAIAAAAAAAAAAgAAAAAAAAACAAAAAAAAAA= --field-trial-handle=2196,i,12658543882519034140,1049900951455408011,262144 --enable-features=PdfUseShowSaveFilePicker --disable-features=DropInputEventsWhilePaintHolding,LocalNetworkAccessChecks,NetworkServiceSandbox,ScreenAIOCREnabled,SpareRendererForSitePerProcess,TraceSiteInstanceGetProcessCreation --variations-seed-version --pseudonymization-salt-handle=2192,i,15495027039908561937,2505952963138778894,4 --trace-process-track-uuid=3190708988185955192 --mojo-platform-channel-handle=2184 /prefetch:2"
"2026-07-29T15:24:02.6923032+08:00","47260","50784","electron.exe","True","0.078","42.3","2026/7/29 15:19:19","""D:\Clackly\resolve-command-center\node_modules\electron\dist\electron.exe"" --type=utility --utility-sub-type=network.mojom.NetworkService --lang=zh-CN --service-sandbox-type=none --user-data-dir=""C:\Users\Administrator\AppData\Roaming\clackly"" --field-trial-handle=2196,i,12658543882519034140,1049900951455408011,262144 --enable-features=PdfUseShowSaveFilePicker --disable-features=DropInputEventsWhilePaintHolding,LocalNetworkAccessChecks,NetworkServiceSandbox,ScreenAIOCREnabled,SpareRendererForSitePerProcess,TraceSiteInstanceGetProcessCreation --variations-seed-version --pseudonymization-salt-handle=2192,i,15495027039908561937,2505952963138778894,4 --trace-process-track-uuid=3190708989122997041 --mojo-platform-channel-handle=2364 /prefetch:11"
"2026-07-29T15:24:02.6923032+08:00","83820","50784","electron.exe","True","0.125","84.4","2026/7/29 15:19:19","""D:\Clackly\resolve-command-center\node_modules\electron\dist\electron.exe"" --type=renderer --user-data-dir=""C:\Users\Administrator\AppData\Roaming\clackly"" --app-path=""D:\Clackly\resolve-command-center"" --no-sandbox --no-zygote --video-capture-use-gpu-memory-buffer --lang=zh-CN --device-scale-factor=1 --num-raster-threads=4 --enable-main-frame-before-activation --renderer-client-id=4 --time-ticks-at-unix-epoch=-1783908236192501 --launch-time-ticks=1401323289119 --field-trial-handle=2196,i,12658543882519034140,1049900951455408011,262144 --enable-features=PdfUseShowSaveFilePicker --disable-features=DropInputEventsWhilePaintHolding,LocalNetworkAccessChecks,NetworkServiceSandbox,ScreenAIOCREnabled,SpareRendererForSitePerProcess,TraceSiteInstanceGetProcessCreation --variations-seed-version --pseudonymization-salt-handle=2192,i,15495027039908561937,2505952963138778894,4 --trace-process-track-uuid=3190708990060038890 --mojo-platform-channel-handle=3472 /prefetch:1"
"2026-07-29T15:24:03.9393347+08:00","70468","57316","python.exe","True","0.031","5.7","2026/7/29 15:19:17","C:\Users\Administrator\AppData\Local\hermes\hermes-agent\venv\Scripts\python.exe D:\Clackly\resolve-command-center\bridge\server.py"
"2026-07-29T15:24:03.9393347+08:00","23760","70468","python.exe","True","0.141","22.9","2026/7/29 15:19:17","""C:\Users\Administrator\AppData\Roaming\uv\python\cpython-3.11-windows-x86_64-none\python.exe""  D:\Clackly\resolve-command-center\bridge\server.py"
"2026-07-29T15:24:03.9393347+08:00","3328","35252","node.exe","True","0.062","47.3","2026/7/29 15:19:19","""node""   ""D:\Clackly\resolve-command-center\node_modules\.bin\\..\electron\cli.js"" ."
"2026-07-29T15:24:03.9393347+08:00","50784","3328","electron.exe","True","2.031","99.7","2026/7/29 15:19:19","D:\Clackly\resolve-command-center\node_modules\electron\dist\electron.exe ."
"2026-07-29T15:24:03.9393347+08:00","66788","50784","electron.exe","True","0.5","90.6","2026/7/29 15:19:19","""D:\Clackly\resolve-command-center\node_modules\electron\dist\electron.exe"" --type=gpu-process --user-data-dir=""C:\Users\Administrator\AppData\Roaming\clackly"" --gpu-preferences=UAAAAAAAAADgAAAEAAAAAAAAAAAAAGAAOAAAAAAAAAABAAAAAAAAAAAAAAAAAAAAAgAAAAAAAAAAAAAAAAAAABgAAAAAAAAAGAAAAAAAAAAIAAAAAAAAAAgAAAAAAAAACAAAAAAAAAA= --field-trial-handle=2196,i,12658543882519034140,1049900951455408011,262144 --enable-features=PdfUseShowSaveFilePicker --disable-features=DropInputEventsWhilePaintHolding,LocalNetworkAccessChecks,NetworkServiceSandbox,ScreenAIOCREnabled,SpareRendererForSitePerProcess,TraceSiteInstanceGetProcessCreation --variations-seed-version --pseudonymization-salt-handle=2192,i,15495027039908561937,2505952963138778894,4 --trace-process-track-uuid=3190708988185955192 --mojo-platform-channel-handle=2184 /prefetch:2"
"2026-07-29T15:24:03.9393347+08:00","47260","50784","electron.exe","True","0.078","42.3","2026/7/29 15:19:19","""D:\Clackly\resolve-command-center\node_modules\electron\dist\electron.exe"" --type=utility --utility-sub-type=network.mojom.NetworkService --lang=zh-CN --service-sandbox-type=none --user-data-dir=""C:\Users\Administrator\AppData\Roaming\clackly"" --field-trial-handle=2196,i,12658543882519034140,1049900951455408011,262144 --enable-features=PdfUseShowSaveFilePicker --disable-features=DropInputEventsWhilePaintHolding,LocalNetworkAccessChecks,NetworkServiceSandbox,ScreenAIOCREnabled,SpareRendererForSitePerProcess,TraceSiteInstanceGetProcessCreation --variations-seed-version --pseudonymization-salt-handle=2192,i,15495027039908561937,2505952963138778894,4 --trace-process-track-uuid=3190708989122997041 --mojo-platform-channel-handle=2364 /prefetch:11"
"2026-07-29T15:24:03.9393347+08:00","83820","50784","electron.exe","True","0.125","84.4","2026/7/29 15:19:19","""D:\Clackly\resolve-command-center\node_modules\electron\dist\electron.exe"" --type=renderer --user-data-dir=""C:\Users\Administrator\AppData\Roaming\clackly"" --app-path=""D:\Clackly\resolve-command-center"" --no-sandbox --no-zygote --video-capture-use-gpu-memory-buffer --lang=zh-CN --device-scale-factor=1 --num-raster-threads=4 --enable-main-frame-before-activation --renderer-client-id=4 --time-ticks-at-unix-epoch=-1783908236192501 --launch-time-ticks=1401323289119 --field-trial-handle=2196,i,12658543882519034140,1049900951455408011,262144 --enable-features=PdfUseShowSaveFilePicker --disable-features=DropInputEventsWhilePaintHolding,LocalNetworkAccessChecks,NetworkServiceSandbox,ScreenAIOCREnabled,SpareRendererForSitePerProcess,TraceSiteInstanceGetProcessCreation --variations-seed-version --pseudonymization-salt-handle=2192,i,15495027039908561937,2505952963138778894,4 --trace-process-track-uuid=3190708990060038890 --mojo-platform-channel-handle=3472 /prefetch:1"
"2026-07-29T15:24:05.2002067+08:00","70468","57316","python.exe","True","0.031","5.7","2026/7/29 15:19:17","C:\Users\Administrator\AppData\Local\hermes\hermes-agent\venv\Scripts\python.exe D:\Clackly\resolve-command-center\bridge\server.py"
"2026-07-29T15:24:05.2002067+08:00","23760","70468","python.exe","True","0.141","22.9","2026/7/29 15:19:17","""C:\Users\Administrator\AppData\Roaming\uv\python\cpython-3.11-windows-x86_64-none\python.exe""  D:\Clackly\resolve-command-center\bridge\server.py"
"2026-07-29T15:24:05.2002067+08:00","3328","35252","node.exe","True","0.062","47.3","2026/7/29 15:19:19","""node""   ""D:\Clackly\resolve-command-center\node_modules\.bin\\..\electron\cli.js"" ."
"2026-07-29T15:24:05.2002067+08:00","50784","3328","electron.exe","True","2.031","99.7","2026/7/29 15:19:19","D:\Clackly\resolve-command-center\node_modules\electron\dist\electron.exe ."
"2026-07-29T15:24:05.2002067+08:00","66788","50784","electron.exe","True","0.5","90.6","2026/7/29 15:19:19","""D:\Clackly\resolve-command-center\node_modules\electron\dist\electron.exe"" --type=gpu-process --user-data-dir=""C:\Users\Administrator\AppData\Roaming\clackly"" --gpu-preferences=UAAAAAAAAADgAAAEAAAAAAAAAAAAAGAAOAAAAAAAAAABAAAAAAAAAAAAAAAAAAAAAgAAAAAAAAAAAAAAAAAAABgAAAAAAAAAGAAAAAAAAAAIAAAAAAAAAAgAAAAAAAAACAAAAAAAAAA= --field-trial-handle=2196,i,12658543882519034140,1049900951455408011,262144 --enable-features=PdfUseShowSaveFilePicker --disable-features=DropInputEventsWhilePaintHolding,LocalNetworkAccessChecks,NetworkServiceSandbox,ScreenAIOCREnabled,SpareRendererForSitePerProcess,TraceSiteInstanceGetProcessCreation --variations-seed-version --pseudonymization-salt-handle=2192,i,15495027039908561937,2505952963138778894,4 --trace-process-track-uuid=3190708988185955192 --mojo-platform-channel-handle=2184 /prefetch:2"
"2026-07-29T15:24:05.2002067+08:00","47260","50784","electron.exe","True","0.078","42.3","2026/7/29 15:19:19","""D:\Clackly\resolve-command-center\node_modules\electron\dist\electron.exe"" --type=utility --utility-sub-type=network.mojom.NetworkService --lang=zh-CN --service-sandbox-type=none --user-data-dir=""C:\Users\Administrator\AppData\Roaming\clackly"" --field-trial-handle=2196,i,12658543882519034140,1049900951455408011,262144 --enable-features=PdfUseShowSaveFilePicker --disable-features=DropInputEventsWhilePaintHolding,LocalNetworkAccessChecks,NetworkServiceSandbox,ScreenAIOCREnabled,SpareRendererForSitePerProcess,TraceSiteInstanceGetProcessCreation --variations-seed-version --pseudonymization-salt-handle=2192,i,15495027039908561937,2505952963138778894,4 --trace-process-track-uuid=3190708989122997041 --mojo-platform-channel-handle=2364 /prefetch:11"
"2026-07-29T15:24:05.2002067+08:00","83820","50784","electron.exe","True","0.125","84.4","2026/7/29 15:19:19","""D:\Clackly\resolve-command-center\node_modules\electron\dist\electron.exe"" --type=renderer --user-data-dir=""C:\Users\Administrator\AppData\Roaming\clackly"" --app-path=""D:\Clackly\resolve-command-center"" --no-sandbox --no-zygote --video-capture-use-gpu-memory-buffer --lang=zh-CN --device-scale-factor=1 --num-raster-threads=4 --enable-main-frame-before-activation --renderer-client-id=4 --time-ticks-at-unix-epoch=-1783908236192501 --launch-time-ticks=1401323289119 --field-trial-handle=2196,i,12658543882519034140,1049900951455408011,262144 --enable-features=PdfUseShowSaveFilePicker --disable-features=DropInputEventsWhilePaintHolding,LocalNetworkAccessChecks,NetworkServiceSandbox,ScreenAIOCREnabled,SpareRendererForSitePerProcess,TraceSiteInstanceGetProcessCreation --variations-seed-version --pseudonymization-salt-handle=2192,i,15495027039908561937,2505952963138778894,4 --trace-process-track-uuid=3190708990060038890 --mojo-platform-channel-handle=3472 /prefetch:1"
"2026-07-29T15:24:06.5339968+08:00","70468","57316","python.exe","True","0.031","5.7","2026/7/29 15:19:17","C:\Users\Administrator\AppData\Local\hermes\hermes-agent\venv\Scripts\python.exe D:\Clackly\resolve-command-center\bridge\server.py"
"2026-07-29T15:24:06.5339968+08:00","23760","70468","python.exe","True","0.141","22.9","2026/7/29 15:19:17","""C:\Users\Administrator\AppData\Roaming\uv\python\cpython-3.11-windows-x86_64-none\python.exe""  D:\Clackly\resolve-command-center\bridge\server.py"
"2026-07-29T15:24:06.5339968+08:00","3328","35252","node.exe","True","0.062","47.3","2026/7/29 15:19:19","""node""   ""D:\Clackly\resolve-command-center\node_modules\.bin\\..\electron\cli.js"" ."
"2026-07-29T15:24:06.5339968+08:00","50784","3328","electron.exe","True","2.047","99.7","2026/7/29 15:19:19","D:\Clackly\resolve-command-center\node_modules\electron\dist\electron.exe ."
"2026-07-29T15:24:06.5339968+08:00","66788","50784","electron.exe","True","0.5","90.6","2026/7/29 15:19:19","""D:\Clackly\resolve-command-center\node_modules\electron\dist\electron.exe"" --type=gpu-process --user-data-dir=""C:\Users\Administrator\AppData\Roaming\clackly"" --gpu-preferences=UAAAAAAAAADgAAAEAAAAAAAAAAAAAGAAOAAAAAAAAAABAAAAAAAAAAAAAAAAAAAAAgAAAAAAAAAAAAAAAAAAABgAAAAAAAAAGAAAAAAAAAAIAAAAAAAAAAgAAAAAAAAACAAAAAAAAAA= --field-trial-handle=2196,i,12658543882519034140,1049900951455408011,262144 --enable-features=PdfUseShowSaveFilePicker --disable-features=DropInputEventsWhilePaintHolding,LocalNetworkAccessChecks,NetworkServiceSandbox,ScreenAIOCREnabled,SpareRendererForSitePerProcess,TraceSiteInstanceGetProcessCreation --variations-seed-version --pseudonymization-salt-handle=2192,i,15495027039908561937,2505952963138778894,4 --trace-process-track-uuid=3190708988185955192 --mojo-platform-channel-handle=2184 /prefetch:2"
"2026-07-29T15:24:06.5339968+08:00","47260","50784","electron.exe","True","0.078","42.3","2026/7/29 15:19:19","""D:\Clackly\resolve-command-center\node_modules\electron\dist\electron.exe"" --type=utility --utility-sub-type=network.mojom.NetworkService --lang=zh-CN --service-sandbox-type=none --user-data-dir=""C:\Users\Administrator\AppData\Roaming\clackly"" --field-trial-handle=2196,i,12658543882519034140,1049900951455408011,262144 --enable-features=PdfUseShowSaveFilePicker --disable-features=DropInputEventsWhilePaintHolding,LocalNetworkAccessChecks,NetworkServiceSandbox,ScreenAIOCREnabled,SpareRendererForSitePerProcess,TraceSiteInstanceGetProcessCreation --variations-seed-version --pseudonymization-salt-handle=2192,i,15495027039908561937,2505952963138778894,4 --trace-process-track-uuid=3190708989122997041 --mojo-platform-channel-handle=2364 /prefetch:11"
"2026-07-29T15:24:06.5339968+08:00","83820","50784","electron.exe","True","0.125","84.4","2026/7/29 15:19:19","""D:\Clackly\resolve-command-center\node_modules\electron\dist\electron.exe"" --type=renderer --user-data-dir=""C:\Users\Administrator\AppData\Roaming\clackly"" --app-path=""D:\Clackly\resolve-command-center"" --no-sandbox --no-zygote --video-capture-use-gpu-memory-buffer --lang=zh-CN --device-scale-factor=1 --num-raster-threads=4 --enable-main-frame-before-activation --renderer-client-id=4 --time-ticks-at-unix-epoch=-1783908236192501 --launch-time-ticks=1401323289119 --field-trial-handle=2196,i,12658543882519034140,1049900951455408011,262144 --enable-features=PdfUseShowSaveFilePicker --disable-features=DropInputEventsWhilePaintHolding,LocalNetworkAccessChecks,NetworkServiceSandbox,ScreenAIOCREnabled,SpareRendererForSitePerProcess,TraceSiteInstanceGetProcessCreation --variations-seed-version --pseudonymization-salt-handle=2192,i,15495027039908561937,2505952963138778894,4 --trace-process-track-uuid=3190708990060038890 --mojo-platform-channel-handle=3472 /prefetch:1"
"2026-07-29T15:24:07.7978757+08:00","70468","57316","python.exe","True","0.031","5.7","2026/7/29 15:19:17","C:\Users\Administrator\AppData\Local\hermes\hermes-agent\venv\Scripts\python.exe D:\Clackly\resolve-command-center\bridge\server.py"
"2026-07-29T15:24:07.7978757+08:00","23760","70468","python.exe","True","0.141","22.9","2026/7/29 15:19:17","""C:\Users\Administrator\AppData\Roaming\uv\python\cpython-3.11-windows-x86_64-none\python.exe""  D:\Clackly\resolve-command-center\bridge\server.py"
"2026-07-29T15:24:07.7978757+08:00","3328","35252","node.exe","True","0.062","47.3","2026/7/29 15:19:19","""node""   ""D:\Clackly\resolve-command-center\node_modules\.bin\\..\electron\cli.js"" ."
"2026-07-29T15:24:07.7978757+08:00","50784","3328","electron.exe","True","2.047","99.7","2026/7/29 15:19:19","D:\Clackly\resolve-command-center\node_modules\electron\dist\electron.exe ."
"2026-07-29T15:24:07.7978757+08:00","66788","50784","electron.exe","True","0.516","90.6","2026/7/29 15:19:19","""D:\Clackly\resolve-command-center\node_modules\electron\dist\electron.exe"" --type=gpu-process --user-data-dir=""C:\Users\Administrator\AppData\Roaming\clackly"" --gpu-preferences=UAAAAAAAAADgAAAEAAAAAAAAAAAAAGAAOAAAAAAAAAABAAAAAAAAAAAAAAAAAAAAAgAAAAAAAAAAAAAAAAAAABgAAAAAAAAAGAAAAAAAAAAIAAAAAAAAAAgAAAAAAAAACAAAAAAAAAA= --field-trial-handle=2196,i,12658543882519034140,1049900951455408011,262144 --enable-features=PdfUseShowSaveFilePicker --disable-features=DropInputEventsWhilePaintHolding,LocalNetworkAccessChecks,NetworkServiceSandbox,ScreenAIOCREnabled,SpareRendererForSitePerProcess,TraceSiteInstanceGetProcessCreation --variations-seed-version --pseudonymization-salt-handle=2192,i,15495027039908561937,2505952963138778894,4 --trace-process-track-uuid=3190708988185955192 --mojo-platform-channel-handle=2184 /prefetch:2"
"2026-07-29T15:24:07.7978757+08:00","47260","50784","electron.exe","True","0.078","42.3","2026/7/29 15:19:19","""D:\Clackly\resolve-command-center\node_modules\electron\dist\electron.exe"" --type=utility --utility-sub-type=network.mojom.NetworkService --lang=zh-CN --service-sandbox-type=none --user-data-dir=""C:\Users\Administrator\AppData\Roaming\clackly"" --field-trial-handle=2196,i,12658543882519034140,1049900951455408011,262144 --enable-features=PdfUseShowSaveFilePicker --disable-features=DropInputEventsWhilePaintHolding,LocalNetworkAccessChecks,NetworkServiceSandbox,ScreenAIOCREnabled,SpareRendererForSitePerProcess,TraceSiteInstanceGetProcessCreation --variations-seed-version --pseudonymization-salt-handle=2192,i,15495027039908561937,2505952963138778894,4 --trace-process-track-uuid=3190708989122997041 --mojo-platform-channel-handle=2364 /prefetch:11"
"2026-07-29T15:24:07.7978757+08:00","83820","50784","electron.exe","True","0.125","84.4","2026/7/29 15:19:19","""D:\Clackly\resolve-command-center\node_modules\electron\dist\electron.exe"" --type=renderer --user-data-dir=""C:\Users\Administrator\AppData\Roaming\clackly"" --app-path=""D:\Clackly\resolve-command-center"" --no-sandbox --no-zygote --video-capture-use-gpu-memory-buffer --lang=zh-CN --device-scale-factor=1 --num-raster-threads=4 --enable-main-frame-before-activation --renderer-client-id=4 --time-ticks-at-unix-epoch=-1783908236192501 --launch-time-ticks=1401323289119 --field-trial-handle=2196,i,12658543882519034140,1049900951455408011,262144 --enable-features=PdfUseShowSaveFilePicker --disable-features=DropInputEventsWhilePaintHolding,LocalNetworkAccessChecks,NetworkServiceSandbox,ScreenAIOCREnabled,SpareRendererForSitePerProcess,TraceSiteInstanceGetProcessCreation --variations-seed-version --pseudonymization-salt-handle=2192,i,15495027039908561937,2505952963138778894,4 --trace-process-track-uuid=3190708990060038890 --mojo-platform-channel-handle=3472 /prefetch:1"
"2026-07-29T15:24:08.9794736+08:00","70468","57316","python.exe","True","0.031","5.7","2026/7/29 15:19:17","C:\Users\Administrator\AppData\Local\hermes\hermes-agent\venv\Scripts\python.exe D:\Clackly\resolve-command-center\bridge\server.py"
"2026-07-29T15:24:08.9794736+08:00","23760","70468","python.exe","True","0.141","22.9","2026/7/29 15:19:17","""C:\Users\Administrator\AppData\Roaming\uv\python\cpython-3.11-windows-x86_64-none\python.exe""  D:\Clackly\resolve-command-center\bridge\server.py"
"2026-07-29T15:24:08.9794736+08:00","3328","35252","node.exe","True","0.062","47.3","2026/7/29 15:19:19","""node""   ""D:\Clackly\resolve-command-center\node_modules\.bin\\..\electron\cli.js"" ."
"2026-07-29T15:24:08.9794736+08:00","50784","3328","electron.exe","True","2.047","99.7","2026/7/29 15:19:19","D:\Clackly\resolve-command-center\node_modules\electron\dist\electron.exe ."
"2026-07-29T15:24:08.9794736+08:00","66788","50784","electron.exe","True","0.516","90.6","2026/7/29 15:19:19","""D:\Clackly\resolve-command-center\node_modules\electron\dist\electron.exe"" --type=gpu-process --user-data-dir=""C:\Users\Administrator\AppData\Roaming\clackly"" --gpu-preferences=UAAAAAAAAADgAAAEAAAAAAAAAAAAAGAAOAAAAAAAAAABAAAAAAAAAAAAAAAAAAAAAgAAAAAAAAAAAAAAAAAAABgAAAAAAAAAGAAAAAAAAAAIAAAAAAAAAAgAAAAAAAAACAAAAAAAAAA= --field-trial-handle=2196,i,12658543882519034140,1049900951455408011,262144 --enable-features=PdfUseShowSaveFilePicker --disable-features=DropInputEventsWhilePaintHolding,LocalNetworkAccessChecks,NetworkServiceSandbox,ScreenAIOCREnabled,SpareRendererForSitePerProcess,TraceSiteInstanceGetProcessCreation --variations-seed-version --pseudonymization-salt-handle=2192,i,15495027039908561937,2505952963138778894,4 --trace-process-track-uuid=3190708988185955192 --mojo-platform-channel-handle=2184 /prefetch:2"
"2026-07-29T15:24:08.9794736+08:00","47260","50784","electron.exe","True","0.078","42.3","2026/7/29 15:19:19","""D:\Clackly\resolve-command-center\node_modules\electron\dist\electron.exe"" --type=utility --utility-sub-type=network.mojom.NetworkService --lang=zh-CN --service-sandbox-type=none --user-data-dir=""C:\Users\Administrator\AppData\Roaming\clackly"" --field-trial-handle=2196,i,12658543882519034140,1049900951455408011,262144 --enable-features=PdfUseShowSaveFilePicker --disable-features=DropInputEventsWhilePaintHolding,LocalNetworkAccessChecks,NetworkServiceSandbox,ScreenAIOCREnabled,SpareRendererForSitePerProcess,TraceSiteInstanceGetProcessCreation --variations-seed-version --pseudonymization-salt-handle=2192,i,15495027039908561937,2505952963138778894,4 --trace-process-track-uuid=3190708989122997041 --mojo-platform-channel-handle=2364 /prefetch:11"
"2026-07-29T15:24:08.9794736+08:00","83820","50784","electron.exe","True","0.125","84.4","2026/7/29 15:19:19","""D:\Clackly\resolve-command-center\node_modules\electron\dist\electron.exe"" --type=renderer --user-data-dir=""C:\Users\Administrator\AppData\Roaming\clackly"" --app-path=""D:\Clackly\resolve-command-center"" --no-sandbox --no-zygote --video-capture-use-gpu-memory-buffer --lang=zh-CN --device-scale-factor=1 --num-raster-threads=4 --enable-main-frame-before-activation --renderer-client-id=4 --time-ticks-at-unix-epoch=-1783908236192501 --launch-time-ticks=1401323289119 --field-trial-handle=2196,i,12658543882519034140,1049900951455408011,262144 --enable-features=PdfUseShowSaveFilePicker --disable-features=DropInputEventsWhilePaintHolding,LocalNetworkAccessChecks,NetworkServiceSandbox,ScreenAIOCREnabled,SpareRendererForSitePerProcess,TraceSiteInstanceGetProcessCreation --variations-seed-version --pseudonymization-salt-handle=2192,i,15495027039908561937,2505952963138778894,4 --trace-process-track-uuid=3190708990060038890 --mojo-platform-channel-handle=3472 /prefetch:1"
"2026-07-29T15:24:10.2050819+08:00","70468","57316","python.exe","True","0.031","5.7","2026/7/29 15:19:17","C:\Users\Administrator\AppData\Local\hermes\hermes-agent\venv\Scripts\python.exe D:\Clackly\resolve-command-center\bridge\server.py"
"2026-07-29T15:24:10.2050819+08:00","23760","70468","python.exe","True","0.141","22.9","2026/7/29 15:19:17","""C:\Users\Administrator\AppData\Roaming\uv\python\cpython-3.11-windows-x86_64-none\python.exe""  D:\Clackly\resolve-command-center\bridge\server.py"
"2026-07-29T15:24:10.2050819+08:00","3328","35252","node.exe","True","0.062","47.3","2026/7/29 15:19:19","""node""   ""D:\Clackly\resolve-command-center\node_modules\.bin\\..\electron\cli.js"" ."
"2026-07-29T15:24:10.2050819+08:00","50784","3328","electron.exe","True","2.047","99.7","2026/7/29 15:19:19","D:\Clackly\resolve-command-center\node_modules\electron\dist\electron.exe ."
"2026-07-29T15:24:10.2050819+08:00","66788","50784","electron.exe","True","0.516","90.6","2026/7/29 15:19:19","""D:\Clackly\resolve-command-center\node_modules\electron\dist\electron.exe"" --type=gpu-process --user-data-dir=""C:\Users\Administrator\AppData\Roaming\clackly"" --gpu-preferences=UAAAAAAAAADgAAAEAAAAAAAAAAAAAGAAOAAAAAAAAAABAAAAAAAAAAAAAAAAAAAAAgAAAAAAAAAAAAAAAAAAABgAAAAAAAAAGAAAAAAAAAAIAAAAAAAAAAgAAAAAAAAACAAAAAAAAAA= --field-trial-handle=2196,i,12658543882519034140,1049900951455408011,262144 --enable-features=PdfUseShowSaveFilePicker --disable-features=DropInputEventsWhilePaintHolding,LocalNetworkAccessChecks,NetworkServiceSandbox,ScreenAIOCREnabled,SpareRendererForSitePerProcess,TraceSiteInstanceGetProcessCreation --variations-seed-version --pseudonymization-salt-handle=2192,i,15495027039908561937,2505952963138778894,4 --trace-process-track-uuid=3190708988185955192 --mojo-platform-channel-handle=2184 /prefetch:2"
"2026-07-29T15:24:10.2050819+08:00","47260","50784","electron.exe","True","0.078","42.3","2026/7/29 15:19:19","""D:\Clackly\resolve-command-center\node_modules\electron\dist\electron.exe"" --type=utility --utility-sub-type=network.mojom.NetworkService --lang=zh-CN --service-sandbox-type=none --user-data-dir=""C:\Users\Administrator\AppData\Roaming\clackly"" --field-trial-handle=2196,i,12658543882519034140,1049900951455408011,262144 --enable-features=PdfUseShowSaveFilePicker --disable-features=DropInputEventsWhilePaintHolding,LocalNetworkAccessChecks,NetworkServiceSandbox,ScreenAIOCREnabled,SpareRendererForSitePerProcess,TraceSiteInstanceGetProcessCreation --variations-seed-version --pseudonymization-salt-handle=2192,i,15495027039908561937,2505952963138778894,4 --trace-process-track-uuid=3190708989122997041 --mojo-platform-channel-handle=2364 /prefetch:11"
"2026-07-29T15:24:10.2050819+08:00","83820","50784","electron.exe","True","0.125","84.4","2026/7/29 15:19:19","""D:\Clackly\resolve-command-center\node_modules\electron\dist\electron.exe"" --type=renderer --user-data-dir=""C:\Users\Administrator\AppData\Roaming\clackly"" --app-path=""D:\Clackly\resolve-command-center"" --no-sandbox --no-zygote --video-capture-use-gpu-memory-buffer --lang=zh-CN --device-scale-factor=1 --num-raster-threads=4 --enable-main-frame-before-activation --renderer-client-id=4 --time-ticks-at-unix-epoch=-1783908236192501 --launch-time-ticks=1401323289119 --field-trial-handle=2196,i,12658543882519034140,1049900951455408011,262144 --enable-features=PdfUseShowSaveFilePicker --disable-features=DropInputEventsWhilePaintHolding,LocalNetworkAccessChecks,NetworkServiceSandbox,ScreenAIOCREnabled,SpareRendererForSitePerProcess,TraceSiteInstanceGetProcessCreation --variations-seed-version --pseudonymization-salt-handle=2192,i,15495027039908561937,2505952963138778894,4 --trace-process-track-uuid=3190708990060038890 --mojo-platform-channel-handle=3472 /prefetch:1"
