"Timestamp","QueryDurationMs","ProcessId","ParentProcessId","Name","CreationDate","CpuSeconds","WorkingSetMB","CommandLine","PSComputerName","RunspaceId","PSShowComputerName","PSSourceJobInstanceId"
"2026-08-05T11:22:39.1453630+08:00","1107.146","95960","99316","Resolve.exe","2026/8/5 11:22:38","2.297","343.7","""C:\Program Files\Blackmagic Design\DaVinci Resolve\Resolve.exe"" ","localhost","1c25745a-099c-4e52-a661-cbbeeb4afd5a","False","6817de06-043c-4455-b581-bafcd58a7080"
"2026-08-05T11:22:41.1540425+08:00","1041.756","95960","99316","Resolve.exe","2026/8/5 11:22:38","4.406","805.9","""C:\Program Files\Blackmagic Design\DaVinci Resolve\Resolve.exe"" ","localhost","1c25745a-099c-4e52-a661-cbbeeb4afd5a","False","6817de06-043c-4455-b581-bafcd58a7080"
"2026-08-05T11:22:43.1595118+08:00","961.579","95960","99316","Resolve.exe","2026/8/5 11:22:38","9.828","1495.7","""C:\Program Files\Blackmagic Design\DaVinci Resolve\Resolve.exe"" ","localhost","1c25745a-099c-4e52-a661-cbbeeb4afd5a","False","6817de06-043c-4455-b581-bafcd58a7080"
"2026-08-05T11:22:45.1706008+08:00","1066.055","95960","99316","Resolve.exe","2026/8/5 11:22:38","11.953","1513.3","""C:\Program Files\Blackmagic Design\DaVinci Resolve\Resolve.exe"" ","localhost","1c25745a-099c-4e52-a661-cbbeeb4afd5a","False","6817de06-043c-4455-b581-bafcd58a7080"
"2026-08-05T11:22:47.1784955+08:00","987.997","95960","99316","Resolve.exe","2026/8/5 11:22:38","16.031","1700.5","""C:\Program Files\Blackmagic Design\DaVinci Resolve\Resolve.exe"" ","localhost","1c25745a-099c-4e52-a661-cbbeeb4afd5a","False","6817de06-043c-4455-b581-bafcd58a7080"
"2026-08-05T11:22:49.1914670+08:00","968.077","95960","99316","Resolve.exe","2026/8/5 11:22:38","18.953","1965.4","""C:\Program Files\Blackmagic Design\DaVinci Resolve\Resolve.exe"" ","localhost","1c25745a-099c-4e52-a661-cbbeeb4afd5a","False","6817de06-043c-4455-b581-bafcd58a7080"
"2026-08-05T11:22:51.2012096+08:00","1001.055","95960","99316","Resolve.exe","2026/8/5 11:22:38","21.5","2102","""C:\Program Files\Blackmagic Design\DaVinci Resolve\Resolve.exe"" ","localhost","1c25745a-099c-4e52-a661-cbbeeb4afd5a","False","6817de06-043c-4455-b581-bafcd58a7080"
"2026-08-05T11:22:53.2128789+08:00","1015.131","95960","99316","Resolve.exe","2026/8/5 11:22:38","23.359","2091.2","""C:\Program Files\Blackmagic Design\DaVinci Resolve\Resolve.exe"" ","localhost","1c25745a-099c-4e52-a661-cbbeeb4afd5a","False","6817de06-043c-4455-b581-bafcd58a7080"
"2026-08-05T11:22:55.2164394+08:00","1056.203","95960","99316","Resolve.exe","2026/8/5 11:22:38","25.469","2091.2","""C:\Program Files\Blackmagic Design\DaVinci Resolve\Resolve.exe"" ","localhost","1c25745a-099c-4e52-a661-cbbeeb4afd5a","False","6817de06-043c-4455-b581-bafcd58a7080"
"2026-08-05T11:22:57.2294487+08:00","955.996","95960","99316","Resolve.exe","2026/8/5 11:22:38","28.609","2094.7","""C:\Program Files\Blackmagic Design\DaVinci Resolve\Resolve.exe"" ","localhost","1c25745a-099c-4e52-a661-cbbeeb4afd5a","False","6817de06-043c-4455-b581-bafcd58a7080"
"2026-08-05T11:22:59.2416181+08:00","1040.587","95960","99316","Resolve.exe","2026/8/5 11:22:38","28.641","2094.7","""C:\Program Files\Blackmagic Design\DaVinci Resolve\Resolve.exe"" ","localhost","1c25745a-099c-4e52-a661-cbbeeb4afd5a","False","6817de06-043c-4455-b581-bafcd58a7080"
"2026-08-05T11:23:01.2563984+08:00","940.97","95960","99316","Resolve.exe","2026/8/5 11:22:38","28.75","2094.7","""C:\Program Files\Blackmagic Design\DaVinci Resolve\Resolve.exe"" ","localhost","1c25745a-099c-4e52-a661-cbbeeb4afd5a","False","6817de06-043c-4455-b581-bafcd58a7080"
"2026-08-05T11:23:03.2676575+08:00","901.74","95960","99316","Resolve.exe","2026/8/5 11:22:38","28.812","2094.7","""C:\Program Files\Blackmagic Design\DaVinci Resolve\Resolve.exe"" ","localhost","1c25745a-099c-4e52-a661-cbbeeb4afd5a","False","6817de06-043c-4455-b581-bafcd58a7080"
"2026-08-05T11:23:05.2702806+08:00","981.064","95960","99316","Resolve.exe","2026/8/5 11:22:38","29.125","2094.7","""C:\Program Files\Blackmagic Design\DaVinci Resolve\Resolve.exe"" ","localhost","1c25745a-099c-4e52-a661-cbbeeb4afd5a","False","6817de06-043c-4455-b581-bafcd58a7080"
"2026-08-05T11:23:07.2836709+08:00","1170.178","95960","99316","Resolve.exe","2026/8/5 11:22:38","30.703","2094.4","""C:\Program Files\Blackmagic Design\DaVinci Resolve\Resolve.exe"" ","localhost","1c25745a-099c-4e52-a661-cbbeeb4afd5a","False","6817de06-043c-4455-b581-bafcd58a7080"
"2026-08-05T11:23:09.2991223+08:00","964.641","95960","99316","Resolve.exe","2026/8/5 11:22:38","52.672","2094.4","""C:\Program Files\Blackmagic Design\DaVinci Resolve\Resolve.exe"" ","localhost","1c25745a-099c-4e52-a661-cbbeeb4afd5a","False","6817de06-043c-4455-b581-bafcd58a7080"
"2026-08-05T11:23:11.3125138+08:00","956.537","95960","99316","Resolve.exe","2026/8/5 11:22:38","55.062","2094.3","""C:\Program Files\Blackmagic Design\DaVinci Resolve\Resolve.exe"" ","localhost","1c25745a-099c-4e52-a661-cbbeeb4afd5a","False","6817de06-043c-4455-b581-bafcd58a7080"
"2026-08-05T11:23:13.3269574+08:00","991.286","95960","99316","Resolve.exe","2026/8/5 11:22:38","57.141","2094.3","""C:\Program Files\Blackmagic Design\DaVinci Resolve\Resolve.exe"" ","localhost","1c25745a-099c-4e52-a661-cbbeeb4afd5a","False","6817de06-043c-4455-b581-bafcd58a7080"
"2026-08-05T11:23:15.3347431+08:00","940.2","95960","99316","Resolve.exe","2026/8/5 11:22:38","59.188","2094.3","""C:\Program Files\Blackmagic Design\DaVinci Resolve\Resolve.exe"" ","localhost","1c25745a-099c-4e52-a661-cbbeeb4afd5a","False","6817de06-043c-4455-b581-bafcd58a7080"
"2026-08-05T11:23:17.3346301+08:00","989.39","95960","99316","Resolve.exe","2026/8/5 11:22:38","61.234","2094.3","""C:\Program Files\Blackmagic Design\DaVinci Resolve\Resolve.exe"" ","localhost","1c25745a-099c-4e52-a661-cbbeeb4afd5a","False","6817de06-043c-4455-b581-bafcd58a7080"
"2026-08-05T11:23:19.3456296+08:00","947.203","95960","99316","Resolve.exe","2026/8/5 11:22:38","63.516","2094.3","""C:\Program Files\Blackmagic Design\DaVinci Resolve\Resolve.exe"" ","localhost","1c25745a-099c-4e52-a661-cbbeeb4afd5a","False","6817de06-043c-4455-b581-bafcd58a7080"
"2026-08-05T11:23:21.3525971+08:00","1005.014","95960","99316","Resolve.exe","2026/8/5 11:22:38","65.469","2094.3","""C:\Program Files\Blackmagic Design\DaVinci Resolve\Resolve.exe"" ","localhost","1c25745a-099c-4e52-a661-cbbeeb4afd5a","False","6817de06-043c-4455-b581-bafcd58a7080"
"2026-08-05T11:23:23.3595168+08:00","906.701","95960","99316","Resolve.exe","2026/8/5 11:22:38","67.875","2094.3","""C:\Program Files\Blackmagic Design\DaVinci Resolve\Resolve.exe"" ","localhost","1c25745a-099c-4e52-a661-cbbeeb4afd5a","False","6817de06-043c-4455-b581-bafcd58a7080"
"2026-08-05T11:23:25.3661507+08:00","948.202","95960","99316","Resolve.exe","2026/8/5 11:22:38","70.141","2093.8","""C:\Program Files\Blackmagic Design\DaVinci Resolve\Resolve.exe"" ","localhost","1c25745a-099c-4e52-a661-cbbeeb4afd5a","False","6817de06-043c-4455-b581-bafcd58a7080"
"2026-08-05T11:23:27.3792720+08:00","926.017","95960","99316","Resolve.exe","2026/8/5 11:22:38","72.453","2093.8","""C:\Program Files\Blackmagic Design\DaVinci Resolve\Resolve.exe"" ","localhost","1c25745a-099c-4e52-a661-cbbeeb4afd5a","False","6817de06-043c-4455-b581-bafcd58a7080"
"2026-08-05T11:23:29.3849504+08:00","1022.131","95960","99316","Resolve.exe","2026/8/5 11:22:38","74.625","2093.8","""C:\Program Files\Blackmagic Design\DaVinci Resolve\Resolve.exe"" ","localhost","1c25745a-099c-4e52-a661-cbbeeb4afd5a","False","6817de06-043c-4455-b581-bafcd58a7080"
"2026-08-05T11:23:31.3907065+08:00","1018.576","95960","99316","Resolve.exe","2026/8/5 11:22:38","75.812","2093.8","""C:\Program Files\Blackmagic Design\DaVinci Resolve\Resolve.exe"" ","localhost","1c25745a-099c-4e52-a661-cbbeeb4afd5a","False","6817de06-043c-4455-b581-bafcd58a7080"
"2026-08-05T11:23:33.4006591+08:00","1057.405","95960","99316","Resolve.exe","2026/8/5 11:22:38","76.625","2106.1","""C:\Program Files\Blackmagic Design\DaVinci Resolve\Resolve.exe"" ","localhost","1c25745a-099c-4e52-a661-cbbeeb4afd5a","False","6817de06-043c-4455-b581-bafcd58a7080"
"2026-08-05T11:23:35.4108912+08:00","971.678","95960","99316","Resolve.exe","2026/8/5 11:22:38","79.203","2445","""C:\Program Files\Blackmagic Design\DaVinci Resolve\Resolve.exe"" ","localhost","1c25745a-099c-4e52-a661-cbbeeb4afd5a","False","6817de06-043c-4455-b581-bafcd58a7080"
"2026-08-05T11:23:35.4108912+08:00","971.803","5324","95960","electron.exe","2026/8/5 11:23:34","0.531","105.6","""C:/Program Files/Blackmagic Design/DaVinci Resolve\Electron\electron.exe"" ""C:\ProgramData\Blackmagic Design\DaVinci Resolve\Support\Workflow Integration Plugins\com.wutpeach.clackly\workflow-plugin/main.js"" --plugin-id=com.wutpeach.clackly","localhost","1c25745a-099c-4e52-a661-cbbeeb4afd5a","False","6817de06-043c-4455-b581-bafcd58a7080"
"2026-08-05T11:23:35.4108912+08:00","971.875","59400","5324","electron.exe","2026/8/5 11:23:35","0.828","110.7","""C:\Program Files\Blackmagic Design\DaVinci Resolve\Electron\electron.exe"" --type=gpu-process --user-data-dir=""C:\Users\Administrator\AppData\Roaming\Clackly Workflow Plugin"" --gpu-preferences=UAAAAAAAAADgAAAEAAAAAAAAAAAAAAAAAABgAAEAAAAAAAAAAAAAAAAAAAACAAAAAAAAAAAAAAAAAAAAAAAAABAAAAAAAAAAEAAAAAAAAAAIAAAAAAAAAAgAAAAAAAAA --field-trial-handle=2052,i,1902401934711968788,10771921903358981166,262144 --enable-features=PdfUseShowSaveFilePicker --disable-features=SpareRendererForSitePerProcess,WinDelaySpellcheckServiceInit --variations-seed-version --mojo-platform-channel-handle=1308 /prefetch:2","localhost","1c25745a-099c-4e52-a661-cbbeeb4afd5a","False","6817de06-043c-4455-b581-bafcd58a7080"
"2026-08-05T11:23:35.4108912+08:00","971.916","105484","5324","electron.exe","2026/8/5 11:23:35","0.094","48.9","""C:\Program Files\Blackmagic Design\DaVinci Resolve\Electron\electron.exe"" --type=utility --utility-sub-type=network.mojom.NetworkService --lang=zh-CN --service-sandbox-type=none --user-data-dir=""C:\Users\Administrator\AppData\Roaming\Clackly Workflow Plugin"" --field-trial-handle=2052,i,1902401934711968788,10771921903358981166,262144 --enable-features=PdfUseShowSaveFilePicker --disable-features=SpareRendererForSitePerProcess,WinDelaySpellcheckServiceInit --variations-seed-version --mojo-platform-channel-handle=2280 /prefetch:11","localhost","1c25745a-099c-4e52-a661-cbbeeb4afd5a","False","6817de06-043c-4455-b581-bafcd58a7080"
"2026-08-05T11:23:35.4108912+08:00","971.949","15124","5324","electron.exe","2026/8/5 11:23:35","0.188","87.7","""C:\Program Files\Blackmagic Design\DaVinci Resolve\Electron\electron.exe"" --type=renderer --user-data-dir=""C:\Users\Administrator\AppData\Roaming\Clackly Workflow Plugin"" --app-path=""C:\ProgramData\Blackmagic Design\DaVinci Resolve\Support\Workflow Integration Plugins\com.wutpeach.clackly\workflow-plugin"" --no-sandbox --no-zygote --video-capture-use-gpu-memory-buffer --lang=zh-CN --device-scale-factor=1 --num-raster-threads=4 --enable-main-frame-before-activation --renderer-client-id=4 --time-ticks-at-unix-epoch=-1783908255993642 --launch-time-ticks=1991959305521 --field-trial-handle=2052,i,1902401934711968788,10771921903358981166,262144 --enable-features=PdfUseShowSaveFilePicker --disable-features=SpareRendererForSitePerProcess,WinDelaySpellcheckServiceInit --variations-seed-version --mojo-platform-channel-handle=3308 /prefetch:1","localhost","1c25745a-099c-4e52-a661-cbbeeb4afd5a","False","6817de06-043c-4455-b581-bafcd58a7080"
"2026-08-05T11:23:37.4260306+08:00","990.163","95960","99316","Resolve.exe","2026/8/5 11:22:38","79.266","2443.3","""C:\Program Files\Blackmagic Design\DaVinci Resolve\Resolve.exe"" ","localhost","1c25745a-099c-4e52-a661-cbbeeb4afd5a","False","6817de06-043c-4455-b581-bafcd58a7080"
"2026-08-05T11:23:37.4260306+08:00","990.271","5324","95960","electron.exe","2026/8/5 11:23:34","0.531","105.6","""C:/Program Files/Blackmagic Design/DaVinci Resolve\Electron\electron.exe"" ""C:\ProgramData\Blackmagic Design\DaVinci Resolve\Support\Workflow Integration Plugins\com.wutpeach.clackly\workflow-plugin/main.js"" --plugin-id=com.wutpeach.clackly","localhost","1c25745a-099c-4e52-a661-cbbeeb4afd5a","False","6817de06-043c-4455-b581-bafcd58a7080"
"2026-08-05T11:23:37.4260306+08:00","990.301","59400","5324","electron.exe","2026/8/5 11:23:35","0.875","112.2","""C:\Program Files\Blackmagic Design\DaVinci Resolve\Electron\electron.exe"" --type=gpu-process --user-data-dir=""C:\Users\Administrator\AppData\Roaming\Clackly Workflow Plugin"" --gpu-preferences=UAAAAAAAAADgAAAEAAAAAAAAAAAAAAAAAABgAAEAAAAAAAAAAAAAAAAAAAACAAAAAAAAAAAAAAAAAAAAAAAAABAAAAAAAAAAEAAAAAAAAAAIAAAAAAAAAAgAAAAAAAAA --field-trial-handle=2052,i,1902401934711968788,10771921903358981166,262144 --enable-features=PdfUseShowSaveFilePicker --disable-features=SpareRendererForSitePerProcess,WinDelaySpellcheckServiceInit --variations-seed-version --mojo-platform-channel-handle=1308 /prefetch:2","localhost","1c25745a-099c-4e52-a661-cbbeeb4afd5a","False","6817de06-043c-4455-b581-bafcd58a7080"
"2026-08-05T11:23:37.4260306+08:00","990.328","105484","5324","electron.exe","2026/8/5 11:23:35","0.094","48.9","""C:\Program Files\Blackmagic Design\DaVinci Resolve\Electron\electron.exe"" --type=utility --utility-sub-type=network.mojom.NetworkService --lang=zh-CN --service-sandbox-type=none --user-data-dir=""C:\Users\Administrator\AppData\Roaming\Clackly Workflow Plugin"" --field-trial-handle=2052,i,1902401934711968788,10771921903358981166,262144 --enable-features=PdfUseShowSaveFilePicker --disable-features=SpareRendererForSitePerProcess,WinDelaySpellcheckServiceInit --variations-seed-version --mojo-platform-channel-handle=2280 /prefetch:11","localhost","1c25745a-099c-4e52-a661-cbbeeb4afd5a","False","6817de06-043c-4455-b581-bafcd58a7080"
"2026-08-05T11:23:37.4260306+08:00","990.354","15124","5324","electron.exe","2026/8/5 11:23:35","0.188","87.8","""C:\Program Files\Blackmagic Design\DaVinci Resolve\Electron\electron.exe"" --type=renderer --user-data-dir=""C:\Users\Administrator\AppData\Roaming\Clackly Workflow Plugin"" --app-path=""C:\ProgramData\Blackmagic Design\DaVinci Resolve\Support\Workflow Integration Plugins\com.wutpeach.clackly\workflow-plugin"" --no-sandbox --no-zygote --video-capture-use-gpu-memory-buffer --lang=zh-CN --device-scale-factor=1 --num-raster-threads=4 --enable-main-frame-before-activation --renderer-client-id=4 --time-ticks-at-unix-epoch=-1783908255993642 --launch-time-ticks=1991959305521 --field-trial-handle=2052,i,1902401934711968788,10771921903358981166,262144 --enable-features=PdfUseShowSaveFilePicker --disable-features=SpareRendererForSitePerProcess,WinDelaySpellcheckServiceInit --variations-seed-version --mojo-platform-channel-handle=3308 /prefetch:1","localhost","1c25745a-099c-4e52-a661-cbbeeb4afd5a","False","6817de06-043c-4455-b581-bafcd58a7080"
"2026-08-05T11:23:39.4391666+08:00","973.085","95960","99316","Resolve.exe","2026/8/5 11:22:38","79.562","2443.3","""C:\Program Files\Blackmagic Design\DaVinci Resolve\Resolve.exe"" ","localhost","1c25745a-099c-4e52-a661-cbbeeb4afd5a","False","6817de06-043c-4455-b581-bafcd58a7080"
"2026-08-05T11:23:39.4391666+08:00","973.172","5324","95960","electron.exe","2026/8/5 11:23:34","0.531","105.7","""C:/Program Files/Blackmagic Design/DaVinci Resolve\Electron\electron.exe"" ""C:\ProgramData\Blackmagic Design\DaVinci Resolve\Support\Workflow Integration Plugins\com.wutpeach.clackly\workflow-plugin/main.js"" --plugin-id=com.wutpeach.clackly","localhost","1c25745a-099c-4e52-a661-cbbeeb4afd5a","False","6817de06-043c-4455-b581-bafcd58a7080"
"2026-08-05T11:23:39.4391666+08:00","973.202","59400","5324","electron.exe","2026/8/5 11:23:35","0.875","112.1","""C:\Program Files\Blackmagic Design\DaVinci Resolve\Electron\electron.exe"" --type=gpu-process --user-data-dir=""C:\Users\Administrator\AppData\Roaming\Clackly Workflow Plugin"" --gpu-preferences=UAAAAAAAAADgAAAEAAAAAAAAAAAAAAAAAABgAAEAAAAAAAAAAAAAAAAAAAACAAAAAAAAAAAAAAAAAAAAAAAAABAAAAAAAAAAEAAAAAAAAAAIAAAAAAAAAAgAAAAAAAAA --field-trial-handle=2052,i,1902401934711968788,10771921903358981166,262144 --enable-features=PdfUseShowSaveFilePicker --disable-features=SpareRendererForSitePerProcess,WinDelaySpellcheckServiceInit --variations-seed-version --mojo-platform-channel-handle=1308 /prefetch:2","localhost","1c25745a-099c-4e52-a661-cbbeeb4afd5a","False","6817de06-043c-4455-b581-bafcd58a7080"
"2026-08-05T11:23:39.4391666+08:00","973.228","105484","5324","electron.exe","2026/8/5 11:23:35","0.094","48.9","""C:\Program Files\Blackmagic Design\DaVinci Resolve\Electron\electron.exe"" --type=utility --utility-sub-type=network.mojom.NetworkService --lang=zh-CN --service-sandbox-type=none --user-data-dir=""C:\Users\Administrator\AppData\Roaming\Clackly Workflow Plugin"" --field-trial-handle=2052,i,1902401934711968788,10771921903358981166,262144 --enable-features=PdfUseShowSaveFilePicker --disable-features=SpareRendererForSitePerProcess,WinDelaySpellcheckServiceInit --variations-seed-version --mojo-platform-channel-handle=2280 /prefetch:11","localhost","1c25745a-099c-4e52-a661-cbbeeb4afd5a","False","6817de06-043c-4455-b581-bafcd58a7080"
"2026-08-05T11:23:39.4391666+08:00","973.253","15124","5324","electron.exe","2026/8/5 11:23:35","0.188","87.7","""C:\Program Files\Blackmagic Design\DaVinci Resolve\Electron\electron.exe"" --type=renderer --user-data-dir=""C:\Users\Administrator\AppData\Roaming\Clackly Workflow Plugin"" --app-path=""C:\ProgramData\Blackmagic Design\DaVinci Resolve\Support\Workflow Integration Plugins\com.wutpeach.clackly\workflow-plugin"" --no-sandbox --no-zygote --video-capture-use-gpu-memory-buffer --lang=zh-CN --device-scale-factor=1 --num-raster-threads=4 --enable-main-frame-before-activation --renderer-client-id=4 --time-ticks-at-unix-epoch=-1783908255993642 --launch-time-ticks=1991959305521 --field-trial-handle=2052,i,1902401934711968788,10771921903358981166,262144 --enable-features=PdfUseShowSaveFilePicker --disable-features=SpareRendererForSitePerProcess,WinDelaySpellcheckServiceInit --variations-seed-version --mojo-platform-channel-handle=3308 /prefetch:1","localhost","1c25745a-099c-4e52-a661-cbbeeb4afd5a","False","6817de06-043c-4455-b581-bafcd58a7080"
"2026-08-05T11:23:41.4519747+08:00","1047.683","95960","99316","Resolve.exe","2026/8/5 11:22:38","79.875","2384.7","""C:\Program Files\Blackmagic Design\DaVinci Resolve\Resolve.exe"" ","localhost","1c25745a-099c-4e52-a661-cbbeeb4afd5a","False","6817de06-043c-4455-b581-bafcd58a7080"
"2026-08-05T11:23:41.4519747+08:00","1047.772","5324","95960","electron.exe","2026/8/5 11:23:34","0.531","105.7","""C:/Program Files/Blackmagic Design/DaVinci Resolve\Electron\electron.exe"" ""C:\ProgramData\Blackmagic Design\DaVinci Resolve\Support\Workflow Integration Plugins\com.wutpeach.clackly\workflow-plugin/main.js"" --plugin-id=com.wutpeach.clackly","localhost","1c25745a-099c-4e52-a661-cbbeeb4afd5a","False","6817de06-043c-4455-b581-bafcd58a7080"
"2026-08-05T11:23:41.4519747+08:00","1047.802","59400","5324","electron.exe","2026/8/5 11:23:35","0.875","112","""C:\Program Files\Blackmagic Design\DaVinci Resolve\Electron\electron.exe"" --type=gpu-process --user-data-dir=""C:\Users\Administrator\AppData\Roaming\Clackly Workflow Plugin"" --gpu-preferences=UAAAAAAAAADgAAAEAAAAAAAAAAAAAAAAAABgAAEAAAAAAAAAAAAAAAAAAAACAAAAAAAAAAAAAAAAAAAAAAAAABAAAAAAAAAAEAAAAAAAAAAIAAAAAAAAAAgAAAAAAAAA --field-trial-handle=2052,i,1902401934711968788,10771921903358981166,262144 --enable-features=PdfUseShowSaveFilePicker --disable-features=SpareRendererForSitePerProcess,WinDelaySpellcheckServiceInit --variations-seed-version --mojo-platform-channel-handle=1308 /prefetch:2","localhost","1c25745a-099c-4e52-a661-cbbeeb4afd5a","False","6817de06-043c-4455-b581-bafcd58a7080"
"2026-08-05T11:23:41.4519747+08:00","1047.84","105484","5324","electron.exe","2026/8/5 11:23:35","0.094","48.9","""C:\Program Files\Blackmagic Design\DaVinci Resolve\Electron\electron.exe"" --type=utility --utility-sub-type=network.mojom.NetworkService --lang=zh-CN --service-sandbox-type=none --user-data-dir=""C:\Users\Administrator\AppData\Roaming\Clackly Workflow Plugin"" --field-trial-handle=2052,i,1902401934711968788,10771921903358981166,262144 --enable-features=PdfUseShowSaveFilePicker --disable-features=SpareRendererForSitePerProcess,WinDelaySpellcheckServiceInit --variations-seed-version --mojo-platform-channel-handle=2280 /prefetch:11","localhost","1c25745a-099c-4e52-a661-cbbeeb4afd5a","False","6817de06-043c-4455-b581-bafcd58a7080"
"2026-08-05T11:23:41.4519747+08:00","1047.87","15124","5324","electron.exe","2026/8/5 11:23:35","0.188","87.7","""C:\Program Files\Blackmagic Design\DaVinci Resolve\Electron\electron.exe"" --type=renderer --user-data-dir=""C:\Users\Administrator\AppData\Roaming\Clackly Workflow Plugin"" --app-path=""C:\ProgramData\Blackmagic Design\DaVinci Resolve\Support\Workflow Integration Plugins\com.wutpeach.clackly\workflow-plugin"" --no-sandbox --no-zygote --video-capture-use-gpu-memory-buffer --lang=zh-CN --device-scale-factor=1 --num-raster-threads=4 --enable-main-frame-before-activation --renderer-client-id=4 --time-ticks-at-unix-epoch=-1783908255993642 --launch-time-ticks=1991959305521 --field-trial-handle=2052,i,1902401934711968788,10771921903358981166,262144 --enable-features=PdfUseShowSaveFilePicker --disable-features=SpareRendererForSitePerProcess,WinDelaySpellcheckServiceInit --variations-seed-version --mojo-platform-channel-handle=3308 /prefetch:1","localhost","1c25745a-099c-4e52-a661-cbbeeb4afd5a","False","6817de06-043c-4455-b581-bafcd58a7080"
"2026-08-05T11:23:43.4541309+08:00","982.956","95960","99316","Resolve.exe","2026/8/5 11:22:38","81.406","2512","""C:\Program Files\Blackmagic Design\DaVinci Resolve\Resolve.exe"" ","localhost","1c25745a-099c-4e52-a661-cbbeeb4afd5a","False","6817de06-043c-4455-b581-bafcd58a7080"
"2026-08-05T11:23:43.4541309+08:00","983.04","5324","95960","electron.exe","2026/8/5 11:23:34","0.531","105.7","""C:/Program Files/Blackmagic Design/DaVinci Resolve\Electron\electron.exe"" ""C:\ProgramData\Blackmagic Design\DaVinci Resolve\Support\Workflow Integration Plugins\com.wutpeach.clackly\workflow-plugin/main.js"" --plugin-id=com.wutpeach.clackly","localhost","1c25745a-099c-4e52-a661-cbbeeb4afd5a","False","6817de06-043c-4455-b581-bafcd58a7080"
"2026-08-05T11:23:43.4541309+08:00","983.114","59400","5324","electron.exe","2026/8/5 11:23:35","0.875","112","""C:\Program Files\Blackmagic Design\DaVinci Resolve\Electron\electron.exe"" --type=gpu-process --user-data-dir=""C:\Users\Administrator\AppData\Roaming\Clackly Workflow Plugin"" --gpu-preferences=UAAAAAAAAADgAAAEAAAAAAAAAAAAAAAAAABgAAEAAAAAAAAAAAAAAAAAAAACAAAAAAAAAAAAAAAAAAAAAAAAABAAAAAAAAAAEAAAAAAAAAAIAAAAAAAAAAgAAAAAAAAA --field-trial-handle=2052,i,1902401934711968788,10771921903358981166,262144 --enable-features=PdfUseShowSaveFilePicker --disable-features=SpareRendererForSitePerProcess,WinDelaySpellcheckServiceInit --variations-seed-version --mojo-platform-channel-handle=1308 /prefetch:2","localhost","1c25745a-099c-4e52-a661-cbbeeb4afd5a","False","6817de06-043c-4455-b581-bafcd58a7080"
"2026-08-05T11:23:43.4541309+08:00","983.159","105484","5324","electron.exe","2026/8/5 11:23:35","0.094","48.9","""C:\Program Files\Blackmagic Design\DaVinci Resolve\Electron\electron.exe"" --type=utility --utility-sub-type=network.mojom.NetworkService --lang=zh-CN --service-sandbox-type=none --user-data-dir=""C:\Users\Administrator\AppData\Roaming\Clackly Workflow Plugin"" --field-trial-handle=2052,i,1902401934711968788,10771921903358981166,262144 --enable-features=PdfUseShowSaveFilePicker --disable-features=SpareRendererForSitePerProcess,WinDelaySpellcheckServiceInit --variations-seed-version --mojo-platform-channel-handle=2280 /prefetch:11","localhost","1c25745a-099c-4e52-a661-cbbeeb4afd5a","False","6817de06-043c-4455-b581-bafcd58a7080"
"2026-08-05T11:23:43.4541309+08:00","983.188","15124","5324","electron.exe","2026/8/5 11:23:35","0.188","87.7","""C:\Program Files\Blackmagic Design\DaVinci Resolve\Electron\electron.exe"" --type=renderer --user-data-dir=""C:\Users\Administrator\AppData\Roaming\Clackly Workflow Plugin"" --app-path=""C:\ProgramData\Blackmagic Design\DaVinci Resolve\Support\Workflow Integration Plugins\com.wutpeach.clackly\workflow-plugin"" --no-sandbox --no-zygote --video-capture-use-gpu-memory-buffer --lang=zh-CN --device-scale-factor=1 --num-raster-threads=4 --enable-main-frame-before-activation --renderer-client-id=4 --time-ticks-at-unix-epoch=-1783908255993642 --launch-time-ticks=1991959305521 --field-trial-handle=2052,i,1902401934711968788,10771921903358981166,262144 --enable-features=PdfUseShowSaveFilePicker --disable-features=SpareRendererForSitePerProcess,WinDelaySpellcheckServiceInit --variations-seed-version --mojo-platform-channel-handle=3308 /prefetch:1","localhost","1c25745a-099c-4e52-a661-cbbeeb4afd5a","False","6817de06-043c-4455-b581-bafcd58a7080"
"2026-08-05T11:23:45.4698165+08:00","1034.88","95960","99316","Resolve.exe","2026/8/5 11:22:38","81.969","2513.4","""C:\Program Files\Blackmagic Design\DaVinci Resolve\Resolve.exe"" ","localhost","1c25745a-099c-4e52-a661-cbbeeb4afd5a","False","6817de06-043c-4455-b581-bafcd58a7080"
"2026-08-05T11:23:45.4698165+08:00","1034.971","5324","95960","electron.exe","2026/8/5 11:23:34","0.531","105.7","""C:/Program Files/Blackmagic Design/DaVinci Resolve\Electron\electron.exe"" ""C:\ProgramData\Blackmagic Design\DaVinci Resolve\Support\Workflow Integration Plugins\com.wutpeach.clackly\workflow-plugin/main.js"" --plugin-id=com.wutpeach.clackly","localhost","1c25745a-099c-4e52-a661-cbbeeb4afd5a","False","6817de06-043c-4455-b581-bafcd58a7080"
"2026-08-05T11:23:45.4698165+08:00","1035.004","59400","5324","electron.exe","2026/8/5 11:23:35","0.875","112","""C:\Program Files\Blackmagic Design\DaVinci Resolve\Electron\electron.exe"" --type=gpu-process --user-data-dir=""C:\Users\Administrator\AppData\Roaming\Clackly Workflow Plugin"" --gpu-preferences=UAAAAAAAAADgAAAEAAAAAAAAAAAAAAAAAABgAAEAAAAAAAAAAAAAAAAAAAACAAAAAAAAAAAAAAAAAAAAAAAAABAAAAAAAAAAEAAAAAAAAAAIAAAAAAAAAAgAAAAAAAAA --field-trial-handle=2052,i,1902401934711968788,10771921903358981166,262144 --enable-features=PdfUseShowSaveFilePicker --disable-features=SpareRendererForSitePerProcess,WinDelaySpellcheckServiceInit --variations-seed-version --mojo-platform-channel-handle=1308 /prefetch:2","localhost","1c25745a-099c-4e52-a661-cbbeeb4afd5a","False","6817de06-043c-4455-b581-bafcd58a7080"
"2026-08-05T11:23:45.4698165+08:00","1035.032","105484","5324","electron.exe","2026/8/5 11:23:35","0.094","48.9","""C:\Program Files\Blackmagic Design\DaVinci Resolve\Electron\electron.exe"" --type=utility --utility-sub-type=network.mojom.NetworkService --lang=zh-CN --service-sandbox-type=none --user-data-dir=""C:\Users\Administrator\AppData\Roaming\Clackly Workflow Plugin"" --field-trial-handle=2052,i,1902401934711968788,10771921903358981166,262144 --enable-features=PdfUseShowSaveFilePicker --disable-features=SpareRendererForSitePerProcess,WinDelaySpellcheckServiceInit --variations-seed-version --mojo-platform-channel-handle=2280 /prefetch:11","localhost","1c25745a-099c-4e52-a661-cbbeeb4afd5a","False","6817de06-043c-4455-b581-bafcd58a7080"
"2026-08-05T11:23:45.4698165+08:00","1035.059","15124","5324","electron.exe","2026/8/5 11:23:35","0.188","87.7","""C:\Program Files\Blackmagic Design\DaVinci Resolve\Electron\electron.exe"" --type=renderer --user-data-dir=""C:\Users\Administrator\AppData\Roaming\Clackly Workflow Plugin"" --app-path=""C:\ProgramData\Blackmagic Design\DaVinci Resolve\Support\Workflow Integration Plugins\com.wutpeach.clackly\workflow-plugin"" --no-sandbox --no-zygote --video-capture-use-gpu-memory-buffer --lang=zh-CN --device-scale-factor=1 --num-raster-threads=4 --enable-main-frame-before-activation --renderer-client-id=4 --time-ticks-at-unix-epoch=-1783908255993642 --launch-time-ticks=1991959305521 --field-trial-handle=2052,i,1902401934711968788,10771921903358981166,262144 --enable-features=PdfUseShowSaveFilePicker --disable-features=SpareRendererForSitePerProcess,WinDelaySpellcheckServiceInit --variations-seed-version --mojo-platform-channel-handle=3308 /prefetch:1","localhost","1c25745a-099c-4e52-a661-cbbeeb4afd5a","False","6817de06-043c-4455-b581-bafcd58a7080"
"2026-08-05T11:23:47.4828813+08:00","981.357","95960","99316","Resolve.exe","2026/8/5 11:22:38","82.359","2513.1","""C:\Program Files\Blackmagic Design\DaVinci Resolve\Resolve.exe"" ","localhost","1c25745a-099c-4e52-a661-cbbeeb4afd5a","False","6817de06-043c-4455-b581-bafcd58a7080"
"2026-08-05T11:23:47.4828813+08:00","981.436","5324","95960","electron.exe","2026/8/5 11:23:34","0.531","105.7","""C:/Program Files/Blackmagic Design/DaVinci Resolve\Electron\electron.exe"" ""C:\ProgramData\Blackmagic Design\DaVinci Resolve\Support\Workflow Integration Plugins\com.wutpeach.clackly\workflow-plugin/main.js"" --plugin-id=com.wutpeach.clackly","localhost","1c25745a-099c-4e52-a661-cbbeeb4afd5a","False","6817de06-043c-4455-b581-bafcd58a7080"
"2026-08-05T11:23:47.4828813+08:00","981.466","59400","5324","electron.exe","2026/8/5 11:23:35","0.875","112","""C:\Program Files\Blackmagic Design\DaVinci Resolve\Electron\electron.exe"" --type=gpu-process --user-data-dir=""C:\Users\Administrator\AppData\Roaming\Clackly Workflow Plugin"" --gpu-preferences=UAAAAAAAAADgAAAEAAAAAAAAAAAAAAAAAABgAAEAAAAAAAAAAAAAAAAAAAACAAAAAAAAAAAAAAAAAAAAAAAAABAAAAAAAAAAEAAAAAAAAAAIAAAAAAAAAAgAAAAAAAAA --field-trial-handle=2052,i,1902401934711968788,10771921903358981166,262144 --enable-features=PdfUseShowSaveFilePicker --disable-features=SpareRendererForSitePerProcess,WinDelaySpellcheckServiceInit --variations-seed-version --mojo-platform-channel-handle=1308 /prefetch:2","localhost","1c25745a-099c-4e52-a661-cbbeeb4afd5a","False","6817de06-043c-4455-b581-bafcd58a7080"
"2026-08-05T11:23:47.4828813+08:00","981.493","105484","5324","electron.exe","2026/8/5 11:23:35","0.094","48.9","""C:\Program Files\Blackmagic Design\DaVinci Resolve\Electron\electron.exe"" --type=utility --utility-sub-type=network.mojom.NetworkService --lang=zh-CN --service-sandbox-type=none --user-data-dir=""C:\Users\Administrator\AppData\Roaming\Clackly Workflow Plugin"" --field-trial-handle=2052,i,1902401934711968788,10771921903358981166,262144 --enable-features=PdfUseShowSaveFilePicker --disable-features=SpareRendererForSitePerProcess,WinDelaySpellcheckServiceInit --variations-seed-version --mojo-platform-channel-handle=2280 /prefetch:11","localhost","1c25745a-099c-4e52-a661-cbbeeb4afd5a","False","6817de06-043c-4455-b581-bafcd58a7080"
"2026-08-05T11:23:47.4828813+08:00","981.532","15124","5324","electron.exe","2026/8/5 11:23:35","0.188","87.7","""C:\Program Files\Blackmagic Design\DaVinci Resolve\Electron\electron.exe"" --type=renderer --user-data-dir=""C:\Users\Administrator\AppData\Roaming\Clackly Workflow Plugin"" --app-path=""C:\ProgramData\Blackmagic Design\DaVinci Resolve\Support\Workflow Integration Plugins\com.wutpeach.clackly\workflow-plugin"" --no-sandbox --no-zygote --video-capture-use-gpu-memory-buffer --lang=zh-CN --device-scale-factor=1 --num-raster-threads=4 --enable-main-frame-before-activation --renderer-client-id=4 --time-ticks-at-unix-epoch=-1783908255993642 --launch-time-ticks=1991959305521 --field-trial-handle=2052,i,1902401934711968788,10771921903358981166,262144 --enable-features=PdfUseShowSaveFilePicker --disable-features=SpareRendererForSitePerProcess,WinDelaySpellcheckServiceInit --variations-seed-version --mojo-platform-channel-handle=3308 /prefetch:1","localhost","1c25745a-099c-4e52-a661-cbbeeb4afd5a","False","6817de06-043c-4455-b581-bafcd58a7080"
"2026-08-05T11:23:49.4827965+08:00","1068.729","95960","99316","Resolve.exe","2026/8/5 11:22:38","86.344","2538.1","""C:\Program Files\Blackmagic Design\DaVinci Resolve\Resolve.exe"" ","localhost","1c25745a-099c-4e52-a661-cbbeeb4afd5a","False","6817de06-043c-4455-b581-bafcd58a7080"
"2026-08-05T11:23:49.4827965+08:00","1068.819","5324","95960","electron.exe","2026/8/5 11:23:34","0.531","105.7","""C:/Program Files/Blackmagic Design/DaVinci Resolve\Electron\electron.exe"" ""C:\ProgramData\Blackmagic Design\DaVinci Resolve\Support\Workflow Integration Plugins\com.wutpeach.clackly\workflow-plugin/main.js"" --plugin-id=com.wutpeach.clackly","localhost","1c25745a-099c-4e52-a661-cbbeeb4afd5a","False","6817de06-043c-4455-b581-bafcd58a7080"
"2026-08-05T11:23:49.4827965+08:00","1068.848","59400","5324","electron.exe","2026/8/5 11:23:35","0.875","112","""C:\Program Files\Blackmagic Design\DaVinci Resolve\Electron\electron.exe"" --type=gpu-process --user-data-dir=""C:\Users\Administrator\AppData\Roaming\Clackly Workflow Plugin"" --gpu-preferences=UAAAAAAAAADgAAAEAAAAAAAAAAAAAAAAAABgAAEAAAAAAAAAAAAAAAAAAAACAAAAAAAAAAAAAAAAAAAAAAAAABAAAAAAAAAAEAAAAAAAAAAIAAAAAAAAAAgAAAAAAAAA --field-trial-handle=2052,i,1902401934711968788,10771921903358981166,262144 --enable-features=PdfUseShowSaveFilePicker --disable-features=SpareRendererForSitePerProcess,WinDelaySpellcheckServiceInit --variations-seed-version --mojo-platform-channel-handle=1308 /prefetch:2","localhost","1c25745a-099c-4e52-a661-cbbeeb4afd5a","False","6817de06-043c-4455-b581-bafcd58a7080"
"2026-08-05T11:23:49.4827965+08:00","1068.874","105484","5324","electron.exe","2026/8/5 11:23:35","0.094","48.9","""C:\Program Files\Blackmagic Design\DaVinci Resolve\Electron\electron.exe"" --type=utility --utility-sub-type=network.mojom.NetworkService --lang=zh-CN --service-sandbox-type=none --user-data-dir=""C:\Users\Administrator\AppData\Roaming\Clackly Workflow Plugin"" --field-trial-handle=2052,i,1902401934711968788,10771921903358981166,262144 --enable-features=PdfUseShowSaveFilePicker --disable-features=SpareRendererForSitePerProcess,WinDelaySpellcheckServiceInit --variations-seed-version --mojo-platform-channel-handle=2280 /prefetch:11","localhost","1c25745a-099c-4e52-a661-cbbeeb4afd5a","False","6817de06-043c-4455-b581-bafcd58a7080"
"2026-08-05T11:23:49.4827965+08:00","1068.9","15124","5324","electron.exe","2026/8/5 11:23:35","0.188","87.7","""C:\Program Files\Blackmagic Design\DaVinci Resolve\Electron\electron.exe"" --type=renderer --user-data-dir=""C:\Users\Administrator\AppData\Roaming\Clackly Workflow Plugin"" --app-path=""C:\ProgramData\Blackmagic Design\DaVinci Resolve\Support\Workflow Integration Plugins\com.wutpeach.clackly\workflow-plugin"" --no-sandbox --no-zygote --video-capture-use-gpu-memory-buffer --lang=zh-CN --device-scale-factor=1 --num-raster-threads=4 --enable-main-frame-before-activation --renderer-client-id=4 --time-ticks-at-unix-epoch=-1783908255993642 --launch-time-ticks=1991959305521 --field-trial-handle=2052,i,1902401934711968788,10771921903358981166,262144 --enable-features=PdfUseShowSaveFilePicker --disable-features=SpareRendererForSitePerProcess,WinDelaySpellcheckServiceInit --variations-seed-version --mojo-platform-channel-handle=3308 /prefetch:1","localhost","1c25745a-099c-4e52-a661-cbbeeb4afd5a","False","6817de06-043c-4455-b581-bafcd58a7080"
"2026-08-05T11:23:51.4974619+08:00","1007.813","95960","99316","Resolve.exe","2026/8/5 11:22:38","87.312","2544.8","""C:\Program Files\Blackmagic Design\DaVinci Resolve\Resolve.exe"" ","localhost","1c25745a-099c-4e52-a661-cbbeeb4afd5a","False","6817de06-043c-4455-b581-bafcd58a7080"
"2026-08-05T11:23:51.4974619+08:00","1007.894","5324","95960","electron.exe","2026/8/5 11:23:34","0.531","105.7","""C:/Program Files/Blackmagic Design/DaVinci Resolve\Electron\electron.exe"" ""C:\ProgramData\Blackmagic Design\DaVinci Resolve\Support\Workflow Integration Plugins\com.wutpeach.clackly\workflow-plugin/main.js"" --plugin-id=com.wutpeach.clackly","localhost","1c25745a-099c-4e52-a661-cbbeeb4afd5a","False","6817de06-043c-4455-b581-bafcd58a7080"
"2026-08-05T11:23:51.4974619+08:00","1007.923","59400","5324","electron.exe","2026/8/5 11:23:35","0.875","112","""C:\Program Files\Blackmagic Design\DaVinci Resolve\Electron\electron.exe"" --type=gpu-process --user-data-dir=""C:\Users\Administrator\AppData\Roaming\Clackly Workflow Plugin"" --gpu-preferences=UAAAAAAAAADgAAAEAAAAAAAAAAAAAAAAAABgAAEAAAAAAAAAAAAAAAAAAAACAAAAAAAAAAAAAAAAAAAAAAAAABAAAAAAAAAAEAAAAAAAAAAIAAAAAAAAAAgAAAAAAAAA --field-trial-handle=2052,i,1902401934711968788,10771921903358981166,262144 --enable-features=PdfUseShowSaveFilePicker --disable-features=SpareRendererForSitePerProcess,WinDelaySpellcheckServiceInit --variations-seed-version --mojo-platform-channel-handle=1308 /prefetch:2","localhost","1c25745a-099c-4e52-a661-cbbeeb4afd5a","False","6817de06-043c-4455-b581-bafcd58a7080"
"2026-08-05T11:23:51.4974619+08:00","1007.951","105484","5324","electron.exe","2026/8/5 11:23:35","0.094","48.9","""C:\Program Files\Blackmagic Design\DaVinci Resolve\Electron\electron.exe"" --type=utility --utility-sub-type=network.mojom.NetworkService --lang=zh-CN --service-sandbox-type=none --user-data-dir=""C:\Users\Administrator\AppData\Roaming\Clackly Workflow Plugin"" --field-trial-handle=2052,i,1902401934711968788,10771921903358981166,262144 --enable-features=PdfUseShowSaveFilePicker --disable-features=SpareRendererForSitePerProcess,WinDelaySpellcheckServiceInit --variations-seed-version --mojo-platform-channel-handle=2280 /prefetch:11","localhost","1c25745a-099c-4e52-a661-cbbeeb4afd5a","False","6817de06-043c-4455-b581-bafcd58a7080"
"2026-08-05T11:23:51.4974619+08:00","1007.976","15124","5324","electron.exe","2026/8/5 11:23:35","0.188","87.7","""C:\Program Files\Blackmagic Design\DaVinci Resolve\Electron\electron.exe"" --type=renderer --user-data-dir=""C:\Users\Administrator\AppData\Roaming\Clackly Workflow Plugin"" --app-path=""C:\ProgramData\Blackmagic Design\DaVinci Resolve\Support\Workflow Integration Plugins\com.wutpeach.clackly\workflow-plugin"" --no-sandbox --no-zygote --video-capture-use-gpu-memory-buffer --lang=zh-CN --device-scale-factor=1 --num-raster-threads=4 --enable-main-frame-before-activation --renderer-client-id=4 --time-ticks-at-unix-epoch=-1783908255993642 --launch-time-ticks=1991959305521 --field-trial-handle=2052,i,1902401934711968788,10771921903358981166,262144 --enable-features=PdfUseShowSaveFilePicker --disable-features=SpareRendererForSitePerProcess,WinDelaySpellcheckServiceInit --variations-seed-version --mojo-platform-channel-handle=3308 /prefetch:1","localhost","1c25745a-099c-4e52-a661-cbbeeb4afd5a","False","6817de06-043c-4455-b581-bafcd58a7080"
"2026-08-05T11:23:53.5136195+08:00","1053.574","95960","99316","Resolve.exe","2026/8/5 11:22:38","88.422","2553.3","""C:\Program Files\Blackmagic Design\DaVinci Resolve\Resolve.exe"" ","localhost","1c25745a-099c-4e52-a661-cbbeeb4afd5a","False","6817de06-043c-4455-b581-bafcd58a7080"
"2026-08-05T11:23:53.5136195+08:00","1053.663","5324","95960","electron.exe","2026/8/5 11:23:34","0.531","105.7","""C:/Program Files/Blackmagic Design/DaVinci Resolve\Electron\electron.exe"" ""C:\ProgramData\Blackmagic Design\DaVinci Resolve\Support\Workflow Integration Plugins\com.wutpeach.clackly\workflow-plugin/main.js"" --plugin-id=com.wutpeach.clackly","localhost","1c25745a-099c-4e52-a661-cbbeeb4afd5a","False","6817de06-043c-4455-b581-bafcd58a7080"
"2026-08-05T11:23:53.5136195+08:00","1053.699","59400","5324","electron.exe","2026/8/5 11:23:35","0.875","112","""C:\Program Files\Blackmagic Design\DaVinci Resolve\Electron\electron.exe"" --type=gpu-process --user-data-dir=""C:\Users\Administrator\AppData\Roaming\Clackly Workflow Plugin"" --gpu-preferences=UAAAAAAAAADgAAAEAAAAAAAAAAAAAAAAAABgAAEAAAAAAAAAAAAAAAAAAAACAAAAAAAAAAAAAAAAAAAAAAAAABAAAAAAAAAAEAAAAAAAAAAIAAAAAAAAAAgAAAAAAAAA --field-trial-handle=2052,i,1902401934711968788,10771921903358981166,262144 --enable-features=PdfUseShowSaveFilePicker --disable-features=SpareRendererForSitePerProcess,WinDelaySpellcheckServiceInit --variations-seed-version --mojo-platform-channel-handle=1308 /prefetch:2","localhost","1c25745a-099c-4e52-a661-cbbeeb4afd5a","False","6817de06-043c-4455-b581-bafcd58a7080"
"2026-08-05T11:23:53.5136195+08:00","1053.727","105484","5324","electron.exe","2026/8/5 11:23:35","0.094","48.9","""C:\Program Files\Blackmagic Design\DaVinci Resolve\Electron\electron.exe"" --type=utility --utility-sub-type=network.mojom.NetworkService --lang=zh-CN --service-sandbox-type=none --user-data-dir=""C:\Users\Administrator\AppData\Roaming\Clackly Workflow Plugin"" --field-trial-handle=2052,i,1902401934711968788,10771921903358981166,262144 --enable-features=PdfUseShowSaveFilePicker --disable-features=SpareRendererForSitePerProcess,WinDelaySpellcheckServiceInit --variations-seed-version --mojo-platform-channel-handle=2280 /prefetch:11","localhost","1c25745a-099c-4e52-a661-cbbeeb4afd5a","False","6817de06-043c-4455-b581-bafcd58a7080"
"2026-08-05T11:23:53.5136195+08:00","1053.752","15124","5324","electron.exe","2026/8/5 11:23:35","0.188","87.7","""C:\Program Files\Blackmagic Design\DaVinci Resolve\Electron\electron.exe"" --type=renderer --user-data-dir=""C:\Users\Administrator\AppData\Roaming\Clackly Workflow Plugin"" --app-path=""C:\ProgramData\Blackmagic Design\DaVinci Resolve\Support\Workflow Integration Plugins\com.wutpeach.clackly\workflow-plugin"" --no-sandbox --no-zygote --video-capture-use-gpu-memory-buffer --lang=zh-CN --device-scale-factor=1 --num-raster-threads=4 --enable-main-frame-before-activation --renderer-client-id=4 --time-ticks-at-unix-epoch=-1783908255993642 --launch-time-ticks=1991959305521 --field-trial-handle=2052,i,1902401934711968788,10771921903358981166,262144 --enable-features=PdfUseShowSaveFilePicker --disable-features=SpareRendererForSitePerProcess,WinDelaySpellcheckServiceInit --variations-seed-version --mojo-platform-channel-handle=3308 /prefetch:1","localhost","1c25745a-099c-4e52-a661-cbbeeb4afd5a","False","6817de06-043c-4455-b581-bafcd58a7080"
"2026-08-05T11:23:55.5150458+08:00","955.598","95960","99316","Resolve.exe","2026/8/5 11:22:38","91.547","2559.5","""C:\Program Files\Blackmagic Design\DaVinci Resolve\Resolve.exe"" ","localhost","1c25745a-099c-4e52-a661-cbbeeb4afd5a","False","6817de06-043c-4455-b581-bafcd58a7080"
"2026-08-05T11:23:55.5150458+08:00","955.682","5324","95960","electron.exe","2026/8/5 11:23:34","0.531","105.7","""C:/Program Files/Blackmagic Design/DaVinci Resolve\Electron\electron.exe"" ""C:\ProgramData\Blackmagic Design\DaVinci Resolve\Support\Workflow Integration Plugins\com.wutpeach.clackly\workflow-plugin/main.js"" --plugin-id=com.wutpeach.clackly","localhost","1c25745a-099c-4e52-a661-cbbeeb4afd5a","False","6817de06-043c-4455-b581-bafcd58a7080"
"2026-08-05T11:23:55.5150458+08:00","955.715","59400","5324","electron.exe","2026/8/5 11:23:35","0.875","112","""C:\Program Files\Blackmagic Design\DaVinci Resolve\Electron\electron.exe"" --type=gpu-process --user-data-dir=""C:\Users\Administrator\AppData\Roaming\Clackly Workflow Plugin"" --gpu-preferences=UAAAAAAAAADgAAAEAAAAAAAAAAAAAAAAAABgAAEAAAAAAAAAAAAAAAAAAAACAAAAAAAAAAAAAAAAAAAAAAAAABAAAAAAAAAAEAAAAAAAAAAIAAAAAAAAAAgAAAAAAAAA --field-trial-handle=2052,i,1902401934711968788,10771921903358981166,262144 --enable-features=PdfUseShowSaveFilePicker --disable-features=SpareRendererForSitePerProcess,WinDelaySpellcheckServiceInit --variations-seed-version --mojo-platform-channel-handle=1308 /prefetch:2","localhost","1c25745a-099c-4e52-a661-cbbeeb4afd5a","False","6817de06-043c-4455-b581-bafcd58a7080"
"2026-08-05T11:23:55.5150458+08:00","955.741","105484","5324","electron.exe","2026/8/5 11:23:35","0.094","48.9","""C:\Program Files\Blackmagic Design\DaVinci Resolve\Electron\electron.exe"" --type=utility --utility-sub-type=network.mojom.NetworkService --lang=zh-CN --service-sandbox-type=none --user-data-dir=""C:\Users\Administrator\AppData\Roaming\Clackly Workflow Plugin"" --field-trial-handle=2052,i,1902401934711968788,10771921903358981166,262144 --enable-features=PdfUseShowSaveFilePicker --disable-features=SpareRendererForSitePerProcess,WinDelaySpellcheckServiceInit --variations-seed-version --mojo-platform-channel-handle=2280 /prefetch:11","localhost","1c25745a-099c-4e52-a661-cbbeeb4afd5a","False","6817de06-043c-4455-b581-bafcd58a7080"
"2026-08-05T11:23:55.5150458+08:00","955.767","15124","5324","electron.exe","2026/8/5 11:23:35","0.188","87.7","""C:\Program Files\Blackmagic Design\DaVinci Resolve\Electron\electron.exe"" --type=renderer --user-data-dir=""C:\Users\Administrator\AppData\Roaming\Clackly Workflow Plugin"" --app-path=""C:\ProgramData\Blackmagic Design\DaVinci Resolve\Support\Workflow Integration Plugins\com.wutpeach.clackly\workflow-plugin"" --no-sandbox --no-zygote --video-capture-use-gpu-memory-buffer --lang=zh-CN --device-scale-factor=1 --num-raster-threads=4 --enable-main-frame-before-activation --renderer-client-id=4 --time-ticks-at-unix-epoch=-1783908255993642 --launch-time-ticks=1991959305521 --field-trial-handle=2052,i,1902401934711968788,10771921903358981166,262144 --enable-features=PdfUseShowSaveFilePicker --disable-features=SpareRendererForSitePerProcess,WinDelaySpellcheckServiceInit --variations-seed-version --mojo-platform-channel-handle=3308 /prefetch:1","localhost","1c25745a-099c-4e52-a661-cbbeeb4afd5a","False","6817de06-043c-4455-b581-bafcd58a7080"
"2026-08-05T11:23:57.5243102+08:00","1114.867","95960","99316","Resolve.exe","2026/8/5 11:22:38","93.312","2566","""C:\Program Files\Blackmagic Design\DaVinci Resolve\Resolve.exe"" ","localhost","1c25745a-099c-4e52-a661-cbbeeb4afd5a","False","6817de06-043c-4455-b581-bafcd58a7080"
"2026-08-05T11:23:57.5243102+08:00","1114.942","5324","95960","electron.exe","2026/8/5 11:23:34","0.531","105.7","""C:/Program Files/Blackmagic Design/DaVinci Resolve\Electron\electron.exe"" ""C:\ProgramData\Blackmagic Design\DaVinci Resolve\Support\Workflow Integration Plugins\com.wutpeach.clackly\workflow-plugin/main.js"" --plugin-id=com.wutpeach.clackly","localhost","1c25745a-099c-4e52-a661-cbbeeb4afd5a","False","6817de06-043c-4455-b581-bafcd58a7080"
"2026-08-05T11:23:57.5243102+08:00","1114.972","59400","5324","electron.exe","2026/8/5 11:23:35","0.875","112","""C:\Program Files\Blackmagic Design\DaVinci Resolve\Electron\electron.exe"" --type=gpu-process --user-data-dir=""C:\Users\Administrator\AppData\Roaming\Clackly Workflow Plugin"" --gpu-preferences=UAAAAAAAAADgAAAEAAAAAAAAAAAAAAAAAABgAAEAAAAAAAAAAAAAAAAAAAACAAAAAAAAAAAAAAAAAAAAAAAAABAAAAAAAAAAEAAAAAAAAAAIAAAAAAAAAAgAAAAAAAAA --field-trial-handle=2052,i,1902401934711968788,10771921903358981166,262144 --enable-features=PdfUseShowSaveFilePicker --disable-features=SpareRendererForSitePerProcess,WinDelaySpellcheckServiceInit --variations-seed-version --mojo-platform-channel-handle=1308 /prefetch:2","localhost","1c25745a-099c-4e52-a661-cbbeeb4afd5a","False","6817de06-043c-4455-b581-bafcd58a7080"
"2026-08-05T11:23:57.5243102+08:00","1114.998","105484","5324","electron.exe","2026/8/5 11:23:35","0.094","48.9","""C:\Program Files\Blackmagic Design\DaVinci Resolve\Electron\electron.exe"" --type=utility --utility-sub-type=network.mojom.NetworkService --lang=zh-CN --service-sandbox-type=none --user-data-dir=""C:\Users\Administrator\AppData\Roaming\Clackly Workflow Plugin"" --field-trial-handle=2052,i,1902401934711968788,10771921903358981166,262144 --enable-features=PdfUseShowSaveFilePicker --disable-features=SpareRendererForSitePerProcess,WinDelaySpellcheckServiceInit --variations-seed-version --mojo-platform-channel-handle=2280 /prefetch:11","localhost","1c25745a-099c-4e52-a661-cbbeeb4afd5a","False","6817de06-043c-4455-b581-bafcd58a7080"
"2026-08-05T11:23:57.5243102+08:00","1115.023","15124","5324","electron.exe","2026/8/5 11:23:35","0.188","87.7","""C:\Program Files\Blackmagic Design\DaVinci Resolve\Electron\electron.exe"" --type=renderer --user-data-dir=""C:\Users\Administrator\AppData\Roaming\Clackly Workflow Plugin"" --app-path=""C:\ProgramData\Blackmagic Design\DaVinci Resolve\Support\Workflow Integration Plugins\com.wutpeach.clackly\workflow-plugin"" --no-sandbox --no-zygote --video-capture-use-gpu-memory-buffer --lang=zh-CN --device-scale-factor=1 --num-raster-threads=4 --enable-main-frame-before-activation --renderer-client-id=4 --time-ticks-at-unix-epoch=-1783908255993642 --launch-time-ticks=1991959305521 --field-trial-handle=2052,i,1902401934711968788,10771921903358981166,262144 --enable-features=PdfUseShowSaveFilePicker --disable-features=SpareRendererForSitePerProcess,WinDelaySpellcheckServiceInit --variations-seed-version --mojo-platform-channel-handle=3308 /prefetch:1","localhost","1c25745a-099c-4e52-a661-cbbeeb4afd5a","False","6817de06-043c-4455-b581-bafcd58a7080"
"2026-08-05T11:23:59.5365408+08:00","1122.848","95960","99316","Resolve.exe","2026/8/5 11:22:38","95.938","2598.6","""C:\Program Files\Blackmagic Design\DaVinci Resolve\Resolve.exe"" ","localhost","1c25745a-099c-4e52-a661-cbbeeb4afd5a","False","6817de06-043c-4455-b581-bafcd58a7080"
"2026-08-05T11:23:59.5365408+08:00","1122.935","5324","95960","electron.exe","2026/8/5 11:23:34","0.531","105.7","""C:/Program Files/Blackmagic Design/DaVinci Resolve\Electron\electron.exe"" ""C:\ProgramData\Blackmagic Design\DaVinci Resolve\Support\Workflow Integration Plugins\com.wutpeach.clackly\workflow-plugin/main.js"" --plugin-id=com.wutpeach.clackly","localhost","1c25745a-099c-4e52-a661-cbbeeb4afd5a","False","6817de06-043c-4455-b581-bafcd58a7080"
"2026-08-05T11:23:59.5365408+08:00","1122.963","59400","5324","electron.exe","2026/8/5 11:23:35","0.875","112","""C:\Program Files\Blackmagic Design\DaVinci Resolve\Electron\electron.exe"" --type=gpu-process --user-data-dir=""C:\Users\Administrator\AppData\Roaming\Clackly Workflow Plugin"" --gpu-preferences=UAAAAAAAAADgAAAEAAAAAAAAAAAAAAAAAABgAAEAAAAAAAAAAAAAAAAAAAACAAAAAAAAAAAAAAAAAAAAAAAAABAAAAAAAAAAEAAAAAAAAAAIAAAAAAAAAAgAAAAAAAAA --field-trial-handle=2052,i,1902401934711968788,10771921903358981166,262144 --enable-features=PdfUseShowSaveFilePicker --disable-features=SpareRendererForSitePerProcess,WinDelaySpellcheckServiceInit --variations-seed-version --mojo-platform-channel-handle=1308 /prefetch:2","localhost","1c25745a-099c-4e52-a661-cbbeeb4afd5a","False","6817de06-043c-4455-b581-bafcd58a7080"
"2026-08-05T11:23:59.5365408+08:00","1122.989","105484","5324","electron.exe","2026/8/5 11:23:35","0.094","48.9","""C:\Program Files\Blackmagic Design\DaVinci Resolve\Electron\electron.exe"" --type=utility --utility-sub-type=network.mojom.NetworkService --lang=zh-CN --service-sandbox-type=none --user-data-dir=""C:\Users\Administrator\AppData\Roaming\Clackly Workflow Plugin"" --field-trial-handle=2052,i,1902401934711968788,10771921903358981166,262144 --enable-features=PdfUseShowSaveFilePicker --disable-features=SpareRendererForSitePerProcess,WinDelaySpellcheckServiceInit --variations-seed-version --mojo-platform-channel-handle=2280 /prefetch:11","localhost","1c25745a-099c-4e52-a661-cbbeeb4afd5a","False","6817de06-043c-4455-b581-bafcd58a7080"
"2026-08-05T11:23:59.5365408+08:00","1123.014","15124","5324","electron.exe","2026/8/5 11:23:35","0.188","87.7","""C:\Program Files\Blackmagic Design\DaVinci Resolve\Electron\electron.exe"" --type=renderer --user-data-dir=""C:\Users\Administrator\AppData\Roaming\Clackly Workflow Plugin"" --app-path=""C:\ProgramData\Blackmagic Design\DaVinci Resolve\Support\Workflow Integration Plugins\com.wutpeach.clackly\workflow-plugin"" --no-sandbox --no-zygote --video-capture-use-gpu-memory-buffer --lang=zh-CN --device-scale-factor=1 --num-raster-threads=4 --enable-main-frame-before-activation --renderer-client-id=4 --time-ticks-at-unix-epoch=-1783908255993642 --launch-time-ticks=1991959305521 --field-trial-handle=2052,i,1902401934711968788,10771921903358981166,262144 --enable-features=PdfUseShowSaveFilePicker --disable-features=SpareRendererForSitePerProcess,WinDelaySpellcheckServiceInit --variations-seed-version --mojo-platform-channel-handle=3308 /prefetch:1","localhost","1c25745a-099c-4e52-a661-cbbeeb4afd5a","False","6817de06-043c-4455-b581-bafcd58a7080"
"2026-08-05T11:24:01.5511301+08:00","996.124","95960","99316","Resolve.exe","2026/8/5 11:22:38","97.672","2602.5","""C:\Program Files\Blackmagic Design\DaVinci Resolve\Resolve.exe"" ","localhost","1c25745a-099c-4e52-a661-cbbeeb4afd5a","False","6817de06-043c-4455-b581-bafcd58a7080"
"2026-08-05T11:24:01.5511301+08:00","996.209","5324","95960","electron.exe","2026/8/5 11:23:34","0.531","105.7","""C:/Program Files/Blackmagic Design/DaVinci Resolve\Electron\electron.exe"" ""C:\ProgramData\Blackmagic Design\DaVinci Resolve\Support\Workflow Integration Plugins\com.wutpeach.clackly\workflow-plugin/main.js"" --plugin-id=com.wutpeach.clackly","localhost","1c25745a-099c-4e52-a661-cbbeeb4afd5a","False","6817de06-043c-4455-b581-bafcd58a7080"
"2026-08-05T11:24:01.5511301+08:00","996.238","59400","5324","electron.exe","2026/8/5 11:23:35","0.875","112","""C:\Program Files\Blackmagic Design\DaVinci Resolve\Electron\electron.exe"" --type=gpu-process --user-data-dir=""C:\Users\Administrator\AppData\Roaming\Clackly Workflow Plugin"" --gpu-preferences=UAAAAAAAAADgAAAEAAAAAAAAAAAAAAAAAABgAAEAAAAAAAAAAAAAAAAAAAACAAAAAAAAAAAAAAAAAAAAAAAAABAAAAAAAAAAEAAAAAAAAAAIAAAAAAAAAAgAAAAAAAAA --field-trial-handle=2052,i,1902401934711968788,10771921903358981166,262144 --enable-features=PdfUseShowSaveFilePicker --disable-features=SpareRendererForSitePerProcess,WinDelaySpellcheckServiceInit --variations-seed-version --mojo-platform-channel-handle=1308 /prefetch:2","localhost","1c25745a-099c-4e52-a661-cbbeeb4afd5a","False","6817de06-043c-4455-b581-bafcd58a7080"
"2026-08-05T11:24:01.5511301+08:00","996.267","105484","5324","electron.exe","2026/8/5 11:23:35","0.094","48.9","""C:\Program Files\Blackmagic Design\DaVinci Resolve\Electron\electron.exe"" --type=utility --utility-sub-type=network.mojom.NetworkService --lang=zh-CN --service-sandbox-type=none --user-data-dir=""C:\Users\Administrator\AppData\Roaming\Clackly Workflow Plugin"" --field-trial-handle=2052,i,1902401934711968788,10771921903358981166,262144 --enable-features=PdfUseShowSaveFilePicker --disable-features=SpareRendererForSitePerProcess,WinDelaySpellcheckServiceInit --variations-seed-version --mojo-platform-channel-handle=2280 /prefetch:11","localhost","1c25745a-099c-4e52-a661-cbbeeb4afd5a","False","6817de06-043c-4455-b581-bafcd58a7080"
"2026-08-05T11:24:01.5511301+08:00","996.302","15124","5324","electron.exe","2026/8/5 11:23:35","0.188","87.7","""C:\Program Files\Blackmagic Design\DaVinci Resolve\Electron\electron.exe"" --type=renderer --user-data-dir=""C:\Users\Administrator\AppData\Roaming\Clackly Workflow Plugin"" --app-path=""C:\ProgramData\Blackmagic Design\DaVinci Resolve\Support\Workflow Integration Plugins\com.wutpeach.clackly\workflow-plugin"" --no-sandbox --no-zygote --video-capture-use-gpu-memory-buffer --lang=zh-CN --device-scale-factor=1 --num-raster-threads=4 --enable-main-frame-before-activation --renderer-client-id=4 --time-ticks-at-unix-epoch=-1783908255993642 --launch-time-ticks=1991959305521 --field-trial-handle=2052,i,1902401934711968788,10771921903358981166,262144 --enable-features=PdfUseShowSaveFilePicker --disable-features=SpareRendererForSitePerProcess,WinDelaySpellcheckServiceInit --variations-seed-version --mojo-platform-channel-handle=3308 /prefetch:1","localhost","1c25745a-099c-4e52-a661-cbbeeb4afd5a","False","6817de06-043c-4455-b581-bafcd58a7080"
"2026-08-05T11:24:03.5511977+08:00","1026.23","95960","99316","Resolve.exe","2026/8/5 11:22:38","98.094","2600.1","""C:\Program Files\Blackmagic Design\DaVinci Resolve\Resolve.exe"" ","localhost","1c25745a-099c-4e52-a661-cbbeeb4afd5a","False","6817de06-043c-4455-b581-bafcd58a7080"
"2026-08-05T11:24:03.5511977+08:00","1026.331","5324","95960","electron.exe","2026/8/5 11:23:34","0.531","105.7","""C:/Program Files/Blackmagic Design/DaVinci Resolve\Electron\electron.exe"" ""C:\ProgramData\Blackmagic Design\DaVinci Resolve\Support\Workflow Integration Plugins\com.wutpeach.clackly\workflow-plugin/main.js"" --plugin-id=com.wutpeach.clackly","localhost","1c25745a-099c-4e52-a661-cbbeeb4afd5a","False","6817de06-043c-4455-b581-bafcd58a7080"
"2026-08-05T11:24:03.5511977+08:00","1026.366","59400","5324","electron.exe","2026/8/5 11:23:35","0.875","112","""C:\Program Files\Blackmagic Design\DaVinci Resolve\Electron\electron.exe"" --type=gpu-process --user-data-dir=""C:\Users\Administrator\AppData\Roaming\Clackly Workflow Plugin"" --gpu-preferences=UAAAAAAAAADgAAAEAAAAAAAAAAAAAAAAAABgAAEAAAAAAAAAAAAAAAAAAAACAAAAAAAAAAAAAAAAAAAAAAAAABAAAAAAAAAAEAAAAAAAAAAIAAAAAAAAAAgAAAAAAAAA --field-trial-handle=2052,i,1902401934711968788,10771921903358981166,262144 --enable-features=PdfUseShowSaveFilePicker --disable-features=SpareRendererForSitePerProcess,WinDelaySpellcheckServiceInit --variations-seed-version --mojo-platform-channel-handle=1308 /prefetch:2","localhost","1c25745a-099c-4e52-a661-cbbeeb4afd5a","False","6817de06-043c-4455-b581-bafcd58a7080"
"2026-08-05T11:24:03.5511977+08:00","1026.402","105484","5324","electron.exe","2026/8/5 11:23:35","0.094","48.9","""C:\Program Files\Blackmagic Design\DaVinci Resolve\Electron\electron.exe"" --type=utility --utility-sub-type=network.mojom.NetworkService --lang=zh-CN --service-sandbox-type=none --user-data-dir=""C:\Users\Administrator\AppData\Roaming\Clackly Workflow Plugin"" --field-trial-handle=2052,i,1902401934711968788,10771921903358981166,262144 --enable-features=PdfUseShowSaveFilePicker --disable-features=SpareRendererForSitePerProcess,WinDelaySpellcheckServiceInit --variations-seed-version --mojo-platform-channel-handle=2280 /prefetch:11","localhost","1c25745a-099c-4e52-a661-cbbeeb4afd5a","False","6817de06-043c-4455-b581-bafcd58a7080"
"2026-08-05T11:24:03.5511977+08:00","1026.436","15124","5324","electron.exe","2026/8/5 11:23:35","0.188","87.7","""C:\Program Files\Blackmagic Design\DaVinci Resolve\Electron\electron.exe"" --type=renderer --user-data-dir=""C:\Users\Administrator\AppData\Roaming\Clackly Workflow Plugin"" --app-path=""C:\ProgramData\Blackmagic Design\DaVinci Resolve\Support\Workflow Integration Plugins\com.wutpeach.clackly\workflow-plugin"" --no-sandbox --no-zygote --video-capture-use-gpu-memory-buffer --lang=zh-CN --device-scale-factor=1 --num-raster-threads=4 --enable-main-frame-before-activation --renderer-client-id=4 --time-ticks-at-unix-epoch=-1783908255993642 --launch-time-ticks=1991959305521 --field-trial-handle=2052,i,1902401934711968788,10771921903358981166,262144 --enable-features=PdfUseShowSaveFilePicker --disable-features=SpareRendererForSitePerProcess,WinDelaySpellcheckServiceInit --variations-seed-version --mojo-platform-channel-handle=3308 /prefetch:1","localhost","1c25745a-099c-4e52-a661-cbbeeb4afd5a","False","6817de06-043c-4455-b581-bafcd58a7080"
"2026-08-05T11:24:05.5613702+08:00","1066.459","95960","99316","Resolve.exe","2026/8/5 11:22:38","101.188","2602.7","""C:\Program Files\Blackmagic Design\DaVinci Resolve\Resolve.exe"" ","localhost","1c25745a-099c-4e52-a661-cbbeeb4afd5a","False","6817de06-043c-4455-b581-bafcd58a7080"
"2026-08-05T11:24:05.5613702+08:00","1066.542","5324","95960","electron.exe","2026/8/5 11:23:34","0.531","105.7","""C:/Program Files/Blackmagic Design/DaVinci Resolve\Electron\electron.exe"" ""C:\ProgramData\Blackmagic Design\DaVinci Resolve\Support\Workflow Integration Plugins\com.wutpeach.clackly\workflow-plugin/main.js"" --plugin-id=com.wutpeach.clackly","localhost","1c25745a-099c-4e52-a661-cbbeeb4afd5a","False","6817de06-043c-4455-b581-bafcd58a7080"
"2026-08-05T11:24:05.5613702+08:00","1066.57","59400","5324","electron.exe","2026/8/5 11:23:35","0.875","112","""C:\Program Files\Blackmagic Design\DaVinci Resolve\Electron\electron.exe"" --type=gpu-process --user-data-dir=""C:\Users\Administrator\AppData\Roaming\Clackly Workflow Plugin"" --gpu-preferences=UAAAAAAAAADgAAAEAAAAAAAAAAAAAAAAAABgAAEAAAAAAAAAAAAAAAAAAAACAAAAAAAAAAAAAAAAAAAAAAAAABAAAAAAAAAAEAAAAAAAAAAIAAAAAAAAAAgAAAAAAAAA --field-trial-handle=2052,i,1902401934711968788,10771921903358981166,262144 --enable-features=PdfUseShowSaveFilePicker --disable-features=SpareRendererForSitePerProcess,WinDelaySpellcheckServiceInit --variations-seed-version --mojo-platform-channel-handle=1308 /prefetch:2","localhost","1c25745a-099c-4e52-a661-cbbeeb4afd5a","False","6817de06-043c-4455-b581-bafcd58a7080"
"2026-08-05T11:24:05.5613702+08:00","1066.596","105484","5324","electron.exe","2026/8/5 11:23:35","0.094","48.9","""C:\Program Files\Blackmagic Design\DaVinci Resolve\Electron\electron.exe"" --type=utility --utility-sub-type=network.mojom.NetworkService --lang=zh-CN --service-sandbox-type=none --user-data-dir=""C:\Users\Administrator\AppData\Roaming\Clackly Workflow Plugin"" --field-trial-handle=2052,i,1902401934711968788,10771921903358981166,262144 --enable-features=PdfUseShowSaveFilePicker --disable-features=SpareRendererForSitePerProcess,WinDelaySpellcheckServiceInit --variations-seed-version --mojo-platform-channel-handle=2280 /prefetch:11","localhost","1c25745a-099c-4e52-a661-cbbeeb4afd5a","False","6817de06-043c-4455-b581-bafcd58a7080"
"2026-08-05T11:24:05.5613702+08:00","1066.621","15124","5324","electron.exe","2026/8/5 11:23:35","0.188","88","""C:\Program Files\Blackmagic Design\DaVinci Resolve\Electron\electron.exe"" --type=renderer --user-data-dir=""C:\Users\Administrator\AppData\Roaming\Clackly Workflow Plugin"" --app-path=""C:\ProgramData\Blackmagic Design\DaVinci Resolve\Support\Workflow Integration Plugins\com.wutpeach.clackly\workflow-plugin"" --no-sandbox --no-zygote --video-capture-use-gpu-memory-buffer --lang=zh-CN --device-scale-factor=1 --num-raster-threads=4 --enable-main-frame-before-activation --renderer-client-id=4 --time-ticks-at-unix-epoch=-1783908255993642 --launch-time-ticks=1991959305521 --field-trial-handle=2052,i,1902401934711968788,10771921903358981166,262144 --enable-features=PdfUseShowSaveFilePicker --disable-features=SpareRendererForSitePerProcess,WinDelaySpellcheckServiceInit --variations-seed-version --mojo-platform-channel-handle=3308 /prefetch:1","localhost","1c25745a-099c-4e52-a661-cbbeeb4afd5a","False","6817de06-043c-4455-b581-bafcd58a7080"
"2026-08-05T11:24:07.5752659+08:00","1045.415","95960","99316","Resolve.exe","2026/8/5 11:22:38","104.344","2605.5","""C:\Program Files\Blackmagic Design\DaVinci Resolve\Resolve.exe"" ","localhost","1c25745a-099c-4e52-a661-cbbeeb4afd5a","False","6817de06-043c-4455-b581-bafcd58a7080"
"2026-08-05T11:24:07.5752659+08:00","1045.491","5324","95960","electron.exe","2026/8/5 11:23:34","0.531","105.7","""C:/Program Files/Blackmagic Design/DaVinci Resolve\Electron\electron.exe"" ""C:\ProgramData\Blackmagic Design\DaVinci Resolve\Support\Workflow Integration Plugins\com.wutpeach.clackly\workflow-plugin/main.js"" --plugin-id=com.wutpeach.clackly","localhost","1c25745a-099c-4e52-a661-cbbeeb4afd5a","False","6817de06-043c-4455-b581-bafcd58a7080"
"2026-08-05T11:24:07.5752659+08:00","1045.518","59400","5324","electron.exe","2026/8/5 11:23:35","0.875","112","""C:\Program Files\Blackmagic Design\DaVinci Resolve\Electron\electron.exe"" --type=gpu-process --user-data-dir=""C:\Users\Administrator\AppData\Roaming\Clackly Workflow Plugin"" --gpu-preferences=UAAAAAAAAADgAAAEAAAAAAAAAAAAAAAAAABgAAEAAAAAAAAAAAAAAAAAAAACAAAAAAAAAAAAAAAAAAAAAAAAABAAAAAAAAAAEAAAAAAAAAAIAAAAAAAAAAgAAAAAAAAA --field-trial-handle=2052,i,1902401934711968788,10771921903358981166,262144 --enable-features=PdfUseShowSaveFilePicker --disable-features=SpareRendererForSitePerProcess,WinDelaySpellcheckServiceInit --variations-seed-version --mojo-platform-channel-handle=1308 /prefetch:2","localhost","1c25745a-099c-4e52-a661-cbbeeb4afd5a","False","6817de06-043c-4455-b581-bafcd58a7080"
"2026-08-05T11:24:07.5752659+08:00","1045.544","105484","5324","electron.exe","2026/8/5 11:23:35","0.094","48.9","""C:\Program Files\Blackmagic Design\DaVinci Resolve\Electron\electron.exe"" --type=utility --utility-sub-type=network.mojom.NetworkService --lang=zh-CN --service-sandbox-type=none --user-data-dir=""C:\Users\Administrator\AppData\Roaming\Clackly Workflow Plugin"" --field-trial-handle=2052,i,1902401934711968788,10771921903358981166,262144 --enable-features=PdfUseShowSaveFilePicker --disable-features=SpareRendererForSitePerProcess,WinDelaySpellcheckServiceInit --variations-seed-version --mojo-platform-channel-handle=2280 /prefetch:11","localhost","1c25745a-099c-4e52-a661-cbbeeb4afd5a","False","6817de06-043c-4455-b581-bafcd58a7080"
"2026-08-05T11:24:07.5752659+08:00","1045.57","15124","5324","electron.exe","2026/8/5 11:23:35","0.188","88","""C:\Program Files\Blackmagic Design\DaVinci Resolve\Electron\electron.exe"" --type=renderer --user-data-dir=""C:\Users\Administrator\AppData\Roaming\Clackly Workflow Plugin"" --app-path=""C:\ProgramData\Blackmagic Design\DaVinci Resolve\Support\Workflow Integration Plugins\com.wutpeach.clackly\workflow-plugin"" --no-sandbox --no-zygote --video-capture-use-gpu-memory-buffer --lang=zh-CN --device-scale-factor=1 --num-raster-threads=4 --enable-main-frame-before-activation --renderer-client-id=4 --time-ticks-at-unix-epoch=-1783908255993642 --launch-time-ticks=1991959305521 --field-trial-handle=2052,i,1902401934711968788,10771921903358981166,262144 --enable-features=PdfUseShowSaveFilePicker --disable-features=SpareRendererForSitePerProcess,WinDelaySpellcheckServiceInit --variations-seed-version --mojo-platform-channel-handle=3308 /prefetch:1","localhost","1c25745a-099c-4e52-a661-cbbeeb4afd5a","False","6817de06-043c-4455-b581-bafcd58a7080"
"2026-08-05T11:24:09.5755978+08:00","1094.718","95960","99316","Resolve.exe","2026/8/5 11:22:38","105.281","2607.4","""C:\Program Files\Blackmagic Design\DaVinci Resolve\Resolve.exe"" ","localhost","1c25745a-099c-4e52-a661-cbbeeb4afd5a","False","6817de06-043c-4455-b581-bafcd58a7080"
"2026-08-05T11:24:09.5755978+08:00","1094.799","5324","95960","electron.exe","2026/8/5 11:23:34","0.547","105.7","""C:/Program Files/Blackmagic Design/DaVinci Resolve\Electron\electron.exe"" ""C:\ProgramData\Blackmagic Design\DaVinci Resolve\Support\Workflow Integration Plugins\com.wutpeach.clackly\workflow-plugin/main.js"" --plugin-id=com.wutpeach.clackly","localhost","1c25745a-099c-4e52-a661-cbbeeb4afd5a","False","6817de06-043c-4455-b581-bafcd58a7080"
"2026-08-05T11:24:09.5755978+08:00","1094.827","59400","5324","electron.exe","2026/8/5 11:23:35","0.891","112","""C:\Program Files\Blackmagic Design\DaVinci Resolve\Electron\electron.exe"" --type=gpu-process --user-data-dir=""C:\Users\Administrator\AppData\Roaming\Clackly Workflow Plugin"" --gpu-preferences=UAAAAAAAAADgAAAEAAAAAAAAAAAAAAAAAABgAAEAAAAAAAAAAAAAAAAAAAACAAAAAAAAAAAAAAAAAAAAAAAAABAAAAAAAAAAEAAAAAAAAAAIAAAAAAAAAAgAAAAAAAAA --field-trial-handle=2052,i,1902401934711968788,10771921903358981166,262144 --enable-features=PdfUseShowSaveFilePicker --disable-features=SpareRendererForSitePerProcess,WinDelaySpellcheckServiceInit --variations-seed-version --mojo-platform-channel-handle=1308 /prefetch:2","localhost","1c25745a-099c-4e52-a661-cbbeeb4afd5a","False","6817de06-043c-4455-b581-bafcd58a7080"
"2026-08-05T11:24:09.5755978+08:00","1094.852","105484","5324","electron.exe","2026/8/5 11:23:35","0.094","48.9","""C:\Program Files\Blackmagic Design\DaVinci Resolve\Electron\electron.exe"" --type=utility --utility-sub-type=network.mojom.NetworkService --lang=zh-CN --service-sandbox-type=none --user-data-dir=""C:\Users\Administrator\AppData\Roaming\Clackly Workflow Plugin"" --field-trial-handle=2052,i,1902401934711968788,10771921903358981166,262144 --enable-features=PdfUseShowSaveFilePicker --disable-features=SpareRendererForSitePerProcess,WinDelaySpellcheckServiceInit --variations-seed-version --mojo-platform-channel-handle=2280 /prefetch:11","localhost","1c25745a-099c-4e52-a661-cbbeeb4afd5a","False","6817de06-043c-4455-b581-bafcd58a7080"
"2026-08-05T11:24:09.5755978+08:00","1094.878","15124","5324","electron.exe","2026/8/5 11:23:35","0.188","88","""C:\Program Files\Blackmagic Design\DaVinci Resolve\Electron\electron.exe"" --type=renderer --user-data-dir=""C:\Users\Administrator\AppData\Roaming\Clackly Workflow Plugin"" --app-path=""C:\ProgramData\Blackmagic Design\DaVinci Resolve\Support\Workflow Integration Plugins\com.wutpeach.clackly\workflow-plugin"" --no-sandbox --no-zygote --video-capture-use-gpu-memory-buffer --lang=zh-CN --device-scale-factor=1 --num-raster-threads=4 --enable-main-frame-before-activation --renderer-client-id=4 --time-ticks-at-unix-epoch=-1783908255993642 --launch-time-ticks=1991959305521 --field-trial-handle=2052,i,1902401934711968788,10771921903358981166,262144 --enable-features=PdfUseShowSaveFilePicker --disable-features=SpareRendererForSitePerProcess,WinDelaySpellcheckServiceInit --variations-seed-version --mojo-platform-channel-handle=3308 /prefetch:1","localhost","1c25745a-099c-4e52-a661-cbbeeb4afd5a","False","6817de06-043c-4455-b581-bafcd58a7080"
"2026-08-05T11:24:11.5853070+08:00","1058.23","95960","99316","Resolve.exe","2026/8/5 11:22:38","108.781","2637.5","""C:\Program Files\Blackmagic Design\DaVinci Resolve\Resolve.exe"" ","localhost","1c25745a-099c-4e52-a661-cbbeeb4afd5a","False","6817de06-043c-4455-b581-bafcd58a7080"
"2026-08-05T11:24:11.5853070+08:00","1058.314","5324","95960","electron.exe","2026/8/5 11:23:34","0.547","105.7","""C:/Program Files/Blackmagic Design/DaVinci Resolve\Electron\electron.exe"" ""C:\ProgramData\Blackmagic Design\DaVinci Resolve\Support\Workflow Integration Plugins\com.wutpeach.clackly\workflow-plugin/main.js"" --plugin-id=com.wutpeach.clackly","localhost","1c25745a-099c-4e52-a661-cbbeeb4afd5a","False","6817de06-043c-4455-b581-bafcd58a7080"
"2026-08-05T11:24:11.5853070+08:00","1058.342","59400","5324","electron.exe","2026/8/5 11:23:35","0.891","112","""C:\Program Files\Blackmagic Design\DaVinci Resolve\Electron\electron.exe"" --type=gpu-process --user-data-dir=""C:\Users\Administrator\AppData\Roaming\Clackly Workflow Plugin"" --gpu-preferences=UAAAAAAAAADgAAAEAAAAAAAAAAAAAAAAAABgAAEAAAAAAAAAAAAAAAAAAAACAAAAAAAAAAAAAAAAAAAAAAAAABAAAAAAAAAAEAAAAAAAAAAIAAAAAAAAAAgAAAAAAAAA --field-trial-handle=2052,i,1902401934711968788,10771921903358981166,262144 --enable-features=PdfUseShowSaveFilePicker --disable-features=SpareRendererForSitePerProcess,WinDelaySpellcheckServiceInit --variations-seed-version --mojo-platform-channel-handle=1308 /prefetch:2","localhost","1c25745a-099c-4e52-a661-cbbeeb4afd5a","False","6817de06-043c-4455-b581-bafcd58a7080"
"2026-08-05T11:24:11.5853070+08:00","1058.367","105484","5324","electron.exe","2026/8/5 11:23:35","0.094","48.9","""C:\Program Files\Blackmagic Design\DaVinci Resolve\Electron\electron.exe"" --type=utility --utility-sub-type=network.mojom.NetworkService --lang=zh-CN --service-sandbox-type=none --user-data-dir=""C:\Users\Administrator\AppData\Roaming\Clackly Workflow Plugin"" --field-trial-handle=2052,i,1902401934711968788,10771921903358981166,262144 --enable-features=PdfUseShowSaveFilePicker --disable-features=SpareRendererForSitePerProcess,WinDelaySpellcheckServiceInit --variations-seed-version --mojo-platform-channel-handle=2280 /prefetch:11","localhost","1c25745a-099c-4e52-a661-cbbeeb4afd5a","False","6817de06-043c-4455-b581-bafcd58a7080"
"2026-08-05T11:24:11.5853070+08:00","1058.392","15124","5324","electron.exe","2026/8/5 11:23:35","0.188","88","""C:\Program Files\Blackmagic Design\DaVinci Resolve\Electron\electron.exe"" --type=renderer --user-data-dir=""C:\Users\Administrator\AppData\Roaming\Clackly Workflow Plugin"" --app-path=""C:\ProgramData\Blackmagic Design\DaVinci Resolve\Support\Workflow Integration Plugins\com.wutpeach.clackly\workflow-plugin"" --no-sandbox --no-zygote --video-capture-use-gpu-memory-buffer --lang=zh-CN --device-scale-factor=1 --num-raster-threads=4 --enable-main-frame-before-activation --renderer-client-id=4 --time-ticks-at-unix-epoch=-1783908255993642 --launch-time-ticks=1991959305521 --field-trial-handle=2052,i,1902401934711968788,10771921903358981166,262144 --enable-features=PdfUseShowSaveFilePicker --disable-features=SpareRendererForSitePerProcess,WinDelaySpellcheckServiceInit --variations-seed-version --mojo-platform-channel-handle=3308 /prefetch:1","localhost","1c25745a-099c-4e52-a661-cbbeeb4afd5a","False","6817de06-043c-4455-b581-bafcd58a7080"
"2026-08-05T11:24:13.5974865+08:00","953.84","95960","99316","Resolve.exe","2026/8/5 11:22:38","109.359","2636.1","""C:\Program Files\Blackmagic Design\DaVinci Resolve\Resolve.exe"" ","localhost","1c25745a-099c-4e52-a661-cbbeeb4afd5a","False","6817de06-043c-4455-b581-bafcd58a7080"
"2026-08-05T11:24:13.5974865+08:00","953.961","5324","95960","electron.exe","2026/8/5 11:23:34","0.547","105.7","""C:/Program Files/Blackmagic Design/DaVinci Resolve\Electron\electron.exe"" ""C:\ProgramData\Blackmagic Design\DaVinci Resolve\Support\Workflow Integration Plugins\com.wutpeach.clackly\workflow-plugin/main.js"" --plugin-id=com.wutpeach.clackly","localhost","1c25745a-099c-4e52-a661-cbbeeb4afd5a","False","6817de06-043c-4455-b581-bafcd58a7080"
"2026-08-05T11:24:13.5974865+08:00","954.001","59400","5324","electron.exe","2026/8/5 11:23:35","0.891","112","""C:\Program Files\Blackmagic Design\DaVinci Resolve\Electron\electron.exe"" --type=gpu-process --user-data-dir=""C:\Users\Administrator\AppData\Roaming\Clackly Workflow Plugin"" --gpu-preferences=UAAAAAAAAADgAAAEAAAAAAAAAAAAAAAAAABgAAEAAAAAAAAAAAAAAAAAAAACAAAAAAAAAAAAAAAAAAAAAAAAABAAAAAAAAAAEAAAAAAAAAAIAAAAAAAAAAgAAAAAAAAA --field-trial-handle=2052,i,1902401934711968788,10771921903358981166,262144 --enable-features=PdfUseShowSaveFilePicker --disable-features=SpareRendererForSitePerProcess,WinDelaySpellcheckServiceInit --variations-seed-version --mojo-platform-channel-handle=1308 /prefetch:2","localhost","1c25745a-099c-4e52-a661-cbbeeb4afd5a","False","6817de06-043c-4455-b581-bafcd58a7080"
"2026-08-05T11:24:13.5974865+08:00","954.032","105484","5324","electron.exe","2026/8/5 11:23:35","0.094","48.9","""C:\Program Files\Blackmagic Design\DaVinci Resolve\Electron\electron.exe"" --type=utility --utility-sub-type=network.mojom.NetworkService --lang=zh-CN --service-sandbox-type=none --user-data-dir=""C:\Users\Administrator\AppData\Roaming\Clackly Workflow Plugin"" --field-trial-handle=2052,i,1902401934711968788,10771921903358981166,262144 --enable-features=PdfUseShowSaveFilePicker --disable-features=SpareRendererForSitePerProcess,WinDelaySpellcheckServiceInit --variations-seed-version --mojo-platform-channel-handle=2280 /prefetch:11","localhost","1c25745a-099c-4e52-a661-cbbeeb4afd5a","False","6817de06-043c-4455-b581-bafcd58a7080"
"2026-08-05T11:24:13.5974865+08:00","954.059","15124","5324","electron.exe","2026/8/5 11:23:35","0.188","88","""C:\Program Files\Blackmagic Design\DaVinci Resolve\Electron\electron.exe"" --type=renderer --user-data-dir=""C:\Users\Administrator\AppData\Roaming\Clackly Workflow Plugin"" --app-path=""C:\ProgramData\Blackmagic Design\DaVinci Resolve\Support\Workflow Integration Plugins\com.wutpeach.clackly\workflow-plugin"" --no-sandbox --no-zygote --video-capture-use-gpu-memory-buffer --lang=zh-CN --device-scale-factor=1 --num-raster-threads=4 --enable-main-frame-before-activation --renderer-client-id=4 --time-ticks-at-unix-epoch=-1783908255993642 --launch-time-ticks=1991959305521 --field-trial-handle=2052,i,1902401934711968788,10771921903358981166,262144 --enable-features=PdfUseShowSaveFilePicker --disable-features=SpareRendererForSitePerProcess,WinDelaySpellcheckServiceInit --variations-seed-version --mojo-platform-channel-handle=3308 /prefetch:1","localhost","1c25745a-099c-4e52-a661-cbbeeb4afd5a","False","6817de06-043c-4455-b581-bafcd58a7080"
"2026-08-05T11:24:15.6076908+08:00","1078.355","95960","99316","Resolve.exe","2026/8/5 11:22:38","110.625","2642.9","""C:\Program Files\Blackmagic Design\DaVinci Resolve\Resolve.exe"" ","localhost","1c25745a-099c-4e52-a661-cbbeeb4afd5a","False","6817de06-043c-4455-b581-bafcd58a7080"
"2026-08-05T11:24:15.6076908+08:00","1078.439","5324","95960","electron.exe","2026/8/5 11:23:34","0.547","105.7","""C:/Program Files/Blackmagic Design/DaVinci Resolve\Electron\electron.exe"" ""C:\ProgramData\Blackmagic Design\DaVinci Resolve\Support\Workflow Integration Plugins\com.wutpeach.clackly\workflow-plugin/main.js"" --plugin-id=com.wutpeach.clackly","localhost","1c25745a-099c-4e52-a661-cbbeeb4afd5a","False","6817de06-043c-4455-b581-bafcd58a7080"
"2026-08-05T11:24:15.6076908+08:00","1078.469","59400","5324","electron.exe","2026/8/5 11:23:35","0.891","112","""C:\Program Files\Blackmagic Design\DaVinci Resolve\Electron\electron.exe"" --type=gpu-process --user-data-dir=""C:\Users\Administrator\AppData\Roaming\Clackly Workflow Plugin"" --gpu-preferences=UAAAAAAAAADgAAAEAAAAAAAAAAAAAAAAAABgAAEAAAAAAAAAAAAAAAAAAAACAAAAAAAAAAAAAAAAAAAAAAAAABAAAAAAAAAAEAAAAAAAAAAIAAAAAAAAAAgAAAAAAAAA --field-trial-handle=2052,i,1902401934711968788,10771921903358981166,262144 --enable-features=PdfUseShowSaveFilePicker --disable-features=SpareRendererForSitePerProcess,WinDelaySpellcheckServiceInit --variations-seed-version --mojo-platform-channel-handle=1308 /prefetch:2","localhost","1c25745a-099c-4e52-a661-cbbeeb4afd5a","False","6817de06-043c-4455-b581-bafcd58a7080"
"2026-08-05T11:24:15.6076908+08:00","1078.496","105484","5324","electron.exe","2026/8/5 11:23:35","0.094","48.9","""C:\Program Files\Blackmagic Design\DaVinci Resolve\Electron\electron.exe"" --type=utility --utility-sub-type=network.mojom.NetworkService --lang=zh-CN --service-sandbox-type=none --user-data-dir=""C:\Users\Administrator\AppData\Roaming\Clackly Workflow Plugin"" --field-trial-handle=2052,i,1902401934711968788,10771921903358981166,262144 --enable-features=PdfUseShowSaveFilePicker --disable-features=SpareRendererForSitePerProcess,WinDelaySpellcheckServiceInit --variations-seed-version --mojo-platform-channel-handle=2280 /prefetch:11","localhost","1c25745a-099c-4e52-a661-cbbeeb4afd5a","False","6817de06-043c-4455-b581-bafcd58a7080"
"2026-08-05T11:24:15.6076908+08:00","1078.521","15124","5324","electron.exe","2026/8/5 11:23:35","0.188","88","""C:\Program Files\Blackmagic Design\DaVinci Resolve\Electron\electron.exe"" --type=renderer --user-data-dir=""C:\Users\Administrator\AppData\Roaming\Clackly Workflow Plugin"" --app-path=""C:\ProgramData\Blackmagic Design\DaVinci Resolve\Support\Workflow Integration Plugins\com.wutpeach.clackly\workflow-plugin"" --no-sandbox --no-zygote --video-capture-use-gpu-memory-buffer --lang=zh-CN --device-scale-factor=1 --num-raster-threads=4 --enable-main-frame-before-activation --renderer-client-id=4 --time-ticks-at-unix-epoch=-1783908255993642 --launch-time-ticks=1991959305521 --field-trial-handle=2052,i,1902401934711968788,10771921903358981166,262144 --enable-features=PdfUseShowSaveFilePicker --disable-features=SpareRendererForSitePerProcess,WinDelaySpellcheckServiceInit --variations-seed-version --mojo-platform-channel-handle=3308 /prefetch:1","localhost","1c25745a-099c-4e52-a661-cbbeeb4afd5a","False","6817de06-043c-4455-b581-bafcd58a7080"
"2026-08-05T11:24:17.6088951+08:00","1018.254","95960","99316","Resolve.exe","2026/8/5 11:22:38","114.609","2649.6","""C:\Program Files\Blackmagic Design\DaVinci Resolve\Resolve.exe"" ","localhost","1c25745a-099c-4e52-a661-cbbeeb4afd5a","False","6817de06-043c-4455-b581-bafcd58a7080"
"2026-08-05T11:24:17.6088951+08:00","1018.336","5324","95960","electron.exe","2026/8/5 11:23:34","0.547","105.7","""C:/Program Files/Blackmagic Design/DaVinci Resolve\Electron\electron.exe"" ""C:\ProgramData\Blackmagic Design\DaVinci Resolve\Support\Workflow Integration Plugins\com.wutpeach.clackly\workflow-plugin/main.js"" --plugin-id=com.wutpeach.clackly","localhost","1c25745a-099c-4e52-a661-cbbeeb4afd5a","False","6817de06-043c-4455-b581-bafcd58a7080"
"2026-08-05T11:24:17.6088951+08:00","1018.364","59400","5324","electron.exe","2026/8/5 11:23:35","0.891","112","""C:\Program Files\Blackmagic Design\DaVinci Resolve\Electron\electron.exe"" --type=gpu-process --user-data-dir=""C:\Users\Administrator\AppData\Roaming\Clackly Workflow Plugin"" --gpu-preferences=UAAAAAAAAADgAAAEAAAAAAAAAAAAAAAAAABgAAEAAAAAAAAAAAAAAAAAAAACAAAAAAAAAAAAAAAAAAAAAAAAABAAAAAAAAAAEAAAAAAAAAAIAAAAAAAAAAgAAAAAAAAA --field-trial-handle=2052,i,1902401934711968788,10771921903358981166,262144 --enable-features=PdfUseShowSaveFilePicker --disable-features=SpareRendererForSitePerProcess,WinDelaySpellcheckServiceInit --variations-seed-version --mojo-platform-channel-handle=1308 /prefetch:2","localhost","1c25745a-099c-4e52-a661-cbbeeb4afd5a","False","6817de06-043c-4455-b581-bafcd58a7080"
"2026-08-05T11:24:17.6088951+08:00","1018.394","105484","5324","electron.exe","2026/8/5 11:23:35","0.094","48.9","""C:\Program Files\Blackmagic Design\DaVinci Resolve\Electron\electron.exe"" --type=utility --utility-sub-type=network.mojom.NetworkService --lang=zh-CN --service-sandbox-type=none --user-data-dir=""C:\Users\Administrator\AppData\Roaming\Clackly Workflow Plugin"" --field-trial-handle=2052,i,1902401934711968788,10771921903358981166,262144 --enable-features=PdfUseShowSaveFilePicker --disable-features=SpareRendererForSitePerProcess,WinDelaySpellcheckServiceInit --variations-seed-version --mojo-platform-channel-handle=2280 /prefetch:11","localhost","1c25745a-099c-4e52-a661-cbbeeb4afd5a","False","6817de06-043c-4455-b581-bafcd58a7080"
"2026-08-05T11:24:17.6088951+08:00","1018.419","15124","5324","electron.exe","2026/8/5 11:23:35","0.188","88","""C:\Program Files\Blackmagic Design\DaVinci Resolve\Electron\electron.exe"" --type=renderer --user-data-dir=""C:\Users\Administrator\AppData\Roaming\Clackly Workflow Plugin"" --app-path=""C:\ProgramData\Blackmagic Design\DaVinci Resolve\Support\Workflow Integration Plugins\com.wutpeach.clackly\workflow-plugin"" --no-sandbox --no-zygote --video-capture-use-gpu-memory-buffer --lang=zh-CN --device-scale-factor=1 --num-raster-threads=4 --enable-main-frame-before-activation --renderer-client-id=4 --time-ticks-at-unix-epoch=-1783908255993642 --launch-time-ticks=1991959305521 --field-trial-handle=2052,i,1902401934711968788,10771921903358981166,262144 --enable-features=PdfUseShowSaveFilePicker --disable-features=SpareRendererForSitePerProcess,WinDelaySpellcheckServiceInit --variations-seed-version --mojo-platform-channel-handle=3308 /prefetch:1","localhost","1c25745a-099c-4e52-a661-cbbeeb4afd5a","False","6817de06-043c-4455-b581-bafcd58a7080"
"2026-08-05T11:24:19.6117982+08:00","993.347","95960","99316","Resolve.exe","2026/8/5 11:22:38","114.906","2650.3","""C:\Program Files\Blackmagic Design\DaVinci Resolve\Resolve.exe"" ","localhost","1c25745a-099c-4e52-a661-cbbeeb4afd5a","False","6817de06-043c-4455-b581-bafcd58a7080"
"2026-08-05T11:24:19.6117982+08:00","993.429","5324","95960","electron.exe","2026/8/5 11:23:34","0.562","105.7","""C:/Program Files/Blackmagic Design/DaVinci Resolve\Electron\electron.exe"" ""C:\ProgramData\Blackmagic Design\DaVinci Resolve\Support\Workflow Integration Plugins\com.wutpeach.clackly\workflow-plugin/main.js"" --plugin-id=com.wutpeach.clackly","localhost","1c25745a-099c-4e52-a661-cbbeeb4afd5a","False","6817de06-043c-4455-b581-bafcd58a7080"
"2026-08-05T11:24:19.6117982+08:00","993.456","59400","5324","electron.exe","2026/8/5 11:23:35","0.891","112","""C:\Program Files\Blackmagic Design\DaVinci Resolve\Electron\electron.exe"" --type=gpu-process --user-data-dir=""C:\Users\Administrator\AppData\Roaming\Clackly Workflow Plugin"" --gpu-preferences=UAAAAAAAAADgAAAEAAAAAAAAAAAAAAAAAABgAAEAAAAAAAAAAAAAAAAAAAACAAAAAAAAAAAAAAAAAAAAAAAAABAAAAAAAAAAEAAAAAAAAAAIAAAAAAAAAAgAAAAAAAAA --field-trial-handle=2052,i,1902401934711968788,10771921903358981166,262144 --enable-features=PdfUseShowSaveFilePicker --disable-features=SpareRendererForSitePerProcess,WinDelaySpellcheckServiceInit --variations-seed-version --mojo-platform-channel-handle=1308 /prefetch:2","localhost","1c25745a-099c-4e52-a661-cbbeeb4afd5a","False","6817de06-043c-4455-b581-bafcd58a7080"
"2026-08-05T11:24:19.6117982+08:00","993.532","105484","5324","electron.exe","2026/8/5 11:23:35","0.094","48.9","""C:\Program Files\Blackmagic Design\DaVinci Resolve\Electron\electron.exe"" --type=utility --utility-sub-type=network.mojom.NetworkService --lang=zh-CN --service-sandbox-type=none --user-data-dir=""C:\Users\Administrator\AppData\Roaming\Clackly Workflow Plugin"" --field-trial-handle=2052,i,1902401934711968788,10771921903358981166,262144 --enable-features=PdfUseShowSaveFilePicker --disable-features=SpareRendererForSitePerProcess,WinDelaySpellcheckServiceInit --variations-seed-version --mojo-platform-channel-handle=2280 /prefetch:11","localhost","1c25745a-099c-4e52-a661-cbbeeb4afd5a","False","6817de06-043c-4455-b581-bafcd58a7080"
"2026-08-05T11:24:19.6117982+08:00","993.572","15124","5324","electron.exe","2026/8/5 11:23:35","0.188","88","""C:\Program Files\Blackmagic Design\DaVinci Resolve\Electron\electron.exe"" --type=renderer --user-data-dir=""C:\Users\Administrator\AppData\Roaming\Clackly Workflow Plugin"" --app-path=""C:\ProgramData\Blackmagic Design\DaVinci Resolve\Support\Workflow Integration Plugins\com.wutpeach.clackly\workflow-plugin"" --no-sandbox --no-zygote --video-capture-use-gpu-memory-buffer --lang=zh-CN --device-scale-factor=1 --num-raster-threads=4 --enable-main-frame-before-activation --renderer-client-id=4 --time-ticks-at-unix-epoch=-1783908255993642 --launch-time-ticks=1991959305521 --field-trial-handle=2052,i,1902401934711968788,10771921903358981166,262144 --enable-features=PdfUseShowSaveFilePicker --disable-features=SpareRendererForSitePerProcess,WinDelaySpellcheckServiceInit --variations-seed-version --mojo-platform-channel-handle=3308 /prefetch:1","localhost","1c25745a-099c-4e52-a661-cbbeeb4afd5a","False","6817de06-043c-4455-b581-bafcd58a7080"
"2026-08-05T11:24:21.6211818+08:00","1049.525","95960","99316","Resolve.exe","2026/8/5 11:22:38","115.781","2649.8","""C:\Program Files\Blackmagic Design\DaVinci Resolve\Resolve.exe"" ","localhost","1c25745a-099c-4e52-a661-cbbeeb4afd5a","False","6817de06-043c-4455-b581-bafcd58a7080"
"2026-08-05T11:24:21.6211818+08:00","1049.626","5324","95960","electron.exe","2026/8/5 11:23:34","0.562","105.7","""C:/Program Files/Blackmagic Design/DaVinci Resolve\Electron\electron.exe"" ""C:\ProgramData\Blackmagic Design\DaVinci Resolve\Support\Workflow Integration Plugins\com.wutpeach.clackly\workflow-plugin/main.js"" --plugin-id=com.wutpeach.clackly","localhost","1c25745a-099c-4e52-a661-cbbeeb4afd5a","False","6817de06-043c-4455-b581-bafcd58a7080"
"2026-08-05T11:24:21.6211818+08:00","1049.656","59400","5324","electron.exe","2026/8/5 11:23:35","0.891","112","""C:\Program Files\Blackmagic Design\DaVinci Resolve\Electron\electron.exe"" --type=gpu-process --user-data-dir=""C:\Users\Administrator\AppData\Roaming\Clackly Workflow Plugin"" --gpu-preferences=UAAAAAAAAADgAAAEAAAAAAAAAAAAAAAAAABgAAEAAAAAAAAAAAAAAAAAAAACAAAAAAAAAAAAAAAAAAAAAAAAABAAAAAAAAAAEAAAAAAAAAAIAAAAAAAAAAgAAAAAAAAA --field-trial-handle=2052,i,1902401934711968788,10771921903358981166,262144 --enable-features=PdfUseShowSaveFilePicker --disable-features=SpareRendererForSitePerProcess,WinDelaySpellcheckServiceInit --variations-seed-version --mojo-platform-channel-handle=1308 /prefetch:2","localhost","1c25745a-099c-4e52-a661-cbbeeb4afd5a","False","6817de06-043c-4455-b581-bafcd58a7080"
"2026-08-05T11:24:21.6211818+08:00","1049.683","105484","5324","electron.exe","2026/8/5 11:23:35","0.094","48.9","""C:\Program Files\Blackmagic Design\DaVinci Resolve\Electron\electron.exe"" --type=utility --utility-sub-type=network.mojom.NetworkService --lang=zh-CN --service-sandbox-type=none --user-data-dir=""C:\Users\Administrator\AppData\Roaming\Clackly Workflow Plugin"" --field-trial-handle=2052,i,1902401934711968788,10771921903358981166,262144 --enable-features=PdfUseShowSaveFilePicker --disable-features=SpareRendererForSitePerProcess,WinDelaySpellcheckServiceInit --variations-seed-version --mojo-platform-channel-handle=2280 /prefetch:11","localhost","1c25745a-099c-4e52-a661-cbbeeb4afd5a","False","6817de06-043c-4455-b581-bafcd58a7080"
"2026-08-05T11:24:21.6211818+08:00","1049.709","15124","5324","electron.exe","2026/8/5 11:23:35","0.188","88","""C:\Program Files\Blackmagic Design\DaVinci Resolve\Electron\electron.exe"" --type=renderer --user-data-dir=""C:\Users\Administrator\AppData\Roaming\Clackly Workflow Plugin"" --app-path=""C:\ProgramData\Blackmagic Design\DaVinci Resolve\Support\Workflow Integration Plugins\com.wutpeach.clackly\workflow-plugin"" --no-sandbox --no-zygote --video-capture-use-gpu-memory-buffer --lang=zh-CN --device-scale-factor=1 --num-raster-threads=4 --enable-main-frame-before-activation --renderer-client-id=4 --time-ticks-at-unix-epoch=-1783908255993642 --launch-time-ticks=1991959305521 --field-trial-handle=2052,i,1902401934711968788,10771921903358981166,262144 --enable-features=PdfUseShowSaveFilePicker --disable-features=SpareRendererForSitePerProcess,WinDelaySpellcheckServiceInit --variations-seed-version --mojo-platform-channel-handle=3308 /prefetch:1","localhost","1c25745a-099c-4e52-a661-cbbeeb4afd5a","False","6817de06-043c-4455-b581-bafcd58a7080"
"2026-08-05T11:24:23.6245572+08:00","988.927","95960","99316","Resolve.exe","2026/8/5 11:22:38","118.156","2651.1","""C:\Program Files\Blackmagic Design\DaVinci Resolve\Resolve.exe"" ","localhost","1c25745a-099c-4e52-a661-cbbeeb4afd5a","False","6817de06-043c-4455-b581-bafcd58a7080"
"2026-08-05T11:24:23.6245572+08:00","989.083","5324","95960","electron.exe","2026/8/5 11:23:34","0.562","105.7","""C:/Program Files/Blackmagic Design/DaVinci Resolve\Electron\electron.exe"" ""C:\ProgramData\Blackmagic Design\DaVinci Resolve\Support\Workflow Integration Plugins\com.wutpeach.clackly\workflow-plugin/main.js"" --plugin-id=com.wutpeach.clackly","localhost","1c25745a-099c-4e52-a661-cbbeeb4afd5a","False","6817de06-043c-4455-b581-bafcd58a7080"
"2026-08-05T11:24:23.6245572+08:00","989.115","59400","5324","electron.exe","2026/8/5 11:23:35","0.891","112","""C:\Program Files\Blackmagic Design\DaVinci Resolve\Electron\electron.exe"" --type=gpu-process --user-data-dir=""C:\Users\Administrator\AppData\Roaming\Clackly Workflow Plugin"" --gpu-preferences=UAAAAAAAAADgAAAEAAAAAAAAAAAAAAAAAABgAAEAAAAAAAAAAAAAAAAAAAACAAAAAAAAAAAAAAAAAAAAAAAAABAAAAAAAAAAEAAAAAAAAAAIAAAAAAAAAAgAAAAAAAAA --field-trial-handle=2052,i,1902401934711968788,10771921903358981166,262144 --enable-features=PdfUseShowSaveFilePicker --disable-features=SpareRendererForSitePerProcess,WinDelaySpellcheckServiceInit --variations-seed-version --mojo-platform-channel-handle=1308 /prefetch:2","localhost","1c25745a-099c-4e52-a661-cbbeeb4afd5a","False","6817de06-043c-4455-b581-bafcd58a7080"
"2026-08-05T11:24:23.6245572+08:00","989.142","105484","5324","electron.exe","2026/8/5 11:23:35","0.094","48.9","""C:\Program Files\Blackmagic Design\DaVinci Resolve\Electron\electron.exe"" --type=utility --utility-sub-type=network.mojom.NetworkService --lang=zh-CN --service-sandbox-type=none --user-data-dir=""C:\Users\Administrator\AppData\Roaming\Clackly Workflow Plugin"" --field-trial-handle=2052,i,1902401934711968788,10771921903358981166,262144 --enable-features=PdfUseShowSaveFilePicker --disable-features=SpareRendererForSitePerProcess,WinDelaySpellcheckServiceInit --variations-seed-version --mojo-platform-channel-handle=2280 /prefetch:11","localhost","1c25745a-099c-4e52-a661-cbbeeb4afd5a","False","6817de06-043c-4455-b581-bafcd58a7080"
"2026-08-05T11:24:23.6245572+08:00","989.168","15124","5324","electron.exe","2026/8/5 11:23:35","0.188","88","""C:\Program Files\Blackmagic Design\DaVinci Resolve\Electron\electron.exe"" --type=renderer --user-data-dir=""C:\Users\Administrator\AppData\Roaming\Clackly Workflow Plugin"" --app-path=""C:\ProgramData\Blackmagic Design\DaVinci Resolve\Support\Workflow Integration Plugins\com.wutpeach.clackly\workflow-plugin"" --no-sandbox --no-zygote --video-capture-use-gpu-memory-buffer --lang=zh-CN --device-scale-factor=1 --num-raster-threads=4 --enable-main-frame-before-activation --renderer-client-id=4 --time-ticks-at-unix-epoch=-1783908255993642 --launch-time-ticks=1991959305521 --field-trial-handle=2052,i,1902401934711968788,10771921903358981166,262144 --enable-features=PdfUseShowSaveFilePicker --disable-features=SpareRendererForSitePerProcess,WinDelaySpellcheckServiceInit --variations-seed-version --mojo-platform-channel-handle=3308 /prefetch:1","localhost","1c25745a-099c-4e52-a661-cbbeeb4afd5a","False","6817de06-043c-4455-b581-bafcd58a7080"
"2026-08-05T11:24:25.6376662+08:00","963.424","95960","99316","Resolve.exe","2026/8/5 11:22:38","120.516","2662.9","""C:\Program Files\Blackmagic Design\DaVinci Resolve\Resolve.exe"" ","localhost","1c25745a-099c-4e52-a661-cbbeeb4afd5a","False","6817de06-043c-4455-b581-bafcd58a7080"
"2026-08-05T11:24:25.6376662+08:00","963.506","5324","95960","electron.exe","2026/8/5 11:23:34","0.562","105.7","""C:/Program Files/Blackmagic Design/DaVinci Resolve\Electron\electron.exe"" ""C:\ProgramData\Blackmagic Design\DaVinci Resolve\Support\Workflow Integration Plugins\com.wutpeach.clackly\workflow-plugin/main.js"" --plugin-id=com.wutpeach.clackly","localhost","1c25745a-099c-4e52-a661-cbbeeb4afd5a","False","6817de06-043c-4455-b581-bafcd58a7080"
"2026-08-05T11:24:25.6376662+08:00","963.533","59400","5324","electron.exe","2026/8/5 11:23:35","0.891","112","""C:\Program Files\Blackmagic Design\DaVinci Resolve\Electron\electron.exe"" --type=gpu-process --user-data-dir=""C:\Users\Administrator\AppData\Roaming\Clackly Workflow Plugin"" --gpu-preferences=UAAAAAAAAADgAAAEAAAAAAAAAAAAAAAAAABgAAEAAAAAAAAAAAAAAAAAAAACAAAAAAAAAAAAAAAAAAAAAAAAABAAAAAAAAAAEAAAAAAAAAAIAAAAAAAAAAgAAAAAAAAA --field-trial-handle=2052,i,1902401934711968788,10771921903358981166,262144 --enable-features=PdfUseShowSaveFilePicker --disable-features=SpareRendererForSitePerProcess,WinDelaySpellcheckServiceInit --variations-seed-version --mojo-platform-channel-handle=1308 /prefetch:2","localhost","1c25745a-099c-4e52-a661-cbbeeb4afd5a","False","6817de06-043c-4455-b581-bafcd58a7080"
"2026-08-05T11:24:25.6376662+08:00","963.558","105484","5324","electron.exe","2026/8/5 11:23:35","0.094","48.9","""C:\Program Files\Blackmagic Design\DaVinci Resolve\Electron\electron.exe"" --type=utility --utility-sub-type=network.mojom.NetworkService --lang=zh-CN --service-sandbox-type=none --user-data-dir=""C:\Users\Administrator\AppData\Roaming\Clackly Workflow Plugin"" --field-trial-handle=2052,i,1902401934711968788,10771921903358981166,262144 --enable-features=PdfUseShowSaveFilePicker --disable-features=SpareRendererForSitePerProcess,WinDelaySpellcheckServiceInit --variations-seed-version --mojo-platform-channel-handle=2280 /prefetch:11","localhost","1c25745a-099c-4e52-a661-cbbeeb4afd5a","False","6817de06-043c-4455-b581-bafcd58a7080"
"2026-08-05T11:24:25.6376662+08:00","963.582","15124","5324","electron.exe","2026/8/5 11:23:35","0.188","88","""C:\Program Files\Blackmagic Design\DaVinci Resolve\Electron\electron.exe"" --type=renderer --user-data-dir=""C:\Users\Administrator\AppData\Roaming\Clackly Workflow Plugin"" --app-path=""C:\ProgramData\Blackmagic Design\DaVinci Resolve\Support\Workflow Integration Plugins\com.wutpeach.clackly\workflow-plugin"" --no-sandbox --no-zygote --video-capture-use-gpu-memory-buffer --lang=zh-CN --device-scale-factor=1 --num-raster-threads=4 --enable-main-frame-before-activation --renderer-client-id=4 --time-ticks-at-unix-epoch=-1783908255993642 --launch-time-ticks=1991959305521 --field-trial-handle=2052,i,1902401934711968788,10771921903358981166,262144 --enable-features=PdfUseShowSaveFilePicker --disable-features=SpareRendererForSitePerProcess,WinDelaySpellcheckServiceInit --variations-seed-version --mojo-platform-channel-handle=3308 /prefetch:1","localhost","1c25745a-099c-4e52-a661-cbbeeb4afd5a","False","6817de06-043c-4455-b581-bafcd58a7080"
"2026-08-05T11:24:27.6370810+08:00","1009.831","95960","99316","Resolve.exe","2026/8/5 11:22:38","121.281","2666.2","""C:\Program Files\Blackmagic Design\DaVinci Resolve\Resolve.exe"" ","localhost","1c25745a-099c-4e52-a661-cbbeeb4afd5a","False","6817de06-043c-4455-b581-bafcd58a7080"
"2026-08-05T11:24:27.6370810+08:00","1009.914","5324","95960","electron.exe","2026/8/5 11:23:34","0.562","105.7","""C:/Program Files/Blackmagic Design/DaVinci Resolve\Electron\electron.exe"" ""C:\ProgramData\Blackmagic Design\DaVinci Resolve\Support\Workflow Integration Plugins\com.wutpeach.clackly\workflow-plugin/main.js"" --plugin-id=com.wutpeach.clackly","localhost","1c25745a-099c-4e52-a661-cbbeeb4afd5a","False","6817de06-043c-4455-b581-bafcd58a7080"
"2026-08-05T11:24:27.6370810+08:00","1009.943","59400","5324","electron.exe","2026/8/5 11:23:35","0.891","112","""C:\Program Files\Blackmagic Design\DaVinci Resolve\Electron\electron.exe"" --type=gpu-process --user-data-dir=""C:\Users\Administrator\AppData\Roaming\Clackly Workflow Plugin"" --gpu-preferences=UAAAAAAAAADgAAAEAAAAAAAAAAAAAAAAAABgAAEAAAAAAAAAAAAAAAAAAAACAAAAAAAAAAAAAAAAAAAAAAAAABAAAAAAAAAAEAAAAAAAAAAIAAAAAAAAAAgAAAAAAAAA --field-trial-handle=2052,i,1902401934711968788,10771921903358981166,262144 --enable-features=PdfUseShowSaveFilePicker --disable-features=SpareRendererForSitePerProcess,WinDelaySpellcheckServiceInit --variations-seed-version --mojo-platform-channel-handle=1308 /prefetch:2","localhost","1c25745a-099c-4e52-a661-cbbeeb4afd5a","False","6817de06-043c-4455-b581-bafcd58a7080"
"2026-08-05T11:24:27.6370810+08:00","1009.969","105484","5324","electron.exe","2026/8/5 11:23:35","0.094","48.9","""C:\Program Files\Blackmagic Design\DaVinci Resolve\Electron\electron.exe"" --type=utility --utility-sub-type=network.mojom.NetworkService --lang=zh-CN --service-sandbox-type=none --user-data-dir=""C:\Users\Administrator\AppData\Roaming\Clackly Workflow Plugin"" --field-trial-handle=2052,i,1902401934711968788,10771921903358981166,262144 --enable-features=PdfUseShowSaveFilePicker --disable-features=SpareRendererForSitePerProcess,WinDelaySpellcheckServiceInit --variations-seed-version --mojo-platform-channel-handle=2280 /prefetch:11","localhost","1c25745a-099c-4e52-a661-cbbeeb4afd5a","False","6817de06-043c-4455-b581-bafcd58a7080"
"2026-08-05T11:24:27.6370810+08:00","1009.995","15124","5324","electron.exe","2026/8/5 11:23:35","0.188","88","""C:\Program Files\Blackmagic Design\DaVinci Resolve\Electron\electron.exe"" --type=renderer --user-data-dir=""C:\Users\Administrator\AppData\Roaming\Clackly Workflow Plugin"" --app-path=""C:\ProgramData\Blackmagic Design\DaVinci Resolve\Support\Workflow Integration Plugins\com.wutpeach.clackly\workflow-plugin"" --no-sandbox --no-zygote --video-capture-use-gpu-memory-buffer --lang=zh-CN --device-scale-factor=1 --num-raster-threads=4 --enable-main-frame-before-activation --renderer-client-id=4 --time-ticks-at-unix-epoch=-1783908255993642 --launch-time-ticks=1991959305521 --field-trial-handle=2052,i,1902401934711968788,10771921903358981166,262144 --enable-features=PdfUseShowSaveFilePicker --disable-features=SpareRendererForSitePerProcess,WinDelaySpellcheckServiceInit --variations-seed-version --mojo-platform-channel-handle=3308 /prefetch:1","localhost","1c25745a-099c-4e52-a661-cbbeeb4afd5a","False","6817de06-043c-4455-b581-bafcd58a7080"
"2026-08-05T11:24:29.6517188+08:00","1012.757","95960","99316","Resolve.exe","2026/8/5 11:22:38","122.125","2666.3","""C:\Program Files\Blackmagic Design\DaVinci Resolve\Resolve.exe"" ","localhost","1c25745a-099c-4e52-a661-cbbeeb4afd5a","False","6817de06-043c-4455-b581-bafcd58a7080"
"2026-08-05T11:24:29.6517188+08:00","1012.896","5324","95960","electron.exe","2026/8/5 11:23:34","0.594","105.7","""C:/Program Files/Blackmagic Design/DaVinci Resolve\Electron\electron.exe"" ""C:\ProgramData\Blackmagic Design\DaVinci Resolve\Support\Workflow Integration Plugins\com.wutpeach.clackly\workflow-plugin/main.js"" --plugin-id=com.wutpeach.clackly","localhost","1c25745a-099c-4e52-a661-cbbeeb4afd5a","False","6817de06-043c-4455-b581-bafcd58a7080"
"2026-08-05T11:24:29.6517188+08:00","1012.93","59400","5324","electron.exe","2026/8/5 11:23:35","0.906","112","""C:\Program Files\Blackmagic Design\DaVinci Resolve\Electron\electron.exe"" --type=gpu-process --user-data-dir=""C:\Users\Administrator\AppData\Roaming\Clackly Workflow Plugin"" --gpu-preferences=UAAAAAAAAADgAAAEAAAAAAAAAAAAAAAAAABgAAEAAAAAAAAAAAAAAAAAAAACAAAAAAAAAAAAAAAAAAAAAAAAABAAAAAAAAAAEAAAAAAAAAAIAAAAAAAAAAgAAAAAAAAA --field-trial-handle=2052,i,1902401934711968788,10771921903358981166,262144 --enable-features=PdfUseShowSaveFilePicker --disable-features=SpareRendererForSitePerProcess,WinDelaySpellcheckServiceInit --variations-seed-version --mojo-platform-channel-handle=1308 /prefetch:2","localhost","1c25745a-099c-4e52-a661-cbbeeb4afd5a","False","6817de06-043c-4455-b581-bafcd58a7080"
"2026-08-05T11:24:29.6517188+08:00","1012.958","105484","5324","electron.exe","2026/8/5 11:23:35","0.094","48.9","""C:\Program Files\Blackmagic Design\DaVinci Resolve\Electron\electron.exe"" --type=utility --utility-sub-type=network.mojom.NetworkService --lang=zh-CN --service-sandbox-type=none --user-data-dir=""C:\Users\Administrator\AppData\Roaming\Clackly Workflow Plugin"" --field-trial-handle=2052,i,1902401934711968788,10771921903358981166,262144 --enable-features=PdfUseShowSaveFilePicker --disable-features=SpareRendererForSitePerProcess,WinDelaySpellcheckServiceInit --variations-seed-version --mojo-platform-channel-handle=2280 /prefetch:11","localhost","1c25745a-099c-4e52-a661-cbbeeb4afd5a","False","6817de06-043c-4455-b581-bafcd58a7080"
"2026-08-05T11:24:29.6517188+08:00","1012.984","15124","5324","electron.exe","2026/8/5 11:23:35","0.188","88","""C:\Program Files\Blackmagic Design\DaVinci Resolve\Electron\electron.exe"" --type=renderer --user-data-dir=""C:\Users\Administrator\AppData\Roaming\Clackly Workflow Plugin"" --app-path=""C:\ProgramData\Blackmagic Design\DaVinci Resolve\Support\Workflow Integration Plugins\com.wutpeach.clackly\workflow-plugin"" --no-sandbox --no-zygote --video-capture-use-gpu-memory-buffer --lang=zh-CN --device-scale-factor=1 --num-raster-threads=4 --enable-main-frame-before-activation --renderer-client-id=4 --time-ticks-at-unix-epoch=-1783908255993642 --launch-time-ticks=1991959305521 --field-trial-handle=2052,i,1902401934711968788,10771921903358981166,262144 --enable-features=PdfUseShowSaveFilePicker --disable-features=SpareRendererForSitePerProcess,WinDelaySpellcheckServiceInit --variations-seed-version --mojo-platform-channel-handle=3308 /prefetch:1","localhost","1c25745a-099c-4e52-a661-cbbeeb4afd5a","False","6817de06-043c-4455-b581-bafcd58a7080"
"2026-08-05T11:24:31.6663924+08:00","1061.679","95960","99316","Resolve.exe","2026/8/5 11:22:38","123.531","2668.5","""C:\Program Files\Blackmagic Design\DaVinci Resolve\Resolve.exe"" ","localhost","1c25745a-099c-4e52-a661-cbbeeb4afd5a","False","6817de06-043c-4455-b581-bafcd58a7080"
"2026-08-05T11:24:31.6663924+08:00","1061.76","5324","95960","electron.exe","2026/8/5 11:23:34","0.594","105.7","""C:/Program Files/Blackmagic Design/DaVinci Resolve\Electron\electron.exe"" ""C:\ProgramData\Blackmagic Design\DaVinci Resolve\Support\Workflow Integration Plugins\com.wutpeach.clackly\workflow-plugin/main.js"" --plugin-id=com.wutpeach.clackly","localhost","1c25745a-099c-4e52-a661-cbbeeb4afd5a","False","6817de06-043c-4455-b581-bafcd58a7080"
"2026-08-05T11:24:31.6663924+08:00","1061.789","59400","5324","electron.exe","2026/8/5 11:23:35","0.906","112","""C:\Program Files\Blackmagic Design\DaVinci Resolve\Electron\electron.exe"" --type=gpu-process --user-data-dir=""C:\Users\Administrator\AppData\Roaming\Clackly Workflow Plugin"" --gpu-preferences=UAAAAAAAAADgAAAEAAAAAAAAAAAAAAAAAABgAAEAAAAAAAAAAAAAAAAAAAACAAAAAAAAAAAAAAAAAAAAAAAAABAAAAAAAAAAEAAAAAAAAAAIAAAAAAAAAAgAAAAAAAAA --field-trial-handle=2052,i,1902401934711968788,10771921903358981166,262144 --enable-features=PdfUseShowSaveFilePicker --disable-features=SpareRendererForSitePerProcess,WinDelaySpellcheckServiceInit --variations-seed-version --mojo-platform-channel-handle=1308 /prefetch:2","localhost","1c25745a-099c-4e52-a661-cbbeeb4afd5a","False","6817de06-043c-4455-b581-bafcd58a7080"
"2026-08-05T11:24:31.6663924+08:00","1061.814","105484","5324","electron.exe","2026/8/5 11:23:35","0.094","48.9","""C:\Program Files\Blackmagic Design\DaVinci Resolve\Electron\electron.exe"" --type=utility --utility-sub-type=network.mojom.NetworkService --lang=zh-CN --service-sandbox-type=none --user-data-dir=""C:\Users\Administrator\AppData\Roaming\Clackly Workflow Plugin"" --field-trial-handle=2052,i,1902401934711968788,10771921903358981166,262144 --enable-features=PdfUseShowSaveFilePicker --disable-features=SpareRendererForSitePerProcess,WinDelaySpellcheckServiceInit --variations-seed-version --mojo-platform-channel-handle=2280 /prefetch:11","localhost","1c25745a-099c-4e52-a661-cbbeeb4afd5a","False","6817de06-043c-4455-b581-bafcd58a7080"
"2026-08-05T11:24:31.6663924+08:00","1061.84","15124","5324","electron.exe","2026/8/5 11:23:35","0.188","88","""C:\Program Files\Blackmagic Design\DaVinci Resolve\Electron\electron.exe"" --type=renderer --user-data-dir=""C:\Users\Administrator\AppData\Roaming\Clackly Workflow Plugin"" --app-path=""C:\ProgramData\Blackmagic Design\DaVinci Resolve\Support\Workflow Integration Plugins\com.wutpeach.clackly\workflow-plugin"" --no-sandbox --no-zygote --video-capture-use-gpu-memory-buffer --lang=zh-CN --device-scale-factor=1 --num-raster-threads=4 --enable-main-frame-before-activation --renderer-client-id=4 --time-ticks-at-unix-epoch=-1783908255993642 --launch-time-ticks=1991959305521 --field-trial-handle=2052,i,1902401934711968788,10771921903358981166,262144 --enable-features=PdfUseShowSaveFilePicker --disable-features=SpareRendererForSitePerProcess,WinDelaySpellcheckServiceInit --variations-seed-version --mojo-platform-channel-handle=3308 /prefetch:1","localhost","1c25745a-099c-4e52-a661-cbbeeb4afd5a","False","6817de06-043c-4455-b581-bafcd58a7080"
"2026-08-05T11:24:33.6767699+08:00","938.316","95960","99316","Resolve.exe","2026/8/5 11:22:38","127.344","2671","""C:\Program Files\Blackmagic Design\DaVinci Resolve\Resolve.exe"" ","localhost","1c25745a-099c-4e52-a661-cbbeeb4afd5a","False","6817de06-043c-4455-b581-bafcd58a7080"
"2026-08-05T11:24:33.6767699+08:00","938.393","5324","95960","electron.exe","2026/8/5 11:23:34","0.594","105.7","""C:/Program Files/Blackmagic Design/DaVinci Resolve\Electron\electron.exe"" ""C:\ProgramData\Blackmagic Design\DaVinci Resolve\Support\Workflow Integration Plugins\com.wutpeach.clackly\workflow-plugin/main.js"" --plugin-id=com.wutpeach.clackly","localhost","1c25745a-099c-4e52-a661-cbbeeb4afd5a","False","6817de06-043c-4455-b581-bafcd58a7080"
"2026-08-05T11:24:33.6767699+08:00","938.42","59400","5324","electron.exe","2026/8/5 11:23:35","0.906","112","""C:\Program Files\Blackmagic Design\DaVinci Resolve\Electron\electron.exe"" --type=gpu-process --user-data-dir=""C:\Users\Administrator\AppData\Roaming\Clackly Workflow Plugin"" --gpu-preferences=UAAAAAAAAADgAAAEAAAAAAAAAAAAAAAAAABgAAEAAAAAAAAAAAAAAAAAAAACAAAAAAAAAAAAAAAAAAAAAAAAABAAAAAAAAAAEAAAAAAAAAAIAAAAAAAAAAgAAAAAAAAA --field-trial-handle=2052,i,1902401934711968788,10771921903358981166,262144 --enable-features=PdfUseShowSaveFilePicker --disable-features=SpareRendererForSitePerProcess,WinDelaySpellcheckServiceInit --variations-seed-version --mojo-platform-channel-handle=1308 /prefetch:2","localhost","1c25745a-099c-4e52-a661-cbbeeb4afd5a","False","6817de06-043c-4455-b581-bafcd58a7080"
"2026-08-05T11:24:33.6767699+08:00","938.446","105484","5324","electron.exe","2026/8/5 11:23:35","0.094","48.9","""C:\Program Files\Blackmagic Design\DaVinci Resolve\Electron\electron.exe"" --type=utility --utility-sub-type=network.mojom.NetworkService --lang=zh-CN --service-sandbox-type=none --user-data-dir=""C:\Users\Administrator\AppData\Roaming\Clackly Workflow Plugin"" --field-trial-handle=2052,i,1902401934711968788,10771921903358981166,262144 --enable-features=PdfUseShowSaveFilePicker --disable-features=SpareRendererForSitePerProcess,WinDelaySpellcheckServiceInit --variations-seed-version --mojo-platform-channel-handle=2280 /prefetch:11","localhost","1c25745a-099c-4e52-a661-cbbeeb4afd5a","False","6817de06-043c-4455-b581-bafcd58a7080"
"2026-08-05T11:24:33.6767699+08:00","938.47","15124","5324","electron.exe","2026/8/5 11:23:35","0.188","88","""C:\Program Files\Blackmagic Design\DaVinci Resolve\Electron\electron.exe"" --type=renderer --user-data-dir=""C:\Users\Administrator\AppData\Roaming\Clackly Workflow Plugin"" --app-path=""C:\ProgramData\Blackmagic Design\DaVinci Resolve\Support\Workflow Integration Plugins\com.wutpeach.clackly\workflow-plugin"" --no-sandbox --no-zygote --video-capture-use-gpu-memory-buffer --lang=zh-CN --device-scale-factor=1 --num-raster-threads=4 --enable-main-frame-before-activation --renderer-client-id=4 --time-ticks-at-unix-epoch=-1783908255993642 --launch-time-ticks=1991959305521 --field-trial-handle=2052,i,1902401934711968788,10771921903358981166,262144 --enable-features=PdfUseShowSaveFilePicker --disable-features=SpareRendererForSitePerProcess,WinDelaySpellcheckServiceInit --variations-seed-version --mojo-platform-channel-handle=3308 /prefetch:1","localhost","1c25745a-099c-4e52-a661-cbbeeb4afd5a","False","6817de06-043c-4455-b581-bafcd58a7080"
"2026-08-05T11:24:35.6907068+08:00","991.896","95960","99316","Resolve.exe","2026/8/5 11:22:38","128.281","2671.3","""C:\Program Files\Blackmagic Design\DaVinci Resolve\Resolve.exe"" ","localhost","1c25745a-099c-4e52-a661-cbbeeb4afd5a","False","6817de06-043c-4455-b581-bafcd58a7080"
"2026-08-05T11:24:35.6907068+08:00","991.979","5324","95960","electron.exe","2026/8/5 11:23:34","0.594","104.6","""C:/Program Files/Blackmagic Design/DaVinci Resolve\Electron\electron.exe"" ""C:\ProgramData\Blackmagic Design\DaVinci Resolve\Support\Workflow Integration Plugins\com.wutpeach.clackly\workflow-plugin/main.js"" --plugin-id=com.wutpeach.clackly","localhost","1c25745a-099c-4e52-a661-cbbeeb4afd5a","False","6817de06-043c-4455-b581-bafcd58a7080"
"2026-08-05T11:24:35.6907068+08:00","992.008","59400","5324","electron.exe","2026/8/5 11:23:35","0.906","111.3","""C:\Program Files\Blackmagic Design\DaVinci Resolve\Electron\electron.exe"" --type=gpu-process --user-data-dir=""C:\Users\Administrator\AppData\Roaming\Clackly Workflow Plugin"" --gpu-preferences=UAAAAAAAAADgAAAEAAAAAAAAAAAAAAAAAABgAAEAAAAAAAAAAAAAAAAAAAACAAAAAAAAAAAAAAAAAAAAAAAAABAAAAAAAAAAEAAAAAAAAAAIAAAAAAAAAAgAAAAAAAAA --field-trial-handle=2052,i,1902401934711968788,10771921903358981166,262144 --enable-features=PdfUseShowSaveFilePicker --disable-features=SpareRendererForSitePerProcess,WinDelaySpellcheckServiceInit --variations-seed-version --mojo-platform-channel-handle=1308 /prefetch:2","localhost","1c25745a-099c-4e52-a661-cbbeeb4afd5a","False","6817de06-043c-4455-b581-bafcd58a7080"
"2026-08-05T11:24:35.6907068+08:00","992.033","105484","5324","electron.exe","2026/8/5 11:23:35","0.094","48.8","""C:\Program Files\Blackmagic Design\DaVinci Resolve\Electron\electron.exe"" --type=utility --utility-sub-type=network.mojom.NetworkService --lang=zh-CN --service-sandbox-type=none --user-data-dir=""C:\Users\Administrator\AppData\Roaming\Clackly Workflow Plugin"" --field-trial-handle=2052,i,1902401934711968788,10771921903358981166,262144 --enable-features=PdfUseShowSaveFilePicker --disable-features=SpareRendererForSitePerProcess,WinDelaySpellcheckServiceInit --variations-seed-version --mojo-platform-channel-handle=2280 /prefetch:11","localhost","1c25745a-099c-4e52-a661-cbbeeb4afd5a","False","6817de06-043c-4455-b581-bafcd58a7080"
"2026-08-05T11:24:35.6907068+08:00","992.064","15124","5324","electron.exe","2026/8/5 11:23:35","0.188","88","""C:\Program Files\Blackmagic Design\DaVinci Resolve\Electron\electron.exe"" --type=renderer --user-data-dir=""C:\Users\Administrator\AppData\Roaming\Clackly Workflow Plugin"" --app-path=""C:\ProgramData\Blackmagic Design\DaVinci Resolve\Support\Workflow Integration Plugins\com.wutpeach.clackly\workflow-plugin"" --no-sandbox --no-zygote --video-capture-use-gpu-memory-buffer --lang=zh-CN --device-scale-factor=1 --num-raster-threads=4 --enable-main-frame-before-activation --renderer-client-id=4 --time-ticks-at-unix-epoch=-1783908255993642 --launch-time-ticks=1991959305521 --field-trial-handle=2052,i,1902401934711968788,10771921903358981166,262144 --enable-features=PdfUseShowSaveFilePicker --disable-features=SpareRendererForSitePerProcess,WinDelaySpellcheckServiceInit --variations-seed-version --mojo-platform-channel-handle=3308 /prefetch:1","localhost","1c25745a-099c-4e52-a661-cbbeeb4afd5a","False","6817de06-043c-4455-b581-bafcd58a7080"
"2026-08-05T11:24:37.7037683+08:00","974.097","95960","99316","Resolve.exe","2026/8/5 11:22:38","129.688","2672.2","""C:\Program Files\Blackmagic Design\DaVinci Resolve\Resolve.exe"" ","localhost","1c25745a-099c-4e52-a661-cbbeeb4afd5a","False","6817de06-043c-4455-b581-bafcd58a7080"
"2026-08-05T11:24:37.7037683+08:00","974.18","5324","95960","electron.exe","2026/8/5 11:23:34","0.594","104.6","""C:/Program Files/Blackmagic Design/DaVinci Resolve\Electron\electron.exe"" ""C:\ProgramData\Blackmagic Design\DaVinci Resolve\Support\Workflow Integration Plugins\com.wutpeach.clackly\workflow-plugin/main.js"" --plugin-id=com.wutpeach.clackly","localhost","1c25745a-099c-4e52-a661-cbbeeb4afd5a","False","6817de06-043c-4455-b581-bafcd58a7080"
"2026-08-05T11:24:37.7037683+08:00","974.209","59400","5324","electron.exe","2026/8/5 11:23:35","0.906","111.3","""C:\Program Files\Blackmagic Design\DaVinci Resolve\Electron\electron.exe"" --type=gpu-process --user-data-dir=""C:\Users\Administrator\AppData\Roaming\Clackly Workflow Plugin"" --gpu-preferences=UAAAAAAAAADgAAAEAAAAAAAAAAAAAAAAAABgAAEAAAAAAAAAAAAAAAAAAAACAAAAAAAAAAAAAAAAAAAAAAAAABAAAAAAAAAAEAAAAAAAAAAIAAAAAAAAAAgAAAAAAAAA --field-trial-handle=2052,i,1902401934711968788,10771921903358981166,262144 --enable-features=PdfUseShowSaveFilePicker --disable-features=SpareRendererForSitePerProcess,WinDelaySpellcheckServiceInit --variations-seed-version --mojo-platform-channel-handle=1308 /prefetch:2","localhost","1c25745a-099c-4e52-a661-cbbeeb4afd5a","False","6817de06-043c-4455-b581-bafcd58a7080"
"2026-08-05T11:24:37.7037683+08:00","974.235","105484","5324","electron.exe","2026/8/5 11:23:35","0.094","48.8","""C:\Program Files\Blackmagic Design\DaVinci Resolve\Electron\electron.exe"" --type=utility --utility-sub-type=network.mojom.NetworkService --lang=zh-CN --service-sandbox-type=none --user-data-dir=""C:\Users\Administrator\AppData\Roaming\Clackly Workflow Plugin"" --field-trial-handle=2052,i,1902401934711968788,10771921903358981166,262144 --enable-features=PdfUseShowSaveFilePicker --disable-features=SpareRendererForSitePerProcess,WinDelaySpellcheckServiceInit --variations-seed-version --mojo-platform-channel-handle=2280 /prefetch:11","localhost","1c25745a-099c-4e52-a661-cbbeeb4afd5a","False","6817de06-043c-4455-b581-bafcd58a7080"
"2026-08-05T11:24:37.7037683+08:00","974.26","15124","5324","electron.exe","2026/8/5 11:23:35","0.188","88","""C:\Program Files\Blackmagic Design\DaVinci Resolve\Electron\electron.exe"" --type=renderer --user-data-dir=""C:\Users\Administrator\AppData\Roaming\Clackly Workflow Plugin"" --app-path=""C:\ProgramData\Blackmagic Design\DaVinci Resolve\Support\Workflow Integration Plugins\com.wutpeach.clackly\workflow-plugin"" --no-sandbox --no-zygote --video-capture-use-gpu-memory-buffer --lang=zh-CN --device-scale-factor=1 --num-raster-threads=4 --enable-main-frame-before-activation --renderer-client-id=4 --time-ticks-at-unix-epoch=-1783908255993642 --launch-time-ticks=1991959305521 --field-trial-handle=2052,i,1902401934711968788,10771921903358981166,262144 --enable-features=PdfUseShowSaveFilePicker --disable-features=SpareRendererForSitePerProcess,WinDelaySpellcheckServiceInit --variations-seed-version --mojo-platform-channel-handle=3308 /prefetch:1","localhost","1c25745a-099c-4e52-a661-cbbeeb4afd5a","False","6817de06-043c-4455-b581-bafcd58a7080"
