"Timestamp","ProcessId","Responding","CpuSeconds","WorkingSetMB","Exited","IdentityMismatch"
"2026-08-06T11:44:27.9302121+08:00","38568","True","0.359","246.4","False","False"
"2026-08-06T11:44:28.0390511+08:00","38568","True","0.578","262.3","False","False"
"2026-08-06T11:44:28.1323661+08:00","38568","True","0.766","275.1","False","False"
"2026-08-06T11:44:28.2414030+08:00","38568","True","0.984","286.4","False","False"
"2026-08-06T11:44:28.3337471+08:00","38568","True","1.172","294","False","False"
"2026-08-06T11:44:28.4427191+08:00","38568","True","1.391","301.8","False","False"
"2026-08-06T11:44:28.5365088+08:00","38568","True","1.578","313.3","False","False"
"2026-08-06T11:44:28.6322354+08:00","38568","True","1.734","328.7","False","False"
"2026-08-06T11:44:28.7406887+08:00","38568","True","1.859","339.2","False","False"
"2026-08-06T11:44:28.8322460+08:00","38568","True","1.984","342.2","False","False"
"2026-08-06T11:44:28.9407917+08:00","38568","True","2.188","352.5","False","False"
"2026-08-06T11:44:29.0339881+08:00","38568","True","2.328","356.9","False","False"
"2026-08-06T11:44:29.1440135+08:00","38568","True","2.438","363.4","False","False"
"2026-08-06T11:44:29.2372927+08:00","38568","True","2.531","368","False","False"
"2026-08-06T11:44:29.3321490+08:00","38568","True","2.625","378.1","False","False"
"2026-08-06T11:44:29.4408869+08:00","38568","True","2.734","383.2","False","False"
"2026-08-06T11:44:29.5355577+08:00","38568","True","2.828","391.8","False","False"
"2026-08-06T11:44:29.6311888+08:00","38568","True","2.922","404.2","False","False"
"2026-08-06T11:44:29.7389177+08:00","38568","True","3.031","495.6","False","False"
"2026-08-06T11:44:29.8318675+08:00","38568","True","3.125","594.9","False","False"
"2026-08-06T11:44:29.9398168+08:00","38568","True","3.344","695.5","False","False"
"2026-08-06T11:44:30.0463766+08:00","38568","True","3.516","726.8","False","False"
"2026-08-06T11:44:30.3679037+08:00","38568","True","3.516","728.6","False","False"
"2026-08-06T11:44:30.3732036+08:00","38568","True","3.703","803.3","False","False"
"2026-08-06T11:44:30.5516123+08:00","38568","True","3.969","868.4","False","False"
"2026-08-06T11:44:30.6270265+08:00","38568","True","4.031","869.5","False","False"
"2026-08-06T11:44:30.6402514+08:00","38568","True","4.078","876.1","False","False"
"2026-08-06T11:44:30.6512758+08:00","38568","True","4.078","870.3","False","False"
"2026-08-06T11:44:30.7475362+08:00","38568","True","4.609","906.6","False","False"
"2026-08-06T11:44:30.8400219+08:00","38568","True","5.297","960.5","False","False"
"2026-08-06T11:44:31.0488708+08:00","38568","True","5.344","973.9","False","False"
"2026-08-06T11:44:31.0556523+08:00","38568","True","7.875","1606.1","False","False"
"2026-08-06T11:44:34.4963793+08:00","38568","True","8.812","1735","False","False"
"2026-08-06T11:44:35.2596309+08:00","38568","True","9.703","1782.8","False","False"
"2026-08-06T11:44:36.1176466+08:00","38568","True","10.188","1826.6","False","False"
"2026-08-06T11:44:36.5520044+08:00","38568","True","10.531","1866.5","False","False"
"2026-08-06T11:44:36.8995969+08:00","38568","True","10.578","1871.1","False","False"
"2026-08-06T11:44:36.9518991+08:00","38568","True","10.594","1873.6","False","False"
"2026-08-06T11:44:36.9691226+08:00","38568","True","10.828","1893.5","False","False"
"2026-08-06T11:44:37.2485621+08:00","38568","True","12.641","1981.9","False","False"
"2026-08-06T11:44:39.1184501+08:00","38568","True","12.734","1989.8","False","False"
"2026-08-06T11:44:39.2102093+08:00","38568","True","12.781","1996","False","False"
"2026-08-06T11:44:39.2456447+08:00","38568","True","13","2009.1","False","False"
"2026-08-06T11:44:39.4593038+08:00","38568","True","13.344","2045.6","False","False"
"2026-08-06T11:44:39.8762436+08:00","38568","True","13.359","2042.8","False","False"
"2026-08-06T11:44:39.8893338+08:00","38568","True","13.359","2041.3","False","False"
"2026-08-06T11:44:39.9014677+08:00","38568","True","13.359","2042.5","False","False"
"2026-08-06T11:44:39.9125192+08:00","38568","True","13.844","2109.2","False","False"
"2026-08-06T11:44:40.1236421+08:00","38568","True","13.859","2109.7","False","False"
"2026-08-06T11:44:40.1299647+08:00","38568","True","13.859","2109.8","False","False"
"2026-08-06T11:44:40.1354328+08:00","38568","True","13.859","2110","False","False"
"2026-08-06T11:44:40.1400669+08:00","38568","True","13.875","2110.1","False","False"
"2026-08-06T11:44:40.1446848+08:00","38568","True","13.875","2110.1","False","False"
"2026-08-06T11:44:40.1494078+08:00","38568","True","13.875","2110.1","False","False"
"2026-08-06T11:44:40.1540872+08:00","38568","True","13.891","2110.2","False","False"
"2026-08-06T11:44:40.1585151+08:00","38568","True","13.891","2110.2","False","False"
"2026-08-06T11:44:40.1633734+08:00","38568","True","13.891","2110.3","False","False"
"2026-08-06T11:44:40.1685073+08:00","38568","True","13.891","2110.3","False","False"
"2026-08-06T11:44:40.1728782+08:00","38568","True","13.906","2108.7","False","False"
"2026-08-06T11:44:40.1776030+08:00","38568","True","13.922","2108.5","False","False"
"2026-08-06T11:44:40.1964317+08:00","38568","True","13.969","2098.1","False","False"
"2026-08-06T11:44:40.7399959+08:00","38568","True","13.969","2098.1","False","False"
"2026-08-06T11:44:40.7446867+08:00","38568","True","13.969","2098.1","False","False"
"2026-08-06T11:44:40.7496297+08:00","38568","True","13.984","2098.1","False","False"
"2026-08-06T11:44:40.7548126+08:00","38568","True","13.984","2098.1","False","False"
"2026-08-06T11:44:40.7601610+08:00","38568","True","13.984","2098.1","False","False"
"2026-08-06T11:44:40.7647873+08:00","38568","True","14","2098.1","False","False"
"2026-08-06T11:44:40.7697320+08:00","38568","True","14","2098.1","False","False"
"2026-08-06T11:44:40.7743561+08:00","38568","True","14","2098.1","False","False"
"2026-08-06T11:44:40.7788858+08:00","38568","True","14.016","2098.1","False","False"
"2026-08-06T11:44:40.7834088+08:00","38568","True","14.016","2098.1","False","False"
"2026-08-06T11:44:40.7879099+08:00","38568","True","14.016","2098.1","False","False"
"2026-08-06T11:44:40.7920236+08:00","38568","True","14.016","2098.1","False","False"
"2026-08-06T11:44:40.7960131+08:00","38568","True","14.031","2098.1","False","False"
"2026-08-06T11:44:40.7999814+08:00","38568","True","14.031","2098.1","False","False"
"2026-08-06T11:44:40.8057123+08:00","38568","True","14.031","2098.1","False","False"
"2026-08-06T11:44:40.8099277+08:00","38568","True","14.047","2098.1","False","False"
"2026-08-06T11:44:40.8140897+08:00","38568","True","14.062","2098.1","False","False"
"2026-08-06T11:44:40.8184636+08:00","38568","True","14.062","2098.1","False","False"
"2026-08-06T11:44:40.8225736+08:00","38568","True","14.062","2098.1","False","False"
"2026-08-06T11:44:40.8263737+08:00","38568","True","14.078","2098.1","False","False"
"2026-08-06T11:44:40.8302138+08:00","38568","True","14.078","2098.1","False","False"
"2026-08-06T11:44:40.8343839+08:00","38568","True","14.078","2098.1","False","False"
"2026-08-06T11:44:40.8383964+08:00","38568","True","14.078","2098.1","False","False"
"2026-08-06T11:44:40.8424536+08:00","38568","True","14.094","2098.1","False","False"
"2026-08-06T11:44:40.8467942+08:00","38568","True","14.094","2098.1","False","False"
"2026-08-06T11:44:40.8511176+08:00","38568","True","14.094","2098.1","False","False"
"2026-08-06T11:44:40.8550991+08:00","38568","True","14.094","2098.1","False","False"
"2026-08-06T11:44:40.8589552+08:00","38568","True","14.109","2098.1","False","False"
"2026-08-06T11:44:40.8628680+08:00","38568","True","14.109","2098.1","False","False"
"2026-08-06T11:44:40.8671922+08:00","38568","True","14.109","2098.1","False","False"
"2026-08-06T11:44:40.8714332+08:00","38568","True","14.109","2098.1","False","False"
"2026-08-06T11:44:40.8755457+08:00","38568","True","14.125","2098.1","False","False"
"2026-08-06T11:44:40.8799039+08:00","38568","True","14.125","2098.1","False","False"
"2026-08-06T11:44:40.8844614+08:00","38568","True","14.125","2098.1","False","False"
"2026-08-06T11:44:40.8886241+08:00","38568","True","14.125","2098.1","False","False"
"2026-08-06T11:44:40.8926607+08:00","38568","True","14.141","2098.1","False","False"
"2026-08-06T11:44:40.8968567+08:00","38568","True","14.141","2098.1","False","False"
"2026-08-06T11:44:40.9010216+08:00","38568","True","14.141","2098.1","False","False"
"2026-08-06T11:44:40.9052003+08:00","38568","True","14.156","2098.1","False","False"
"2026-08-06T11:44:40.9092221+08:00","38568","True","14.156","2098.1","False","False"
"2026-08-06T11:44:40.9136496+08:00","38568","True","14.156","2098.1","False","False"
"2026-08-06T11:44:40.9179614+08:00","38568","True","14.156","2098.1","False","False"
"2026-08-06T11:44:40.9219957+08:00","38568","True","14.172","2098.1","False","False"
"2026-08-06T11:44:40.9258689+08:00","38568","True","14.172","2098.1","False","False"
"2026-08-06T11:44:40.9311875+08:00","38568","True","14.172","2098.1","False","False"
"2026-08-06T11:44:40.9352127+08:00","38568","True","14.188","2098.1","False","False"
"2026-08-06T11:44:40.9391339+08:00","38568","True","14.188","2098.1","False","False"
"2026-08-06T11:44:40.9432488+08:00","38568","True","14.188","2098.1","False","False"
"2026-08-06T11:44:40.9476702+08:00","38568","True","14.188","2098.1","False","False"
"2026-08-06T11:44:40.9521014+08:00","38568","True","14.203","2098.1","False","False"
"2026-08-06T11:44:40.9560368+08:00","38568","True","14.203","2098.1","False","False"
"2026-08-06T11:44:40.9600424+08:00","38568","True","14.203","2098.1","False","False"
"2026-08-06T11:44:40.9639782+08:00","38568","True","14.203","2098.1","False","False"
"2026-08-06T11:44:40.9678934+08:00","38568","True","14.219","2098.1","False","False"
"2026-08-06T11:44:40.9718796+08:00","38568","True","14.219","2098.1","False","False"
"2026-08-06T11:44:40.9759689+08:00","38568","True","14.219","2098.1","False","False"
"2026-08-06T11:44:40.9800335+08:00","38568","True","14.219","2098.1","False","False"
"2026-08-06T11:44:40.9840766+08:00","38568","True","14.234","2098.1","False","False"
"2026-08-06T11:44:40.9881174+08:00","38568","True","14.234","2098.1","False","False"
"2026-08-06T11:44:40.9927693+08:00","38568","True","14.234","2098.1","False","False"
"2026-08-06T11:44:40.9969451+08:00","38568","True","14.234","2098.1","False","False"
"2026-08-06T11:44:41.0011720+08:00","38568","True","14.266","2098.1","False","False"
"2026-08-06T11:44:41.0051873+08:00","38568","True","14.266","2098.1","False","False"
"2026-08-06T11:44:41.0104211+08:00","38568","True","14.266","2098.1","False","False"
"2026-08-06T11:44:41.0146045+08:00","38568","True","14.281","2098.1","False","False"
"2026-08-06T11:44:41.0186380+08:00","38568","True","14.281","2098.1","False","False"
"2026-08-06T11:44:41.0227158+08:00","38568","True","14.281","2098.1","False","False"
"2026-08-06T11:44:41.0266521+08:00","38568","True","14.281","2098.1","False","False"
"2026-08-06T11:44:41.0306664+08:00","38568","True","14.297","2098.1","False","False"
"2026-08-06T11:44:41.0345757+08:00","38568","True","14.297","2098.1","False","False"
"2026-08-06T11:44:41.0386964+08:00","38568","True","14.297","2098.1","False","False"
"2026-08-06T11:44:41.1304177+08:00","38568","True","14.391","2098.2","False","False"
"2026-08-06T11:44:41.2405714+08:00","38568","True","14.578","2099.1","False","False"
"2026-08-06T11:44:41.3335353+08:00","38568","True","14.719","2100.6","False","False"
"2026-08-06T11:44:41.4427785+08:00","38568","True","17.844","2354.2","False","False"
"2026-08-06T11:44:42.4342350+08:00","38568","True","17.859","2356.5","False","False"
"2026-08-06T11:44:42.4440484+08:00","38568","True","17.859","2356.4","False","False"
"2026-08-06T11:44:42.4498580+08:00","38568","True","18.469","2424.3","False","False"
"2026-08-06T11:44:43.0307648+08:00","38568","True","18.562","2473.7","False","False"
"2026-08-06T11:44:43.1007011+08:00","38568","True","18.719","2484.9","False","False"
"2026-08-06T11:44:43.1851365+08:00","38568","True","18.719","2486.2","False","False"
"2026-08-06T11:44:43.2022794+08:00","38568","True","18.734","2486.2","False","False"
"2026-08-06T11:44:43.2069719+08:00","38568","True","18.734","2486.2","False","False"
"2026-08-06T11:44:43.2124760+08:00","38568","True","18.734","2486.2","False","False"
"2026-08-06T11:44:43.2171246+08:00","38568","True","18.734","2486.2","False","False"
"2026-08-06T11:44:43.2216707+08:00","38568","True","18.734","2486.2","False","False"
"2026-08-06T11:44:43.2262129+08:00","38568","True","18.734","2486.2","False","False"
"2026-08-06T11:44:43.2307727+08:00","38568","True","18.734","2486.2","False","False"
"2026-08-06T11:44:43.2352294+08:00","38568","True","18.734","2486.2","False","False"
"2026-08-06T11:44:43.2395618+08:00","38568","True","18.734","2486.2","False","False"
"2026-08-06T11:44:43.2441095+08:00","38568","True","18.734","2486.2","False","False"
"2026-08-06T11:44:43.2486868+08:00","38568","True","18.734","2486.2","False","False"
"2026-08-06T11:44:43.2531712+08:00","38568","True","18.734","2486.2","False","False"
"2026-08-06T11:44:43.3336552+08:00","38568","True","18.734","2486.3","False","False"
"2026-08-06T11:44:43.4431776+08:00","38568","True","18.734","2486.3","False","False"
"2026-08-06T11:44:43.5365201+08:00","38568","True","18.734","2486.8","False","False"
"2026-08-06T11:44:43.6430021+08:00","38568","True","18.75","2486.9","False","False"
"2026-08-06T11:44:43.7381594+08:00","38568","True","18.75","2486.9","False","False"
"2026-08-06T11:44:43.8323851+08:00","38568","True","18.75","2486.9","False","False"
"2026-08-06T11:44:43.9415673+08:00","38568","True","18.766","2486.9","False","False"
"2026-08-06T11:44:44.0338196+08:00","38568","True","19","2516.4","False","False"
"2026-08-06T11:44:44.1437944+08:00","38568","True","19.141","2521","False","False"
"2026-08-06T11:44:44.2391453+08:00","38568","True","19.266","2526.5","False","False"
"2026-08-06T11:44:44.3320914+08:00","38568","True","19.344","2531.6","False","False"
"2026-08-06T11:44:44.4421719+08:00","38568","True","19.406","2537.1","False","False"
"2026-08-06T11:44:44.5356782+08:00","38568","True","19.609","2543.8","False","False"
"2026-08-06T11:44:44.6292899+08:00","38568","True","19.656","2543.8","False","False"
"2026-08-06T11:44:44.7377738+08:00","38568","True","19.703","2549.6","False","False"
"2026-08-06T11:44:44.8309849+08:00","38568","True","19.781","2550.9","False","False"
"2026-08-06T11:44:44.9411839+08:00","38568","True","19.781","2550.9","False","False"
"2026-08-06T11:44:45.0342483+08:00","38568","True","19.828","2550.9","False","False"
"2026-08-06T11:44:45.1441858+08:00","38568","True","19.906","2550.9","False","False"
"2026-08-06T11:44:45.2372130+08:00","38568","True","19.922","2550.9","False","False"
"2026-08-06T11:44:45.3311669+08:00","38568","True","19.953","2550.9","False","False"
"2026-08-06T11:44:45.4405031+08:00","38568","True","19.969","2550.9","False","False"
"2026-08-06T11:44:45.5365917+08:00","38568","True","20.031","2557.2","False","False"
"2026-08-06T11:44:45.6444703+08:00","38568","True","20.125","2557.2","False","False"
"2026-08-06T11:44:45.7375963+08:00","38568","True","20.266","2567.5","False","False"
"2026-08-06T11:44:45.8309245+08:00","38568","True","20.375","2568.7","False","False"
"2026-08-06T11:44:45.9400938+08:00","38568","True","20.469","2577.3","False","False"
"2026-08-06T11:44:46.0476654+08:00","38568","True","20.594","2577.5","False","False"
"2026-08-06T11:44:46.1409909+08:00","38568","True","20.812","2579.9","False","False"
"2026-08-06T11:44:46.2498755+08:00","38568","True","20.828","2579.9","False","False"
"2026-08-06T11:44:46.3442774+08:00","38568","True","20.828","2579.9","False","False"
"2026-08-06T11:44:46.4378724+08:00","38568","True","20.828","2579.9","False","False"
"2026-08-06T11:44:46.5465904+08:00","38568","True","20.969","2580","False","False"
"2026-08-06T11:44:46.6410536+08:00","38568","True","21.047","2580.1","False","False"
"2026-08-06T11:44:46.7342346+08:00","38568","True","21.391","2580.3","False","False"
"2026-08-06T11:44:46.8439520+08:00","38568","True","21.5","2580.6","False","False"
"2026-08-06T11:44:46.9386206+08:00","38568","True","21.609","2580.7","False","False"
"2026-08-06T11:44:47.0475340+08:00","38568","True","21.688","2580.7","False","False"
"2026-08-06T11:44:47.1408360+08:00","38568","True","21.812","2581.1","False","False"
"2026-08-06T11:44:47.2490729+08:00","38568","True","21.922","2582.7","False","False"
"2026-08-06T11:44:47.3408808+08:00","38568","True","21.938","2582.7","False","False"
"2026-08-06T11:44:47.4490660+08:00","38568","True","21.938","2582.9","False","False"
"2026-08-06T11:44:47.5423490+08:00","38568","True","22.016","2582.9","False","False"
"2026-08-06T11:44:47.6356972+08:00","38568","True","22.031","2582.9","False","False"
"2026-08-06T11:44:47.7301689+08:00","38568","True","22.031","2582.9","False","False"
"2026-08-06T11:44:47.8380152+08:00","38568","True","22.094","2582.7","False","False"
"2026-08-06T11:44:47.9319750+08:00","38568","True","22.188","2582.7","False","False"
"2026-08-06T11:44:48.0406813+08:00","38568","True","22.203","2582.7","False","False"
"2026-08-06T11:44:48.1342861+08:00","38568","True","22.266","2582.7","False","False"
"2026-08-06T11:44:48.2431489+08:00","38568","True","22.375","2582.8","False","False"
"2026-08-06T11:44:48.3367210+08:00","38568","True","22.469","2582.8","False","False"
"2026-08-06T11:44:48.4306656+08:00","38568","True","22.562","2585","False","False"
"2026-08-06T11:44:48.5399774+08:00","38568","True","22.578","2585","False","False"
"2026-08-06T11:44:48.6329779+08:00","38568","True","22.672","2585.3","False","False"
"2026-08-06T11:44:48.7425706+08:00","38568","True","22.75","2585.3","False","False"
"2026-08-06T11:44:48.8371341+08:00","38568","True","22.891","2585.3","False","False"
"2026-08-06T11:44:48.9298016+08:00","38568","True","22.953","2585.3","False","False"
"2026-08-06T11:44:49.0400618+08:00","38568","True","23.25","2585.4","False","False"
"2026-08-06T11:44:49.1479133+08:00","38568","True","23.25","2585.4","False","False"
"2026-08-06T11:44:49.2416652+08:00","38568","True","23.453","2585.4","False","False"
"2026-08-06T11:44:49.3363029+08:00","38568","True","23.703","2585.4","False","False"
"2026-08-06T11:44:49.4438587+08:00","38568","True","23.828","2585.4","False","False"
"2026-08-06T11:44:49.5388330+08:00","38568","True","24.031","2585.5","False","False"
"2026-08-06T11:44:49.6319129+08:00","38568","True","24.109","2585.8","False","False"
"2026-08-06T11:44:49.7406696+08:00","38568","True","24.172","2585.9","False","False"
"2026-08-06T11:44:49.8328180+08:00","38568","True","24.234","2585.9","False","False"
"2026-08-06T11:44:49.9432067+08:00","38568","True","24.266","2585.9","False","False"
"2026-08-06T11:44:50.0366735+08:00","38568","True","24.312","2585.9","False","False"
"2026-08-06T11:44:50.1301012+08:00","38568","True","24.469","2579.8","False","False"
"2026-08-06T11:44:50.2397030+08:00","38568","True","24.656","2585.8","False","False"
"2026-08-06T11:44:50.3327735+08:00","38568","True","24.656","2585.8","False","False"
"2026-08-06T11:44:50.4427963+08:00","38568","True","24.688","2585.9","False","False"
"2026-08-06T11:44:50.5376149+08:00","38568","True","24.828","2585.8","False","False"
"2026-08-06T11:44:50.6309151+08:00","38568","True","25.188","2585.9","False","False"
"2026-08-06T11:44:50.7394811+08:00","38568","True","25.438","2586.7","False","False"
"2026-08-06T11:44:50.8336771+08:00","38568","True","25.531","2586.6","False","False"
"2026-08-06T11:44:50.9442924+08:00","38568","True","25.703","2586.9","False","False"
"2026-08-06T11:44:51.0385806+08:00","38568","True","25.781","2586.9","False","False"
"2026-08-06T11:44:51.1476496+08:00","38568","True","25.828","2586.9","False","False"
"2026-08-06T11:44:51.2410887+08:00","38568","True","26.078","2587","False","False"
"2026-08-06T11:44:51.3350690+08:00","38568","True","26.188","2587.2","False","False"
"2026-08-06T11:44:51.4449422+08:00","38568","True","26.312","2587.3","False","False"
"2026-08-06T11:44:51.5372011+08:00","38568","True","26.531","2587.4","False","False"
"2026-08-06T11:44:51.6320439+08:00","38568","True","26.719","2587.5","False","False"
"2026-08-06T11:44:51.7405433+08:00","38568","True","26.922","2587.8","False","False"
"2026-08-06T11:44:51.8323066+08:00","38568","True","27.031","2587.8","False","False"
"2026-08-06T11:44:51.9425841+08:00","38568","True","27.219","2588.2","False","False"
"2026-08-06T11:44:52.0368721+08:00","38568","True","27.344","2588.3","False","False"
"2026-08-06T11:44:52.1451714+08:00","38568","True","27.422","2590.1","False","False"
"2026-08-06T11:44:52.2390845+08:00","38568","True","27.422","2590.1","False","False"
"2026-08-06T11:44:52.3324628+08:00","38568","True","27.438","2590.1","False","False"
"2026-08-06T11:44:52.4431599+08:00","38568","True","33.25","2588.2","False","False"
"2026-08-06T11:44:54.4976623+08:00","38568","False","38.266","2524.4","False","False"
"2026-08-06T11:44:59.5070100+08:00","38568","False","38.266","2524.4","False","False"
"2026-08-06T11:44:59.5117034+08:00","38568","False","38.266","2524.4","False","False"
"2026-08-06T11:44:59.5162240+08:00","38568","False","38.281","2524.4","False","False"
"2026-08-06T11:44:59.5208819+08:00","38568","False","38.281","2524.4","False","False"
"2026-08-06T11:44:59.5250378+08:00","38568","False","38.281","2524.4","False","False"
"2026-08-06T11:44:59.5291386+08:00","38568","False","38.281","2524.4","False","False"
"2026-08-06T11:44:59.5331483+08:00","38568","False","38.297","2524.4","False","False"
"2026-08-06T11:44:59.5373138+08:00","38568","False","38.297","2524.4","False","False"
"2026-08-06T11:44:59.5413512+08:00","38568","False","38.297","2524.4","False","False"
"2026-08-06T11:44:59.5452136+08:00","38568","False","38.312","2524.4","False","False"
"2026-08-06T11:44:59.5492453+08:00","38568","False","38.312","2524.4","False","False"
"2026-08-06T11:44:59.5536081+08:00","38568","False","38.312","2524.4","False","False"
"2026-08-06T11:44:59.5578890+08:00","38568","False","38.312","2524.4","False","False"
"2026-08-06T11:44:59.5618581+08:00","38568","False","38.328","2524.4","False","False"
"2026-08-06T11:44:59.5660488+08:00","38568","False","38.328","2524.4","False","False"
"2026-08-06T11:44:59.5711205+08:00","38568","False","38.328","2524.4","False","False"
"2026-08-06T11:44:59.5752633+08:00","38568","False","38.328","2524.4","False","False"
"2026-08-06T11:44:59.5792692+08:00","38568","False","38.344","2524.4","False","False"
"2026-08-06T11:44:59.5835654+08:00","38568","False","38.344","2524.4","False","False"
"2026-08-06T11:44:59.5879542+08:00","38568","False","38.344","2524.4","False","False"
"2026-08-06T11:44:59.5921258+08:00","38568","False","38.359","2524.4","False","False"
"2026-08-06T11:44:59.5961399+08:00","38568","False","38.359","2524.4","False","False"
"2026-08-06T11:44:59.6010397+08:00","38568","False","38.359","2524.4","False","False"
"2026-08-06T11:44:59.6051445+08:00","38568","False","38.359","2524.4","False","False"
"2026-08-06T11:44:59.6091166+08:00","38568","False","38.375","2524.4","False","False"
"2026-08-06T11:44:59.6132021+08:00","38568","False","38.375","2524.4","False","False"
"2026-08-06T11:44:59.6175360+08:00","38568","False","38.375","2524.4","False","False"
"2026-08-06T11:44:59.6219691+08:00","38568","False","38.375","2524.4","False","False"
"2026-08-06T11:44:59.6259917+08:00","38568","False","38.391","2524.4","False","False"
"2026-08-06T11:44:59.6304824+08:00","38568","False","38.391","2524.4","False","False"
"2026-08-06T11:44:59.6347027+08:00","38568","False","38.391","2524.4","False","False"
"2026-08-06T11:44:59.6387518+08:00","38568","False","38.406","2524.4","False","False"
"2026-08-06T11:44:59.6427191+08:00","38568","False","38.406","2524.4","False","False"
"2026-08-06T11:44:59.6479419+08:00","38568","False","38.406","2524.4","False","False"
"2026-08-06T11:44:59.6522466+08:00","38568","False","38.406","2524.4","False","False"
"2026-08-06T11:44:59.6565528+08:00","38568","False","38.422","2524.4","False","False"
"2026-08-06T11:44:59.6607169+08:00","38568","False","38.422","2524.4","False","False"
"2026-08-06T11:44:59.6650603+08:00","38568","False","38.422","2524.4","False","False"
"2026-08-06T11:44:59.6689739+08:00","38568","False","38.422","2524.4","False","False"
"2026-08-06T11:44:59.6728487+08:00","38568","False","38.438","2524.4","False","False"
"2026-08-06T11:44:59.6770677+08:00","38568","False","38.438","2524.4","False","False"
"2026-08-06T11:44:59.6813941+08:00","38568","False","38.438","2524.4","False","False"
"2026-08-06T11:44:59.6855820+08:00","38568","False","38.438","2524.4","False","False"
"2026-08-06T11:44:59.6897814+08:00","38568","False","38.453","2524.4","False","False"
"2026-08-06T11:44:59.6942565+08:00","38568","False","38.453","2524.4","False","False"
"2026-08-06T11:44:59.6984091+08:00","38568","False","38.453","2524.4","False","False"
"2026-08-06T11:44:59.7023645+08:00","38568","False","38.469","2524.4","False","False"
"2026-08-06T11:44:59.7065438+08:00","38568","False","38.469","2524.4","False","False"
"2026-08-06T11:44:59.7105032+08:00","38568","False","38.469","2524.4","False","False"
"2026-08-06T11:44:59.7144927+08:00","38568","False","38.469","2524.4","False","False"
"2026-08-06T11:44:59.7186437+08:00","38568","False","38.484","2524.4","False","False"
"2026-08-06T11:44:59.7231364+08:00","38568","False","38.484","2524.4","False","False"
"2026-08-06T11:44:59.7271981+08:00","38568","False","38.484","2524.4","False","False"
"2026-08-06T11:44:59.7311878+08:00","38568","False","38.484","2524.4","False","False"
"2026-08-06T11:44:59.7352567+08:00","38568","False","38.5","2524.4","False","False"
"2026-08-06T11:44:59.7404906+08:00","38568","False","38.5","2524.4","False","False"
"2026-08-06T11:44:59.7445582+08:00","38568","False","38.5","2524.4","False","False"
"2026-08-06T11:44:59.7485897+08:00","38568","False","38.516","2524.4","False","False"
"2026-08-06T11:44:59.7530035+08:00","38568","False","38.516","2524.4","False","False"
"2026-08-06T11:44:59.7572229+08:00","38568","False","38.516","2524.4","False","False"
"2026-08-06T11:44:59.7613308+08:00","38568","False","38.516","2524.4","False","False"
"2026-08-06T11:44:59.7652710+08:00","38568","False","38.531","2524.4","False","False"
"2026-08-06T11:44:59.7697396+08:00","38568","False","38.531","2524.4","False","False"
"2026-08-06T11:44:59.7738274+08:00","38568","False","38.531","2524.4","False","False"
"2026-08-06T11:44:59.7778072+08:00","38568","False","38.531","2524.4","False","False"
"2026-08-06T11:44:59.7819638+08:00","38568","False","38.547","2524.4","False","False"
"2026-08-06T11:44:59.7871233+08:00","38568","False","38.547","2524.4","False","False"
"2026-08-06T11:44:59.7913737+08:00","38568","False","38.547","2524.4","False","False"
"2026-08-06T11:44:59.7955730+08:00","38568","False","38.562","2524.4","False","False"
"2026-08-06T11:44:59.7999136+08:00","38568","False","38.562","2524.4","False","False"
"2026-08-06T11:44:59.8043136+08:00","38568","False","38.562","2524.4","False","False"
"2026-08-06T11:44:59.8083819+08:00","38568","False","38.562","2524.4","False","False"
"2026-08-06T11:44:59.8438287+08:00","38568","False","38.609","2524.4","False","False"
"2026-08-06T11:44:59.9545519+08:00","38568","False","38.75","2524.4","False","False"
"2026-08-06T11:45:00.0476997+08:00","38568","False","38.844","2524.3","False","False"
"2026-08-06T11:45:00.1411580+08:00","38568","False","38.953","2524.3","False","False"
"2026-08-06T11:45:00.2368595+08:00","38568","False","39.047","2524.3","False","False"
"2026-08-06T11:45:00.3307705+08:00","38568","False","39.141","2524.3","False","False"
"2026-08-06T11:45:00.4397451+08:00","38568","False","39.281","2524.3","False","False"
"2026-08-06T11:45:00.5339248+08:00","38568","False","39.469","2524.3","False","False"
"2026-08-06T11:45:00.6416798+08:00","38568","False","39.672","2524.3","False","False"
"2026-08-06T11:45:00.7498649+08:00","38568","False","39.781","2524.3","False","False"
"2026-08-06T11:45:00.8438216+08:00","38568","False","39.875","2524.3","False","False"
"2026-08-06T11:45:00.9528157+08:00","38568","False","39.984","2524.3","False","False"
"2026-08-06T11:45:01.0473397+08:00","38568","False","40.078","2524.3","False","False"
"2026-08-06T11:45:01.1414378+08:00","38568","False","40.172","2524.3","False","False"
"2026-08-06T11:45:01.2512368+08:00","38568","False","40.281","2524.3","False","False"
"2026-08-06T11:45:01.3448489+08:00","38568","False","40.375","2524.3","False","False"
"2026-08-06T11:45:01.4538602+08:00","38568","False","40.516","2589.8","False","False"
"2026-08-06T11:45:01.5465535+08:00","38568","True","40.688","2589.8","False","False"
"2026-08-06T11:45:01.6567810+08:00","38568","True","40.719","2589.9","False","False"
"2026-08-06T11:45:01.7360437+08:00","38568","True","40.734","2589.9","False","False"
"2026-08-06T11:45:01.8446576+08:00","38568","True","40.75","2589.9","False","False"
"2026-08-06T11:45:01.9546460+08:00","38568","True","40.75","2589.9","False","False"
"2026-08-06T11:45:02.0483165+08:00","38568","True","40.75","2589.9","False","False"
"2026-08-06T11:45:02.1419492+08:00","38568","True","40.828","2589.9","False","False"
"2026-08-06T11:45:02.2364985+08:00","38568","True","40.984","2590","False","False"
"2026-08-06T11:45:02.3452859+08:00","38568","True","41.141","2590.1","False","False"
"2026-08-06T11:45:02.4396848+08:00","38568","True","41.203","2590.2","False","False"
"2026-08-06T11:45:02.5475260+08:00","38568","True","41.391","2590.2","False","False"
"2026-08-06T11:45:02.6422643+08:00","38568","True","41.406","2590.2","False","False"
"2026-08-06T11:45:02.7508953+08:00","38568","True","41.406","2590.2","False","False"
"2026-08-06T11:45:02.8440149+08:00","38568","True","41.406","2590.2","False","False"
"2026-08-06T11:45:02.9375637+08:00","38568","True","41.406","2590.2","False","False"
"2026-08-06T11:45:03.0468842+08:00","38568","True","41.422","2590.3","False","False"
"2026-08-06T11:45:03.1399448+08:00","38568","True","41.422","2590.3","False","False"
"2026-08-06T11:45:03.2507038+08:00","38568","True","41.469","2590.3","False","False"
"2026-08-06T11:45:03.3441250+08:00","38568","True","41.484","2590.3","False","False"
"2026-08-06T11:45:03.4373443+08:00","38568","True","41.5","2590.3","False","False"
"2026-08-06T11:45:03.5466101+08:00","38568","True","41.5","2590.3","False","False"
"2026-08-06T11:45:03.6387813+08:00","38568","True","41.5","2590.3","False","False"
"2026-08-06T11:45:03.7475676+08:00","38568","True","41.5","2590.3","False","False"
"2026-08-06T11:45:03.8413484+08:00","38568","True","41.516","2590.3","False","False"
"2026-08-06T11:45:03.9516826+08:00","38568","True","41.531","2590.3","False","False"
"2026-08-06T11:45:04.0445346+08:00","38568","True","41.547","2590.3","False","False"
"2026-08-06T11:45:04.1374497+08:00","38568","True","41.562","2590.3","False","False"
"2026-08-06T11:45:04.2473701+08:00","38568","True","41.562","2590.3","False","False"
"2026-08-06T11:45:04.3421042+08:00","38568","True","41.562","2590.3","False","False"
"2026-08-06T11:45:04.4494248+08:00","38568","True","41.578","2590.3","False","False"
"2026-08-06T11:45:04.5436267+08:00","38568","True","41.578","2590.3","False","False"
"2026-08-06T11:45:04.6378952+08:00","38568","True","41.594","2590.3","False","False"
"2026-08-06T11:45:04.7476931+08:00","38568","True","41.625","2590.3","False","False"
"2026-08-06T11:45:04.8396264+08:00","38568","True","41.625","2590.3","False","False"
"2026-08-06T11:45:04.9484687+08:00","38568","True","41.625","2590.3","False","False"
"2026-08-06T11:45:05.0419394+08:00","38568","True","41.625","2590.3","False","False"
"2026-08-06T11:45:05.1349770+08:00","38568","True","41.656","2590.3","False","False"
"2026-08-06T11:45:05.2441401+08:00","38568","True","41.672","2590.3","False","False"
"2026-08-06T11:45:05.3381125+08:00","38568","True","41.672","2590.3","False","False"
"2026-08-06T11:45:05.4335687+08:00","38568","True","41.672","2590.3","False","False"
"2026-08-06T11:45:05.5418895+08:00","38568","True","41.672","2588.7","False","False"
"2026-08-06T11:45:05.6518877+08:00","38568","True","41.672","2588.7","False","False"
"2026-08-06T11:45:05.7460626+08:00","38568","True","41.719","2588.7","False","False"
"2026-08-06T11:45:05.8389941+08:00","38568","True","41.734","2588.7","False","False"
"2026-08-06T11:45:05.9487401+08:00","38568","True","41.797","2588.7","False","False"
"2026-08-06T11:45:06.0426893+08:00","38568","True","41.797","2588.7","False","False"
"2026-08-06T11:45:06.1371458+08:00","38568","True","41.797","2588.7","False","False"
"2026-08-06T11:45:06.2457003+08:00","38568","True","41.797","2588.7","False","False"
"2026-08-06T11:45:06.3395443+08:00","38568","True","41.797","2588.7","False","False"
"2026-08-06T11:45:06.4332030+08:00","38568","True","41.797","2588.7","False","False"
"2026-08-06T11:45:06.5421327+08:00","38568","True","41.797","2588.7","False","False"
"2026-08-06T11:45:06.6363011+08:00","38568","True","41.875","2588.7","False","False"
"2026-08-06T11:45:06.7454592+08:00","38568","True","41.891","2588.7","False","False"
"2026-08-06T11:45:06.8384819+08:00","38568","True","41.891","2588.7","False","False"
"2026-08-06T11:45:06.9330510+08:00","38568","True","41.891","2588.7","False","False"
"2026-08-06T11:45:07.0426765+08:00","38568","True","41.891","2588.7","False","False"
"2026-08-06T11:45:07.1504438+08:00","38568","True","41.891","2588.7","False","False"
"2026-08-06T11:45:07.2444524+08:00","38568","True","41.891","2588.7","False","False"
"2026-08-06T11:45:07.3383932+08:00","38568","True","41.891","2588.7","False","False"
"2026-08-06T11:45:07.4465630+08:00","38568","True","41.938","2588.7","False","False"
"2026-08-06T11:45:07.5398248+08:00","38568","True","41.938","2588.7","False","False"
"2026-08-06T11:45:07.6327844+08:00","38568","True","41.938","2588.7","False","False"
"2026-08-06T11:45:07.7428695+08:00","38568","True","41.969","2588.7","False","False"
"2026-08-06T11:45:07.8365907+08:00","38568","True","41.969","2588.7","False","False"
"2026-08-06T11:45:07.9308429+08:00","38568","True","42.031","2588.7","False","False"
"2026-08-06T11:45:08.0390821+08:00","38568","True","42.031","2588.7","False","False"
"2026-08-06T11:45:08.1328637+08:00","38568","True","42.031","2588.7","False","False"
"2026-08-06T11:45:08.2426587+08:00","38568","True","42.031","2588.7","False","False"
"2026-08-06T11:45:08.3357533+08:00","38568","True","42.031","2588.7","False","False"
"2026-08-06T11:45:08.4301639+08:00","38568","True","42.062","2588.7","False","False"
"2026-08-06T11:45:08.5390946+08:00","38568","True","42.062","2524.9","False","False"
"2026-08-06T11:45:08.6332867+08:00","38568","True","42.062","2524.9","False","False"
"2026-08-06T11:45:08.7404002+08:00","38568","True","42.062","2524.9","False","False"
"2026-08-06T11:45:08.8330418+08:00","38568","True","42.062","2524.9","False","False"
"2026-08-06T11:45:08.9419896+08:00","38568","True","42.062","2524.9","False","False"
"2026-08-06T11:45:09.0349300+08:00","38568","True","42.062","2524.9","False","False"
"2026-08-06T11:45:09.1299895+08:00","38568","True","42.062","2524.9","False","False"
"2026-08-06T11:45:09.2402459+08:00","38568","True","42.062","2524.9","False","False"
"2026-08-06T11:45:09.3342573+08:00","38568","True","42.062","2524.9","False","False"
"2026-08-06T11:45:09.4431321+08:00","38568","True","42.125","2524.9","False","False"
"2026-08-06T11:45:09.5365172+08:00","38568","True","42.125","2524.9","False","False"
"2026-08-06T11:45:09.6444207+08:00","38568","True","42.125","2524.9","False","False"
"2026-08-06T11:45:09.7399126+08:00","38568","True","42.125","2524.9","False","False"
"2026-08-06T11:45:09.8329790+08:00","38568","True","42.125","2524.9","False","False"
"2026-08-06T11:45:09.9426380+08:00","38568","True","42.156","2524.9","False","False"
"2026-08-06T11:45:10.0351889+08:00","38568","True","42.156","2524.9","False","False"
"2026-08-06T11:45:10.1425998+08:00","38568","True","42.156","2524.9","False","False"
"2026-08-06T11:45:10.2508033+08:00","38568","True","42.156","2524.9","False","False"
"2026-08-06T11:45:10.3432757+08:00","38568","True","42.156","2524.9","False","False"
"2026-08-06T11:45:10.4552948+08:00","38568","True","42.156","2524.9","False","False"
"2026-08-06T11:45:10.5489713+08:00","38568","True","42.172","2524.9","False","False"
"2026-08-06T11:45:10.6423435+08:00","38568","True","42.188","2524.9","False","False"
"2026-08-06T11:45:10.7377969+08:00","38568","True","42.188","2524.9","False","False"
"2026-08-06T11:45:10.8434747+08:00","38568","True","42.188","2524.9","False","False"
"2026-08-06T11:45:10.9378982+08:00","38568","True","42.188","2524.9","False","False"
"2026-08-06T11:45:11.0480506+08:00","38568","True","42.188","2524.9","False","False"
"2026-08-06T11:45:11.1415619+08:00","38568","True","42.188","2524.9","False","False"
"2026-08-06T11:45:11.2512275+08:00","38568","True","42.188","2524.9","False","False"
"2026-08-06T11:45:11.3423600+08:00","38568","True","42.188","2524.9","False","False"
"2026-08-06T11:45:11.4531277+08:00","38568","True","42.188","2524.8","False","False"
"2026-08-06T11:45:11.5464830+08:00","38568","True","42.188","2524.4","False","False"
"2026-08-06T11:45:11.6383851+08:00","38568","True","42.219","2524.2","False","False"
"2026-08-06T11:45:11.7461054+08:00","38568","True","42.219","2524.2","False","False"
"2026-08-06T11:45:11.8407160+08:00","38568","True","42.234","2524.2","False","False"
"2026-08-06T11:45:11.9499122+08:00","38568","True","42.25","2524.2","False","False"
"2026-08-06T11:45:12.0430474+08:00","38568","True","42.25","2524.2","False","False"
"2026-08-06T11:45:12.1363024+08:00","38568","True","42.25","2524.2","False","False"
"2026-08-06T11:45:12.2305567+08:00","38568","True","42.25","2524.2","False","False"
"2026-08-06T11:45:12.3400662+08:00","38568","True","42.297","2524.2","False","False"
"2026-08-06T11:45:12.4499670+08:00","38568","True","42.312","2524.2","False","False"
"2026-08-06T11:45:12.5437642+08:00","38568","True","42.312","2524.2","False","False"
"2026-08-06T11:45:12.6534597+08:00","38568","True","42.312","2524.2","False","False"
"2026-08-06T11:45:12.7471024+08:00","38568","True","42.328","2524.2","False","False"
"2026-08-06T11:45:12.8412779+08:00","38568","True","42.328","2524.2","False","False"
"2026-08-06T11:45:12.9523751+08:00","38568","True","42.328","2524.2","False","False"
"2026-08-06T11:45:13.0455348+08:00","38568","True","42.328","2524.2","False","False"
"2026-08-06T11:45:13.1389138+08:00","38568","True","42.328","2524.2","False","False"
"2026-08-06T11:45:13.2502461+08:00","38568","True","42.359","2524.2","False","False"
"2026-08-06T11:45:13.3445105+08:00","38568","True","42.359","2524.2","False","False"
"2026-08-06T11:45:13.4521063+08:00","38568","True","42.359","2524.2","False","False"
"2026-08-06T11:45:13.5445973+08:00","38568","True","42.375","2524.2","False","False"
"2026-08-06T11:45:13.6558072+08:00","38568","True","42.422","2524.2","False","False"
"2026-08-06T11:45:13.7474300+08:00","38568","True","42.438","2524.2","False","False"
"2026-08-06T11:45:13.8404589+08:00","38568","True","42.438","2524.2","False","False"
"2026-08-06T11:45:13.9341254+08:00","38568","True","42.438","2524.2","False","False"
"2026-08-06T11:45:14.0292488+08:00","38568","True","42.453","2524.2","False","False"
"2026-08-06T11:45:14.1534807+08:00","38568","True","42.469","2524.2","False","False"
"2026-08-06T11:45:14.2473250+08:00","38568","True","42.484","2524.2","False","False"
"2026-08-06T11:45:14.3411486+08:00","38568","True","42.5","2524.2","False","False"
"2026-08-06T11:45:14.4520536+08:00","38568","True","42.5","2524.2","False","False"
"2026-08-06T11:45:14.5451907+08:00","38568","True","42.5","2524.2","False","False"
"2026-08-06T11:45:14.6543403+08:00","38568","True","42.5","2524.2","False","False"
"2026-08-06T11:45:14.7449160+08:00","38568","True","42.5","2524.2","False","False"
"2026-08-06T11:45:14.8378975+08:00","38568","True","42.531","2589.8","False","False"
"2026-08-06T11:45:14.9310989+08:00","38568","True","42.625","2589.8","False","False"
"2026-08-06T11:45:15.0381631+08:00","38568","True","42.828","2589.8","False","False"
"2026-08-06T11:45:15.1323637+08:00","38568","True","43","2589.8","False","False"
"2026-08-06T11:45:15.2427141+08:00","38568","True","43.188","2589.9","False","False"
"2026-08-06T11:45:15.3354588+08:00","38568","True","43.391","2590","False","False"
"2026-08-06T11:45:15.4441635+08:00","38568","True","43.516","2590","False","False"
"2026-08-06T11:45:15.5378540+08:00","38568","True","43.797","2590","False","False"
"2026-08-06T11:45:15.6303967+08:00","38568","True","44.062","2590.1","False","False"
"2026-08-06T11:45:15.7379083+08:00","38568","True","44.125","2590.1","False","False"
"2026-08-06T11:45:15.8323727+08:00","38568","True","44.125","2590.1","False","False"
"2026-08-06T11:45:15.9415027+08:00","38568","True","44.234","2590.1","False","False"
"2026-08-06T11:45:16.0332890+08:00","38568","True","44.344","2590.1","False","False"
"2026-08-06T11:45:16.1430124+08:00","38568","True","44.406","2590.1","False","False"
"2026-08-06T11:45:16.2510592+08:00","38568","True","44.438","2590.1","False","False"
"2026-08-06T11:45:16.3454575+08:00","38568","True","44.453","2590.1","False","False"
"2026-08-06T11:45:16.4393693+08:00","38568","True","44.453","2590.1","False","False"
"2026-08-06T11:45:16.5339138+08:00","38568","True","44.469","2590.1","False","False"
"2026-08-06T11:45:16.6424160+08:00","38568","True","44.5","2590.1","False","False"
"2026-08-06T11:45:16.7511396+08:00","38568","True","44.5","2590.1","False","False"
"2026-08-06T11:45:16.8444119+08:00","38568","True","44.531","2590.1","False","False"
"2026-08-06T11:45:16.9379259+08:00","38568","True","44.641","2590.1","False","False"
"2026-08-06T11:45:17.0325208+08:00","38568","True","44.734","2590.1","False","False"
"2026-08-06T11:45:17.1410959+08:00","38568","True","44.781","2590.1","False","False"
"2026-08-06T11:45:17.2516273+08:00","38568","True","44.875","2590.4","False","False"
"2026-08-06T11:45:17.3460646+08:00","38568","True","44.906","2590.4","False","False"
"2026-08-06T11:45:17.4382627+08:00","38568","True","44.906","2590.4","False","False"
"2026-08-06T11:45:17.5467053+08:00","38568","True","44.906","2590.4","False","False"
"2026-08-06T11:45:17.6410648+08:00","38568","True","44.922","2590.4","False","False"
"2026-08-06T11:45:17.7503649+08:00","38568","True","44.922","2590.4","False","False"
"2026-08-06T11:45:17.8433224+08:00","38568","True","44.953","2590.4","False","False"
"2026-08-06T11:45:17.9547926+08:00","38568","True","44.984","2590.4","False","False"
"2026-08-06T11:45:18.0485676+08:00","38568","True","44.984","2590.4","False","False"
"2026-08-06T11:45:18.1409420+08:00","38568","True","45.016","2590.4","False","False"
"2026-08-06T11:45:18.2492560+08:00","38568","True","45.125","2590.4","False","False"
"2026-08-06T11:45:18.3420326+08:00","38568","True","45.219","2590.4","False","False"
"2026-08-06T11:45:18.4373493+08:00","38568","True","45.297","2590.4","False","False"
"2026-08-06T11:45:18.5482298+08:00","38568","True","45.312","2590.4","False","False"
"2026-08-06T11:45:18.6408620+08:00","38568","True","45.391","2590.7","False","False"
"2026-08-06T11:45:18.7488466+08:00","38568","True","45.391","2590.7","False","False"
"2026-08-06T11:45:18.8426927+08:00","38568","True","45.391","2590.7","False","False"
"2026-08-06T11:45:18.9516700+08:00","38568","True","45.516","2590.8","False","False"
"2026-08-06T11:45:19.0303629+08:00","38568","True","45.641","2590.8","False","False"
"2026-08-06T11:45:19.1382148+08:00","38568","True","45.766","2590.8","False","False"
"2026-08-06T11:45:19.2326199+08:00","38568","True","45.781","2590.8","False","False"
"2026-08-06T11:45:19.3415276+08:00","38568","True","45.797","2590.8","False","False"
"2026-08-06T11:45:19.4502069+08:00","38568","True","45.797","2590.8","False","False"
"2026-08-06T11:45:19.5451062+08:00","38568","True","45.828","2590.8","False","False"
"2026-08-06T11:45:19.6377164+08:00","38568","True","46.016","2591","False","False"
"2026-08-06T11:45:19.7311510+08:00","38568","True","46.281","2591","False","False"
"2026-08-06T11:45:19.8389815+08:00","38568","True","46.359","2591","False","False"
"2026-08-06T11:45:19.9319468+08:00","38568","True","46.406","2591","False","False"
"2026-08-06T11:45:20.0410176+08:00","38568","True","46.469","2591.2","False","False"
"2026-08-06T11:45:20.1346757+08:00","38568","True","46.547","2591.2","False","False"
"2026-08-06T11:45:20.2441480+08:00","38568","True","46.578","2591.2","False","False"
"2026-08-06T11:45:20.3391687+08:00","38568","True","46.578","2591.2","False","False"
"2026-08-06T11:45:20.4336400+08:00","38568","True","46.594","2591.2","False","False"
"2026-08-06T11:45:20.5430119+08:00","38568","True","46.594","2591.2","False","False"
"2026-08-06T11:45:20.6377884+08:00","38568","True","46.641","2591.2","False","False"
"2026-08-06T11:45:20.7469427+08:00","38568","True","46.672","2591.2","False","False"
"2026-08-06T11:45:20.8408179+08:00","38568","True","46.703","2592.9","False","False"
"2026-08-06T11:45:20.9505758+08:00","38568","True","46.75","2592.9","False","False"
"2026-08-06T11:45:21.0427558+08:00","38568","True","46.781","2592.9","False","False"
"2026-08-06T11:45:21.1368612+08:00","38568","True","46.812","2592.9","False","False"
"2026-08-06T11:45:21.2304075+08:00","38568","True","46.891","2592.9","False","False"
"2026-08-06T11:45:21.3393644+08:00","38568","True","46.891","2592.9","False","False"
"2026-08-06T11:45:21.4319069+08:00","38568","True","46.922","2592.9","False","False"
"2026-08-06T11:45:21.5424002+08:00","38568","True","46.922","2592.9","False","False"
"2026-08-06T11:45:21.6518307+08:00","38568","True","46.938","2592.9","False","False"
"2026-08-06T11:45:21.7304723+08:00","38568","True","46.938","2592.9","False","False"
"2026-08-06T11:45:21.8389850+08:00","38568","True","46.938","2592.9","False","False"
"2026-08-06T11:45:21.9320695+08:00","38568","True","47.016","2592.2","False","False"
"2026-08-06T11:45:22.0406568+08:00","38568","True","47.031","2592.2","False","False"
"2026-08-06T11:45:22.1341729+08:00","38568","True","47.031","2592.2","False","False"
"2026-08-06T11:45:22.2414943+08:00","38568","True","47.031","2592.2","False","False"
"2026-08-06T11:45:22.3345036+08:00","38568","True","47.172","2592.2","False","False"
"2026-08-06T11:45:22.4438363+08:00","38568","True","47.422","2592.2","False","False"
"2026-08-06T11:45:22.5399733+08:00","38568","True","47.594","2592.2","False","False"
"2026-08-06T11:45:22.6315265+08:00","38568","True","47.641","2592.2","False","False"
"2026-08-06T11:45:22.7407880+08:00","38568","True","47.641","2592.2","False","False"
"2026-08-06T11:45:22.8348404+08:00","38568","True","47.641","2592.2","False","False"
"2026-08-06T11:45:22.9440093+08:00","38568","True","47.734","2592.2","False","False"
"2026-08-06T11:45:23.0367918+08:00","38568","True","47.797","2592.2","False","False"
"2026-08-06T11:45:23.1312797+08:00","38568","True","47.828","2592.2","False","False"
"2026-08-06T11:45:23.2408603+08:00","38568","True","47.922","2592.2","False","False"
"2026-08-06T11:45:23.3371907+08:00","38568","True","48.031","2592.5","False","False"
"2026-08-06T11:45:23.4300568+08:00","38568","True","48.109","2592.5","False","False"
"2026-08-06T11:45:23.5371077+08:00","38568","True","48.141","2592.5","False","False"
"2026-08-06T11:45:23.6288174+08:00","38568","True","48.141","2592.5","False","False"
"2026-08-06T11:45:23.7382756+08:00","38568","True","48.172","2592.5","False","False"
"2026-08-06T11:45:23.8314113+08:00","38568","True","48.188","2592.5","False","False"
"2026-08-06T11:45:23.9402241+08:00","38568","True","48.203","2592.5","False","False"
"2026-08-06T11:45:24.0353928+08:00","38568","True","48.203","2592.5","False","False"
"2026-08-06T11:45:24.1437594+08:00","38568","True","48.219","2592.5","False","False"
"2026-08-06T11:45:24.2387469+08:00","38568","True","48.25","2592.5","False","False"
"2026-08-06T11:45:24.3324159+08:00","38568","True","48.266","2594.5","False","False"
"2026-08-06T11:45:24.4406941+08:00","38568","True","48.281","2594.5","False","False"
"2026-08-06T11:45:24.5338737+08:00","38568","True","48.297","2594.5","False","False"
"2026-08-06T11:45:24.6420972+08:00","38568","True","48.312","2594.5","False","False"
"2026-08-06T11:45:24.7368466+08:00","38568","True","48.391","2594.5","False","False"
"2026-08-06T11:45:24.8308666+08:00","38568","True","48.391","2594.5","False","False"
"2026-08-06T11:45:24.9404833+08:00","38568","True","48.391","2594.5","False","False"
"2026-08-06T11:45:25.0352909+08:00","38568","True","48.391","2594.1","False","False"
"2026-08-06T11:45:25.1300464+08:00","38568","True","48.391","2594.1","False","False"
"2026-08-06T11:45:25.2407392+08:00","38568","True","48.406","2594.1","False","False"
"2026-08-06T11:45:25.3350664+08:00","38568","True","48.422","2594.1","False","False"
"2026-08-06T11:45:25.4437132+08:00","38568","True","48.438","2594.1","False","False"
"2026-08-06T11:45:25.5378257+08:00","38568","True","48.453","2594.1","False","False"
"2026-08-06T11:45:25.6323147+08:00","38568","True","48.453","2594.1","False","False"
"2026-08-06T11:45:25.7417721+08:00","38568","True","48.453","2594.1","False","False"
"2026-08-06T11:45:25.8350477+08:00","38568","True","48.453","2594.1","False","False"
"2026-08-06T11:45:25.9303832+08:00","38568","True","48.5","2594.1","False","False"
"2026-08-06T11:45:26.0405270+08:00","38568","True","48.5","2594.1","False","False"
"2026-08-06T11:45:26.1359256+08:00","38568","True","48.5","2594.1","False","False"
"2026-08-06T11:45:26.2301772+08:00","38568","True","48.5","2594.1","False","False"
"2026-08-06T11:45:26.3387669+08:00","38568","True","48.5","2594.1","False","False"
"2026-08-06T11:45:26.4343259+08:00","38568","True","48.516","2594.1","False","False"
"2026-08-06T11:45:26.5443137+08:00","38568","True","48.516","2594.1","False","False"
"2026-08-06T11:45:26.6396443+08:00","38568","True","48.531","2594.1","False","False"
"2026-08-06T11:45:26.7490333+08:00","38568","True","48.547","2594.1","False","False"
"2026-08-06T11:45:26.8414100+08:00","38568","True","48.547","2594.1","False","False"
"2026-08-06T11:45:26.9515461+08:00","38568","True","48.562","2594.1","False","False"
"2026-08-06T11:45:27.0458148+08:00","38568","True","48.562","2594.1","False","False"
"2026-08-06T11:45:27.1396470+08:00","38568","True","48.562","2594.1","False","False"
"2026-08-06T11:45:27.2501067+08:00","38568","True","48.609","2594.1","False","False"
"2026-08-06T11:45:27.3439915+08:00","38568","True","48.609","2594.1","False","False"
"2026-08-06T11:45:27.4392417+08:00","38568","True","48.609","2594.1","False","False"
"2026-08-06T11:45:27.5347374+08:00","38568","True","48.625","2594.1","False","False"
"2026-08-06T11:45:27.6431566+08:00","38568","True","48.625","2594.1","False","False"
"2026-08-06T11:45:27.7516600+08:00","38568","True","48.625","2594","False","False"
"2026-08-06T11:45:27.8446903+08:00","38568","True","48.641","2592.4","False","False"
"2026-08-06T11:45:27.9528748+08:00","38568","True","48.672","2592.4","False","False"
"2026-08-06T11:45:28.0464998+08:00","38568","True","48.672","2592.4","False","False"
"2026-08-06T11:45:28.1406558+08:00","38568","True","48.672","2592.4","False","False"
"2026-08-06T11:45:28.2493172+08:00","38568","True","48.672","2592.4","False","False"
"2026-08-06T11:45:28.3436173+08:00","38568","True","48.672","2592.4","False","False"
"2026-08-06T11:45:28.4532292+08:00","38568","True","48.672","2592.4","False","False"
"2026-08-06T11:45:28.5478880+08:00","38568","True","48.703","2592.4","False","False"
"2026-08-06T11:45:28.6420785+08:00","38568","True","48.719","2592.4","False","False"
"2026-08-06T11:45:28.7513618+08:00","38568","True","48.719","2592.4","False","False"
"2026-08-06T11:45:28.8440435+08:00","38568","True","48.719","2592.4","False","False"
"2026-08-06T11:45:28.9538641+08:00","38568","True","48.719","2592.4","False","False"
"2026-08-06T11:45:29.0480045+08:00","38568","True","48.719","2592.4","False","False"
"2026-08-06T11:45:29.1415976+08:00","38568","True","48.719","2592.4","False","False"
"2026-08-06T11:45:29.2507990+08:00","38568","True","48.781","2592.4","False","False"
"2026-08-06T11:45:29.3447317+08:00","38568","True","48.781","2592.4","False","False"
"2026-08-06T11:45:29.4530242+08:00","38568","True","48.781","2592.4","False","False"
"2026-08-06T11:45:29.5464526+08:00","38568","True","48.781","2592.4","False","False"
"2026-08-06T11:45:29.6388828+08:00","38568","True","48.781","2592.4","False","False"
"2026-08-06T11:45:29.7475771+08:00","38568","True","48.781","2592.4","False","False"
"2026-08-06T11:45:29.8391099+08:00","38568","True","48.781","2592.4","False","False"
"2026-08-06T11:45:29.9341227+08:00","38568","True","48.781","2592.4","False","False"
"2026-08-06T11:45:30.0429650+08:00","38568","True","48.828","2592.4","False","False"
"2026-08-06T11:45:30.1358373+08:00","38568","True","48.828","2592.4","False","False"
"2026-08-06T11:45:30.2446595+08:00","38568","True","48.828","2592.4","False","False"
"2026-08-06T11:45:30.3375641+08:00","38568","True","48.828","2592.4","False","False"
"2026-08-06T11:45:30.4310564+08:00","38568","True","48.828","2592.4","False","False"
"2026-08-06T11:45:30.5398435+08:00","38568","True","48.828","2592.4","False","False"
"2026-08-06T11:45:30.6336041+08:00","38568","True","48.828","2592.4","False","False"
"2026-08-06T11:45:30.7445477+08:00","38568","True","48.875","2592.4","False","False"
"2026-08-06T11:45:30.8375456+08:00","38568","True","48.875","2592.4","False","False"
"2026-08-06T11:45:30.9322832+08:00","38568","True","48.875","2592.4","False","False"
"2026-08-06T11:45:31.0393935+08:00","38568","True","48.875","2592.4","False","False"
"2026-08-06T11:45:31.1336302+08:00","38568","True","48.875","2592.4","False","False"
"2026-08-06T11:45:31.2428239+08:00","38568","True","48.875","2592.4","False","False"
"2026-08-06T11:45:31.3348966+08:00","38568","True","48.875","2592.4","False","False"
"2026-08-06T11:45:31.4439808+08:00","38568","True","48.875","2592.4","False","False"
"2026-08-06T11:45:31.5385313+08:00","38568","True","48.875","2592.4","False","False"
"2026-08-06T11:45:31.6306835+08:00","38568","True","48.875","2592.4","False","False"
"2026-08-06T11:45:31.7394386+08:00","38568","True","48.875","2592.4","False","False"
"2026-08-06T11:45:31.8320319+08:00","38568","True","48.875","2592.4","False","False"
"2026-08-06T11:45:31.9424240+08:00","38568","True","48.875","2592.4","False","False"
"2026-08-06T11:45:32.0353137+08:00","38568","True","48.875","2592.4","False","False"
"2026-08-06T11:45:32.1447932+08:00","38568","True","48.906","2592.4","False","False"
"2026-08-06T11:45:32.2379981+08:00","38568","True","48.906","2592.4","False","False"
"2026-08-06T11:45:32.3313144+08:00","38568","True","48.906","2592.4","False","False"
"2026-08-06T11:45:32.4402838+08:00","38568","True","48.906","2592.4","False","False"
"2026-08-06T11:45:32.5348156+08:00","38568","True","49","2592.4","False","False"
"2026-08-06T11:45:32.6427616+08:00","38568","True","49","2592.4","False","False"
"2026-08-06T11:45:32.7517371+08:00","38568","True","49.016","2592.4","False","False"
"2026-08-06T11:45:32.8448876+08:00","38568","True","49.016","2592.4","False","False"
"2026-08-06T11:45:32.9391331+08:00","38568","True","49.016","2592.4","False","False"
"2026-08-06T11:45:33.0495786+08:00","38568","True","49.016","2592.4","False","False"
"2026-08-06T11:45:33.1409361+08:00","38568","True","49.016","2592.4","False","False"
"2026-08-06T11:45:33.2520291+08:00","38568","True","49.016","2592.4","False","False"
"2026-08-06T11:45:33.3448572+08:00","38568","True","49.016","2592.4","False","False"
"2026-08-06T11:45:33.4377822+08:00","38568","True","49.016","2592.4","False","False"
"2026-08-06T11:45:33.5469534+08:00","38568","True","49.016","2592.4","False","False"
"2026-08-06T11:45:33.6399341+08:00","38568","True","49.016","2592.4","False","False"
"2026-08-06T11:45:33.7496535+08:00","38568","True","49.016","2592.4","False","False"
"2026-08-06T11:45:33.8434755+08:00","38568","True","49.016","2592.4","False","False"
"2026-08-06T11:45:33.9519126+08:00","38568","True","49.016","2528.5","False","False"
"2026-08-06T11:45:34.0457154+08:00","38568","True","49.016","2528.5","False","False"
"2026-08-06T11:45:34.1396432+08:00","38568","True","49.016","2528.5","False","False"
"2026-08-06T11:45:34.2495863+08:00","38568","True","49.016","2528.5","False","False"
"2026-08-06T11:45:34.3405771+08:00","38568","True","49.016","2528.5","False","False"
"2026-08-06T11:45:34.4510866+08:00","38568","True","49.016","2528.5","False","False"
"2026-08-06T11:45:34.5305330+08:00","38568","True","49.016","2528.5","False","False"
"2026-08-06T11:45:34.6404420+08:00","38568","True","49.016","2528.5","False","False"
"2026-08-06T11:45:34.7481999+08:00","38568","True","49.016","2528.5","False","False"
"2026-08-06T11:45:34.8407912+08:00","38568","True","49.016","2528.5","False","False"
"2026-08-06T11:45:34.9490248+08:00","38568","True","49.016","2528.5","False","False"
"2026-08-06T11:45:35.0423234+08:00","38568","True","49.016","2528.5","False","False"
"2026-08-06T11:45:35.1525487+08:00","38568","True","49.016","2528.5","False","False"
"2026-08-06T11:45:35.2464991+08:00","38568","True","49.047","2528.5","False","False"
"2026-08-06T11:45:35.3391988+08:00","38568","True","49.109","2528.5","False","False"
"2026-08-06T11:45:35.4325311+08:00","38568","True","49.109","2528.5","False","False"
"2026-08-06T11:45:35.5427275+08:00","38568","True","49.109","2528.5","False","False"
"2026-08-06T11:45:35.6491878+08:00","38568","True","49.109","2528.5","False","False"
"2026-08-06T11:45:35.7417555+08:00","38568","True","49.109","2528.5","False","False"
"2026-08-06T11:45:35.8338510+08:00","38568","True","49.109","2528.5","False","False"
"2026-08-06T11:45:35.9447592+08:00","38568","True","49.109","2528.5","False","False"
"2026-08-06T11:45:36.0374772+08:00","38568","True","49.109","2528.5","False","False"
"2026-08-06T11:45:36.1312597+08:00","38568","True","49.109","2528.5","False","False"
"2026-08-06T11:45:36.2404901+08:00","38568","True","49.109","2528.5","False","False"
"2026-08-06T11:45:36.3345302+08:00","38568","True","49.109","2528.5","False","False"
"2026-08-06T11:45:36.4432587+08:00","38568","True","49.109","2528.5","False","False"
"2026-08-06T11:45:36.5367341+08:00","38568","True","49.109","2528.5","False","False"
"2026-08-06T11:45:36.6304463+08:00","38568","True","49.109","2528.5","False","False"
"2026-08-06T11:45:36.7407254+08:00","38568","True","49.109","2528.5","False","False"
"2026-08-06T11:45:36.8315684+08:00","38568","True","49.109","2528.5","False","False"
"2026-08-06T11:45:36.9398832+08:00","38568","True","49.109","2528.5","False","False"
"2026-08-06T11:45:37.0349208+08:00","38568","True","49.109","2528.5","False","False"
"2026-08-06T11:45:37.1436751+08:00","38568","True","49.188","2528.5","False","False"
"2026-08-06T11:45:37.2518461+08:00","38568","True","49.234","2528.5","False","False"
"2026-08-06T11:45:37.3308087+08:00","38568","True","49.234","2528.5","False","False"
"2026-08-06T11:45:37.4377243+08:00","38568","True","49.234","2528.5","False","False"
"2026-08-06T11:45:37.5475349+08:00","38568","True","49.234","2528.5","False","False"
"2026-08-06T11:45:37.6405889+08:00","38568","True","49.25","2528.5","False","False"
"2026-08-06T11:45:37.7493859+08:00","38568","True","49.281","2528.5","False","False"
"2026-08-06T11:45:37.8426985+08:00","38568","True","49.281","2528.5","False","False"
"2026-08-06T11:45:37.9532885+08:00","38568","True","49.297","2528.5","False","False"
"2026-08-06T11:45:38.0475705+08:00","38568","True","49.297","2528.5","False","False"
"2026-08-06T11:45:38.1416891+08:00","38568","True","49.297","2528.5","False","False"
"2026-08-06T11:45:38.2497191+08:00","38568","True","49.297","2528.5","False","False"
"2026-08-06T11:45:38.3438130+08:00","38568","True","49.297","2528.5","False","False"
"2026-08-06T11:45:38.4546423+08:00","38568","True","49.312","2528.5","False","False"
"2026-08-06T11:45:38.5346583+08:00","38568","True","49.312","2528.5","False","False"
"2026-08-06T11:45:38.6442928+08:00","38568","True","49.328","2528.5","False","False"
"2026-08-06T11:45:38.7376353+08:00","38568","True","49.344","2528.5","False","False"
"2026-08-06T11:45:38.8321208+08:00","38568","True","49.344","2528.5","False","False"
"2026-08-06T11:45:38.9405318+08:00","38568","True","49.391","2528.5","False","False"
"2026-08-06T11:45:39.0349498+08:00","38568","True","49.422","2528.5","False","False"
"2026-08-06T11:45:39.1433582+08:00","38568","True","49.438","2528.5","False","False"
"2026-08-06T11:45:39.2531960+08:00","38568","True","49.516","2528.5","False","False"
"2026-08-06T11:45:39.3306441+08:00","38568","True","49.516","2528.5","False","False"
"2026-08-06T11:45:39.4407349+08:00","38568","True","49.516","2528.5","False","False"
"2026-08-06T11:45:39.5338733+08:00","38568","True","49.516","2528.5","False","False"
"2026-08-06T11:45:39.6417928+08:00","38568","True","49.531","2528.5","False","False"
"2026-08-06T11:45:39.7497741+08:00","38568","True","49.531","2528.5","False","False"
"2026-08-06T11:45:39.8430941+08:00","38568","True","49.531","2528.5","False","False"
"2026-08-06T11:45:39.9511512+08:00","38568","True","49.531","2528.5","False","False"
"2026-08-06T11:45:40.0445388+08:00","38568","True","49.531","2528.5","False","False"
"2026-08-06T11:45:40.1408011+08:00","38568","True","49.531","2528.5","False","False"
"2026-08-06T11:45:40.2504206+08:00","38568","True","49.547","2528.5","False","False"
"2026-08-06T11:45:40.3432656+08:00","38568","True","49.547","2528.5","False","False"
"2026-08-06T11:45:40.4515678+08:00","38568","True","49.547","2528.5","False","False"
"2026-08-06T11:45:40.5434480+08:00","38568","True","49.578","2528.5","False","False"
"2026-08-06T11:45:40.6362485+08:00","38568","True","49.578","2528.5","False","False"
"2026-08-06T11:45:40.7306650+08:00","38568","True","49.594","2528.5","False","False"
"2026-08-06T11:45:40.8395806+08:00","38568","True","49.594","2528.5","False","False"
"2026-08-06T11:45:40.9334793+08:00","38568","True","49.688","2594","False","False"
"2026-08-06T11:45:41.0435753+08:00","38568","True","49.812","2594","False","False"
"2026-08-06T11:45:41.1363129+08:00","38568","True","49.922","2594","False","False"
"2026-08-06T11:45:41.2445062+08:00","38568","True","50.062","2594","False","False"
"2026-08-06T11:45:41.3397454+08:00","38568","True","50.172","2594","False","False"
"2026-08-06T11:45:41.4341697+08:00","38568","True","50.312","2594.6","False","False"
"2026-08-06T11:45:41.5424995+08:00","38568","True","50.406","2595","False","False"
"2026-08-06T11:45:41.6355805+08:00","38568","True","50.562","2595.6","False","False"
"2026-08-06T11:45:41.7422632+08:00","38568","True","50.625","2595.6","False","False"
"2026-08-06T11:45:41.8358964+08:00","38568","True","50.656","2595.6","False","False"
"2026-08-06T11:45:41.9426254+08:00","38568","True","50.688","2595.6","False","False"
"2026-08-06T11:45:42.0368133+08:00","38568","True","50.703","2595.6","False","False"
"2026-08-06T11:45:42.1303479+08:00","38568","True","50.719","2595.6","False","False"
"2026-08-06T11:45:42.2382804+08:00","38568","True","50.75","2595.6","False","False"
"2026-08-06T11:45:42.3333561+08:00","38568","True","50.781","2595.7","False","False"
"2026-08-06T11:45:42.4430068+08:00","38568","True","51.156","2596.2","False","False"
"2026-08-06T11:45:42.5364453+08:00","38568","True","51.281","2596.2","False","False"
"2026-08-06T11:45:42.6444865+08:00","38568","True","51.344","2596.2","False","False"
"2026-08-06T11:45:42.7373745+08:00","38568","True","51.344","2596.2","False","False"
"2026-08-06T11:45:42.8307757+08:00","38568","True","51.359","2596.2","False","False"
"2026-08-06T11:45:42.9415763+08:00","38568","True","51.438","2596.2","False","False"
"2026-08-06T11:45:43.0361433+08:00","38568","True","51.453","2596.2","False","False"
"2026-08-06T11:45:43.1433587+08:00","38568","True","51.531","2596.2","False","False"
"2026-08-06T11:45:43.2518465+08:00","38568","True","51.625","2596.3","False","False"
"2026-08-06T11:45:43.3439509+08:00","38568","True","51.719","2596.6","False","False"
"2026-08-06T11:45:43.4390384+08:00","38568","True","51.766","2596.6","False","False"
"2026-08-06T11:45:43.5484779+08:00","38568","True","51.797","2596.6","False","False"
"2026-08-06T11:45:43.6435518+08:00","38568","True","51.812","2596.6","False","False"
"2026-08-06T11:45:43.7375224+08:00","38568","True","51.859","2596.6","False","False"
"2026-08-06T11:45:43.8315103+08:00","38568","True","51.906","2596.6","False","False"
"2026-08-06T11:45:43.9410722+08:00","38568","True","51.984","2596.6","False","False"
"2026-08-06T11:45:44.0358487+08:00","38568","True","52.016","2596.6","False","False"
"2026-08-06T11:45:44.1446036+08:00","38568","True","52.031","2596.6","False","False"
"2026-08-06T11:45:44.2376275+08:00","38568","True","52.078","2596.6","False","False"
"2026-08-06T11:45:44.3320064+08:00","38568","True","52.156","2596.6","False","False"
"2026-08-06T11:45:44.4407904+08:00","38568","True","52.188","2596.6","False","False"
"2026-08-06T11:45:44.5355629+08:00","38568","True","52.219","2596.6","False","False"
"2026-08-06T11:45:44.6445266+08:00","38568","True","52.281","2596.6","False","False"
"2026-08-06T11:45:44.7395195+08:00","38568","True","52.297","2596.6","False","False"
"2026-08-06T11:45:44.8337500+08:00","38568","True","52.344","2596.6","False","False"
"2026-08-06T11:45:44.9429168+08:00","38568","True","52.438","2596.6","False","False"
"2026-08-06T11:45:45.0373308+08:00","38568","True","52.469","2596.6","False","False"
"2026-08-06T11:45:45.1314595+08:00","38568","True","52.484","2596.6","False","False"
"2026-08-06T11:45:45.2433167+08:00","38568","True","52.531","2596.6","False","False"
"2026-08-06T11:45:45.3381698+08:00","38568","True","52.547","2596.6","False","False"
"2026-08-06T11:45:45.4321832+08:00","38568","True","52.594","2596.6","False","False"
"2026-08-06T11:45:45.5413654+08:00","38568","True","52.609","2596.6","False","False"
"2026-08-06T11:45:45.6352274+08:00","38568","True","52.641","2596.6","False","False"
"2026-08-06T11:45:45.7444761+08:00","38568","True","52.688","2596.6","False","False"
"2026-08-06T11:45:45.8380885+08:00","38568","True","52.703","2596.6","False","False"
"2026-08-06T11:45:45.9327910+08:00","38568","True","52.797","2596.6","False","False"
"2026-08-06T11:45:46.0425416+08:00","38568","True","52.828","2596.6","False","False"
"2026-08-06T11:45:46.1363512+08:00","38568","True","52.844","2596.6","False","False"
"2026-08-06T11:45:46.2451856+08:00","38568","True","52.875","2596.6","False","False"
"2026-08-06T11:45:46.3384943+08:00","38568","True","52.906","2596.6","False","False"
"2026-08-06T11:45:46.4339622+08:00","38568","True","52.938","2596.6","False","False"
"2026-08-06T11:45:46.5448900+08:00","38568","True","52.984","2596.6","False","False"
"2026-08-06T11:45:46.6403148+08:00","38568","True","53.031","2596.6","False","False"
"2026-08-06T11:45:46.7351766+08:00","38568","True","53.047","2596.6","False","False"
"2026-08-06T11:45:46.8433138+08:00","38568","True","53.094","2596.6","False","False"
"2026-08-06T11:45:46.9383259+08:00","38568","True","53.109","2596.6","False","False"
"2026-08-06T11:45:47.0471582+08:00","38568","True","53.156","2596.6","False","False"
"2026-08-06T11:45:47.1404176+08:00","38568","True","53.188","2596.6","False","False"
"2026-08-06T11:45:47.2347325+08:00","38568","True","53.234","2596.6","False","False"
"2026-08-06T11:45:47.3308883+08:00","38568","True","53.266","2596.6","False","False"
"2026-08-06T11:45:47.4376278+08:00","38568","True","53.312","2596.6","False","False"
"2026-08-06T11:45:47.5461539+08:00","38568","True","53.312","2596.6","False","False"
"2026-08-06T11:45:47.6408802+08:00","38568","True","53.312","2596.6","False","False"
"2026-08-06T11:45:47.7484126+08:00","38568","True","53.328","2596.6","False","False"
"2026-08-06T11:45:47.8433788+08:00","38568","True","53.359","2596.6","False","False"
"2026-08-06T11:45:47.9543337+08:00","38568","True","53.359","2596.6","False","False"
"2026-08-06T11:45:48.0484982+08:00","38568","True","53.359","2596.6","False","False"
"2026-08-06T11:45:48.1431133+08:00","38568","True","53.359","2596.6","False","False"
"2026-08-06T11:45:48.2386127+08:00","38568","True","53.359","2596.6","False","False"
"2026-08-06T11:45:48.3316086+08:00","38568","True","53.359","2596.6","False","False"
"2026-08-06T11:45:48.4420945+08:00","38568","True","53.359","2596.6","False","False"
"2026-08-06T11:45:48.5357121+08:00","38568","True","53.359","2596.6","False","False"
"2026-08-06T11:45:48.6432695+08:00","38568","True","53.375","2596.6","False","False"
"2026-08-06T11:45:48.7371595+08:00","38568","True","53.375","2596.6","False","False"
"2026-08-06T11:45:48.8454408+08:00","38568","True","53.375","2596.6","False","False"
"2026-08-06T11:45:48.9403346+08:00","38568","True","53.375","2596.6","False","False"
"2026-08-06T11:45:49.0340079+08:00","38568","True","53.422","2596.6","False","False"
"2026-08-06T11:45:49.1409428+08:00","38568","True","53.422","2596.6","False","False"
"2026-08-06T11:45:49.2506153+08:00","38568","True","53.469","2596.6","False","False"
"2026-08-06T11:45:49.3444001+08:00","38568","True","53.469","2596.6","False","False"
"2026-08-06T11:45:49.4411443+08:00","38568","True","53.469","2596.6","False","False"
"2026-08-06T11:45:49.5350808+08:00","38568","True","53.469","2596.6","False","False"
"2026-08-06T11:45:49.6302089+08:00","38568","True","53.469","2596.6","False","False"
"2026-08-06T11:45:49.7421423+08:00","38568","True","53.469","2596.6","False","False"
"2026-08-06T11:45:49.8346072+08:00","38568","True","53.469","2596.6","False","False"
"2026-08-06T11:45:49.9424509+08:00","38568","True","53.469","2596.6","False","False"
"2026-08-06T11:45:50.0371769+08:00","38568","True","53.469","2596.6","False","False"
"2026-08-06T11:45:50.1308945+08:00","38568","True","53.469","2596.6","False","False"
"2026-08-06T11:45:50.2404451+08:00","38568","True","53.469","2596.6","False","False"
"2026-08-06T11:45:50.3344129+08:00","38568","True","53.469","2596.6","False","False"
"2026-08-06T11:45:50.4446675+08:00","38568","True","53.469","2596.6","False","False"
"2026-08-06T11:45:50.5372294+08:00","38568","True","53.469","2596.6","False","False"
"2026-08-06T11:45:50.6313118+08:00","38568","True","53.609","2596.6","False","False"
"2026-08-06T11:45:50.7417100+08:00","38568","True","53.609","2596.6","False","False"
"2026-08-06T11:45:50.8325420+08:00","38568","True","53.656","2596.6","False","False"
"2026-08-06T11:45:50.9413523+08:00","38568","True","53.656","2595","False","False"
"2026-08-06T11:45:51.0348657+08:00","38568","True","53.656","2595","False","False"
"2026-08-06T11:45:51.1418935+08:00","38568","True","53.656","2595","False","False"
"2026-08-06T11:45:51.2504302+08:00","38568","True","53.672","2595","False","False"
"2026-08-06T11:45:51.3432369+08:00","38568","True","53.672","2595","False","False"
"2026-08-06T11:45:51.4534404+08:00","38568","True","53.672","2595","False","False"
"2026-08-06T11:45:51.5486992+08:00","38568","True","53.672","2595","False","False"
"2026-08-06T11:45:51.6434583+08:00","38568","True","53.672","2595","False","False"
"2026-08-06T11:45:51.7370960+08:00","38568","True","53.672","2595","False","False"
"2026-08-06T11:45:51.8454938+08:00","38568","True","53.672","2595","False","False"
"2026-08-06T11:45:51.9396024+08:00","38568","True","53.688","2595","False","False"
"2026-08-06T11:45:52.0490253+08:00","38568","True","53.688","2595","False","False"
"2026-08-06T11:45:52.1420329+08:00","38568","True","53.688","2595","False","False"
"2026-08-06T11:45:52.2502770+08:00","38568","True","53.719","2595","False","False"
"2026-08-06T11:45:52.3312116+08:00","38568","True","53.719","2595","False","False"
"2026-08-06T11:45:52.4405820+08:00","38568","True","53.719","2595","False","False"
"2026-08-06T11:45:52.5490104+08:00","38568","True","53.719","2595","False","False"
"2026-08-06T11:45:52.6440053+08:00","38568","True","53.719","2595","False","False"
"2026-08-06T11:45:52.7373074+08:00","38568","True","53.719","2595","False","False"
"2026-08-06T11:45:52.8443628+08:00","38568","True","53.719","2595","False","False"
"2026-08-06T11:45:52.9546483+08:00","38568","True","53.719","2595","False","False"
"2026-08-06T11:45:53.0461858+08:00","38568","True","53.719","2595","False","False"
"2026-08-06T11:45:53.1409894+08:00","38568","True","53.719","2595","False","False"
"2026-08-06T11:45:53.2493299+08:00","38568","True","53.766","2595","False","False"
"2026-08-06T11:45:53.3421117+08:00","38568","True","53.812","2595","False","False"
"2026-08-06T11:45:53.4510079+08:00","38568","True","53.812","2595","False","False"
"2026-08-06T11:45:53.5442920+08:00","38568","True","53.812","2595","False","False"
"2026-08-06T11:45:53.6523313+08:00","38568","True","53.812","2595","False","False"
"2026-08-06T11:45:53.7314717+08:00","38568","True","53.812","2595","False","False"
"2026-08-06T11:45:53.8410419+08:00","38568","True","53.812","2595","False","False"
"2026-08-06T11:45:53.9503650+08:00","38568","True","53.828","2595","False","False"
"2026-08-06T11:45:54.0432342+08:00","38568","True","53.828","2531.2","False","False"
"2026-08-06T11:45:54.1520995+08:00","38568","True","53.844","2531.2","False","False"
"2026-08-06T11:45:54.2293186+08:00","38568","True","53.844","2531.2","False","False"
"2026-08-06T11:45:54.3399209+08:00","38568","True","53.844","2531.2","False","False"
"2026-08-06T11:45:54.4338960+08:00","38568","True","53.844","2531.2","False","False"
"2026-08-06T11:45:54.5433660+08:00","38568","True","53.844","2531.2","False","False"
"2026-08-06T11:45:54.6377674+08:00","38568","True","53.859","2531.2","False","False"
"2026-08-06T11:45:54.7325706+08:00","38568","True","53.859","2531.2","False","False"
"2026-08-06T11:45:54.8408074+08:00","38568","True","53.859","2531.2","False","False"
"2026-08-06T11:45:54.9369396+08:00","38568","True","53.859","2531.2","False","False"
"2026-08-06T11:45:55.0469730+08:00","38568","True","53.859","2531.2","False","False"
"2026-08-06T11:45:55.1402570+08:00","38568","True","53.859","2531.2","False","False"
"2026-08-06T11:45:55.2489774+08:00","38568","True","53.859","2531.2","False","False"
"2026-08-06T11:45:55.3440744+08:00","38568","True","53.859","2531.2","False","False"
"2026-08-06T11:45:55.4401746+08:00","38568","True","53.859","2531.2","False","False"
"2026-08-06T11:45:55.5489538+08:00","38568","True","53.922","2531.2","False","False"
"2026-08-06T11:45:55.6430220+08:00","38568","True","53.922","2531.2","False","False"
"2026-08-06T11:45:55.7388477+08:00","38568","True","53.953","2531.2","False","False"
"2026-08-06T11:45:55.8312706+08:00","38568","True","53.953","2531.2","False","False"
"2026-08-06T11:45:55.9378738+08:00","38568","True","53.969","2531.2","False","False"
"2026-08-06T11:45:56.0472576+08:00","38568","True","53.969","2531.2","False","False"
"2026-08-06T11:45:56.1413740+08:00","38568","True","53.969","2531.2","False","False"
"2026-08-06T11:45:56.2488604+08:00","38568","True","54.078","2531.2","False","False"
"2026-08-06T11:45:56.3419924+08:00","38568","True","54.203","2531.2","False","False"
"2026-08-06T11:45:56.4508118+08:00","38568","True","54.219","2531.2","False","False"
"2026-08-06T11:45:56.5442933+08:00","38568","True","54.219","2531.2","False","False"
"2026-08-06T11:45:56.6521994+08:00","38568","True","54.25","2531.2","False","False"
"2026-08-06T11:45:56.7319775+08:00","38568","True","54.25","2531.2","False","False"
"2026-08-06T11:45:56.8408714+08:00","38568","True","54.25","2531.2","False","False"
"2026-08-06T11:45:56.9361623+08:00","38568","True","54.312","2531.2","False","False"
"2026-08-06T11:45:57.0454585+08:00","38568","True","54.312","2531.1","False","False"
"2026-08-06T11:45:57.1388119+08:00","38568","True","54.312","2531.1","False","False"
"2026-08-06T11:45:57.2480253+08:00","38568","True","54.312","2531.1","False","False"
"2026-08-06T11:45:57.3406781+08:00","38568","True","54.328","2531.1","False","False"
"2026-08-06T11:45:57.4490739+08:00","38568","True","54.359","2531.1","False","False"
"2026-08-06T11:45:57.5432817+08:00","38568","True","54.359","2531.1","False","False"
"2026-08-06T11:45:57.6510979+08:00","38568","True","54.359","2531.1","False","False"
"2026-08-06T11:45:57.7433452+08:00","38568","True","54.359","2531.1","False","False"
"2026-08-06T11:45:57.8352700+08:00","38568","True","54.453","2531.1","False","False"
"2026-08-06T11:45:57.9441445+08:00","38568","True","54.469","2531.1","False","False"
"2026-08-06T11:45:58.0369587+08:00","38568","True","54.469","2531.1","False","False"
"2026-08-06T11:45:58.1297529+08:00","38568","True","54.469","2531.1","False","False"
"2026-08-06T11:45:58.2399521+08:00","38568","True","54.469","2531.1","False","False"
"2026-08-06T11:45:58.3338986+08:00","38568","True","54.469","2531.1","False","False"
"2026-08-06T11:45:58.4418220+08:00","38568","True","54.469","2531.1","False","False"
"2026-08-06T11:45:58.5361014+08:00","38568","True","54.469","2531.1","False","False"
"2026-08-06T11:45:58.6296637+08:00","38568","True","54.5","2531.1","False","False"
"2026-08-06T11:45:58.7390043+08:00","38568","True","54.5","2531.1","False","False"
"2026-08-06T11:45:58.8319552+08:00","38568","True","54.5","2531.1","False","False"
"2026-08-06T11:45:58.9397337+08:00","38568","True","54.5","2531.1","False","False"
"2026-08-06T11:45:59.0349115+08:00","38568","True","54.5","2531.1","False","False"
"2026-08-06T11:45:59.1430494+08:00","38568","True","54.5","2531.1","False","False"
"2026-08-06T11:45:59.2368348+08:00","38568","True","54.5","2531.1","False","False"
"2026-08-06T11:45:59.3462108+08:00","38568","True","54.531","2531.1","False","False"
"2026-08-06T11:45:59.4391524+08:00","38568","True","54.531","2531.1","False","False"
"2026-08-06T11:45:59.5340024+08:00","38568","True","54.531","2531.1","False","False"
"2026-08-06T11:45:59.6281011+08:00","38568","True","54.531","2531.1","False","False"
"2026-08-06T11:45:59.7380761+08:00","38568","True","54.531","2531.1","False","False"
"2026-08-06T11:45:59.8314694+08:00","38568","True","54.531","2531.1","False","False"
"2026-08-06T11:45:59.9406643+08:00","38568","True","54.531","2531.1","False","False"
"2026-08-06T11:46:00.0349264+08:00","38568","True","54.562","2531.1","False","False"
"2026-08-06T11:46:00.1307624+08:00","38568","True","54.562","2531.1","False","False"
"2026-08-06T11:46:00.2393655+08:00","38568","True","54.562","2531.1","False","False"
"2026-08-06T11:46:00.3312337+08:00","38568","True","54.562","2531.1","False","False"
"2026-08-06T11:46:00.4410794+08:00","38568","True","54.562","2531.1","False","False"
"2026-08-06T11:46:00.5344421+08:00","38568","True","54.562","2531.1","False","False"
"2026-08-06T11:46:00.6407284+08:00","38568","True","54.578","2531.1","False","False"
"2026-08-06T11:46:00.7492245+08:00","38568","True","54.578","2531.1","False","False"
"2026-08-06T11:46:00.8429054+08:00","38568","True","54.578","2531.1","False","False"
"2026-08-06T11:46:00.9511997+08:00","38568","True","54.578","2531.1","False","False"
"2026-08-06T11:46:01.0452729+08:00","38568","True","54.594","2531.1","False","False"
"2026-08-06T11:46:01.1380163+08:00","38568","True","54.609","2531.1","False","False"
"2026-08-06T11:46:01.2471462+08:00","38568","True","54.609","2531.1","False","False"
"2026-08-06T11:46:01.3391694+08:00","38568","True","54.609","2531.1","False","False"
"2026-08-06T11:46:01.4324483+08:00","38568","True","54.609","2531.1","False","False"
"2026-08-06T11:46:01.5443397+08:00","38568","True","54.609","2531.1","False","False"
"2026-08-06T11:46:01.6379369+08:00","38568","True","54.609","2531.1","False","False"
"2026-08-06T11:46:01.7479370+08:00","38568","True","54.625","2531.1","False","False"
"2026-08-06T11:46:01.8394006+08:00","38568","True","54.703","2531.1","False","False"
"2026-08-06T11:46:01.9337504+08:00","38568","True","54.766","2531.1","False","False"
"2026-08-06T11:46:02.0424359+08:00","38568","True","54.766","2531.1","False","False"
"2026-08-06T11:46:02.1349950+08:00","38568","True","54.766","2531.1","False","False"
"2026-08-06T11:46:02.2443624+08:00","38568","True","54.766","2531.1","False","False"
"2026-08-06T11:46:02.3385959+08:00","38568","True","54.766","2531.1","False","False"
"2026-08-06T11:46:02.4316699+08:00","38568","True","54.766","2531.1","False","False"
"2026-08-06T11:46:02.5393717+08:00","38568","True","54.766","2531.1","False","False"
"2026-08-06T11:46:02.6316927+08:00","38568","True","54.859","2531.1","False","False"
"2026-08-06T11:46:02.7404407+08:00","38568","True","54.891","2531.1","False","False"
"2026-08-06T11:46:02.8354626+08:00","38568","True","54.906","2531.1","False","False"
"2026-08-06T11:46:02.9437095+08:00","38568","True","54.906","2531.1","False","False"
"2026-08-06T11:46:03.0377723+08:00","38568","True","54.922","2531.1","False","False"
"2026-08-06T11:46:03.1334284+08:00","38568","True","54.922","2531.1","False","False"
"2026-08-06T11:46:03.2408399+08:00","38568","True","54.922","2531.1","False","False"
"2026-08-06T11:46:03.3371763+08:00","38568","True","54.938","2531.1","False","False"
"2026-08-06T11:46:03.4316193+08:00","38568","True","54.938","2531.1","False","False"
"2026-08-06T11:46:03.5392148+08:00","38568","True","54.953","2531.1","False","False"
"2026-08-06T11:46:03.6323252+08:00","38568","True","54.953","2531.1","False","False"
"2026-08-06T11:46:03.7402544+08:00","38568","True","54.953","2531.1","False","False"
"2026-08-06T11:46:03.8343438+08:00","38568","True","54.969","2531.1","False","False"
"2026-08-06T11:46:03.9431021+08:00","38568","True","54.969","2531.1","False","False"
"2026-08-06T11:46:04.0368270+08:00","38568","True","54.984","2531.1","False","False"
"2026-08-06T11:46:04.1297646+08:00","38568","True","54.984","2531.1","False","False"
"2026-08-06T11:46:04.2381849+08:00","38568","True","54.984","2531.1","False","False"
"2026-08-06T11:46:04.3453682+08:00","38568","True","54.984","2531.1","False","False"
"2026-08-06T11:46:04.4387521+08:00","38568","True","54.984","2531.1","False","False"
"2026-08-06T11:46:04.5347528+08:00","38568","True","54.984","2531.1","False","False"
"2026-08-06T11:46:04.6440041+08:00","38568","True","55.016","2531.1","False","False"
"2026-08-06T11:46:04.7526311+08:00","38568","True","55.016","2531.1","False","False"
"2026-08-06T11:46:04.8450279+08:00","38568","True","55.016","2531.1","False","False"
"2026-08-06T11:46:04.9395545+08:00","38568","True","55.016","2531.1","False","False"
"2026-08-06T11:46:05.0345112+08:00","38568","True","55.031","2531.1","False","False"
"2026-08-06T11:46:05.1429115+08:00","38568","True","55.031","2531.1","False","False"
"2026-08-06T11:46:05.2373249+08:00","38568","True","55.031","2531.1","False","False"
"2026-08-06T11:46:05.3439786+08:00","38568","True","55.047","2531.1","False","False"
"2026-08-06T11:46:05.4536981+08:00","38568","True","55.047","2531.1","False","False"
"2026-08-06T11:46:05.5458510+08:00","38568","True","55.047","2531.1","False","False"
"2026-08-06T11:46:05.6385872+08:00","38568","True","55.047","2531.1","False","False"
"2026-08-06T11:46:05.7484938+08:00","38568","True","55.047","2531.1","False","False"
"2026-08-06T11:46:05.8416712+08:00","38568","True","55.047","2531.1","False","False"
"2026-08-06T11:46:05.9501637+08:00","38568","True","55.062","2531.1","False","False"
"2026-08-06T11:46:06.0425815+08:00","38568","True","55.062","2531.1","False","False"
"2026-08-06T11:46:06.1509345+08:00","38568","True","55.062","2531.1","False","False"
"2026-08-06T11:46:06.2291949+08:00","38568","True","55.062","2531.1","False","False"
"2026-08-06T11:46:06.3386634+08:00","38568","True","55.062","2531.1","False","False"
"2026-08-06T11:46:06.4342615+08:00","38568","True","55.062","2531.1","False","False"
"2026-08-06T11:46:06.5447287+08:00","38568","True","55.078","2531.1","False","False"
"2026-08-06T11:46:06.6359925+08:00","38568","True","55.094","2531.1","False","False"
"2026-08-06T11:46:06.7427833+08:00","38568","True","55.094","2531.1","False","False"
"2026-08-06T11:46:06.8366547+08:00","38568","True","55.094","2531.1","False","False"
"2026-08-06T11:46:06.9302414+08:00","38568","True","55.156","2531.1","False","False"
"2026-08-06T11:46:07.0391669+08:00","38568","True","55.156","2531.1","False","False"
"2026-08-06T11:46:07.1317123+08:00","38568","True","55.156","2531.1","False","False"
"2026-08-06T11:46:07.2406415+08:00","38568","True","55.156","2531.1","False","False"
"2026-08-06T11:46:07.3352451+08:00","38568","True","55.172","2531.1","False","False"
"2026-08-06T11:46:07.4441338+08:00","38568","True","55.172","2531.1","False","False"
"2026-08-06T11:46:07.5366570+08:00","38568","True","55.188","2531.1","False","False"
"2026-08-06T11:46:07.6300683+08:00","38568","True","55.188","2531.1","False","False"
"2026-08-06T11:46:07.7368651+08:00","38568","True","55.188","2531.1","False","False"
"2026-08-06T11:46:07.8458321+08:00","38568","True","55.25","2531.1","False","False"
"2026-08-06T11:46:07.9394215+08:00","38568","True","55.25","2531.1","False","False"
"2026-08-06T11:46:08.0489816+08:00","38568","True","55.25","2531.1","False","False"
"2026-08-06T11:46:08.1441578+08:00","38568","True","55.25","2531.1","False","False"
"2026-08-06T11:46:08.2369810+08:00","38568","True","55.25","2531.1","False","False"
"2026-08-06T11:46:08.3310172+08:00","38568","True","55.25","2531.1","False","False"
"2026-08-06T11:46:08.4406648+08:00","38568","True","55.25","2531.1","False","False"
"2026-08-06T11:46:08.5337435+08:00","38568","True","55.266","2531.1","False","False"
"2026-08-06T11:46:08.6396599+08:00","38568","True","55.266","2531.1","False","False"
"2026-08-06T11:46:08.7488788+08:00","38568","True","55.266","2531.1","False","False"
"2026-08-06T11:46:08.8427345+08:00","38568","True","55.266","2531.1","False","False"
"2026-08-06T11:46:08.9526799+08:00","38568","True","55.266","2531.1","False","False"
"2026-08-06T11:46:09.0477842+08:00","38568","True","55.266","2531.1","False","False"
"2026-08-06T11:46:09.1407552+08:00","38568","True","55.266","2531.1","False","False"
"2026-08-06T11:46:09.2506008+08:00","38568","True","55.281","2531.1","False","False"
"2026-08-06T11:46:09.3428775+08:00","38568","True","55.281","2531.1","False","False"
"2026-08-06T11:46:09.4506812+08:00","38568","True","55.281","2531.1","False","False"
"2026-08-06T11:46:09.5437992+08:00","38568","True","55.281","2531.1","False","False"
"2026-08-06T11:46:09.6377204+08:00","38568","True","55.281","2531.1","False","False"
"2026-08-06T11:46:09.7456988+08:00","38568","True","55.281","2531.1","False","False"
"2026-08-06T11:46:09.8397613+08:00","38568","True","55.281","2531.1","False","False"
"2026-08-06T11:46:09.9336291+08:00","38568","True","55.281","2531.1","False","False"
"2026-08-06T11:46:10.0442666+08:00","38568","True","55.281","2531.1","False","False"
"2026-08-06T11:46:10.1381146+08:00","38568","True","55.281","2531.1","False","False"
"2026-08-06T11:46:10.2469104+08:00","38568","True","55.281","2531.1","False","False"
"2026-08-06T11:46:10.3397397+08:00","38568","True","55.281","2531.1","False","False"
"2026-08-06T11:46:10.4337917+08:00","38568","True","55.281","2531.1","False","False"
"2026-08-06T11:46:10.5433259+08:00","38568","True","55.297","2531.1","False","False"
"2026-08-06T11:46:10.6353894+08:00","38568","True","55.297","2531.1","False","False"
"2026-08-06T11:46:10.7449297+08:00","38568","True","55.297","2531.1","False","False"
"2026-08-06T11:46:10.8378201+08:00","38568","True","55.344","2531.1","False","False"
"2026-08-06T11:46:10.9329005+08:00","38568","True","55.344","2531.1","False","False"
"2026-08-06T11:46:11.0424252+08:00","38568","True","55.391","2531.1","False","False"
"2026-08-06T11:46:11.1358128+08:00","38568","True","55.391","2531.1","False","False"
"2026-08-06T11:46:11.2438911+08:00","38568","True","55.391","2531.1","False","False"
"2026-08-06T11:46:11.3367394+08:00","38568","True","55.391","2531.1","False","False"
"2026-08-06T11:46:11.4453004+08:00","38568","True","55.391","2531.1","False","False"
"2026-08-06T11:46:11.5397928+08:00","38568","True","55.391","2531.1","False","False"
"2026-08-06T11:46:11.6321435+08:00","38568","True","55.391","2531.1","False","False"
"2026-08-06T11:46:11.7407459+08:00","38568","True","55.391","2531.1","False","False"
"2026-08-06T11:46:11.8319397+08:00","38568","True","55.406","2531.1","False","False"
"2026-08-06T11:46:11.9431438+08:00","38568","True","55.422","2531.1","False","False"
"2026-08-06T11:46:12.0366370+08:00","38568","True","55.422","2531.1","False","False"
"2026-08-06T11:46:12.1301841+08:00","38568","True","55.422","2531.1","False","False"
"2026-08-06T11:46:12.2399305+08:00","38568","True","55.422","2531.1","False","False"
"2026-08-06T11:46:12.3343536+08:00","38568","True","55.422","2531.1","False","False"
"2026-08-06T11:46:12.4426099+08:00","38568","True","55.422","2531.1","False","False"
"2026-08-06T11:46:12.5368953+08:00","38568","True","55.422","2531.1","False","False"
"2026-08-06T11:46:12.6306036+08:00","38568","True","55.438","2531.1","False","False"
"2026-08-06T11:46:12.7412551+08:00","38568","True","55.438","2531.1","False","False"
"2026-08-06T11:46:12.8331234+08:00","38568","True","55.438","2531.1","False","False"
"2026-08-06T11:46:12.9427598+08:00","38568","True","55.438","2531.1","False","False"
"2026-08-06T11:46:13.0354948+08:00","38568","True","55.438","2531.1","False","False"
"2026-08-06T11:46:13.1292584+08:00","38568","True","55.438","2531.1","False","False"
"2026-08-06T11:46:13.2397085+08:00","38568","True","55.453","2531.1","False","False"
"2026-08-06T11:46:13.3331165+08:00","38568","True","55.453","2531.1","False","False"
"2026-08-06T11:46:13.4425918+08:00","38568","True","55.453","2531.1","False","False"
"2026-08-06T11:46:13.5354671+08:00","38568","True","55.453","2531.1","False","False"
"2026-08-06T11:46:13.6448493+08:00","38568","True","55.453","2531.1","False","False"
"2026-08-06T11:46:13.7394193+08:00","38568","True","55.453","2531.1","False","False"
"2026-08-06T11:46:13.8311637+08:00","38568","True","55.453","2531.1","False","False"
"2026-08-06T11:46:13.9407914+08:00","38568","True","55.453","2531.1","False","False"
"2026-08-06T11:46:14.0350590+08:00","38568","True","55.453","2531.1","False","False"
"2026-08-06T11:46:14.1437306+08:00","38568","True","55.453","2531.1","False","False"
"2026-08-06T11:46:14.2378173+08:00","38568","True","55.5","2531.1","False","False"
"2026-08-06T11:46:14.3316672+08:00","38568","True","55.5","2531.1","False","False"
"2026-08-06T11:46:14.4399178+08:00","38568","True","55.5","2531.1","False","False"
"2026-08-06T11:46:14.5344933+08:00","38568","True","55.5","2531.1","False","False"
"2026-08-06T11:46:14.6433083+08:00","38568","True","55.531","2531.1","False","False"
"2026-08-06T11:46:14.7367048+08:00","38568","True","55.531","2531.1","False","False"
"2026-08-06T11:46:14.8305792+08:00","38568","True","55.531","2531.1","False","False"
"2026-08-06T11:46:14.9410992+08:00","38568","True","55.594","2531.1","False","False"
"2026-08-06T11:46:15.0341273+08:00","38568","True","55.594","2531.1","False","False"
"2026-08-06T11:46:15.1416531+08:00","38568","True","55.594","2531.1","False","False"
"2026-08-06T11:46:15.2487373+08:00","38568","True","55.594","2531.1","False","False"
"2026-08-06T11:46:15.3439432+08:00","38568","True","55.594","2531.1","False","False"
"2026-08-06T11:46:15.4377655+08:00","38568","True","55.688","2531.1","False","False"
"2026-08-06T11:46:15.5474365+08:00","38568","True","55.688","2531.1","False","False"
"2026-08-06T11:46:15.6398596+08:00","38568","True","55.688","2531.1","False","False"
"2026-08-06T11:46:15.7479120+08:00","38568","True","55.688","2531.1","False","False"
"2026-08-06T11:46:15.8395085+08:00","38568","True","55.688","2531.1","False","False"
"2026-08-06T11:46:15.9352130+08:00","38568","True","55.688","2531.1","False","False"
"2026-08-06T11:46:16.0444641+08:00","38568","True","55.719","2531.1","False","False"
"2026-08-06T11:46:16.1377047+08:00","38568","True","55.719","2531.1","False","False"
"2026-08-06T11:46:16.2481482+08:00","38568","True","55.719","2531.1","False","False"
"2026-08-06T11:46:16.3427134+08:00","38568","True","55.734","2531.1","False","False"
"2026-08-06T11:46:16.4513689+08:00","38568","True","55.797","2531.1","False","False"
"2026-08-06T11:46:16.5430814+08:00","38568","True","55.797","2531.1","False","False"
"2026-08-06T11:46:16.6357494+08:00","38568","True","55.797","2531.1","False","False"
"2026-08-06T11:46:16.7443900+08:00","38568","True","55.797","2531.1","False","False"
"2026-08-06T11:46:16.8384405+08:00","38568","True","55.797","2531.1","False","False"
"2026-08-06T11:46:16.9329013+08:00","38568","True","55.828","2531.1","False","False"
"2026-08-06T11:46:17.0422405+08:00","38568","True","55.828","2531.1","False","False"
"2026-08-06T11:46:17.1508103+08:00","38568","True","55.828","2531.1","False","False"
"2026-08-06T11:46:17.2301688+08:00","38568","True","55.859","2531.1","False","False"
"2026-08-06T11:46:17.3390455+08:00","38568","True","55.859","2531.1","False","False"
"2026-08-06T11:46:17.4315496+08:00","38568","True","55.859","2531.1","False","False"
"2026-08-06T11:46:17.5425841+08:00","38568","True","55.859","2531.1","False","False"
"2026-08-06T11:46:17.6349230+08:00","38568","True","55.859","2531.1","False","False"
"2026-08-06T11:46:17.7435843+08:00","38568","True","55.859","2531.1","False","False"
"2026-08-06T11:46:17.8365720+08:00","38568","True","55.859","2531.1","False","False"
"2026-08-06T11:46:17.9307981+08:00","38568","True","55.891","2531.1","False","False"
"2026-08-06T11:46:18.0425655+08:00","38568","True","55.891","2531.1","False","False"
"2026-08-06T11:46:18.1494548+08:00","38568","True","55.891","2531.1","False","False"
"2026-08-06T11:46:18.2446566+08:00","38568","True","55.891","2531.1","False","False"
"2026-08-06T11:46:18.3385292+08:00","38568","True","55.891","2531.1","False","False"
"2026-08-06T11:46:18.4326577+08:00","38568","True","55.891","2531.1","False","False"
"2026-08-06T11:46:18.5424354+08:00","38568","True","55.891","2531.1","False","False"
"2026-08-06T11:46:18.6487170+08:00","38568","True","55.891","2531.1","False","False"
"2026-08-06T11:46:18.7429323+08:00","38568","True","55.891","2531.1","False","False"
"2026-08-06T11:46:18.8362498+08:00","38568","True","55.891","2531.1","False","False"
"2026-08-06T11:46:18.9450596+08:00","38568","True","55.891","2531.1","False","False"
"2026-08-06T11:46:19.0399014+08:00","38568","True","55.891","2531.1","False","False"
"2026-08-06T11:46:19.1333017+08:00","38568","True","55.891","2531.1","False","False"
"2026-08-06T11:46:19.2415706+08:00","38568","True","55.891","2531.1","False","False"
"2026-08-06T11:46:19.3354466+08:00","38568","True","55.891","2531.1","False","False"
"2026-08-06T11:46:19.4428421+08:00","38568","True","55.891","2531.1","False","False"
"2026-08-06T11:46:19.5367199+08:00","38568","True","55.891","2531.1","False","False"
"2026-08-06T11:46:19.6310464+08:00","38568","True","55.891","2531.1","False","False"
"2026-08-06T11:46:19.7418906+08:00","38568","True","55.906","2531.1","False","False"
"2026-08-06T11:46:19.8354339+08:00","38568","True","55.906","2531.1","False","False"
"2026-08-06T11:46:19.9427501+08:00","38568","True","55.953","2531.1","False","False"
"2026-08-06T11:46:20.0353098+08:00","38568","True","55.953","2531.1","False","False"
"2026-08-06T11:46:20.1306981+08:00","38568","True","55.953","2531.1","False","False"
"2026-08-06T11:46:20.2413538+08:00","38568","True","55.953","2531.1","False","False"
"2026-08-06T11:46:20.3336959+08:00","38568","True","55.953","2531.1","False","False"
"2026-08-06T11:46:20.4423496+08:00","38568","True","55.969","2531.1","False","False"
"2026-08-06T11:46:20.5352518+08:00","38568","True","55.969","2531.1","False","False"
"2026-08-06T11:46:20.6301821+08:00","38568","True","55.984","2531.1","False","False"
"2026-08-06T11:46:20.7394539+08:00","38568","True","55.984","2531.1","False","False"
"2026-08-06T11:46:20.8332227+08:00","38568","True","55.984","2531.1","False","False"
"2026-08-06T11:46:20.9425883+08:00","38568","True","55.984","2531.1","False","False"
"2026-08-06T11:46:21.0352291+08:00","38568","True","55.984","2531.1","False","False"
"2026-08-06T11:46:21.1437030+08:00","38568","True","56.016","2531.1","False","False"
"2026-08-06T11:46:21.2372145+08:00","38568","True","56.047","2531.1","False","False"
"2026-08-06T11:46:21.3447938+08:00","38568","True","56.047","2531.1","False","False"
"2026-08-06T11:46:21.4386792+08:00","38568","True","56.047","2531.1","False","False"
"2026-08-06T11:46:21.5492483+08:00","38568","True","56.047","2531.1","False","False"
"2026-08-06T11:46:21.6425478+08:00","38568","True","56.078","2531.1","False","False"
"2026-08-06T11:46:21.7383983+08:00","38568","True","56.078","2531.1","False","False"
"2026-08-06T11:46:21.8318876+08:00","38568","True","56.078","2531.1","False","False"
"2026-08-06T11:46:21.9394376+08:00","38568","True","56.078","2531.1","False","False"
"2026-08-06T11:46:22.0340182+08:00","38568","True","56.078","2531.1","False","False"
"2026-08-06T11:46:22.1423579+08:00","38568","True","56.078","2531.1","False","False"
"2026-08-06T11:46:22.2523908+08:00","38568","True","56.078","2531.1","False","False"
"2026-08-06T11:46:22.3317068+08:00","38568","True","56.078","2531.1","False","False"
"2026-08-06T11:46:22.4414947+08:00","38568","True","56.078","2531.1","False","False"
"2026-08-06T11:46:22.5343461+08:00","38568","True","56.078","2531.1","False","False"
"2026-08-06T11:46:22.6436350+08:00","38568","True","56.078","2531.1","False","False"
"2026-08-06T11:46:22.7381576+08:00","38568","True","56.078","2531.1","False","False"
"2026-08-06T11:46:22.8318774+08:00","38568","True","56.078","2531.1","False","False"
"2026-08-06T11:46:22.9404557+08:00","38568","True","56.078","2531.1","False","False"
"2026-08-06T11:46:23.0487364+08:00","38568","True","56.078","2531.1","False","False"
"2026-08-06T11:46:23.1431420+08:00","38568","True","56.078","2531.1","False","False"
"2026-08-06T11:46:23.2376896+08:00","38568","True","56.078","2531.1","False","False"
"2026-08-06T11:46:23.3315031+08:00","38568","True","56.078","2531.1","False","False"
"2026-08-06T11:46:23.4403371+08:00","38568","True","56.078","2531.1","False","False"
"2026-08-06T11:46:23.5343242+08:00","38568","True","56.078","2531.1","False","False"
"2026-08-06T11:46:23.6438250+08:00","38568","True","56.078","2531.1","False","False"
"2026-08-06T11:46:23.7378415+08:00","38568","True","56.078","2531.1","False","False"
"2026-08-06T11:46:23.8456355+08:00","38568","True","56.078","2531.1","False","False"
"2026-08-06T11:46:23.9410645+08:00","38568","True","56.078","2531.1","False","False"
"2026-08-06T11:46:24.0489888+08:00","38568","True","56.141","2531.1","False","False"
"2026-08-06T11:46:24.1426411+08:00","38568","True","56.141","2531.1","False","False"
"2026-08-06T11:46:24.2364453+08:00","38568","True","56.141","2531.1","False","False"
"2026-08-06T11:46:24.3464226+08:00","38568","True","56.156","2531.1","False","False"
"2026-08-06T11:46:24.4391136+08:00","38568","True","56.156","2531.1","False","False"
"2026-08-06T11:46:24.5480524+08:00","38568","True","56.156","2531.1","False","False"
"2026-08-06T11:46:24.6433706+08:00","38568","True","56.156","2531.1","False","False"
"2026-08-06T11:46:24.7370550+08:00","38568","True","56.156","2531.1","False","False"
"2026-08-06T11:46:24.8307926+08:00","38568","True","56.156","2531.1","False","False"
"2026-08-06T11:46:24.9407918+08:00","38568","True","56.156","2531.1","False","False"
"2026-08-06T11:46:25.0349436+08:00","38568","True","56.156","2531.1","False","False"
"2026-08-06T11:46:25.1433980+08:00","38568","True","56.156","2531.1","False","False"
"2026-08-06T11:46:25.2515628+08:00","38568","True","56.188","2531.1","False","False"
"2026-08-06T11:46:25.3448625+08:00","38568","True","56.188","2531.1","False","False"
"2026-08-06T11:46:25.4533231+08:00","38568","True","56.188","2531.1","False","False"
"2026-08-06T11:46:25.5481378+08:00","38568","True","56.203","2531.1","False","False"
"2026-08-06T11:46:25.6407153+08:00","38568","True","56.281","2531.1","False","False"
"2026-08-06T11:46:25.7368832+08:00","38568","True","56.281","2531.1","False","False"
"2026-08-06T11:46:25.8442928+08:00","38568","True","56.281","2531.1","False","False"
"2026-08-06T11:46:25.9539701+08:00","38568","True","56.297","2531.1","False","False"
"2026-08-06T11:46:26.0344322+08:00","38568","True","56.297","2531.1","False","False"
"2026-08-06T11:46:26.1423978+08:00","38568","True","56.312","2531.1","False","False"
"2026-08-06T11:46:26.2511972+08:00","38568","True","56.312","2531.1","False","False"
"2026-08-06T11:46:26.3434475+08:00","38568","True","56.359","2531.1","False","False"
"2026-08-06T11:46:26.4539705+08:00","38568","True","56.359","2531.1","False","False"
"2026-08-06T11:46:26.5475849+08:00","38568","True","56.375","2531.1","False","False"
"2026-08-06T11:46:26.6406479+08:00","38568","True","56.406","2531.1","False","False"
"2026-08-06T11:46:26.7492548+08:00","38568","True","56.406","2531.1","False","False"
"2026-08-06T11:46:26.8416179+08:00","38568","True","56.406","2531.1","False","False"
"2026-08-06T11:46:26.9499563+08:00","38568","True","56.406","2531.1","False","False"
"2026-08-06T11:46:27.0439651+08:00","38568","True","56.406","2531.1","False","False"
"2026-08-06T11:46:27.1375842+08:00","38568","True","56.406","2531.1","False","False"
"2026-08-06T11:46:27.2457840+08:00","38568","True","56.422","2531.1","False","False"
"2026-08-06T11:46:27.3394947+08:00","38568","True","56.438","2531.1","False","False"
"2026-08-06T11:46:27.4325929+08:00","38568","True","56.453","2531.1","False","False"
"2026-08-06T11:46:27.5407015+08:00","38568","True","56.469","2531.1","False","False"
"2026-08-06T11:46:27.6347854+08:00","38568","True","56.484","2531.1","False","False"
"2026-08-06T11:46:27.7433995+08:00","38568","True","56.484","2531.1","False","False"
"2026-08-06T11:46:27.8367569+08:00","38568","True","56.484","2531.1","False","False"
"2026-08-06T11:46:27.9440292+08:00","38568","True","56.5","2531.1","False","False"
"2026-08-06T11:46:28.0383177+08:00","38568","True","56.547","2531.1","False","False"
"2026-08-06T11:46:28.1314080+08:00","38568","True","56.547","2531.1","False","False"
"2026-08-06T11:46:28.2400530+08:00","38568","True","56.547","2531.1","False","False"
"2026-08-06T11:46:28.3343736+08:00","38568","True","56.547","2531.1","False","False"
"2026-08-06T11:46:28.4434268+08:00","38568","True","56.578","2531.1","False","False"
"2026-08-06T11:46:28.5372115+08:00","38568","True","56.578","2531.1","False","False"
"2026-08-06T11:46:28.6298069+08:00","38568","True","56.594","2531.1","False","False"
"2026-08-06T11:46:28.7392326+08:00","38568","True","56.594","2531.1","False","False"
"2026-08-06T11:46:28.8331485+08:00","38568","True","56.594","2531.1","False","False"
"2026-08-06T11:46:28.9429238+08:00","38568","True","56.594","2531.1","False","False"
"2026-08-06T11:46:29.0352620+08:00","38568","True","56.672","2531.1","False","False"
"2026-08-06T11:46:29.1442844+08:00","38568","True","56.672","2531.1","False","False"
"2026-08-06T11:46:29.2389316+08:00","38568","True","56.672","2531.1","False","False"
"2026-08-06T11:46:29.3337979+08:00","38568","True","56.672","2531.1","False","False"
"2026-08-06T11:46:29.4417835+08:00","38568","True","56.672","2531.1","False","False"
"2026-08-06T11:46:29.5341498+08:00","38568","True","56.672","2531.1","False","False"
"2026-08-06T11:46:29.6448340+08:00","38568","True","56.703","2531.1","False","False"
"2026-08-06T11:46:29.7379554+08:00","38568","True","56.75","2531.1","False","False"
"2026-08-06T11:46:29.8442466+08:00","38568","True","56.75","2531.1","False","False"
"2026-08-06T11:46:29.9408077+08:00","38568","True","56.766","2531.1","False","False"
"2026-08-06T11:46:30.0347146+08:00","38568","True","56.766","2531.1","False","False"
"2026-08-06T11:46:30.1442442+08:00","38568","True","56.766","2531.1","False","False"
"2026-08-06T11:46:30.2384547+08:00","38568","True","56.766","2531.1","False","False"
"2026-08-06T11:46:30.3331124+08:00","38568","True","56.766","2531.1","False","False"
"2026-08-06T11:46:30.4417539+08:00","38568","True","56.781","2531.1","False","False"
"2026-08-06T11:46:30.5345380+08:00","38568","True","56.781","2531.1","False","False"
"2026-08-06T11:46:30.6432395+08:00","38568","True","56.781","2531.1","False","False"
"2026-08-06T11:46:30.7379010+08:00","38568","True","56.781","2531.1","False","False"
"2026-08-06T11:46:30.8450982+08:00","38568","True","56.859","2531.1","False","False"
"2026-08-06T11:46:30.9399538+08:00","38568","True","56.875","2531.1","False","False"
"2026-08-06T11:46:31.0488785+08:00","38568","True","56.875","2531.1","False","False"
"2026-08-06T11:46:31.1410646+08:00","38568","True","56.875","2531.1","False","False"
"2026-08-06T11:46:31.2497587+08:00","38568","True","56.875","2531.1","False","False"
"2026-08-06T11:46:31.3436243+08:00","38568","True","56.953","2531.1","False","False"
"2026-08-06T11:46:31.4529345+08:00","38568","True","56.953","2531.1","False","False"
"2026-08-06T11:46:31.5464732+08:00","38568","True","56.969","2531.1","False","False"
"2026-08-06T11:46:31.6383364+08:00","38568","True","56.969","2531.1","False","False"
"2026-08-06T11:46:31.7482414+08:00","38568","True","56.969","2531.1","False","False"
"2026-08-06T11:46:31.8425719+08:00","38568","True","56.969","2531.1","False","False"
"2026-08-06T11:46:31.9507225+08:00","38568","True","57","2531.1","False","False"
"2026-08-06T11:46:32.0453031+08:00","38568","True","57","2531.1","False","False"
"2026-08-06T11:46:32.1382611+08:00","38568","True","57.016","2531.1","False","False"
"2026-08-06T11:46:32.2472009+08:00","38568","True","57.016","2531.1","False","False"
"2026-08-06T11:46:32.3419739+08:00","38568","True","57.031","2531.1","False","False"
"2026-08-06T11:46:32.4532073+08:00","38568","True","57.031","2531.1","False","False"
"2026-08-06T11:46:32.5485135+08:00","38568","True","57.109","2531.1","False","False"
"2026-08-06T11:46:32.6424934+08:00","38568","True","57.109","2531.1","False","False"
"2026-08-06T11:46:32.7514920+08:00","38568","True","57.109","2531.1","False","False"
"2026-08-06T11:46:32.8442918+08:00","38568","True","57.109","2531.1","False","False"
"2026-08-06T11:46:32.9531788+08:00","38568","True","57.109","2531.1","False","False"
"2026-08-06T11:46:33.0464742+08:00","38568","True","57.109","2531.1","False","False"
"2026-08-06T11:46:33.1406465+08:00","38568","True","57.188","2531.1","False","False"
"2026-08-06T11:46:33.2495266+08:00","38568","True","57.203","2531.1","False","False"
"2026-08-06T11:46:33.3421920+08:00","38568","True","57.203","2531.1","False","False"
"2026-08-06T11:46:33.4499289+08:00","38568","True","57.219","2531.1","False","False"
"2026-08-06T11:46:33.5293839+08:00","38568","True","57.219","2531.1","False","False"
"2026-08-06T11:46:33.6386810+08:00","38568","True","57.219","2531.1","False","False"
"2026-08-06T11:46:33.7461157+08:00","38568","True","57.25","2531.1","False","False"
"2026-08-06T11:46:33.8379477+08:00","38568","True","57.25","2531.1","False","False"
"2026-08-06T11:46:33.9319437+08:00","38568","True","57.25","2531.1","False","False"
"2026-08-06T11:46:34.0425007+08:00","38568","True","57.25","2531.1","False","False"
"2026-08-06T11:46:34.1521237+08:00","38568","True","57.25","2531.1","False","False"
"2026-08-06T11:46:34.2321534+08:00","38568","True","57.25","2531.1","False","False"
"2026-08-06T11:46:34.3412788+08:00","38568","True","57.297","2531.1","False","False"
"2026-08-06T11:46:34.4510303+08:00","38568","True","57.359","2531.1","False","False"
"2026-08-06T11:46:34.5444431+08:00","38568","True","57.375","2531.1","False","False"
"2026-08-06T11:46:34.6384662+08:00","38568","True","57.453","2531.1","False","False"
"2026-08-06T11:46:34.7467277+08:00","38568","True","57.484","2531.1","False","False"
"2026-08-06T11:46:34.8398219+08:00","38568","True","57.484","2531.1","False","False"
"2026-08-06T11:46:34.9344257+08:00","38568","True","57.484","2531.1","False","False"
"2026-08-06T11:46:35.0462145+08:00","38568","True","57.484","2531.1","False","False"
"2026-08-06T11:46:35.1382354+08:00","38568","True","57.5","2531.1","False","False"
"2026-08-06T11:46:35.2477589+08:00","38568","True","57.516","2531.1","False","False"
"2026-08-06T11:46:35.3402924+08:00","38568","True","57.531","2531.1","False","False"
"2026-08-06T11:46:35.4341073+08:00","38568","True","57.562","2531.1","False","False"
"2026-08-06T11:46:35.5432195+08:00","38568","True","57.562","2531.1","False","False"
"2026-08-06T11:46:35.6383304+08:00","38568","True","57.562","2531.1","False","False"
"2026-08-06T11:46:35.7481219+08:00","38568","True","57.562","2531.1","False","False"
"2026-08-06T11:46:35.8395429+08:00","38568","True","57.562","2531.1","False","False"
"2026-08-06T11:46:35.9338692+08:00","38568","True","57.578","2531.1","False","False"
"2026-08-06T11:46:36.0432499+08:00","38568","True","57.594","2531.1","False","False"
"2026-08-06T11:46:36.1370428+08:00","38568","True","57.594","2531.1","False","False"
"2026-08-06T11:46:36.2451867+08:00","38568","True","57.594","2531.1","False","False"
"2026-08-06T11:46:36.3389456+08:00","38568","True","57.594","2531.1","False","False"
"2026-08-06T11:46:36.4333817+08:00","38568","True","57.594","2531.1","False","False"
"2026-08-06T11:46:36.5423009+08:00","38568","True","57.641","2531.1","False","False"
"2026-08-06T11:46:36.6353399+08:00","38568","True","57.656","2531.1","False","False"
"2026-08-06T11:46:36.7430110+08:00","38568","True","57.656","2531.1","False","False"
"2026-08-06T11:46:36.8358085+08:00","38568","True","57.656","2531.1","False","False"
"2026-08-06T11:46:36.9433260+08:00","38568","True","57.656","2531.1","False","False"
"2026-08-06T11:46:37.0373672+08:00","38568","True","57.656","2531.1","False","False"
"2026-08-06T11:46:37.1320476+08:00","38568","True","57.656","2531.1","False","False"
"2026-08-06T11:46:37.2412654+08:00","38568","True","57.672","2531.1","False","False"
"2026-08-06T11:46:37.3340060+08:00","38568","True","57.672","2531.1","False","False"
"2026-08-06T11:46:37.4418488+08:00","38568","True","57.672","2531.1","False","False"
"2026-08-06T11:46:37.5350050+08:00","38568","True","57.672","2531.1","False","False"
"2026-08-06T11:46:37.6295130+08:00","38568","True","57.672","2531.1","False","False"
"2026-08-06T11:46:37.7403381+08:00","38568","True","57.672","2531.1","False","False"
"2026-08-06T11:46:37.8333680+08:00","38568","True","57.672","2531.1","False","False"
"2026-08-06T11:46:37.9429846+08:00","38568","True","57.672","2531.1","False","False"
"2026-08-06T11:46:38.0362683+08:00","38568","True","57.672","2531.1","False","False"
"2026-08-06T11:46:38.1313552+08:00","38568","True","57.672","2531.1","False","False"
"2026-08-06T11:46:38.2402562+08:00","38568","True","57.672","2531.1","False","False"
"2026-08-06T11:46:38.3341818+08:00","38568","True","57.672","2531.1","False","False"
"2026-08-06T11:46:38.4427596+08:00","38568","True","57.672","2531.1","False","False"
"2026-08-06T11:46:38.5351559+08:00","38568","True","57.672","2531.1","False","False"
"2026-08-06T11:46:38.6442227+08:00","38568","True","57.688","2531.1","False","False"
"2026-08-06T11:46:38.7384881+08:00","38568","True","57.688","2531.1","False","False"
"2026-08-06T11:46:38.8315243+08:00","38568","True","57.688","2531.1","False","False"
"2026-08-06T11:46:38.9412919+08:00","38568","True","57.688","2531.1","False","False"
"2026-08-06T11:46:39.0348437+08:00","38568","True","57.688","2531.1","False","False"
"2026-08-06T11:46:39.1438289+08:00","38568","True","57.703","2531.1","False","False"
"2026-08-06T11:46:39.2370572+08:00","38568","True","57.703","2531.1","False","False"
"2026-08-06T11:46:39.3307069+08:00","38568","True","57.703","2596.6","False","False"
"2026-08-06T11:46:39.4397714+08:00","38568","True","57.703","2596.6","False","False"
"2026-08-06T11:46:39.5341762+08:00","38568","True","57.703","2596.6","False","False"
"2026-08-06T11:46:39.6428117+08:00","38568","True","57.703","2596.6","False","False"
"2026-08-06T11:46:39.7507814+08:00","38568","True","57.719","2596.6","False","False"
"2026-08-06T11:46:39.8440886+08:00","38568","True","57.719","2596.6","False","False"
"2026-08-06T11:46:39.9369835+08:00","38568","True","57.734","2596.6","False","False"
"2026-08-06T11:46:40.0474572+08:00","38568","True","57.734","2596.6","False","False"
"2026-08-06T11:46:40.1412853+08:00","38568","True","57.734","2596.6","False","False"
"2026-08-06T11:46:40.2507391+08:00","38568","True","57.734","2596.6","False","False"
"2026-08-06T11:46:40.3428730+08:00","38568","True","57.734","2596.6","False","False"
"2026-08-06T11:46:40.4521103+08:00","38568","True","57.734","2596.6","False","False"
"2026-08-06T11:46:40.5472777+08:00","38568","True","57.734","2596.6","False","False"
"2026-08-06T11:46:40.6403165+08:00","38568","True","57.766","2596.6","False","False"
"2026-08-06T11:46:40.7487882+08:00","38568","True","57.766","2596.6","False","False"
"2026-08-06T11:46:40.8423859+08:00","38568","True","57.766","2596.6","False","False"
"2026-08-06T11:46:40.9515921+08:00","38568","True","57.766","2596.6","False","False"
"2026-08-06T11:46:41.0445675+08:00","38568","True","57.766","2596.6","False","False"
"2026-08-06T11:46:41.1383727+08:00","38568","True","57.781","2596.6","False","False"
"2026-08-06T11:46:41.2478232+08:00","38568","True","57.781","2596.6","False","False"
"2026-08-06T11:46:41.3419505+08:00","38568","True","57.781","2596.6","False","False"
"2026-08-06T11:46:41.4507991+08:00","38568","True","57.781","2596.6","False","False"
"2026-08-06T11:46:41.5433145+08:00","38568","True","57.828","2596.6","False","False"
"2026-08-06T11:46:41.6523993+08:00","38568","True","57.828","2596.6","False","False"
"2026-08-06T11:46:41.7312517+08:00","38568","True","57.828","2596.6","False","False"
"2026-08-06T11:46:41.8400589+08:00","38568","True","57.844","2596.6","False","False"
"2026-08-06T11:46:41.9346485+08:00","38568","True","57.859","2596.6","False","False"
"2026-08-06T11:46:42.0422477+08:00","38568","True","57.859","2596.6","False","False"
"2026-08-06T11:46:42.1364340+08:00","38568","True","57.859","2596.6","False","False"
"2026-08-06T11:46:42.2436943+08:00","38568","True","57.859","2596.6","False","False"
"2026-08-06T11:46:42.3382293+08:00","38568","True","57.859","2596.6","False","False"
"2026-08-06T11:46:42.4331855+08:00","38568","True","57.859","2596.6","False","False"
"2026-08-06T11:46:42.5418936+08:00","38568","True","57.859","2596.6","False","False"
"2026-08-06T11:46:42.6363214+08:00","38568","True","57.859","2596.5","False","False"
"2026-08-06T11:46:42.7312663+08:00","38568","True","57.859","2596.5","False","False"
"2026-08-06T11:46:42.8415622+08:00","38568","True","57.859","2596.5","False","False"
"2026-08-06T11:46:42.9361463+08:00","38568","True","57.859","2596.5","False","False"
"2026-08-06T11:46:43.0450269+08:00","38568","True","57.859","2596.5","False","False"
"2026-08-06T11:46:43.1404453+08:00","38568","True","57.859","2596.5","False","False"
"2026-08-06T11:46:43.2480777+08:00","38568","True","57.875","2596.5","False","False"
"2026-08-06T11:46:43.3425476+08:00","38568","True","57.875","2594.9","False","False"
"2026-08-06T11:46:43.4499779+08:00","38568","True","57.891","2594.9","False","False"
"2026-08-06T11:46:43.5291122+08:00","38568","True","57.906","2594.9","False","False"
"2026-08-06T11:46:43.6381773+08:00","38568","True","57.906","2594.9","False","False"
"2026-08-06T11:46:43.7458756+08:00","38568","True","57.969","2594.9","False","False"
"2026-08-06T11:46:43.8390182+08:00","38568","True","57.969","2594.9","False","False"
"2026-08-06T11:46:43.9332133+08:00","38568","True","57.969","2594.9","False","False"
"2026-08-06T11:46:44.0434209+08:00","38568","True","57.969","2594.9","False","False"
"2026-08-06T11:46:44.1356413+08:00","38568","True","57.969","2594.9","False","False"
"2026-08-06T11:46:44.2295364+08:00","38568","True","57.969","2594.9","False","False"
"2026-08-06T11:46:44.3399718+08:00","38568","True","57.969","2594.9","False","False"
"2026-08-06T11:46:44.4333691+08:00","38568","True","57.969","2594.9","False","False"
"2026-08-06T11:46:44.5425993+08:00","38568","True","57.969","2594.9","False","False"
"2026-08-06T11:46:44.6360749+08:00","38568","True","58.031","2594.9","False","False"
"2026-08-06T11:46:44.7435441+08:00","38568","True","58.031","2594.9","False","False"
"2026-08-06T11:46:44.8368595+08:00","38568","True","58.031","2594.9","False","False"
"2026-08-06T11:46:44.9316087+08:00","38568","True","58.031","2594.9","False","False"
"2026-08-06T11:46:45.0415717+08:00","38568","True","58.047","2594.9","False","False"
"2026-08-06T11:46:45.1360752+08:00","38568","True","58.047","2594.9","False","False"
"2026-08-06T11:46:45.2297732+08:00","38568","True","58.047","2594.9","False","False"
"2026-08-06T11:46:45.3379310+08:00","38568","True","58.047","2594.9","False","False"
"2026-08-06T11:46:45.4309865+08:00","38568","True","58.125","2594.9","False","False"
"2026-08-06T11:46:45.5406330+08:00","38568","True","58.141","2594.9","False","False"
"2026-08-06T11:46:45.6342092+08:00","38568","True","58.141","2594.9","False","False"
"2026-08-06T11:46:45.7418367+08:00","38568","True","58.141","2594.9","False","False"
"2026-08-06T11:46:45.8347669+08:00","38568","True","58.141","2594.9","False","False"
"2026-08-06T11:46:45.9437445+08:00","38568","True","58.141","2594.9","False","False"
"2026-08-06T11:46:46.0365382+08:00","38568","True","58.141","2594.9","False","False"
"2026-08-06T11:46:46.1322858+08:00","38568","True","58.141","2594.9","False","False"
"2026-08-06T11:46:46.2395084+08:00","38568","True","58.141","2594.9","False","False"
"2026-08-06T11:46:46.3331031+08:00","38568","True","58.141","2594.9","False","False"
"2026-08-06T11:46:46.4428486+08:00","38568","True","58.203","2594.9","False","False"
"2026-08-06T11:46:46.5367994+08:00","38568","True","58.203","2594.9","False","False"
"2026-08-06T11:46:46.6447631+08:00","38568","True","58.203","2594.9","False","False"
"2026-08-06T11:46:46.7385199+08:00","38568","True","58.203","2594.9","False","False"
"2026-08-06T11:46:46.8319986+08:00","38568","True","58.203","2594.9","False","False"
"2026-08-06T11:46:46.9389437+08:00","38568","True","58.203","2594.9","False","False"
"2026-08-06T11:46:47.0477492+08:00","38568","True","58.203","2594.9","False","False"
"2026-08-06T11:46:47.1427598+08:00","38568","True","58.203","2594.9","False","False"
"2026-08-06T11:46:47.2499477+08:00","38568","True","58.203","2594.9","False","False"
"2026-08-06T11:46:47.3307575+08:00","38568","True","58.203","2594.9","False","False"
"2026-08-06T11:46:47.4401703+08:00","38568","True","58.203","2594.9","False","False"
"2026-08-06T11:46:47.5337754+08:00","38568","True","58.219","2594.9","False","False"
"2026-08-06T11:46:47.6418094+08:00","38568","True","58.219","2594.9","False","False"
"2026-08-06T11:46:47.7505222+08:00","38568","True","58.219","2594.9","False","False"
"2026-08-06T11:46:47.8442643+08:00","38568","True","58.219","2594.9","False","False"
"2026-08-06T11:46:47.9538210+08:00","38568","True","58.219","2594.9","False","False"
"2026-08-06T11:46:48.0335220+08:00","38568","True","58.219","2594.9","False","False"
"2026-08-06T11:46:48.1427606+08:00","38568","True","58.219","2594.9","False","False"
"2026-08-06T11:46:48.2510651+08:00","38568","True","58.219","2594.9","False","False"
"2026-08-06T11:46:48.3440497+08:00","38568","True","58.219","2594.9","False","False"
"2026-08-06T11:46:48.4529331+08:00","38568","True","58.219","2594.9","False","False"
"2026-08-06T11:46:48.5448985+08:00","38568","True","58.234","2594.9","False","False"
"2026-08-06T11:46:48.6377978+08:00","38568","True","58.234","2594.9","False","False"
"2026-08-06T11:46:48.7317529+08:00","38568","True","58.25","2594.9","False","False"
"2026-08-06T11:46:48.8404806+08:00","38568","True","58.266","2594.9","False","False"
"2026-08-06T11:46:48.9355181+08:00","38568","True","58.266","2594.9","False","False"
"2026-08-06T11:46:49.0435267+08:00","38568","True","58.266","2594.9","False","False"
"2026-08-06T11:46:49.1367358+08:00","38568","True","58.281","2594.9","False","False"
"2026-08-06T11:46:49.2314061+08:00","38568","True","58.281","2594.9","False","False"
"2026-08-06T11:46:49.3407327+08:00","38568","True","58.297","2594.9","False","False"
"2026-08-06T11:46:49.4495816+08:00","38568","True","58.297","2531","False","False"
"2026-08-06T11:46:49.5436765+08:00","38568","True","58.344","2531","False","False"
"2026-08-06T11:46:49.6514089+08:00","38568","True","58.344","2531","False","False"
"2026-08-06T11:46:49.7448027+08:00","38568","True","58.344","2531","False","False"
"2026-08-06T11:46:49.8377101+08:00","38568","True","58.344","2531","False","False"
"2026-08-06T11:46:49.9299666+08:00","38568","True","58.344","2531","False","False"
"2026-08-06T11:46:50.0399627+08:00","38568","True","58.344","2531","False","False"
"2026-08-06T11:46:50.1327695+08:00","38568","True","58.344","2531","False","False"
"2026-08-06T11:46:50.2438901+08:00","38568","True","58.344","2531","False","False"
"2026-08-06T11:46:50.3372869+08:00","38568","True","58.344","2531","False","False"
"2026-08-06T11:46:50.4313333+08:00","38568","True","58.344","2531","False","False"
"2026-08-06T11:46:50.5402974+08:00","38568","True","58.359","2531","False","False"
"2026-08-06T11:46:50.6332262+08:00","38568","True","58.359","2531","False","False"
"2026-08-06T11:46:50.7414260+08:00","38568","True","58.375","2531","False","False"
"2026-08-06T11:46:50.8342781+08:00","38568","True","58.375","2531","False","False"
"2026-08-06T11:46:50.9433286+08:00","38568","True","58.375","2531","False","False"
"2026-08-06T11:46:51.0368586+08:00","38568","True","58.391","2531","False","False"
"2026-08-06T11:46:51.1310280+08:00","38568","True","58.391","2531","False","False"
"2026-08-06T11:46:51.2399633+08:00","38568","True","58.406","2531","False","False"
"2026-08-06T11:46:51.3328300+08:00","38568","True","58.406","2531","False","False"
"2026-08-06T11:46:51.4426096+08:00","38568","True","58.406","2531","False","False"
"2026-08-06T11:46:51.5347764+08:00","38568","True","58.406","2531","False","False"
"2026-08-06T11:46:51.6438824+08:00","38568","True","58.406","2531","False","False"
"2026-08-06T11:46:51.7364260+08:00","38568","True","58.406","2531","False","False"
"2026-08-06T11:46:51.8454545+08:00","38568","True","58.406","2531","False","False"
"2026-08-06T11:46:51.9400483+08:00","38568","True","58.438","2531","False","False"
"2026-08-06T11:46:52.0349143+08:00","38568","True","58.453","2531","False","False"
"2026-08-06T11:46:52.1416924+08:00","38568","True","58.453","2531","False","False"
"2026-08-06T11:46:52.2508417+08:00","38568","True","58.469","2531","False","False"
"2026-08-06T11:46:52.3457503+08:00","38568","True","58.484","2531","False","False"
"2026-08-06T11:46:52.4397439+08:00","38568","True","58.5","2531","False","False"
"2026-08-06T11:46:52.5338625+08:00","38568","True","58.5","2531","False","False"
"2026-08-06T11:46:52.6408202+08:00","38568","True","58.5","2531","False","False"
"2026-08-06T11:46:52.7493444+08:00","38568","True","58.516","2531","False","False"
"2026-08-06T11:46:52.8420367+08:00","38568","True","58.516","2531","False","False"
"2026-08-06T11:46:52.9372652+08:00","38568","True","58.516","2531","False","False"
"2026-08-06T11:46:53.0475066+08:00","38568","True","58.516","2531","False","False"
"2026-08-06T11:46:53.1398080+08:00","38568","True","58.516","2531","False","False"
"2026-08-06T11:46:53.2491659+08:00","38568","True","58.516","2531","False","False"
"2026-08-06T11:46:53.3415858+08:00","38568","True","58.516","2531","False","False"
"2026-08-06T11:46:53.4516519+08:00","38568","True","58.547","2531","False","False"
"2026-08-06T11:46:53.5448398+08:00","38568","True","58.547","2531","False","False"
"2026-08-06T11:46:53.6532450+08:00","38568","True","58.547","2531","False","False"
"2026-08-06T11:46:53.7442595+08:00","38568","True","58.547","2531","False","False"
"2026-08-06T11:46:53.8393977+08:00","38568","True","58.547","2531","False","False"
"2026-08-06T11:46:53.9294899+08:00","38568","True","58.547","2531","False","False"
"2026-08-06T11:46:54.0387385+08:00","38568","True","58.547","2531","False","False"
"2026-08-06T11:46:54.1329258+08:00","38568","True","58.547","2531","False","False"
"2026-08-06T11:46:54.2411227+08:00","38568","True","58.562","2531.2","False","False"
"2026-08-06T11:46:54.3356256+08:00","38568","True","58.562","2531.2","False","False"
"2026-08-06T11:46:54.4434458+08:00","38568","True","58.562","2531.2","False","False"
"2026-08-06T11:46:54.5371990+08:00","38568","True","58.562","2531.2","False","False"
"2026-08-06T11:46:54.6448579+08:00","38568","True","58.562","2531.2","False","False"
"2026-08-06T11:46:54.7398387+08:00","38568","True","58.562","2531.2","False","False"
"2026-08-06T11:46:54.8326262+08:00","38568","True","58.562","2531.2","False","False"
"2026-08-06T11:46:54.9434056+08:00","38568","True","58.578","2531.2","False","False"
"2026-08-06T11:46:55.0376715+08:00","38568","True","58.578","2531.2","False","False"
"2026-08-06T11:46:55.1294818+08:00","38568","True","58.578","2531.2","False","False"
"2026-08-06T11:46:55.2381152+08:00","38568","True","58.594","2531.2","False","False"
"2026-08-06T11:46:55.3324632+08:00","38568","True","58.594","2531.2","False","False"
"2026-08-06T11:46:55.4415934+08:00","38568","True","58.594","2531.2","False","False"
"2026-08-06T11:46:55.5341562+08:00","38568","True","58.594","2531.2","False","False"
"2026-08-06T11:46:55.6439124+08:00","38568","True","58.594","2531.2","False","False"
"2026-08-06T11:46:55.7366243+08:00","38568","True","58.594","2531.2","False","False"
"2026-08-06T11:46:55.8458779+08:00","38568","True","58.594","2531.2","False","False"
"2026-08-06T11:46:55.9388158+08:00","38568","True","58.625","2531.2","False","False"
"2026-08-06T11:46:56.0475610+08:00","38568","True","58.625","2531.2","False","False"
"2026-08-06T11:46:56.1423005+08:00","38568","True","58.625","2531.2","False","False"
"2026-08-06T11:46:56.2367964+08:00","38568","True","58.625","2531.2","False","False"
"2026-08-06T11:46:56.3455716+08:00","38568","True","58.625","2531.2","False","False"
"2026-08-06T11:46:56.4402127+08:00","38568","True","58.625","2531.2","False","False"
"2026-08-06T11:46:56.5339044+08:00","38568","True","58.625","2531.2","False","False"
"2026-08-06T11:46:56.6436539+08:00","38568","True","58.641","2531.2","False","False"
"2026-08-06T11:46:56.7513051+08:00","38568","True","58.688","2531.2","False","False"
"2026-08-06T11:46:56.8440893+08:00","38568","True","58.688","2531.2","False","False"
"2026-08-06T11:46:56.9520729+08:00","38568","True","58.688","2531.2","False","False"
"2026-08-06T11:46:57.0466910+08:00","38568","True","58.688","2531.2","False","False"
"2026-08-06T11:46:57.1394554+08:00","38568","True","58.688","2531.2","False","False"
"2026-08-06T11:46:57.2491306+08:00","38568","True","58.688","2531.2","False","False"
"2026-08-06T11:46:57.3424939+08:00","38568","True","58.688","2531.2","False","False"
"2026-08-06T11:46:57.4544670+08:00","38568","True","58.688","2531.2","False","False"
"2026-08-06T11:46:57.5472611+08:00","38568","True","58.688","2531.2","False","False"
"2026-08-06T11:46:57.6391767+08:00","38568","True","58.688","2531.2","False","False"
"2026-08-06T11:46:57.7467488+08:00","38568","True","58.688","2531.2","False","False"
"2026-08-06T11:46:57.8402836+08:00","38568","True","58.688","2531.2","False","False"
"2026-08-06T11:46:57.9334494+08:00","38568","True","58.688","2531.2","False","False"
"2026-08-06T11:46:58.0437585+08:00","38568","True","58.719","2531.2","False","False"
"2026-08-06T11:46:58.1533226+08:00","38568","True","58.719","2531.2","False","False"
"2026-08-06T11:46:58.2464441+08:00","38568","True","58.719","2531.2","False","False"
"2026-08-06T11:46:58.3397919+08:00","38568","True","58.719","2531.2","False","False"
"2026-08-06T11:46:58.4334424+08:00","38568","True","58.719","2531.2","False","False"
"2026-08-06T11:46:58.5434275+08:00","38568","True","58.734","2531.2","False","False"
"2026-08-06T11:46:58.6530802+08:00","38568","True","58.75","2531.2","False","False"
"2026-08-06T11:46:58.7314367+08:00","38568","True","58.75","2531.2","False","False"
"2026-08-06T11:46:58.8394028+08:00","38568","True","58.75","2531.2","False","False"
"2026-08-06T11:46:58.9331137+08:00","38568","True","58.75","2531.2","False","False"
"2026-08-06T11:46:59.0424634+08:00","38568","True","58.75","2531.2","False","False"
"2026-08-06T11:46:59.1353491+08:00","38568","True","58.75","2531.2","False","False"
"2026-08-06T11:46:59.2429363+08:00","38568","True","58.75","2531.2","False","False"
"2026-08-06T11:46:59.3375006+08:00","38568","True","58.75","2531.2","False","False"
"2026-08-06T11:46:59.4308394+08:00","38568","True","58.766","2531.2","False","False"
"2026-08-06T11:46:59.5401135+08:00","38568","True","58.766","2531.2","False","False"
"2026-08-06T11:46:59.6352888+08:00","38568","True","58.766","2531.2","False","False"
"2026-08-06T11:46:59.7306508+08:00","38568","True","58.766","2531.2","False","False"
"2026-08-06T11:46:59.8379294+08:00","38568","True","58.766","2531.2","False","False"
"2026-08-06T11:46:59.9317650+08:00","38568","True","58.766","2531.2","False","False"
"2026-08-06T11:47:00.0414748+08:00","38568","True","58.766","2531.2","False","False"
"2026-08-06T11:47:00.1346293+08:00","38568","True","58.766","2531.2","False","False"
"2026-08-06T11:47:00.2444321+08:00","38568","True","58.766","2531.2","False","False"
"2026-08-06T11:47:00.3379264+08:00","38568","True","58.766","2531.2","False","False"
"2026-08-06T11:47:00.4305438+08:00","38568","True","58.766","2531.2","False","False"
"2026-08-06T11:47:00.5390457+08:00","38568","True","58.766","2531.2","False","False"
"2026-08-06T11:47:00.6327503+08:00","38568","True","58.766","2531.2","False","False"
"2026-08-06T11:47:00.7417314+08:00","38568","True","58.766","2531.2","False","False"
"2026-08-06T11:47:00.8351681+08:00","38568","True","58.766","2531.2","False","False"
"2026-08-06T11:47:00.9434490+08:00","38568","True","58.766","2531.2","False","False"
"2026-08-06T11:47:01.0387209+08:00","38568","True","58.766","2531.2","False","False"
"2026-08-06T11:47:01.1318232+08:00","38568","True","58.766","2531.2","False","False"
"2026-08-06T11:47:01.2424816+08:00","38568","True","58.766","2531.2","False","False"
"2026-08-06T11:47:01.3370309+08:00","38568","True","58.766","2531.2","False","False"
"2026-08-06T11:47:01.4302578+08:00","38568","True","58.781","2531.2","False","False"
"2026-08-06T11:47:01.5404483+08:00","38568","True","58.781","2531.2","False","False"
"2026-08-06T11:47:01.6335292+08:00","38568","True","58.781","2531.2","False","False"
"2026-08-06T11:47:01.7426540+08:00","38568","True","58.781","2531.2","False","False"
"2026-08-06T11:47:01.8367631+08:00","38568","True","58.781","2531.2","False","False"
"2026-08-06T11:47:01.9297744+08:00","38568","True","58.781","2531.2","False","False"
"2026-08-06T11:47:02.0376803+08:00","38568","True","58.781","2531.2","False","False"
"2026-08-06T11:47:02.1307058+08:00","38568","True","58.781","2531.2","False","False"
"2026-08-06T11:47:02.2398246+08:00","38568","True","58.781","2531.2","False","False"
"2026-08-06T11:47:02.3336028+08:00","38568","True","58.781","2531.2","False","False"
"2026-08-06T11:47:02.4434109+08:00","38568","True","58.781","2531.2","False","False"
"2026-08-06T11:47:02.5365435+08:00","38568","True","58.781","2531.2","False","False"
"2026-08-06T11:47:02.6313727+08:00","38568","True","58.781","2531.2","False","False"
"2026-08-06T11:47:02.7405487+08:00","38568","True","58.844","2531.2","False","False"
"2026-08-06T11:47:02.8319752+08:00","38568","True","58.891","2531.2","False","False"
"2026-08-06T11:47:02.9408547+08:00","38568","True","58.906","2531.2","False","False"
"2026-08-06T11:47:03.0345561+08:00","38568","True","58.906","2531.2","False","False"
"2026-08-06T11:47:03.1432821+08:00","38568","True","58.906","2531.2","False","False"
"2026-08-06T11:47:03.2522763+08:00","38568","True","58.922","2531.2","False","False"
"2026-08-06T11:47:03.3454131+08:00","38568","True","58.922","2531.2","False","False"
"2026-08-06T11:47:03.4393038+08:00","38568","True","58.922","2531.2","False","False"
"2026-08-06T11:47:03.5483007+08:00","38568","True","58.953","2531.2","False","False"
"2026-08-06T11:47:03.6414191+08:00","38568","True","58.953","2531.2","False","False"
"2026-08-06T11:47:03.7502786+08:00","38568","True","58.953","2531.2","False","False"
"2026-08-06T11:47:03.8434287+08:00","38568","True","58.953","2531.2","False","False"
"2026-08-06T11:47:03.9553181+08:00","38568","True","58.984","2531.2","False","False"
"2026-08-06T11:47:04.0351589+08:00","38568","True","58.984","2531.2","False","False"
"2026-08-06T11:47:04.1438031+08:00","38568","True","58.984","2531.2","False","False"
"2026-08-06T11:47:04.2390683+08:00","38568","True","59.016","2531.2","False","False"
"2026-08-06T11:47:04.3316267+08:00","38568","True","59.016","2531.2","False","False"
"2026-08-06T11:47:04.4404937+08:00","38568","True","59.016","2531.2","False","False"
"2026-08-06T11:47:04.5347208+08:00","38568","True","59.016","2531.2","False","False"
"2026-08-06T11:47:04.6405305+08:00","38568","True","59.016","2531.2","False","False"
"2026-08-06T11:47:04.7485266+08:00","38568","True","59.016","2531.2","False","False"
"2026-08-06T11:47:04.8435217+08:00","38568","True","59.016","2531.2","False","False"
"2026-08-06T11:47:04.9524568+08:00","38568","True","59.016","2531.2","False","False"
"2026-08-06T11:47:05.0461984+08:00","38568","True","59.016","2531.2","False","False"
"2026-08-06T11:47:05.1415016+08:00","38568","True","59.016","2531.2","False","False"
"2026-08-06T11:47:05.2493676+08:00","38568","True","59.016","2531.2","False","False"
"2026-08-06T11:47:05.3433023+08:00","38568","True","59.016","2531.2","False","False"
"2026-08-06T11:47:05.4534724+08:00","38568","True","59.016","2531.2","False","False"
"2026-08-06T11:47:05.5455480+08:00","38568","True","59.016","2531.2","False","False"
"2026-08-06T11:47:05.6402963+08:00","38568","True","59.016","2531.2","False","False"
"2026-08-06T11:47:05.7474468+08:00","38568","True","59.016","2531.2","False","False"
"2026-08-06T11:47:05.8395109+08:00","38568","True","59.016","2531.2","False","False"
"2026-08-06T11:47:05.9312888+08:00","38568","True","59.016","2531.2","False","False"
"2026-08-06T11:47:06.0391059+08:00","38568","True","59.016","2531.2","False","False"
"2026-08-06T11:47:06.1334233+08:00","38568","True","59.078","2531.2","False","False"
"2026-08-06T11:47:06.2424661+08:00","38568","True","59.078","2531.2","False","False"
"2026-08-06T11:47:06.3364769+08:00","38568","True","59.078","2531.2","False","False"
"2026-08-06T11:47:06.4304500+08:00","38568","True","59.078","2531.2","False","False"
"2026-08-06T11:47:06.5393597+08:00","38568","True","59.078","2531.2","False","False"
"2026-08-06T11:47:06.6340348+08:00","38568","True","59.078","2531.2","False","False"
"2026-08-06T11:47:06.7426205+08:00","38568","True","59.078","2531.2","False","False"
"2026-08-06T11:47:06.8376473+08:00","38568","True","59.078","2531.2","False","False"
"2026-08-06T11:47:06.9314054+08:00","38568","True","59.078","2531.2","False","False"
"2026-08-06T11:47:07.0405619+08:00","38568","True","59.094","2531.2","False","False"
"2026-08-06T11:47:07.1345350+08:00","38568","True","59.094","2531.2","False","False"
"2026-08-06T11:47:07.2430139+08:00","38568","True","59.094","2531.2","False","False"
"2026-08-06T11:47:07.3370597+08:00","38568","True","59.094","2531.2","False","False"
"2026-08-06T11:47:07.4304155+08:00","38568","True","59.094","2531.2","False","False"
"2026-08-06T11:47:07.5377661+08:00","38568","True","59.094","2531.2","False","False"
"2026-08-06T11:47:07.6322008+08:00","38568","True","59.094","2531.2","False","False"
"2026-08-06T11:47:07.7385110+08:00","38568","True","59.094","2531.2","False","False"
"2026-08-06T11:47:07.8324583+08:00","38568","True","59.094","2531.2","False","False"
"2026-08-06T11:47:07.9442489+08:00","38568","True","59.109","2531.2","False","False"
"2026-08-06T11:47:08.0383229+08:00","38568","True","59.109","2531.2","False","False"
"2026-08-06T11:47:08.1323977+08:00","38568","True","59.109","2531.2","False","False"
"2026-08-06T11:47:08.2424032+08:00","38568","True","59.109","2531.2","False","False"
"2026-08-06T11:47:08.3372740+08:00","38568","True","59.141","2531.2","False","False"
"2026-08-06T11:47:08.4316368+08:00","38568","True","59.141","2531.2","False","False"
"2026-08-06T11:47:08.5391349+08:00","38568","True","59.141","2531.2","False","False"
"2026-08-06T11:47:08.6314496+08:00","38568","True","59.141","2531.2","False","False"
"2026-08-06T11:47:08.7423933+08:00","38568","True","59.141","2531.2","False","False"
"2026-08-06T11:47:08.8353236+08:00","38568","True","59.234","2531.2","False","False"
"2026-08-06T11:47:08.9430689+08:00","38568","True","59.234","2531.2","False","False"
"2026-08-06T11:47:09.0367757+08:00","38568","True","59.297","2531.2","False","False"
"2026-08-06T11:47:09.1313151+08:00","38568","True","59.297","2531.2","False","False"
"2026-08-06T11:47:09.2394114+08:00","38568","True","59.344","2531.2","False","False"
"2026-08-06T11:47:09.3327034+08:00","38568","True","59.344","2531.2","False","False"
"2026-08-06T11:47:09.4438193+08:00","38568","True","59.344","2531.2","False","False"
"2026-08-06T11:47:09.5364912+08:00","38568","True","59.344","2531.2","False","False"
"2026-08-06T11:47:09.6296171+08:00","38568","True","59.344","2531.2","False","False"
"2026-08-06T11:47:09.7386378+08:00","38568","True","59.344","2531.2","False","False"
"2026-08-06T11:47:09.8315063+08:00","38568","True","59.344","2531.2","False","False"
"2026-08-06T11:47:09.9412081+08:00","38568","True","59.344","2531.2","False","False"
"2026-08-06T11:47:10.0344377+08:00","38568","True","59.344","2531.2","False","False"
"2026-08-06T11:47:10.1443211+08:00","38568","True","59.422","2531.2","False","False"
"2026-08-06T11:47:10.2370498+08:00","38568","True","59.422","2531.2","False","False"
"2026-08-06T11:47:10.3318322+08:00","38568","True","59.422","2531.2","False","False"
"2026-08-06T11:47:10.4410245+08:00","38568","True","59.422","2531.2","False","False"
"2026-08-06T11:47:10.5360380+08:00","38568","True","59.422","2531.2","False","False"
"2026-08-06T11:47:10.6430283+08:00","38568","True","59.5","2531.2","False","False"
"2026-08-06T11:47:10.7523805+08:00","38568","True","59.562","2531.2","False","False"
"2026-08-06T11:47:10.8440947+08:00","38568","True","59.562","2531.2","False","False"
"2026-08-06T11:47:10.9553185+08:00","38568","True","59.562","2531.2","False","False"
"2026-08-06T11:47:11.0480627+08:00","38568","True","59.562","2531.2","False","False"
"2026-08-06T11:47:11.1404175+08:00","38568","True","59.562","2531.2","False","False"
"2026-08-06T11:47:11.2492793+08:00","38568","True","59.562","2531.2","False","False"
"2026-08-06T11:47:11.3425780+08:00","38568","True","59.562","2531.2","False","False"
"2026-08-06T11:47:11.4513061+08:00","38568","True","59.609","2531.2","False","False"
"2026-08-06T11:47:11.5448854+08:00","38568","True","59.656","2531.2","False","False"
"2026-08-06T11:47:11.6539199+08:00","38568","True","59.656","2531.2","False","False"
"2026-08-06T11:47:11.7469526+08:00","38568","True","59.672","2531.2","False","False"
"2026-08-06T11:47:11.8403577+08:00","38568","True","59.672","2531.2","False","False"
"2026-08-06T11:47:11.9495242+08:00","38568","True","59.703","2531.2","False","False"
"2026-08-06T11:47:12.0443022+08:00","38568","True","59.703","2531.2","False","False"
"2026-08-06T11:47:12.1550983+08:00","38568","True","59.703","2531.2","False","False"
"2026-08-06T11:47:12.2490232+08:00","38568","True","59.703","2531.2","False","False"
"2026-08-06T11:47:12.3423131+08:00","38568","True","59.703","2531.2","False","False"
"2026-08-06T11:47:12.4549402+08:00","38568","True","59.703","2531.2","False","False"
"2026-08-06T11:47:12.5342622+08:00","38568","True","59.703","2531.2","False","False"
"2026-08-06T11:47:12.6433028+08:00","38568","True","59.703","2531.2","False","False"
"2026-08-06T11:47:12.7369877+08:00","38568","True","59.703","2531.2","False","False"
"2026-08-06T11:47:12.8322059+08:00","38568","True","59.719","2531.2","False","False"
"2026-08-06T11:47:12.9437686+08:00","38568","True","59.719","2531.2","False","False"
"2026-08-06T11:47:13.0371303+08:00","38568","True","59.719","2531.2","False","False"
"2026-08-06T11:47:13.1309515+08:00","38568","True","59.719","2531.2","False","False"
"2026-08-06T11:47:13.2411412+08:00","38568","True","59.719","2531.2","False","False"
"2026-08-06T11:47:13.3341937+08:00","38568","True","59.734","2531.2","False","False"
"2026-08-06T11:47:13.4433459+08:00","38568","True","59.734","2531.2","False","False"
"2026-08-06T11:47:13.5380512+08:00","38568","True","59.734","2531.2","False","False"
"2026-08-06T11:47:13.6302024+08:00","38568","True","59.734","2531.2","False","False"
"2026-08-06T11:47:13.7404022+08:00","38568","True","59.734","2531.2","False","False"
"2026-08-06T11:47:13.8332119+08:00","38568","True","59.734","2531.2","False","False"
"2026-08-06T11:47:13.9434218+08:00","38568","True","59.734","2531.2","False","False"
"2026-08-06T11:47:14.0370805+08:00","38568","True","59.734","2531.2","False","False"
"2026-08-06T11:47:14.1443574+08:00","38568","True","59.734","2531.2","False","False"
"2026-08-06T11:47:14.2382076+08:00","38568","True","59.734","2531.2","False","False"
"2026-08-06T11:47:14.3322028+08:00","38568","True","59.734","2531.2","False","False"
"2026-08-06T11:47:14.4406374+08:00","38568","True","59.734","2531.2","False","False"
"2026-08-06T11:47:14.5341486+08:00","38568","True","59.734","2531.2","False","False"
"2026-08-06T11:47:14.6435632+08:00","38568","True","59.734","2531.2","False","False"
"2026-08-06T11:47:14.7381703+08:00","38568","True","59.734","2531.2","False","False"
"2026-08-06T11:47:14.8316813+08:00","38568","True","59.734","2531.2","False","False"
"2026-08-06T11:47:14.9411560+08:00","38568","True","59.734","2531.2","False","False"
"2026-08-06T11:47:15.0350700+08:00","38568","True","59.734","2531.2","False","False"
"2026-08-06T11:47:15.1433888+08:00","38568","True","59.75","2531.2","False","False"
"2026-08-06T11:47:15.2368966+08:00","38568","True","59.766","2531.2","False","False"
"2026-08-06T11:47:15.3307900+08:00","38568","True","59.781","2531.2","False","False"
"2026-08-06T11:47:15.4395197+08:00","38568","True","59.781","2531.2","False","False"
"2026-08-06T11:47:15.5344407+08:00","38568","True","59.781","2531.2","False","False"
"2026-08-06T11:47:15.6430668+08:00","38568","True","59.812","2531.2","False","False"
"2026-08-06T11:47:15.7522204+08:00","38568","True","59.812","2531.2","False","False"
"2026-08-06T11:47:15.8309180+08:00","38568","True","59.828","2531.2","False","False"
"2026-08-06T11:47:15.9397746+08:00","38568","True","59.828","2531.2","False","False"
"2026-08-06T11:47:16.0468709+08:00","38568","True","59.828","2531.2","False","False"
"2026-08-06T11:47:16.1401699+08:00","38568","True","59.828","2531.2","False","False"
"2026-08-06T11:47:16.2489368+08:00","38568","True","59.828","2531.2","False","False"
"2026-08-06T11:47:16.3434235+08:00","38568","True","59.828","2531.2","False","False"
"2026-08-06T11:47:16.4538526+08:00","38568","True","59.828","2531.2","False","False"
"2026-08-06T11:47:16.5480271+08:00","38568","True","59.828","2531.2","False","False"
"2026-08-06T11:47:16.6400473+08:00","38568","True","59.844","2531.2","False","False"
"2026-08-06T11:47:16.7497902+08:00","38568","True","59.844","2531.2","False","False"
"2026-08-06T11:47:16.8427759+08:00","38568","True","59.844","2531.2","False","False"
"2026-08-06T11:47:16.9529800+08:00","38568","True","59.844","2531.2","False","False"
"2026-08-06T11:47:17.0460036+08:00","38568","True","59.844","2531.2","False","False"
"2026-08-06T11:47:17.1561156+08:00","38568","True","59.859","2531.2","False","False"
"2026-08-06T11:47:17.2502053+08:00","38568","True","59.859","2531.2","False","False"
"2026-08-06T11:47:17.3441422+08:00","38568","True","59.891","2531.2","False","False"
"2026-08-06T11:47:17.4526165+08:00","38568","True","59.891","2531.2","False","False"
"2026-08-06T11:47:17.5468305+08:00","38568","True","59.891","2531.2","False","False"
"2026-08-06T11:47:17.6399886+08:00","38568","True","59.891","2531.2","False","False"
"2026-08-06T11:47:17.7491045+08:00","38568","True","59.891","2531.2","False","False"
"2026-08-06T11:47:17.8411301+08:00","38568","True","59.906","2531.2","False","False"
"2026-08-06T11:47:17.9485534+08:00","38568","True","59.906","2531.2","False","False"
"2026-08-06T11:47:18.0418587+08:00","38568","True","59.906","2531.2","False","False"
"2026-08-06T11:47:18.1347267+08:00","38568","True","59.922","2531.2","False","False"
"2026-08-06T11:47:18.2429112+08:00","38568","True","59.922","2531.2","False","False"
"2026-08-06T11:47:18.3349620+08:00","38568","True","59.922","2531.2","False","False"
"2026-08-06T11:47:18.4435396+08:00","38568","True","59.922","2531.2","False","False"
"2026-08-06T11:47:18.5382084+08:00","38568","True","60.062","2531.2","False","False"
"2026-08-06T11:47:18.6313917+08:00","38568","True","60.125","2531.2","False","False"
"2026-08-06T11:47:18.7392878+08:00","38568","True","60.125","2531.2","False","False"
"2026-08-06T11:47:18.8326609+08:00","38568","True","60.125","2531.2","False","False"
"2026-08-06T11:47:18.9412764+08:00","38568","True","60.125","2531.2","False","False"
"2026-08-06T11:47:19.0352600+08:00","38568","True","60.125","2531.2","False","False"
"2026-08-06T11:47:19.1435677+08:00","38568","True","60.125","2531.2","False","False"
"2026-08-06T11:47:19.2379855+08:00","38568","True","60.125","2531.2","False","False"
"2026-08-06T11:47:19.3477259+08:00","38568","True","60.125","2531.2","False","False"
"2026-08-06T11:47:19.4401478+08:00","38568","True","60.125","2531.2","False","False"
"2026-08-06T11:47:19.5342356+08:00","38568","True","60.141","2531.2","False","False"
"2026-08-06T11:47:19.6438790+08:00","38568","True","60.141","2531.2","False","False"
"2026-08-06T11:47:19.7517691+08:00","38568","True","60.141","2531.2","False","False"
"2026-08-06T11:47:19.8446795+08:00","38568","True","60.141","2531.2","False","False"
"2026-08-06T11:47:19.9398351+08:00","38568","True","60.156","2531.2","False","False"
"2026-08-06T11:47:20.0480840+08:00","38568","True","60.156","2531.2","False","False"
"2026-08-06T11:47:20.1416717+08:00","38568","True","60.156","2531.2","False","False"
"2026-08-06T11:47:20.2517301+08:00","38568","True","60.156","2531.2","False","False"
"2026-08-06T11:47:20.3450616+08:00","38568","True","60.156","2531.2","False","False"
"2026-08-06T11:47:20.4382616+08:00","38568","True","60.156","2531.2","False","False"
"2026-08-06T11:47:20.5458385+08:00","38568","True","60.156","2531.2","False","False"
"2026-08-06T11:47:20.6396736+08:00","38568","True","60.219","2531.2","False","False"
"2026-08-06T11:47:20.7479804+08:00","38568","True","60.219","2531.2","False","False"
"2026-08-06T11:47:20.8399889+08:00","38568","True","60.219","2531.2","False","False"
"2026-08-06T11:47:20.9349388+08:00","38568","True","60.219","2531.2","False","False"
"2026-08-06T11:47:21.0446072+08:00","38568","True","60.219","2531.2","False","False"
"2026-08-06T11:47:21.1549269+08:00","38568","True","60.219","2531.2","False","False"
"2026-08-06T11:47:21.2464020+08:00","38568","True","60.219","2531.2","False","False"
"2026-08-06T11:47:21.3410991+08:00","38568","True","60.234","2531.2","False","False"
"2026-08-06T11:47:21.4498539+08:00","38568","True","60.234","2531.2","False","False"
"2026-08-06T11:47:21.5436808+08:00","38568","True","60.25","2531.2","False","False"
"2026-08-06T11:47:21.6360981+08:00","38568","True","60.25","2531.2","False","False"
"2026-08-06T11:47:21.7440232+08:00","38568","True","60.25","2531.2","False","False"
"2026-08-06T11:47:21.8378676+08:00","38568","True","60.25","2531.2","False","False"
"2026-08-06T11:47:21.9320677+08:00","38568","True","60.312","2531.2","False","False"
"2026-08-06T11:47:22.0406238+08:00","38568","True","60.312","2531.2","False","False"
"2026-08-06T11:47:22.1346757+08:00","38568","True","60.312","2531.2","False","False"
"2026-08-06T11:47:22.2296496+08:00","38568","True","60.312","2531.2","False","False"
"2026-08-06T11:47:22.3389862+08:00","38568","True","60.312","2531.2","False","False"
"2026-08-06T11:47:22.4326588+08:00","38568","True","60.312","2531.2","False","False"
"2026-08-06T11:47:22.5420175+08:00","38568","True","60.312","2531.2","False","False"
"2026-08-06T11:47:22.6365399+08:00","38568","True","60.312","2531.2","False","False"
"2026-08-06T11:47:22.7437587+08:00","38568","True","60.312","2531.2","False","False"
"2026-08-06T11:47:22.8379990+08:00","38568","True","60.312","2531.2","False","False"
"2026-08-06T11:47:22.9338122+08:00","38568","True","60.312","2531.2","False","False"
"2026-08-06T11:47:23.0414838+08:00","38568","True","60.312","2531.2","False","False"
"2026-08-06T11:47:23.1332477+08:00","38568","True","60.312","2531.2","False","False"
"2026-08-06T11:47:23.2426599+08:00","38568","True","60.328","2531.2","False","False"
"2026-08-06T11:47:23.3366624+08:00","38568","True","60.344","2531.2","False","False"
"2026-08-06T11:47:23.4446440+08:00","38568","True","60.344","2531.2","False","False"
"2026-08-06T11:47:23.5390462+08:00","38568","True","60.344","2531.2","False","False"
"2026-08-06T11:47:23.6337376+08:00","38568","True","60.344","2531.2","False","False"
"2026-08-06T11:47:23.7438058+08:00","38568","True","60.344","2531.2","False","False"
"2026-08-06T11:47:23.8361270+08:00","38568","True","60.344","2531.2","False","False"
"2026-08-06T11:47:23.9459105+08:00","38568","True","60.344","2531.2","False","False"
"2026-08-06T11:47:24.0394968+08:00","38568","True","60.344","2531.2","False","False"
"2026-08-06T11:47:24.1321634+08:00","38568","True","60.344","2531.2","False","False"
"2026-08-06T11:47:24.2392532+08:00","38568","True","60.375","2531.2","False","False"
"2026-08-06T11:47:24.3337654+08:00","38568","True","60.406","2531.2","False","False"
"2026-08-06T11:47:24.4440414+08:00","38568","True","60.406","2531.2","False","False"
"2026-08-06T11:47:24.5360950+08:00","38568","True","60.406","2531.2","False","False"
"2026-08-06T11:47:24.6432447+08:00","38568","True","60.438","2531.2","False","False"
"2026-08-06T11:47:24.7371209+08:00","38568","True","60.438","2531.2","False","False"
"2026-08-06T11:47:24.8446676+08:00","38568","True","60.438","2531.2","False","False"
"2026-08-06T11:47:24.9529989+08:00","38568","True","60.438","2531.2","False","False"
"2026-08-06T11:47:25.0477462+08:00","38568","True","60.438","2531.2","False","False"
"2026-08-06T11:47:25.1410001+08:00","38568","True","60.438","2531.2","False","False"
"2026-08-06T11:47:25.2508286+08:00","38568","True","60.438","2531.2","False","False"
"2026-08-06T11:47:25.3438459+08:00","38568","True","60.438","2531.2","False","False"
"2026-08-06T11:47:25.4517309+08:00","38568","True","60.438","2531.2","False","False"
"2026-08-06T11:47:25.5446004+08:00","38568","True","60.438","2531.2","False","False"
"2026-08-06T11:47:25.6548197+08:00","38568","True","60.438","2531.2","False","False"
"2026-08-06T11:47:25.7477045+08:00","38568","True","60.438","2531.2","False","False"
"2026-08-06T11:47:25.8407003+08:00","38568","True","60.438","2531.2","False","False"
"2026-08-06T11:47:25.9486956+08:00","38568","True","60.453","2531.2","False","False"
"2026-08-06T11:47:26.0418822+08:00","38568","True","60.453","2531.2","False","False"
"2026-08-06T11:47:26.1351734+08:00","38568","True","60.453","2531.2","False","False"
"2026-08-06T11:47:26.2434075+08:00","38568","True","60.453","2531.2","False","False"
"2026-08-06T11:47:26.3350864+08:00","38568","True","60.453","2531.2","False","False"
"2026-08-06T11:47:26.4302190+08:00","38568","True","60.469","2531.2","False","False"
"2026-08-06T11:47:26.5400874+08:00","38568","True","60.469","2531.2","False","False"
"2026-08-06T11:47:26.6323154+08:00","38568","True","60.469","2531.2","False","False"
"2026-08-06T11:47:26.7430093+08:00","38568","True","60.469","2531.2","False","False"
"2026-08-06T11:47:26.8347451+08:00","38568","True","60.469","2531.2","False","False"
"2026-08-06T11:47:26.9445625+08:00","38568","True","60.469","2531.2","False","False"
"2026-08-06T11:47:27.0387422+08:00","38568","True","60.469","2531.2","False","False"
"2026-08-06T11:47:27.1329881+08:00","38568","True","60.469","2531.2","False","False"
"2026-08-06T11:47:27.2418245+08:00","38568","True","60.469","2531.2","False","False"
"2026-08-06T11:47:27.3368097+08:00","38568","True","60.469","2531.2","False","False"
"2026-08-06T11:47:27.4306687+08:00","38568","True","60.469","2531.2","False","False"
"2026-08-06T11:47:27.5399609+08:00","38568","True","60.469","2531.2","False","False"
"2026-08-06T11:47:27.6332274+08:00","38568","True","60.469","2531.2","False","False"
"2026-08-06T11:47:27.7426436+08:00","38568","True","60.469","2531.2","False","False"
