"Timestamp","QueryDurationMs","ProcessId","ParentProcessId","Name","CreationDate","CpuSeconds","WorkingSetMB","CommandLine","PSComputerName","RunspaceId","PSShowComputerName","PSSourceJobInstanceId"
"2026-08-05T19:06:29.4614721+08:00","341.612","17944","13664","Resolve.exe","2026/8/5 19:06:28","2.438","370.9","""C:\Program Files\Blackmagic Design\DaVinci Resolve\Resolve.exe"" ","localhost","ea7bfcc2-2263-4c1b-91c4-7992054991fb","False","df34afb5-1e8a-4880-8a28-6e0722507204"
"2026-08-05T19:06:31.4785106+08:00","216.918","17944","13664","Resolve.exe","2026/8/5 19:06:28","5.469","1346.1","""C:\Program Files\Blackmagic Design\DaVinci Resolve\Resolve.exe"" ","localhost","ea7bfcc2-2263-4c1b-91c4-7992054991fb","False","df34afb5-1e8a-4880-8a28-6e0722507204"
"2026-08-05T19:06:33.4906711+08:00","209.673","17944","13664","Resolve.exe","2026/8/5 19:06:28","6.516","1578.1","""C:\Program Files\Blackmagic Design\DaVinci Resolve\Resolve.exe"" ","localhost","ea7bfcc2-2263-4c1b-91c4-7992054991fb","False","df34afb5-1e8a-4880-8a28-6e0722507204"
"2026-08-05T19:06:35.4963311+08:00","211.298","17944","13664","Resolve.exe","2026/8/5 19:06:28","7.594","1730.7","""C:\Program Files\Blackmagic Design\DaVinci Resolve\Resolve.exe"" ","localhost","ea7bfcc2-2263-4c1b-91c4-7992054991fb","False","df34afb5-1e8a-4880-8a28-6e0722507204"
"2026-08-05T19:06:37.5100634+08:00","207.261","17944","13664","Resolve.exe","2026/8/5 19:06:28","9.641","1896.4","""C:\Program Files\Blackmagic Design\DaVinci Resolve\Resolve.exe"" ","localhost","ea7bfcc2-2263-4c1b-91c4-7992054991fb","False","df34afb5-1e8a-4880-8a28-6e0722507204"
"2026-08-05T19:06:39.5237305+08:00","222.833","17944","13664","Resolve.exe","2026/8/5 19:06:28","11.5","1978.7","""C:\Program Files\Blackmagic Design\DaVinci Resolve\Resolve.exe"" ","localhost","ea7bfcc2-2263-4c1b-91c4-7992054991fb","False","df34afb5-1e8a-4880-8a28-6e0722507204"
"2026-08-05T19:06:41.5260606+08:00","240.286","17944","13664","Resolve.exe","2026/8/5 19:06:28","13.141","2038.3","""C:\Program Files\Blackmagic Design\DaVinci Resolve\Resolve.exe"" ","localhost","ea7bfcc2-2263-4c1b-91c4-7992054991fb","False","df34afb5-1e8a-4880-8a28-6e0722507204"
"2026-08-05T19:06:43.5407568+08:00","200.721","17944","13664","Resolve.exe","2026/8/5 19:06:28","15.328","2105.4","""C:\Program Files\Blackmagic Design\DaVinci Resolve\Resolve.exe"" ","localhost","ea7bfcc2-2263-4c1b-91c4-7992054991fb","False","df34afb5-1e8a-4880-8a28-6e0722507204"
"2026-08-05T19:06:45.5544762+08:00","268.214","17944","13664","Resolve.exe","2026/8/5 19:06:28","17.188","2301.5","""C:\Program Files\Blackmagic Design\DaVinci Resolve\Resolve.exe"" ","localhost","ea7bfcc2-2263-4c1b-91c4-7992054991fb","False","df34afb5-1e8a-4880-8a28-6e0722507204"
"2026-08-05T19:06:47.5623809+08:00","203.193","17944","13664","Resolve.exe","2026/8/5 19:06:28","18.547","2478.5","""C:\Program Files\Blackmagic Design\DaVinci Resolve\Resolve.exe"" ","localhost","ea7bfcc2-2263-4c1b-91c4-7992054991fb","False","df34afb5-1e8a-4880-8a28-6e0722507204"
"2026-08-05T19:06:47.5623809+08:00","203.193","3496","17944","electron.exe","2026/8/5 19:06:46","0.328","106.1","""C:/Program Files/Blackmagic Design/DaVinci Resolve\Electron\electron.exe"" ""C:\ProgramData\Blackmagic Design\DaVinci Resolve\Support\Workflow Integration Plugins\com.wutpeach.clackly\workflow-plugin/main.js"" --plugin-id=com.wutpeach.clackly","localhost","ea7bfcc2-2263-4c1b-91c4-7992054991fb","False","df34afb5-1e8a-4880-8a28-6e0722507204"
"2026-08-05T19:06:47.5623809+08:00","203.193","10124","3496","electron.exe","2026/8/5 19:06:46","0.672","110.4","""C:\Program Files\Blackmagic Design\DaVinci Resolve\Electron\electron.exe"" --type=gpu-process --user-data-dir=""C:\Users\Administrator\AppData\Roaming\Clackly Workflow Plugin"" --gpu-preferences=UAAAAAAAAADgAAAEAAAAAAAAAAAAAAAAAABgAAEAAAAAAAAAAAAAAAAAAAACAAAAAAAAAAAAAAAAAAAAAAAAABAAAAAAAAAAEAAAAAAAAAAIAAAAAAAAAAgAAAAAAAAA --field-trial-handle=2044,i,8528152345874284265,13457465882528845703,262144 --enable-features=PdfUseShowSaveFilePicker --disable-features=SpareRendererForSitePerProcess,WinDelaySpellcheckServiceInit --variations-seed-version --mojo-platform-channel-handle=2032 /prefetch:2","localhost","ea7bfcc2-2263-4c1b-91c4-7992054991fb","False","df34afb5-1e8a-4880-8a28-6e0722507204"
"2026-08-05T19:06:47.5623809+08:00","203.193","37640","3496","electron.exe","2026/8/5 19:06:46","0.141","51.6","""C:\Program Files\Blackmagic Design\DaVinci Resolve\Electron\electron.exe"" --type=utility --utility-sub-type=network.mojom.NetworkService --lang=zh-CN --service-sandbox-type=none --user-data-dir=""C:\Users\Administrator\AppData\Roaming\Clackly Workflow Plugin"" --field-trial-handle=2044,i,8528152345874284265,13457465882528845703,262144 --enable-features=PdfUseShowSaveFilePicker --disable-features=SpareRendererForSitePerProcess,WinDelaySpellcheckServiceInit --variations-seed-version --mojo-platform-channel-handle=2232 /prefetch:11","localhost","ea7bfcc2-2263-4c1b-91c4-7992054991fb","False","df34afb5-1e8a-4880-8a28-6e0722507204"
"2026-08-05T19:06:47.5623809+08:00","203.193","15532","3496","electron.exe","2026/8/5 19:06:46","0.109","88.5","""C:\Program Files\Blackmagic Design\DaVinci Resolve\Electron\electron.exe"" --type=renderer --user-data-dir=""C:\Users\Administrator\AppData\Roaming\Clackly Workflow Plugin"" --app-path=""C:\ProgramData\Blackmagic Design\DaVinci Resolve\Support\Workflow Integration Plugins\com.wutpeach.clackly\workflow-plugin"" --no-sandbox --no-zygote --video-capture-use-gpu-memory-buffer --lang=zh-CN --device-scale-factor=1 --num-raster-threads=4 --enable-main-frame-before-activation --renderer-client-id=4 --time-ticks-at-unix-epoch=-1785918640205991 --launch-time-ticks=9366284582 --field-trial-handle=2044,i,8528152345874284265,13457465882528845703,262144 --enable-features=PdfUseShowSaveFilePicker --disable-features=SpareRendererForSitePerProcess,WinDelaySpellcheckServiceInit --variations-seed-version --mojo-platform-channel-handle=3280 /prefetch:1","localhost","ea7bfcc2-2263-4c1b-91c4-7992054991fb","False","df34afb5-1e8a-4880-8a28-6e0722507204"
"2026-08-05T19:06:49.5655144+08:00","223.718","17944","13664","Resolve.exe","2026/8/5 19:06:28","19.578","2512.9","""C:\Program Files\Blackmagic Design\DaVinci Resolve\Resolve.exe"" ","localhost","ea7bfcc2-2263-4c1b-91c4-7992054991fb","False","df34afb5-1e8a-4880-8a28-6e0722507204"
"2026-08-05T19:06:49.5655144+08:00","224.72","3496","17944","electron.exe","2026/8/5 19:06:46","0.328","106.2","""C:/Program Files/Blackmagic Design/DaVinci Resolve\Electron\electron.exe"" ""C:\ProgramData\Blackmagic Design\DaVinci Resolve\Support\Workflow Integration Plugins\com.wutpeach.clackly\workflow-plugin/main.js"" --plugin-id=com.wutpeach.clackly","localhost","ea7bfcc2-2263-4c1b-91c4-7992054991fb","False","df34afb5-1e8a-4880-8a28-6e0722507204"
"2026-08-05T19:06:49.5655144+08:00","224.72","10124","3496","electron.exe","2026/8/5 19:06:46","0.719","111.9","""C:\Program Files\Blackmagic Design\DaVinci Resolve\Electron\electron.exe"" --type=gpu-process --user-data-dir=""C:\Users\Administrator\AppData\Roaming\Clackly Workflow Plugin"" --gpu-preferences=UAAAAAAAAADgAAAEAAAAAAAAAAAAAAAAAABgAAEAAAAAAAAAAAAAAAAAAAACAAAAAAAAAAAAAAAAAAAAAAAAABAAAAAAAAAAEAAAAAAAAAAIAAAAAAAAAAgAAAAAAAAA --field-trial-handle=2044,i,8528152345874284265,13457465882528845703,262144 --enable-features=PdfUseShowSaveFilePicker --disable-features=SpareRendererForSitePerProcess,WinDelaySpellcheckServiceInit --variations-seed-version --mojo-platform-channel-handle=2032 /prefetch:2","localhost","ea7bfcc2-2263-4c1b-91c4-7992054991fb","False","df34afb5-1e8a-4880-8a28-6e0722507204"
"2026-08-05T19:06:49.5655144+08:00","224.72","37640","3496","electron.exe","2026/8/5 19:06:46","0.141","51.6","""C:\Program Files\Blackmagic Design\DaVinci Resolve\Electron\electron.exe"" --type=utility --utility-sub-type=network.mojom.NetworkService --lang=zh-CN --service-sandbox-type=none --user-data-dir=""C:\Users\Administrator\AppData\Roaming\Clackly Workflow Plugin"" --field-trial-handle=2044,i,8528152345874284265,13457465882528845703,262144 --enable-features=PdfUseShowSaveFilePicker --disable-features=SpareRendererForSitePerProcess,WinDelaySpellcheckServiceInit --variations-seed-version --mojo-platform-channel-handle=2232 /prefetch:11","localhost","ea7bfcc2-2263-4c1b-91c4-7992054991fb","False","df34afb5-1e8a-4880-8a28-6e0722507204"
"2026-08-05T19:06:49.5655144+08:00","224.72","15532","3496","electron.exe","2026/8/5 19:06:46","0.109","88.4","""C:\Program Files\Blackmagic Design\DaVinci Resolve\Electron\electron.exe"" --type=renderer --user-data-dir=""C:\Users\Administrator\AppData\Roaming\Clackly Workflow Plugin"" --app-path=""C:\ProgramData\Blackmagic Design\DaVinci Resolve\Support\Workflow Integration Plugins\com.wutpeach.clackly\workflow-plugin"" --no-sandbox --no-zygote --video-capture-use-gpu-memory-buffer --lang=zh-CN --device-scale-factor=1 --num-raster-threads=4 --enable-main-frame-before-activation --renderer-client-id=4 --time-ticks-at-unix-epoch=-1785918640205991 --launch-time-ticks=9366284582 --field-trial-handle=2044,i,8528152345874284265,13457465882528845703,262144 --enable-features=PdfUseShowSaveFilePicker --disable-features=SpareRendererForSitePerProcess,WinDelaySpellcheckServiceInit --variations-seed-version --mojo-platform-channel-handle=3280 /prefetch:1","localhost","ea7bfcc2-2263-4c1b-91c4-7992054991fb","False","df34afb5-1e8a-4880-8a28-6e0722507204"
"2026-08-05T19:06:51.5774546+08:00","221.466","17944","13664","Resolve.exe","2026/8/5 19:06:28","21.438","2562.2","""C:\Program Files\Blackmagic Design\DaVinci Resolve\Resolve.exe"" ","localhost","ea7bfcc2-2263-4c1b-91c4-7992054991fb","False","df34afb5-1e8a-4880-8a28-6e0722507204"
"2026-08-05T19:06:51.5774546+08:00","221.466","3496","17944","electron.exe","2026/8/5 19:06:46","0.328","106.2","""C:/Program Files/Blackmagic Design/DaVinci Resolve\Electron\electron.exe"" ""C:\ProgramData\Blackmagic Design\DaVinci Resolve\Support\Workflow Integration Plugins\com.wutpeach.clackly\workflow-plugin/main.js"" --plugin-id=com.wutpeach.clackly","localhost","ea7bfcc2-2263-4c1b-91c4-7992054991fb","False","df34afb5-1e8a-4880-8a28-6e0722507204"
"2026-08-05T19:06:51.5774546+08:00","221.466","10124","3496","electron.exe","2026/8/5 19:06:46","0.719","111.8","""C:\Program Files\Blackmagic Design\DaVinci Resolve\Electron\electron.exe"" --type=gpu-process --user-data-dir=""C:\Users\Administrator\AppData\Roaming\Clackly Workflow Plugin"" --gpu-preferences=UAAAAAAAAADgAAAEAAAAAAAAAAAAAAAAAABgAAEAAAAAAAAAAAAAAAAAAAACAAAAAAAAAAAAAAAAAAAAAAAAABAAAAAAAAAAEAAAAAAAAAAIAAAAAAAAAAgAAAAAAAAA --field-trial-handle=2044,i,8528152345874284265,13457465882528845703,262144 --enable-features=PdfUseShowSaveFilePicker --disable-features=SpareRendererForSitePerProcess,WinDelaySpellcheckServiceInit --variations-seed-version --mojo-platform-channel-handle=2032 /prefetch:2","localhost","ea7bfcc2-2263-4c1b-91c4-7992054991fb","False","df34afb5-1e8a-4880-8a28-6e0722507204"
"2026-08-05T19:06:51.5774546+08:00","221.466","37640","3496","electron.exe","2026/8/5 19:06:46","0.141","51.6","""C:\Program Files\Blackmagic Design\DaVinci Resolve\Electron\electron.exe"" --type=utility --utility-sub-type=network.mojom.NetworkService --lang=zh-CN --service-sandbox-type=none --user-data-dir=""C:\Users\Administrator\AppData\Roaming\Clackly Workflow Plugin"" --field-trial-handle=2044,i,8528152345874284265,13457465882528845703,262144 --enable-features=PdfUseShowSaveFilePicker --disable-features=SpareRendererForSitePerProcess,WinDelaySpellcheckServiceInit --variations-seed-version --mojo-platform-channel-handle=2232 /prefetch:11","localhost","ea7bfcc2-2263-4c1b-91c4-7992054991fb","False","df34afb5-1e8a-4880-8a28-6e0722507204"
"2026-08-05T19:06:51.5774546+08:00","221.466","15532","3496","electron.exe","2026/8/5 19:06:46","0.109","88.4","""C:\Program Files\Blackmagic Design\DaVinci Resolve\Electron\electron.exe"" --type=renderer --user-data-dir=""C:\Users\Administrator\AppData\Roaming\Clackly Workflow Plugin"" --app-path=""C:\ProgramData\Blackmagic Design\DaVinci Resolve\Support\Workflow Integration Plugins\com.wutpeach.clackly\workflow-plugin"" --no-sandbox --no-zygote --video-capture-use-gpu-memory-buffer --lang=zh-CN --device-scale-factor=1 --num-raster-threads=4 --enable-main-frame-before-activation --renderer-client-id=4 --time-ticks-at-unix-epoch=-1785918640205991 --launch-time-ticks=9366284582 --field-trial-handle=2044,i,8528152345874284265,13457465882528845703,262144 --enable-features=PdfUseShowSaveFilePicker --disable-features=SpareRendererForSitePerProcess,WinDelaySpellcheckServiceInit --variations-seed-version --mojo-platform-channel-handle=3280 /prefetch:1","localhost","ea7bfcc2-2263-4c1b-91c4-7992054991fb","False","df34afb5-1e8a-4880-8a28-6e0722507204"
"2026-08-05T19:06:53.5848919+08:00","198.773","17944","13664","Resolve.exe","2026/8/5 19:06:28","23.031","2562.7","""C:\Program Files\Blackmagic Design\DaVinci Resolve\Resolve.exe"" ","localhost","ea7bfcc2-2263-4c1b-91c4-7992054991fb","False","df34afb5-1e8a-4880-8a28-6e0722507204"
"2026-08-05T19:06:53.5848919+08:00","198.773","3496","17944","electron.exe","2026/8/5 19:06:46","0.328","106.2","""C:/Program Files/Blackmagic Design/DaVinci Resolve\Electron\electron.exe"" ""C:\ProgramData\Blackmagic Design\DaVinci Resolve\Support\Workflow Integration Plugins\com.wutpeach.clackly\workflow-plugin/main.js"" --plugin-id=com.wutpeach.clackly","localhost","ea7bfcc2-2263-4c1b-91c4-7992054991fb","False","df34afb5-1e8a-4880-8a28-6e0722507204"
"2026-08-05T19:06:53.5848919+08:00","199.774","10124","3496","electron.exe","2026/8/5 19:06:46","0.719","111.8","""C:\Program Files\Blackmagic Design\DaVinci Resolve\Electron\electron.exe"" --type=gpu-process --user-data-dir=""C:\Users\Administrator\AppData\Roaming\Clackly Workflow Plugin"" --gpu-preferences=UAAAAAAAAADgAAAEAAAAAAAAAAAAAAAAAABgAAEAAAAAAAAAAAAAAAAAAAACAAAAAAAAAAAAAAAAAAAAAAAAABAAAAAAAAAAEAAAAAAAAAAIAAAAAAAAAAgAAAAAAAAA --field-trial-handle=2044,i,8528152345874284265,13457465882528845703,262144 --enable-features=PdfUseShowSaveFilePicker --disable-features=SpareRendererForSitePerProcess,WinDelaySpellcheckServiceInit --variations-seed-version --mojo-platform-channel-handle=2032 /prefetch:2","localhost","ea7bfcc2-2263-4c1b-91c4-7992054991fb","False","df34afb5-1e8a-4880-8a28-6e0722507204"
"2026-08-05T19:06:53.5848919+08:00","199.774","37640","3496","electron.exe","2026/8/5 19:06:46","0.141","51.6","""C:\Program Files\Blackmagic Design\DaVinci Resolve\Electron\electron.exe"" --type=utility --utility-sub-type=network.mojom.NetworkService --lang=zh-CN --service-sandbox-type=none --user-data-dir=""C:\Users\Administrator\AppData\Roaming\Clackly Workflow Plugin"" --field-trial-handle=2044,i,8528152345874284265,13457465882528845703,262144 --enable-features=PdfUseShowSaveFilePicker --disable-features=SpareRendererForSitePerProcess,WinDelaySpellcheckServiceInit --variations-seed-version --mojo-platform-channel-handle=2232 /prefetch:11","localhost","ea7bfcc2-2263-4c1b-91c4-7992054991fb","False","df34afb5-1e8a-4880-8a28-6e0722507204"
"2026-08-05T19:06:53.5848919+08:00","199.774","15532","3496","electron.exe","2026/8/5 19:06:46","0.109","88.4","""C:\Program Files\Blackmagic Design\DaVinci Resolve\Electron\electron.exe"" --type=renderer --user-data-dir=""C:\Users\Administrator\AppData\Roaming\Clackly Workflow Plugin"" --app-path=""C:\ProgramData\Blackmagic Design\DaVinci Resolve\Support\Workflow Integration Plugins\com.wutpeach.clackly\workflow-plugin"" --no-sandbox --no-zygote --video-capture-use-gpu-memory-buffer --lang=zh-CN --device-scale-factor=1 --num-raster-threads=4 --enable-main-frame-before-activation --renderer-client-id=4 --time-ticks-at-unix-epoch=-1785918640205991 --launch-time-ticks=9366284582 --field-trial-handle=2044,i,8528152345874284265,13457465882528845703,262144 --enable-features=PdfUseShowSaveFilePicker --disable-features=SpareRendererForSitePerProcess,WinDelaySpellcheckServiceInit --variations-seed-version --mojo-platform-channel-handle=3280 /prefetch:1","localhost","ea7bfcc2-2263-4c1b-91c4-7992054991fb","False","df34afb5-1e8a-4880-8a28-6e0722507204"
"2026-08-05T19:06:55.5956162+08:00","246.904","17944","13664","Resolve.exe","2026/8/5 19:06:28","27.531","2562.6","""C:\Program Files\Blackmagic Design\DaVinci Resolve\Resolve.exe"" ","localhost","ea7bfcc2-2263-4c1b-91c4-7992054991fb","False","df34afb5-1e8a-4880-8a28-6e0722507204"
"2026-08-05T19:06:55.5956162+08:00","246.904","3496","17944","electron.exe","2026/8/5 19:06:46","0.328","106.2","""C:/Program Files/Blackmagic Design/DaVinci Resolve\Electron\electron.exe"" ""C:\ProgramData\Blackmagic Design\DaVinci Resolve\Support\Workflow Integration Plugins\com.wutpeach.clackly\workflow-plugin/main.js"" --plugin-id=com.wutpeach.clackly","localhost","ea7bfcc2-2263-4c1b-91c4-7992054991fb","False","df34afb5-1e8a-4880-8a28-6e0722507204"
"2026-08-05T19:06:55.5956162+08:00","246.904","10124","3496","electron.exe","2026/8/5 19:06:46","0.719","111.8","""C:\Program Files\Blackmagic Design\DaVinci Resolve\Electron\electron.exe"" --type=gpu-process --user-data-dir=""C:\Users\Administrator\AppData\Roaming\Clackly Workflow Plugin"" --gpu-preferences=UAAAAAAAAADgAAAEAAAAAAAAAAAAAAAAAABgAAEAAAAAAAAAAAAAAAAAAAACAAAAAAAAAAAAAAAAAAAAAAAAABAAAAAAAAAAEAAAAAAAAAAIAAAAAAAAAAgAAAAAAAAA --field-trial-handle=2044,i,8528152345874284265,13457465882528845703,262144 --enable-features=PdfUseShowSaveFilePicker --disable-features=SpareRendererForSitePerProcess,WinDelaySpellcheckServiceInit --variations-seed-version --mojo-platform-channel-handle=2032 /prefetch:2","localhost","ea7bfcc2-2263-4c1b-91c4-7992054991fb","False","df34afb5-1e8a-4880-8a28-6e0722507204"
"2026-08-05T19:06:55.5956162+08:00","246.904","37640","3496","electron.exe","2026/8/5 19:06:46","0.141","51.6","""C:\Program Files\Blackmagic Design\DaVinci Resolve\Electron\electron.exe"" --type=utility --utility-sub-type=network.mojom.NetworkService --lang=zh-CN --service-sandbox-type=none --user-data-dir=""C:\Users\Administrator\AppData\Roaming\Clackly Workflow Plugin"" --field-trial-handle=2044,i,8528152345874284265,13457465882528845703,262144 --enable-features=PdfUseShowSaveFilePicker --disable-features=SpareRendererForSitePerProcess,WinDelaySpellcheckServiceInit --variations-seed-version --mojo-platform-channel-handle=2232 /prefetch:11","localhost","ea7bfcc2-2263-4c1b-91c4-7992054991fb","False","df34afb5-1e8a-4880-8a28-6e0722507204"
"2026-08-05T19:06:55.5956162+08:00","246.904","15532","3496","electron.exe","2026/8/5 19:06:46","0.109","88.4","""C:\Program Files\Blackmagic Design\DaVinci Resolve\Electron\electron.exe"" --type=renderer --user-data-dir=""C:\Users\Administrator\AppData\Roaming\Clackly Workflow Plugin"" --app-path=""C:\ProgramData\Blackmagic Design\DaVinci Resolve\Support\Workflow Integration Plugins\com.wutpeach.clackly\workflow-plugin"" --no-sandbox --no-zygote --video-capture-use-gpu-memory-buffer --lang=zh-CN --device-scale-factor=1 --num-raster-threads=4 --enable-main-frame-before-activation --renderer-client-id=4 --time-ticks-at-unix-epoch=-1785918640205991 --launch-time-ticks=9366284582 --field-trial-handle=2044,i,8528152345874284265,13457465882528845703,262144 --enable-features=PdfUseShowSaveFilePicker --disable-features=SpareRendererForSitePerProcess,WinDelaySpellcheckServiceInit --variations-seed-version --mojo-platform-channel-handle=3280 /prefetch:1","localhost","ea7bfcc2-2263-4c1b-91c4-7992054991fb","False","df34afb5-1e8a-4880-8a28-6e0722507204"
"2026-08-05T19:06:57.6015253+08:00","215.074","17944","13664","Resolve.exe","2026/8/5 19:06:28","29.531","2561","""C:\Program Files\Blackmagic Design\DaVinci Resolve\Resolve.exe"" ","localhost","ea7bfcc2-2263-4c1b-91c4-7992054991fb","False","df34afb5-1e8a-4880-8a28-6e0722507204"
"2026-08-05T19:06:57.6015253+08:00","215.074","3496","17944","electron.exe","2026/8/5 19:06:46","0.328","106.2","""C:/Program Files/Blackmagic Design/DaVinci Resolve\Electron\electron.exe"" ""C:\ProgramData\Blackmagic Design\DaVinci Resolve\Support\Workflow Integration Plugins\com.wutpeach.clackly\workflow-plugin/main.js"" --plugin-id=com.wutpeach.clackly","localhost","ea7bfcc2-2263-4c1b-91c4-7992054991fb","False","df34afb5-1e8a-4880-8a28-6e0722507204"
"2026-08-05T19:06:57.6015253+08:00","215.074","10124","3496","electron.exe","2026/8/5 19:06:46","0.719","111.8","""C:\Program Files\Blackmagic Design\DaVinci Resolve\Electron\electron.exe"" --type=gpu-process --user-data-dir=""C:\Users\Administrator\AppData\Roaming\Clackly Workflow Plugin"" --gpu-preferences=UAAAAAAAAADgAAAEAAAAAAAAAAAAAAAAAABgAAEAAAAAAAAAAAAAAAAAAAACAAAAAAAAAAAAAAAAAAAAAAAAABAAAAAAAAAAEAAAAAAAAAAIAAAAAAAAAAgAAAAAAAAA --field-trial-handle=2044,i,8528152345874284265,13457465882528845703,262144 --enable-features=PdfUseShowSaveFilePicker --disable-features=SpareRendererForSitePerProcess,WinDelaySpellcheckServiceInit --variations-seed-version --mojo-platform-channel-handle=2032 /prefetch:2","localhost","ea7bfcc2-2263-4c1b-91c4-7992054991fb","False","df34afb5-1e8a-4880-8a28-6e0722507204"
"2026-08-05T19:06:57.6015253+08:00","215.074","37640","3496","electron.exe","2026/8/5 19:06:46","0.141","51.6","""C:\Program Files\Blackmagic Design\DaVinci Resolve\Electron\electron.exe"" --type=utility --utility-sub-type=network.mojom.NetworkService --lang=zh-CN --service-sandbox-type=none --user-data-dir=""C:\Users\Administrator\AppData\Roaming\Clackly Workflow Plugin"" --field-trial-handle=2044,i,8528152345874284265,13457465882528845703,262144 --enable-features=PdfUseShowSaveFilePicker --disable-features=SpareRendererForSitePerProcess,WinDelaySpellcheckServiceInit --variations-seed-version --mojo-platform-channel-handle=2232 /prefetch:11","localhost","ea7bfcc2-2263-4c1b-91c4-7992054991fb","False","df34afb5-1e8a-4880-8a28-6e0722507204"
"2026-08-05T19:06:57.6015253+08:00","215.074","15532","3496","electron.exe","2026/8/5 19:06:46","0.109","88.4","""C:\Program Files\Blackmagic Design\DaVinci Resolve\Electron\electron.exe"" --type=renderer --user-data-dir=""C:\Users\Administrator\AppData\Roaming\Clackly Workflow Plugin"" --app-path=""C:\ProgramData\Blackmagic Design\DaVinci Resolve\Support\Workflow Integration Plugins\com.wutpeach.clackly\workflow-plugin"" --no-sandbox --no-zygote --video-capture-use-gpu-memory-buffer --lang=zh-CN --device-scale-factor=1 --num-raster-threads=4 --enable-main-frame-before-activation --renderer-client-id=4 --time-ticks-at-unix-epoch=-1785918640205991 --launch-time-ticks=9366284582 --field-trial-handle=2044,i,8528152345874284265,13457465882528845703,262144 --enable-features=PdfUseShowSaveFilePicker --disable-features=SpareRendererForSitePerProcess,WinDelaySpellcheckServiceInit --variations-seed-version --mojo-platform-channel-handle=3280 /prefetch:1","localhost","ea7bfcc2-2263-4c1b-91c4-7992054991fb","False","df34afb5-1e8a-4880-8a28-6e0722507204"
"2026-08-05T19:06:59.6029924+08:00","218.126","17944","13664","Resolve.exe","2026/8/5 19:06:28","31.531","2561","""C:\Program Files\Blackmagic Design\DaVinci Resolve\Resolve.exe"" ","localhost","ea7bfcc2-2263-4c1b-91c4-7992054991fb","False","df34afb5-1e8a-4880-8a28-6e0722507204"
"2026-08-05T19:06:59.6029924+08:00","218.126","3496","17944","electron.exe","2026/8/5 19:06:46","0.328","106.2","""C:/Program Files/Blackmagic Design/DaVinci Resolve\Electron\electron.exe"" ""C:\ProgramData\Blackmagic Design\DaVinci Resolve\Support\Workflow Integration Plugins\com.wutpeach.clackly\workflow-plugin/main.js"" --plugin-id=com.wutpeach.clackly","localhost","ea7bfcc2-2263-4c1b-91c4-7992054991fb","False","df34afb5-1e8a-4880-8a28-6e0722507204"
"2026-08-05T19:06:59.6029924+08:00","218.126","10124","3496","electron.exe","2026/8/5 19:06:46","0.719","111.8","""C:\Program Files\Blackmagic Design\DaVinci Resolve\Electron\electron.exe"" --type=gpu-process --user-data-dir=""C:\Users\Administrator\AppData\Roaming\Clackly Workflow Plugin"" --gpu-preferences=UAAAAAAAAADgAAAEAAAAAAAAAAAAAAAAAABgAAEAAAAAAAAAAAAAAAAAAAACAAAAAAAAAAAAAAAAAAAAAAAAABAAAAAAAAAAEAAAAAAAAAAIAAAAAAAAAAgAAAAAAAAA --field-trial-handle=2044,i,8528152345874284265,13457465882528845703,262144 --enable-features=PdfUseShowSaveFilePicker --disable-features=SpareRendererForSitePerProcess,WinDelaySpellcheckServiceInit --variations-seed-version --mojo-platform-channel-handle=2032 /prefetch:2","localhost","ea7bfcc2-2263-4c1b-91c4-7992054991fb","False","df34afb5-1e8a-4880-8a28-6e0722507204"
"2026-08-05T19:06:59.6029924+08:00","218.126","37640","3496","electron.exe","2026/8/5 19:06:46","0.141","51.6","""C:\Program Files\Blackmagic Design\DaVinci Resolve\Electron\electron.exe"" --type=utility --utility-sub-type=network.mojom.NetworkService --lang=zh-CN --service-sandbox-type=none --user-data-dir=""C:\Users\Administrator\AppData\Roaming\Clackly Workflow Plugin"" --field-trial-handle=2044,i,8528152345874284265,13457465882528845703,262144 --enable-features=PdfUseShowSaveFilePicker --disable-features=SpareRendererForSitePerProcess,WinDelaySpellcheckServiceInit --variations-seed-version --mojo-platform-channel-handle=2232 /prefetch:11","localhost","ea7bfcc2-2263-4c1b-91c4-7992054991fb","False","df34afb5-1e8a-4880-8a28-6e0722507204"
"2026-08-05T19:06:59.6029924+08:00","218.126","15532","3496","electron.exe","2026/8/5 19:06:46","0.109","88.4","""C:\Program Files\Blackmagic Design\DaVinci Resolve\Electron\electron.exe"" --type=renderer --user-data-dir=""C:\Users\Administrator\AppData\Roaming\Clackly Workflow Plugin"" --app-path=""C:\ProgramData\Blackmagic Design\DaVinci Resolve\Support\Workflow Integration Plugins\com.wutpeach.clackly\workflow-plugin"" --no-sandbox --no-zygote --video-capture-use-gpu-memory-buffer --lang=zh-CN --device-scale-factor=1 --num-raster-threads=4 --enable-main-frame-before-activation --renderer-client-id=4 --time-ticks-at-unix-epoch=-1785918640205991 --launch-time-ticks=9366284582 --field-trial-handle=2044,i,8528152345874284265,13457465882528845703,262144 --enable-features=PdfUseShowSaveFilePicker --disable-features=SpareRendererForSitePerProcess,WinDelaySpellcheckServiceInit --variations-seed-version --mojo-platform-channel-handle=3280 /prefetch:1","localhost","ea7bfcc2-2263-4c1b-91c4-7992054991fb","False","df34afb5-1e8a-4880-8a28-6e0722507204"
"2026-08-05T19:07:01.6150317+08:00","226.175","17944","13664","Resolve.exe","2026/8/5 19:06:28","32.406","2563.3","""C:\Program Files\Blackmagic Design\DaVinci Resolve\Resolve.exe"" ","localhost","ea7bfcc2-2263-4c1b-91c4-7992054991fb","False","df34afb5-1e8a-4880-8a28-6e0722507204"
"2026-08-05T19:07:01.6150317+08:00","226.175","3496","17944","electron.exe","2026/8/5 19:06:46","0.344","106.2","""C:/Program Files/Blackmagic Design/DaVinci Resolve\Electron\electron.exe"" ""C:\ProgramData\Blackmagic Design\DaVinci Resolve\Support\Workflow Integration Plugins\com.wutpeach.clackly\workflow-plugin/main.js"" --plugin-id=com.wutpeach.clackly","localhost","ea7bfcc2-2263-4c1b-91c4-7992054991fb","False","df34afb5-1e8a-4880-8a28-6e0722507204"
"2026-08-05T19:07:01.6150317+08:00","226.175","10124","3496","electron.exe","2026/8/5 19:06:46","0.719","111.8","""C:\Program Files\Blackmagic Design\DaVinci Resolve\Electron\electron.exe"" --type=gpu-process --user-data-dir=""C:\Users\Administrator\AppData\Roaming\Clackly Workflow Plugin"" --gpu-preferences=UAAAAAAAAADgAAAEAAAAAAAAAAAAAAAAAABgAAEAAAAAAAAAAAAAAAAAAAACAAAAAAAAAAAAAAAAAAAAAAAAABAAAAAAAAAAEAAAAAAAAAAIAAAAAAAAAAgAAAAAAAAA --field-trial-handle=2044,i,8528152345874284265,13457465882528845703,262144 --enable-features=PdfUseShowSaveFilePicker --disable-features=SpareRendererForSitePerProcess,WinDelaySpellcheckServiceInit --variations-seed-version --mojo-platform-channel-handle=2032 /prefetch:2","localhost","ea7bfcc2-2263-4c1b-91c4-7992054991fb","False","df34afb5-1e8a-4880-8a28-6e0722507204"
"2026-08-05T19:07:01.6150317+08:00","226.175","37640","3496","electron.exe","2026/8/5 19:06:46","0.141","51.6","""C:\Program Files\Blackmagic Design\DaVinci Resolve\Electron\electron.exe"" --type=utility --utility-sub-type=network.mojom.NetworkService --lang=zh-CN --service-sandbox-type=none --user-data-dir=""C:\Users\Administrator\AppData\Roaming\Clackly Workflow Plugin"" --field-trial-handle=2044,i,8528152345874284265,13457465882528845703,262144 --enable-features=PdfUseShowSaveFilePicker --disable-features=SpareRendererForSitePerProcess,WinDelaySpellcheckServiceInit --variations-seed-version --mojo-platform-channel-handle=2232 /prefetch:11","localhost","ea7bfcc2-2263-4c1b-91c4-7992054991fb","False","df34afb5-1e8a-4880-8a28-6e0722507204"
"2026-08-05T19:07:01.6150317+08:00","226.175","15532","3496","electron.exe","2026/8/5 19:06:46","0.109","88.4","""C:\Program Files\Blackmagic Design\DaVinci Resolve\Electron\electron.exe"" --type=renderer --user-data-dir=""C:\Users\Administrator\AppData\Roaming\Clackly Workflow Plugin"" --app-path=""C:\ProgramData\Blackmagic Design\DaVinci Resolve\Support\Workflow Integration Plugins\com.wutpeach.clackly\workflow-plugin"" --no-sandbox --no-zygote --video-capture-use-gpu-memory-buffer --lang=zh-CN --device-scale-factor=1 --num-raster-threads=4 --enable-main-frame-before-activation --renderer-client-id=4 --time-ticks-at-unix-epoch=-1785918640205991 --launch-time-ticks=9366284582 --field-trial-handle=2044,i,8528152345874284265,13457465882528845703,262144 --enable-features=PdfUseShowSaveFilePicker --disable-features=SpareRendererForSitePerProcess,WinDelaySpellcheckServiceInit --variations-seed-version --mojo-platform-channel-handle=3280 /prefetch:1","localhost","ea7bfcc2-2263-4c1b-91c4-7992054991fb","False","df34afb5-1e8a-4880-8a28-6e0722507204"
"2026-08-05T19:07:03.6152792+08:00","200.585","17944","13664","Resolve.exe","2026/8/5 19:06:28","32.594","2563.3","""C:\Program Files\Blackmagic Design\DaVinci Resolve\Resolve.exe"" ","localhost","ea7bfcc2-2263-4c1b-91c4-7992054991fb","False","df34afb5-1e8a-4880-8a28-6e0722507204"
"2026-08-05T19:07:03.6152792+08:00","201.585","3496","17944","electron.exe","2026/8/5 19:06:46","0.344","106.2","""C:/Program Files/Blackmagic Design/DaVinci Resolve\Electron\electron.exe"" ""C:\ProgramData\Blackmagic Design\DaVinci Resolve\Support\Workflow Integration Plugins\com.wutpeach.clackly\workflow-plugin/main.js"" --plugin-id=com.wutpeach.clackly","localhost","ea7bfcc2-2263-4c1b-91c4-7992054991fb","False","df34afb5-1e8a-4880-8a28-6e0722507204"
"2026-08-05T19:07:03.6152792+08:00","201.585","10124","3496","electron.exe","2026/8/5 19:06:46","0.719","111.8","""C:\Program Files\Blackmagic Design\DaVinci Resolve\Electron\electron.exe"" --type=gpu-process --user-data-dir=""C:\Users\Administrator\AppData\Roaming\Clackly Workflow Plugin"" --gpu-preferences=UAAAAAAAAADgAAAEAAAAAAAAAAAAAAAAAABgAAEAAAAAAAAAAAAAAAAAAAACAAAAAAAAAAAAAAAAAAAAAAAAABAAAAAAAAAAEAAAAAAAAAAIAAAAAAAAAAgAAAAAAAAA --field-trial-handle=2044,i,8528152345874284265,13457465882528845703,262144 --enable-features=PdfUseShowSaveFilePicker --disable-features=SpareRendererForSitePerProcess,WinDelaySpellcheckServiceInit --variations-seed-version --mojo-platform-channel-handle=2032 /prefetch:2","localhost","ea7bfcc2-2263-4c1b-91c4-7992054991fb","False","df34afb5-1e8a-4880-8a28-6e0722507204"
"2026-08-05T19:07:03.6152792+08:00","201.585","37640","3496","electron.exe","2026/8/5 19:06:46","0.141","51.6","""C:\Program Files\Blackmagic Design\DaVinci Resolve\Electron\electron.exe"" --type=utility --utility-sub-type=network.mojom.NetworkService --lang=zh-CN --service-sandbox-type=none --user-data-dir=""C:\Users\Administrator\AppData\Roaming\Clackly Workflow Plugin"" --field-trial-handle=2044,i,8528152345874284265,13457465882528845703,262144 --enable-features=PdfUseShowSaveFilePicker --disable-features=SpareRendererForSitePerProcess,WinDelaySpellcheckServiceInit --variations-seed-version --mojo-platform-channel-handle=2232 /prefetch:11","localhost","ea7bfcc2-2263-4c1b-91c4-7992054991fb","False","df34afb5-1e8a-4880-8a28-6e0722507204"
"2026-08-05T19:07:03.6152792+08:00","201.585","15532","3496","electron.exe","2026/8/5 19:06:46","0.109","88.4","""C:\Program Files\Blackmagic Design\DaVinci Resolve\Electron\electron.exe"" --type=renderer --user-data-dir=""C:\Users\Administrator\AppData\Roaming\Clackly Workflow Plugin"" --app-path=""C:\ProgramData\Blackmagic Design\DaVinci Resolve\Support\Workflow Integration Plugins\com.wutpeach.clackly\workflow-plugin"" --no-sandbox --no-zygote --video-capture-use-gpu-memory-buffer --lang=zh-CN --device-scale-factor=1 --num-raster-threads=4 --enable-main-frame-before-activation --renderer-client-id=4 --time-ticks-at-unix-epoch=-1785918640205991 --launch-time-ticks=9366284582 --field-trial-handle=2044,i,8528152345874284265,13457465882528845703,262144 --enable-features=PdfUseShowSaveFilePicker --disable-features=SpareRendererForSitePerProcess,WinDelaySpellcheckServiceInit --variations-seed-version --mojo-platform-channel-handle=3280 /prefetch:1","localhost","ea7bfcc2-2263-4c1b-91c4-7992054991fb","False","df34afb5-1e8a-4880-8a28-6e0722507204"
"2026-08-05T19:07:05.6218654+08:00","187.932","17944","13664","Resolve.exe","2026/8/5 19:06:28","32.875","2561.7","""C:\Program Files\Blackmagic Design\DaVinci Resolve\Resolve.exe"" ","localhost","ea7bfcc2-2263-4c1b-91c4-7992054991fb","False","df34afb5-1e8a-4880-8a28-6e0722507204"
"2026-08-05T19:07:05.6218654+08:00","187.932","3496","17944","electron.exe","2026/8/5 19:06:46","0.344","106.2","""C:/Program Files/Blackmagic Design/DaVinci Resolve\Electron\electron.exe"" ""C:\ProgramData\Blackmagic Design\DaVinci Resolve\Support\Workflow Integration Plugins\com.wutpeach.clackly\workflow-plugin/main.js"" --plugin-id=com.wutpeach.clackly","localhost","ea7bfcc2-2263-4c1b-91c4-7992054991fb","False","df34afb5-1e8a-4880-8a28-6e0722507204"
"2026-08-05T19:07:05.6218654+08:00","187.932","10124","3496","electron.exe","2026/8/5 19:06:46","0.719","111.8","""C:\Program Files\Blackmagic Design\DaVinci Resolve\Electron\electron.exe"" --type=gpu-process --user-data-dir=""C:\Users\Administrator\AppData\Roaming\Clackly Workflow Plugin"" --gpu-preferences=UAAAAAAAAADgAAAEAAAAAAAAAAAAAAAAAABgAAEAAAAAAAAAAAAAAAAAAAACAAAAAAAAAAAAAAAAAAAAAAAAABAAAAAAAAAAEAAAAAAAAAAIAAAAAAAAAAgAAAAAAAAA --field-trial-handle=2044,i,8528152345874284265,13457465882528845703,262144 --enable-features=PdfUseShowSaveFilePicker --disable-features=SpareRendererForSitePerProcess,WinDelaySpellcheckServiceInit --variations-seed-version --mojo-platform-channel-handle=2032 /prefetch:2","localhost","ea7bfcc2-2263-4c1b-91c4-7992054991fb","False","df34afb5-1e8a-4880-8a28-6e0722507204"
"2026-08-05T19:07:05.6218654+08:00","187.932","37640","3496","electron.exe","2026/8/5 19:06:46","0.141","51.6","""C:\Program Files\Blackmagic Design\DaVinci Resolve\Electron\electron.exe"" --type=utility --utility-sub-type=network.mojom.NetworkService --lang=zh-CN --service-sandbox-type=none --user-data-dir=""C:\Users\Administrator\AppData\Roaming\Clackly Workflow Plugin"" --field-trial-handle=2044,i,8528152345874284265,13457465882528845703,262144 --enable-features=PdfUseShowSaveFilePicker --disable-features=SpareRendererForSitePerProcess,WinDelaySpellcheckServiceInit --variations-seed-version --mojo-platform-channel-handle=2232 /prefetch:11","localhost","ea7bfcc2-2263-4c1b-91c4-7992054991fb","False","df34afb5-1e8a-4880-8a28-6e0722507204"
"2026-08-05T19:07:05.6218654+08:00","187.932","15532","3496","electron.exe","2026/8/5 19:06:46","0.109","88.4","""C:\Program Files\Blackmagic Design\DaVinci Resolve\Electron\electron.exe"" --type=renderer --user-data-dir=""C:\Users\Administrator\AppData\Roaming\Clackly Workflow Plugin"" --app-path=""C:\ProgramData\Blackmagic Design\DaVinci Resolve\Support\Workflow Integration Plugins\com.wutpeach.clackly\workflow-plugin"" --no-sandbox --no-zygote --video-capture-use-gpu-memory-buffer --lang=zh-CN --device-scale-factor=1 --num-raster-threads=4 --enable-main-frame-before-activation --renderer-client-id=4 --time-ticks-at-unix-epoch=-1785918640205991 --launch-time-ticks=9366284582 --field-trial-handle=2044,i,8528152345874284265,13457465882528845703,262144 --enable-features=PdfUseShowSaveFilePicker --disable-features=SpareRendererForSitePerProcess,WinDelaySpellcheckServiceInit --variations-seed-version --mojo-platform-channel-handle=3280 /prefetch:1","localhost","ea7bfcc2-2263-4c1b-91c4-7992054991fb","False","df34afb5-1e8a-4880-8a28-6e0722507204"
"2026-08-05T19:07:07.6244838+08:00","147.521","17944","13664","Resolve.exe","2026/8/5 19:06:28","32.984","2498","""C:\Program Files\Blackmagic Design\DaVinci Resolve\Resolve.exe"" ","localhost","ea7bfcc2-2263-4c1b-91c4-7992054991fb","False","df34afb5-1e8a-4880-8a28-6e0722507204"
"2026-08-05T19:07:07.6244838+08:00","147.521","3496","17944","electron.exe","2026/8/5 19:06:46","0.344","106.2","""C:/Program Files/Blackmagic Design/DaVinci Resolve\Electron\electron.exe"" ""C:\ProgramData\Blackmagic Design\DaVinci Resolve\Support\Workflow Integration Plugins\com.wutpeach.clackly\workflow-plugin/main.js"" --plugin-id=com.wutpeach.clackly","localhost","ea7bfcc2-2263-4c1b-91c4-7992054991fb","False","df34afb5-1e8a-4880-8a28-6e0722507204"
"2026-08-05T19:07:07.6244838+08:00","147.521","10124","3496","electron.exe","2026/8/5 19:06:46","0.719","111.8","""C:\Program Files\Blackmagic Design\DaVinci Resolve\Electron\electron.exe"" --type=gpu-process --user-data-dir=""C:\Users\Administrator\AppData\Roaming\Clackly Workflow Plugin"" --gpu-preferences=UAAAAAAAAADgAAAEAAAAAAAAAAAAAAAAAABgAAEAAAAAAAAAAAAAAAAAAAACAAAAAAAAAAAAAAAAAAAAAAAAABAAAAAAAAAAEAAAAAAAAAAIAAAAAAAAAAgAAAAAAAAA --field-trial-handle=2044,i,8528152345874284265,13457465882528845703,262144 --enable-features=PdfUseShowSaveFilePicker --disable-features=SpareRendererForSitePerProcess,WinDelaySpellcheckServiceInit --variations-seed-version --mojo-platform-channel-handle=2032 /prefetch:2","localhost","ea7bfcc2-2263-4c1b-91c4-7992054991fb","False","df34afb5-1e8a-4880-8a28-6e0722507204"
"2026-08-05T19:07:07.6244838+08:00","147.521","37640","3496","electron.exe","2026/8/5 19:06:46","0.141","51.6","""C:\Program Files\Blackmagic Design\DaVinci Resolve\Electron\electron.exe"" --type=utility --utility-sub-type=network.mojom.NetworkService --lang=zh-CN --service-sandbox-type=none --user-data-dir=""C:\Users\Administrator\AppData\Roaming\Clackly Workflow Plugin"" --field-trial-handle=2044,i,8528152345874284265,13457465882528845703,262144 --enable-features=PdfUseShowSaveFilePicker --disable-features=SpareRendererForSitePerProcess,WinDelaySpellcheckServiceInit --variations-seed-version --mojo-platform-channel-handle=2232 /prefetch:11","localhost","ea7bfcc2-2263-4c1b-91c4-7992054991fb","False","df34afb5-1e8a-4880-8a28-6e0722507204"
"2026-08-05T19:07:07.6244838+08:00","147.521","15532","3496","electron.exe","2026/8/5 19:06:46","0.109","88.4","""C:\Program Files\Blackmagic Design\DaVinci Resolve\Electron\electron.exe"" --type=renderer --user-data-dir=""C:\Users\Administrator\AppData\Roaming\Clackly Workflow Plugin"" --app-path=""C:\ProgramData\Blackmagic Design\DaVinci Resolve\Support\Workflow Integration Plugins\com.wutpeach.clackly\workflow-plugin"" --no-sandbox --no-zygote --video-capture-use-gpu-memory-buffer --lang=zh-CN --device-scale-factor=1 --num-raster-threads=4 --enable-main-frame-before-activation --renderer-client-id=4 --time-ticks-at-unix-epoch=-1785918640205991 --launch-time-ticks=9366284582 --field-trial-handle=2044,i,8528152345874284265,13457465882528845703,262144 --enable-features=PdfUseShowSaveFilePicker --disable-features=SpareRendererForSitePerProcess,WinDelaySpellcheckServiceInit --variations-seed-version --mojo-platform-channel-handle=3280 /prefetch:1","localhost","ea7bfcc2-2263-4c1b-91c4-7992054991fb","False","df34afb5-1e8a-4880-8a28-6e0722507204"
"2026-08-05T19:07:09.6358815+08:00","209.185","17944","13664","Resolve.exe","2026/8/5 19:06:28","33.109","2498","""C:\Program Files\Blackmagic Design\DaVinci Resolve\Resolve.exe"" ","localhost","ea7bfcc2-2263-4c1b-91c4-7992054991fb","False","df34afb5-1e8a-4880-8a28-6e0722507204"
"2026-08-05T19:07:09.6358815+08:00","209.185","3496","17944","electron.exe","2026/8/5 19:06:46","0.344","106.2","""C:/Program Files/Blackmagic Design/DaVinci Resolve\Electron\electron.exe"" ""C:\ProgramData\Blackmagic Design\DaVinci Resolve\Support\Workflow Integration Plugins\com.wutpeach.clackly\workflow-plugin/main.js"" --plugin-id=com.wutpeach.clackly","localhost","ea7bfcc2-2263-4c1b-91c4-7992054991fb","False","df34afb5-1e8a-4880-8a28-6e0722507204"
"2026-08-05T19:07:09.6358815+08:00","209.185","10124","3496","electron.exe","2026/8/5 19:06:46","0.719","111.8","""C:\Program Files\Blackmagic Design\DaVinci Resolve\Electron\electron.exe"" --type=gpu-process --user-data-dir=""C:\Users\Administrator\AppData\Roaming\Clackly Workflow Plugin"" --gpu-preferences=UAAAAAAAAADgAAAEAAAAAAAAAAAAAAAAAABgAAEAAAAAAAAAAAAAAAAAAAACAAAAAAAAAAAAAAAAAAAAAAAAABAAAAAAAAAAEAAAAAAAAAAIAAAAAAAAAAgAAAAAAAAA --field-trial-handle=2044,i,8528152345874284265,13457465882528845703,262144 --enable-features=PdfUseShowSaveFilePicker --disable-features=SpareRendererForSitePerProcess,WinDelaySpellcheckServiceInit --variations-seed-version --mojo-platform-channel-handle=2032 /prefetch:2","localhost","ea7bfcc2-2263-4c1b-91c4-7992054991fb","False","df34afb5-1e8a-4880-8a28-6e0722507204"
"2026-08-05T19:07:09.6358815+08:00","209.185","37640","3496","electron.exe","2026/8/5 19:06:46","0.141","51.6","""C:\Program Files\Blackmagic Design\DaVinci Resolve\Electron\electron.exe"" --type=utility --utility-sub-type=network.mojom.NetworkService --lang=zh-CN --service-sandbox-type=none --user-data-dir=""C:\Users\Administrator\AppData\Roaming\Clackly Workflow Plugin"" --field-trial-handle=2044,i,8528152345874284265,13457465882528845703,262144 --enable-features=PdfUseShowSaveFilePicker --disable-features=SpareRendererForSitePerProcess,WinDelaySpellcheckServiceInit --variations-seed-version --mojo-platform-channel-handle=2232 /prefetch:11","localhost","ea7bfcc2-2263-4c1b-91c4-7992054991fb","False","df34afb5-1e8a-4880-8a28-6e0722507204"
"2026-08-05T19:07:09.6358815+08:00","209.185","15532","3496","electron.exe","2026/8/5 19:06:46","0.109","88.4","""C:\Program Files\Blackmagic Design\DaVinci Resolve\Electron\electron.exe"" --type=renderer --user-data-dir=""C:\Users\Administrator\AppData\Roaming\Clackly Workflow Plugin"" --app-path=""C:\ProgramData\Blackmagic Design\DaVinci Resolve\Support\Workflow Integration Plugins\com.wutpeach.clackly\workflow-plugin"" --no-sandbox --no-zygote --video-capture-use-gpu-memory-buffer --lang=zh-CN --device-scale-factor=1 --num-raster-threads=4 --enable-main-frame-before-activation --renderer-client-id=4 --time-ticks-at-unix-epoch=-1785918640205991 --launch-time-ticks=9366284582 --field-trial-handle=2044,i,8528152345874284265,13457465882528845703,262144 --enable-features=PdfUseShowSaveFilePicker --disable-features=SpareRendererForSitePerProcess,WinDelaySpellcheckServiceInit --variations-seed-version --mojo-platform-channel-handle=3280 /prefetch:1","localhost","ea7bfcc2-2263-4c1b-91c4-7992054991fb","False","df34afb5-1e8a-4880-8a28-6e0722507204"
"2026-08-05T19:07:11.6422786+08:00","230.455","17944","13664","Resolve.exe","2026/8/5 19:06:28","33.344","2496.7","""C:\Program Files\Blackmagic Design\DaVinci Resolve\Resolve.exe"" ","localhost","ea7bfcc2-2263-4c1b-91c4-7992054991fb","False","df34afb5-1e8a-4880-8a28-6e0722507204"
"2026-08-05T19:07:11.6422786+08:00","230.455","3496","17944","electron.exe","2026/8/5 19:06:46","0.344","106.2","""C:/Program Files/Blackmagic Design/DaVinci Resolve\Electron\electron.exe"" ""C:\ProgramData\Blackmagic Design\DaVinci Resolve\Support\Workflow Integration Plugins\com.wutpeach.clackly\workflow-plugin/main.js"" --plugin-id=com.wutpeach.clackly","localhost","ea7bfcc2-2263-4c1b-91c4-7992054991fb","False","df34afb5-1e8a-4880-8a28-6e0722507204"
"2026-08-05T19:07:11.6422786+08:00","230.455","10124","3496","electron.exe","2026/8/5 19:06:46","0.719","111.8","""C:\Program Files\Blackmagic Design\DaVinci Resolve\Electron\electron.exe"" --type=gpu-process --user-data-dir=""C:\Users\Administrator\AppData\Roaming\Clackly Workflow Plugin"" --gpu-preferences=UAAAAAAAAADgAAAEAAAAAAAAAAAAAAAAAABgAAEAAAAAAAAAAAAAAAAAAAACAAAAAAAAAAAAAAAAAAAAAAAAABAAAAAAAAAAEAAAAAAAAAAIAAAAAAAAAAgAAAAAAAAA --field-trial-handle=2044,i,8528152345874284265,13457465882528845703,262144 --enable-features=PdfUseShowSaveFilePicker --disable-features=SpareRendererForSitePerProcess,WinDelaySpellcheckServiceInit --variations-seed-version --mojo-platform-channel-handle=2032 /prefetch:2","localhost","ea7bfcc2-2263-4c1b-91c4-7992054991fb","False","df34afb5-1e8a-4880-8a28-6e0722507204"
"2026-08-05T19:07:11.6422786+08:00","230.455","37640","3496","electron.exe","2026/8/5 19:06:46","0.141","51.6","""C:\Program Files\Blackmagic Design\DaVinci Resolve\Electron\electron.exe"" --type=utility --utility-sub-type=network.mojom.NetworkService --lang=zh-CN --service-sandbox-type=none --user-data-dir=""C:\Users\Administrator\AppData\Roaming\Clackly Workflow Plugin"" --field-trial-handle=2044,i,8528152345874284265,13457465882528845703,262144 --enable-features=PdfUseShowSaveFilePicker --disable-features=SpareRendererForSitePerProcess,WinDelaySpellcheckServiceInit --variations-seed-version --mojo-platform-channel-handle=2232 /prefetch:11","localhost","ea7bfcc2-2263-4c1b-91c4-7992054991fb","False","df34afb5-1e8a-4880-8a28-6e0722507204"
"2026-08-05T19:07:11.6422786+08:00","230.455","15532","3496","electron.exe","2026/8/5 19:06:46","0.109","88.4","""C:\Program Files\Blackmagic Design\DaVinci Resolve\Electron\electron.exe"" --type=renderer --user-data-dir=""C:\Users\Administrator\AppData\Roaming\Clackly Workflow Plugin"" --app-path=""C:\ProgramData\Blackmagic Design\DaVinci Resolve\Support\Workflow Integration Plugins\com.wutpeach.clackly\workflow-plugin"" --no-sandbox --no-zygote --video-capture-use-gpu-memory-buffer --lang=zh-CN --device-scale-factor=1 --num-raster-threads=4 --enable-main-frame-before-activation --renderer-client-id=4 --time-ticks-at-unix-epoch=-1785918640205991 --launch-time-ticks=9366284582 --field-trial-handle=2044,i,8528152345874284265,13457465882528845703,262144 --enable-features=PdfUseShowSaveFilePicker --disable-features=SpareRendererForSitePerProcess,WinDelaySpellcheckServiceInit --variations-seed-version --mojo-platform-channel-handle=3280 /prefetch:1","localhost","ea7bfcc2-2263-4c1b-91c4-7992054991fb","False","df34afb5-1e8a-4880-8a28-6e0722507204"
"2026-08-05T19:07:13.6557422+08:00","241.298","17944","13664","Resolve.exe","2026/8/5 19:06:28","33.609","2496.7","""C:\Program Files\Blackmagic Design\DaVinci Resolve\Resolve.exe"" ","localhost","ea7bfcc2-2263-4c1b-91c4-7992054991fb","False","df34afb5-1e8a-4880-8a28-6e0722507204"
"2026-08-05T19:07:13.6557422+08:00","241.298","3496","17944","electron.exe","2026/8/5 19:06:46","0.359","106.2","""C:/Program Files/Blackmagic Design/DaVinci Resolve\Electron\electron.exe"" ""C:\ProgramData\Blackmagic Design\DaVinci Resolve\Support\Workflow Integration Plugins\com.wutpeach.clackly\workflow-plugin/main.js"" --plugin-id=com.wutpeach.clackly","localhost","ea7bfcc2-2263-4c1b-91c4-7992054991fb","False","df34afb5-1e8a-4880-8a28-6e0722507204"
"2026-08-05T19:07:13.6557422+08:00","241.298","10124","3496","electron.exe","2026/8/5 19:06:46","0.719","111.8","""C:\Program Files\Blackmagic Design\DaVinci Resolve\Electron\electron.exe"" --type=gpu-process --user-data-dir=""C:\Users\Administrator\AppData\Roaming\Clackly Workflow Plugin"" --gpu-preferences=UAAAAAAAAADgAAAEAAAAAAAAAAAAAAAAAABgAAEAAAAAAAAAAAAAAAAAAAACAAAAAAAAAAAAAAAAAAAAAAAAABAAAAAAAAAAEAAAAAAAAAAIAAAAAAAAAAgAAAAAAAAA --field-trial-handle=2044,i,8528152345874284265,13457465882528845703,262144 --enable-features=PdfUseShowSaveFilePicker --disable-features=SpareRendererForSitePerProcess,WinDelaySpellcheckServiceInit --variations-seed-version --mojo-platform-channel-handle=2032 /prefetch:2","localhost","ea7bfcc2-2263-4c1b-91c4-7992054991fb","False","df34afb5-1e8a-4880-8a28-6e0722507204"
"2026-08-05T19:07:13.6557422+08:00","242.295","37640","3496","electron.exe","2026/8/5 19:06:46","0.141","51.6","""C:\Program Files\Blackmagic Design\DaVinci Resolve\Electron\electron.exe"" --type=utility --utility-sub-type=network.mojom.NetworkService --lang=zh-CN --service-sandbox-type=none --user-data-dir=""C:\Users\Administrator\AppData\Roaming\Clackly Workflow Plugin"" --field-trial-handle=2044,i,8528152345874284265,13457465882528845703,262144 --enable-features=PdfUseShowSaveFilePicker --disable-features=SpareRendererForSitePerProcess,WinDelaySpellcheckServiceInit --variations-seed-version --mojo-platform-channel-handle=2232 /prefetch:11","localhost","ea7bfcc2-2263-4c1b-91c4-7992054991fb","False","df34afb5-1e8a-4880-8a28-6e0722507204"
"2026-08-05T19:07:13.6557422+08:00","242.295","15532","3496","electron.exe","2026/8/5 19:06:46","0.109","88.4","""C:\Program Files\Blackmagic Design\DaVinci Resolve\Electron\electron.exe"" --type=renderer --user-data-dir=""C:\Users\Administrator\AppData\Roaming\Clackly Workflow Plugin"" --app-path=""C:\ProgramData\Blackmagic Design\DaVinci Resolve\Support\Workflow Integration Plugins\com.wutpeach.clackly\workflow-plugin"" --no-sandbox --no-zygote --video-capture-use-gpu-memory-buffer --lang=zh-CN --device-scale-factor=1 --num-raster-threads=4 --enable-main-frame-before-activation --renderer-client-id=4 --time-ticks-at-unix-epoch=-1785918640205991 --launch-time-ticks=9366284582 --field-trial-handle=2044,i,8528152345874284265,13457465882528845703,262144 --enable-features=PdfUseShowSaveFilePicker --disable-features=SpareRendererForSitePerProcess,WinDelaySpellcheckServiceInit --variations-seed-version --mojo-platform-channel-handle=3280 /prefetch:1","localhost","ea7bfcc2-2263-4c1b-91c4-7992054991fb","False","df34afb5-1e8a-4880-8a28-6e0722507204"
"2026-08-05T19:07:15.6570325+08:00","232.731","17944","13664","Resolve.exe","2026/8/5 19:06:28","33.688","2496.3","""C:\Program Files\Blackmagic Design\DaVinci Resolve\Resolve.exe"" ","localhost","ea7bfcc2-2263-4c1b-91c4-7992054991fb","False","df34afb5-1e8a-4880-8a28-6e0722507204"
"2026-08-05T19:07:15.6570325+08:00","232.731","3496","17944","electron.exe","2026/8/5 19:06:46","0.359","106.2","""C:/Program Files/Blackmagic Design/DaVinci Resolve\Electron\electron.exe"" ""C:\ProgramData\Blackmagic Design\DaVinci Resolve\Support\Workflow Integration Plugins\com.wutpeach.clackly\workflow-plugin/main.js"" --plugin-id=com.wutpeach.clackly","localhost","ea7bfcc2-2263-4c1b-91c4-7992054991fb","False","df34afb5-1e8a-4880-8a28-6e0722507204"
"2026-08-05T19:07:15.6570325+08:00","232.731","10124","3496","electron.exe","2026/8/5 19:06:46","0.719","111.8","""C:\Program Files\Blackmagic Design\DaVinci Resolve\Electron\electron.exe"" --type=gpu-process --user-data-dir=""C:\Users\Administrator\AppData\Roaming\Clackly Workflow Plugin"" --gpu-preferences=UAAAAAAAAADgAAAEAAAAAAAAAAAAAAAAAABgAAEAAAAAAAAAAAAAAAAAAAACAAAAAAAAAAAAAAAAAAAAAAAAABAAAAAAAAAAEAAAAAAAAAAIAAAAAAAAAAgAAAAAAAAA --field-trial-handle=2044,i,8528152345874284265,13457465882528845703,262144 --enable-features=PdfUseShowSaveFilePicker --disable-features=SpareRendererForSitePerProcess,WinDelaySpellcheckServiceInit --variations-seed-version --mojo-platform-channel-handle=2032 /prefetch:2","localhost","ea7bfcc2-2263-4c1b-91c4-7992054991fb","False","df34afb5-1e8a-4880-8a28-6e0722507204"
"2026-08-05T19:07:15.6570325+08:00","232.731","37640","3496","electron.exe","2026/8/5 19:06:46","0.141","51.6","""C:\Program Files\Blackmagic Design\DaVinci Resolve\Electron\electron.exe"" --type=utility --utility-sub-type=network.mojom.NetworkService --lang=zh-CN --service-sandbox-type=none --user-data-dir=""C:\Users\Administrator\AppData\Roaming\Clackly Workflow Plugin"" --field-trial-handle=2044,i,8528152345874284265,13457465882528845703,262144 --enable-features=PdfUseShowSaveFilePicker --disable-features=SpareRendererForSitePerProcess,WinDelaySpellcheckServiceInit --variations-seed-version --mojo-platform-channel-handle=2232 /prefetch:11","localhost","ea7bfcc2-2263-4c1b-91c4-7992054991fb","False","df34afb5-1e8a-4880-8a28-6e0722507204"
"2026-08-05T19:07:15.6570325+08:00","232.731","15532","3496","electron.exe","2026/8/5 19:06:46","0.109","88.4","""C:\Program Files\Blackmagic Design\DaVinci Resolve\Electron\electron.exe"" --type=renderer --user-data-dir=""C:\Users\Administrator\AppData\Roaming\Clackly Workflow Plugin"" --app-path=""C:\ProgramData\Blackmagic Design\DaVinci Resolve\Support\Workflow Integration Plugins\com.wutpeach.clackly\workflow-plugin"" --no-sandbox --no-zygote --video-capture-use-gpu-memory-buffer --lang=zh-CN --device-scale-factor=1 --num-raster-threads=4 --enable-main-frame-before-activation --renderer-client-id=4 --time-ticks-at-unix-epoch=-1785918640205991 --launch-time-ticks=9366284582 --field-trial-handle=2044,i,8528152345874284265,13457465882528845703,262144 --enable-features=PdfUseShowSaveFilePicker --disable-features=SpareRendererForSitePerProcess,WinDelaySpellcheckServiceInit --variations-seed-version --mojo-platform-channel-handle=3280 /prefetch:1","localhost","ea7bfcc2-2263-4c1b-91c4-7992054991fb","False","df34afb5-1e8a-4880-8a28-6e0722507204"
"2026-08-05T19:07:17.6569776+08:00","205.029","17944","13664","Resolve.exe","2026/8/5 19:06:28","33.797","2496.3","""C:\Program Files\Blackmagic Design\DaVinci Resolve\Resolve.exe"" ","localhost","ea7bfcc2-2263-4c1b-91c4-7992054991fb","False","df34afb5-1e8a-4880-8a28-6e0722507204"
"2026-08-05T19:07:17.6569776+08:00","205.029","3496","17944","electron.exe","2026/8/5 19:06:46","0.375","106.2","""C:/Program Files/Blackmagic Design/DaVinci Resolve\Electron\electron.exe"" ""C:\ProgramData\Blackmagic Design\DaVinci Resolve\Support\Workflow Integration Plugins\com.wutpeach.clackly\workflow-plugin/main.js"" --plugin-id=com.wutpeach.clackly","localhost","ea7bfcc2-2263-4c1b-91c4-7992054991fb","False","df34afb5-1e8a-4880-8a28-6e0722507204"
"2026-08-05T19:07:17.6569776+08:00","206.028","10124","3496","electron.exe","2026/8/5 19:06:46","0.719","111.9","""C:\Program Files\Blackmagic Design\DaVinci Resolve\Electron\electron.exe"" --type=gpu-process --user-data-dir=""C:\Users\Administrator\AppData\Roaming\Clackly Workflow Plugin"" --gpu-preferences=UAAAAAAAAADgAAAEAAAAAAAAAAAAAAAAAABgAAEAAAAAAAAAAAAAAAAAAAACAAAAAAAAAAAAAAAAAAAAAAAAABAAAAAAAAAAEAAAAAAAAAAIAAAAAAAAAAgAAAAAAAAA --field-trial-handle=2044,i,8528152345874284265,13457465882528845703,262144 --enable-features=PdfUseShowSaveFilePicker --disable-features=SpareRendererForSitePerProcess,WinDelaySpellcheckServiceInit --variations-seed-version --mojo-platform-channel-handle=2032 /prefetch:2","localhost","ea7bfcc2-2263-4c1b-91c4-7992054991fb","False","df34afb5-1e8a-4880-8a28-6e0722507204"
"2026-08-05T19:07:17.6569776+08:00","206.028","37640","3496","electron.exe","2026/8/5 19:06:46","0.141","51.6","""C:\Program Files\Blackmagic Design\DaVinci Resolve\Electron\electron.exe"" --type=utility --utility-sub-type=network.mojom.NetworkService --lang=zh-CN --service-sandbox-type=none --user-data-dir=""C:\Users\Administrator\AppData\Roaming\Clackly Workflow Plugin"" --field-trial-handle=2044,i,8528152345874284265,13457465882528845703,262144 --enable-features=PdfUseShowSaveFilePicker --disable-features=SpareRendererForSitePerProcess,WinDelaySpellcheckServiceInit --variations-seed-version --mojo-platform-channel-handle=2232 /prefetch:11","localhost","ea7bfcc2-2263-4c1b-91c4-7992054991fb","False","df34afb5-1e8a-4880-8a28-6e0722507204"
"2026-08-05T19:07:17.6569776+08:00","206.028","15532","3496","electron.exe","2026/8/5 19:06:46","0.141","88.7","""C:\Program Files\Blackmagic Design\DaVinci Resolve\Electron\electron.exe"" --type=renderer --user-data-dir=""C:\Users\Administrator\AppData\Roaming\Clackly Workflow Plugin"" --app-path=""C:\ProgramData\Blackmagic Design\DaVinci Resolve\Support\Workflow Integration Plugins\com.wutpeach.clackly\workflow-plugin"" --no-sandbox --no-zygote --video-capture-use-gpu-memory-buffer --lang=zh-CN --device-scale-factor=1 --num-raster-threads=4 --enable-main-frame-before-activation --renderer-client-id=4 --time-ticks-at-unix-epoch=-1785918640205991 --launch-time-ticks=9366284582 --field-trial-handle=2044,i,8528152345874284265,13457465882528845703,262144 --enable-features=PdfUseShowSaveFilePicker --disable-features=SpareRendererForSitePerProcess,WinDelaySpellcheckServiceInit --variations-seed-version --mojo-platform-channel-handle=3280 /prefetch:1","localhost","ea7bfcc2-2263-4c1b-91c4-7992054991fb","False","df34afb5-1e8a-4880-8a28-6e0722507204"
"2026-08-05T19:07:19.6650519+08:00","174.264","17944","13664","Resolve.exe","2026/8/5 19:06:28","34.016","2496.3","""C:\Program Files\Blackmagic Design\DaVinci Resolve\Resolve.exe"" ","localhost","ea7bfcc2-2263-4c1b-91c4-7992054991fb","False","df34afb5-1e8a-4880-8a28-6e0722507204"
"2026-08-05T19:07:19.6650519+08:00","174.264","3496","17944","electron.exe","2026/8/5 19:06:46","0.375","106.2","""C:/Program Files/Blackmagic Design/DaVinci Resolve\Electron\electron.exe"" ""C:\ProgramData\Blackmagic Design\DaVinci Resolve\Support\Workflow Integration Plugins\com.wutpeach.clackly\workflow-plugin/main.js"" --plugin-id=com.wutpeach.clackly","localhost","ea7bfcc2-2263-4c1b-91c4-7992054991fb","False","df34afb5-1e8a-4880-8a28-6e0722507204"
"2026-08-05T19:07:19.6650519+08:00","174.264","10124","3496","electron.exe","2026/8/5 19:06:46","0.719","111.9","""C:\Program Files\Blackmagic Design\DaVinci Resolve\Electron\electron.exe"" --type=gpu-process --user-data-dir=""C:\Users\Administrator\AppData\Roaming\Clackly Workflow Plugin"" --gpu-preferences=UAAAAAAAAADgAAAEAAAAAAAAAAAAAAAAAABgAAEAAAAAAAAAAAAAAAAAAAACAAAAAAAAAAAAAAAAAAAAAAAAABAAAAAAAAAAEAAAAAAAAAAIAAAAAAAAAAgAAAAAAAAA --field-trial-handle=2044,i,8528152345874284265,13457465882528845703,262144 --enable-features=PdfUseShowSaveFilePicker --disable-features=SpareRendererForSitePerProcess,WinDelaySpellcheckServiceInit --variations-seed-version --mojo-platform-channel-handle=2032 /prefetch:2","localhost","ea7bfcc2-2263-4c1b-91c4-7992054991fb","False","df34afb5-1e8a-4880-8a28-6e0722507204"
"2026-08-05T19:07:19.6650519+08:00","174.264","37640","3496","electron.exe","2026/8/5 19:06:46","0.141","51.6","""C:\Program Files\Blackmagic Design\DaVinci Resolve\Electron\electron.exe"" --type=utility --utility-sub-type=network.mojom.NetworkService --lang=zh-CN --service-sandbox-type=none --user-data-dir=""C:\Users\Administrator\AppData\Roaming\Clackly Workflow Plugin"" --field-trial-handle=2044,i,8528152345874284265,13457465882528845703,262144 --enable-features=PdfUseShowSaveFilePicker --disable-features=SpareRendererForSitePerProcess,WinDelaySpellcheckServiceInit --variations-seed-version --mojo-platform-channel-handle=2232 /prefetch:11","localhost","ea7bfcc2-2263-4c1b-91c4-7992054991fb","False","df34afb5-1e8a-4880-8a28-6e0722507204"
"2026-08-05T19:07:19.6650519+08:00","174.264","15532","3496","electron.exe","2026/8/5 19:06:46","0.141","88.7","""C:\Program Files\Blackmagic Design\DaVinci Resolve\Electron\electron.exe"" --type=renderer --user-data-dir=""C:\Users\Administrator\AppData\Roaming\Clackly Workflow Plugin"" --app-path=""C:\ProgramData\Blackmagic Design\DaVinci Resolve\Support\Workflow Integration Plugins\com.wutpeach.clackly\workflow-plugin"" --no-sandbox --no-zygote --video-capture-use-gpu-memory-buffer --lang=zh-CN --device-scale-factor=1 --num-raster-threads=4 --enable-main-frame-before-activation --renderer-client-id=4 --time-ticks-at-unix-epoch=-1785918640205991 --launch-time-ticks=9366284582 --field-trial-handle=2044,i,8528152345874284265,13457465882528845703,262144 --enable-features=PdfUseShowSaveFilePicker --disable-features=SpareRendererForSitePerProcess,WinDelaySpellcheckServiceInit --variations-seed-version --mojo-platform-channel-handle=3280 /prefetch:1","localhost","ea7bfcc2-2263-4c1b-91c4-7992054991fb","False","df34afb5-1e8a-4880-8a28-6e0722507204"
"2026-08-05T19:07:21.6707765+08:00","165.932","17944","13664","Resolve.exe","2026/8/5 19:06:28","34.172","2496.3","""C:\Program Files\Blackmagic Design\DaVinci Resolve\Resolve.exe"" ","localhost","ea7bfcc2-2263-4c1b-91c4-7992054991fb","False","df34afb5-1e8a-4880-8a28-6e0722507204"
"2026-08-05T19:07:21.6707765+08:00","166.932","3496","17944","electron.exe","2026/8/5 19:06:46","0.375","106.2","""C:/Program Files/Blackmagic Design/DaVinci Resolve\Electron\electron.exe"" ""C:\ProgramData\Blackmagic Design\DaVinci Resolve\Support\Workflow Integration Plugins\com.wutpeach.clackly\workflow-plugin/main.js"" --plugin-id=com.wutpeach.clackly","localhost","ea7bfcc2-2263-4c1b-91c4-7992054991fb","False","df34afb5-1e8a-4880-8a28-6e0722507204"
"2026-08-05T19:07:21.6707765+08:00","166.932","10124","3496","electron.exe","2026/8/5 19:06:46","0.719","111.9","""C:\Program Files\Blackmagic Design\DaVinci Resolve\Electron\electron.exe"" --type=gpu-process --user-data-dir=""C:\Users\Administrator\AppData\Roaming\Clackly Workflow Plugin"" --gpu-preferences=UAAAAAAAAADgAAAEAAAAAAAAAAAAAAAAAABgAAEAAAAAAAAAAAAAAAAAAAACAAAAAAAAAAAAAAAAAAAAAAAAABAAAAAAAAAAEAAAAAAAAAAIAAAAAAAAAAgAAAAAAAAA --field-trial-handle=2044,i,8528152345874284265,13457465882528845703,262144 --enable-features=PdfUseShowSaveFilePicker --disable-features=SpareRendererForSitePerProcess,WinDelaySpellcheckServiceInit --variations-seed-version --mojo-platform-channel-handle=2032 /prefetch:2","localhost","ea7bfcc2-2263-4c1b-91c4-7992054991fb","False","df34afb5-1e8a-4880-8a28-6e0722507204"
"2026-08-05T19:07:21.6707765+08:00","166.932","37640","3496","electron.exe","2026/8/5 19:06:46","0.141","51.6","""C:\Program Files\Blackmagic Design\DaVinci Resolve\Electron\electron.exe"" --type=utility --utility-sub-type=network.mojom.NetworkService --lang=zh-CN --service-sandbox-type=none --user-data-dir=""C:\Users\Administrator\AppData\Roaming\Clackly Workflow Plugin"" --field-trial-handle=2044,i,8528152345874284265,13457465882528845703,262144 --enable-features=PdfUseShowSaveFilePicker --disable-features=SpareRendererForSitePerProcess,WinDelaySpellcheckServiceInit --variations-seed-version --mojo-platform-channel-handle=2232 /prefetch:11","localhost","ea7bfcc2-2263-4c1b-91c4-7992054991fb","False","df34afb5-1e8a-4880-8a28-6e0722507204"
"2026-08-05T19:07:21.6707765+08:00","166.932","15532","3496","electron.exe","2026/8/5 19:06:46","0.141","88.7","""C:\Program Files\Blackmagic Design\DaVinci Resolve\Electron\electron.exe"" --type=renderer --user-data-dir=""C:\Users\Administrator\AppData\Roaming\Clackly Workflow Plugin"" --app-path=""C:\ProgramData\Blackmagic Design\DaVinci Resolve\Support\Workflow Integration Plugins\com.wutpeach.clackly\workflow-plugin"" --no-sandbox --no-zygote --video-capture-use-gpu-memory-buffer --lang=zh-CN --device-scale-factor=1 --num-raster-threads=4 --enable-main-frame-before-activation --renderer-client-id=4 --time-ticks-at-unix-epoch=-1785918640205991 --launch-time-ticks=9366284582 --field-trial-handle=2044,i,8528152345874284265,13457465882528845703,262144 --enable-features=PdfUseShowSaveFilePicker --disable-features=SpareRendererForSitePerProcess,WinDelaySpellcheckServiceInit --variations-seed-version --mojo-platform-channel-handle=3280 /prefetch:1","localhost","ea7bfcc2-2263-4c1b-91c4-7992054991fb","False","df34afb5-1e8a-4880-8a28-6e0722507204"
"2026-08-05T19:07:23.6796834+08:00","209.686","17944","13664","Resolve.exe","2026/8/5 19:06:28","34.281","2496.3","""C:\Program Files\Blackmagic Design\DaVinci Resolve\Resolve.exe"" ","localhost","ea7bfcc2-2263-4c1b-91c4-7992054991fb","False","df34afb5-1e8a-4880-8a28-6e0722507204"
"2026-08-05T19:07:23.6796834+08:00","209.686","3496","17944","electron.exe","2026/8/5 19:06:46","0.375","106.2","""C:/Program Files/Blackmagic Design/DaVinci Resolve\Electron\electron.exe"" ""C:\ProgramData\Blackmagic Design\DaVinci Resolve\Support\Workflow Integration Plugins\com.wutpeach.clackly\workflow-plugin/main.js"" --plugin-id=com.wutpeach.clackly","localhost","ea7bfcc2-2263-4c1b-91c4-7992054991fb","False","df34afb5-1e8a-4880-8a28-6e0722507204"
"2026-08-05T19:07:23.6796834+08:00","209.686","10124","3496","electron.exe","2026/8/5 19:06:46","0.719","111.9","""C:\Program Files\Blackmagic Design\DaVinci Resolve\Electron\electron.exe"" --type=gpu-process --user-data-dir=""C:\Users\Administrator\AppData\Roaming\Clackly Workflow Plugin"" --gpu-preferences=UAAAAAAAAADgAAAEAAAAAAAAAAAAAAAAAABgAAEAAAAAAAAAAAAAAAAAAAACAAAAAAAAAAAAAAAAAAAAAAAAABAAAAAAAAAAEAAAAAAAAAAIAAAAAAAAAAgAAAAAAAAA --field-trial-handle=2044,i,8528152345874284265,13457465882528845703,262144 --enable-features=PdfUseShowSaveFilePicker --disable-features=SpareRendererForSitePerProcess,WinDelaySpellcheckServiceInit --variations-seed-version --mojo-platform-channel-handle=2032 /prefetch:2","localhost","ea7bfcc2-2263-4c1b-91c4-7992054991fb","False","df34afb5-1e8a-4880-8a28-6e0722507204"
"2026-08-05T19:07:23.6796834+08:00","209.686","37640","3496","electron.exe","2026/8/5 19:06:46","0.141","51.6","""C:\Program Files\Blackmagic Design\DaVinci Resolve\Electron\electron.exe"" --type=utility --utility-sub-type=network.mojom.NetworkService --lang=zh-CN --service-sandbox-type=none --user-data-dir=""C:\Users\Administrator\AppData\Roaming\Clackly Workflow Plugin"" --field-trial-handle=2044,i,8528152345874284265,13457465882528845703,262144 --enable-features=PdfUseShowSaveFilePicker --disable-features=SpareRendererForSitePerProcess,WinDelaySpellcheckServiceInit --variations-seed-version --mojo-platform-channel-handle=2232 /prefetch:11","localhost","ea7bfcc2-2263-4c1b-91c4-7992054991fb","False","df34afb5-1e8a-4880-8a28-6e0722507204"
"2026-08-05T19:07:23.6796834+08:00","211.191","15532","3496","electron.exe","2026/8/5 19:06:46","0.141","88.7","""C:\Program Files\Blackmagic Design\DaVinci Resolve\Electron\electron.exe"" --type=renderer --user-data-dir=""C:\Users\Administrator\AppData\Roaming\Clackly Workflow Plugin"" --app-path=""C:\ProgramData\Blackmagic Design\DaVinci Resolve\Support\Workflow Integration Plugins\com.wutpeach.clackly\workflow-plugin"" --no-sandbox --no-zygote --video-capture-use-gpu-memory-buffer --lang=zh-CN --device-scale-factor=1 --num-raster-threads=4 --enable-main-frame-before-activation --renderer-client-id=4 --time-ticks-at-unix-epoch=-1785918640205991 --launch-time-ticks=9366284582 --field-trial-handle=2044,i,8528152345874284265,13457465882528845703,262144 --enable-features=PdfUseShowSaveFilePicker --disable-features=SpareRendererForSitePerProcess,WinDelaySpellcheckServiceInit --variations-seed-version --mojo-platform-channel-handle=3280 /prefetch:1","localhost","ea7bfcc2-2263-4c1b-91c4-7992054991fb","False","df34afb5-1e8a-4880-8a28-6e0722507204"
"2026-08-05T19:07:25.6946720+08:00","187.887","17944","13664","Resolve.exe","2026/8/5 19:06:28","34.469","2496.3","""C:\Program Files\Blackmagic Design\DaVinci Resolve\Resolve.exe"" ","localhost","ea7bfcc2-2263-4c1b-91c4-7992054991fb","False","df34afb5-1e8a-4880-8a28-6e0722507204"
"2026-08-05T19:07:25.6946720+08:00","187.887","3496","17944","electron.exe","2026/8/5 19:06:46","0.375","106.2","""C:/Program Files/Blackmagic Design/DaVinci Resolve\Electron\electron.exe"" ""C:\ProgramData\Blackmagic Design\DaVinci Resolve\Support\Workflow Integration Plugins\com.wutpeach.clackly\workflow-plugin/main.js"" --plugin-id=com.wutpeach.clackly","localhost","ea7bfcc2-2263-4c1b-91c4-7992054991fb","False","df34afb5-1e8a-4880-8a28-6e0722507204"
"2026-08-05T19:07:25.6946720+08:00","187.887","10124","3496","electron.exe","2026/8/5 19:06:46","0.719","111.9","""C:\Program Files\Blackmagic Design\DaVinci Resolve\Electron\electron.exe"" --type=gpu-process --user-data-dir=""C:\Users\Administrator\AppData\Roaming\Clackly Workflow Plugin"" --gpu-preferences=UAAAAAAAAADgAAAEAAAAAAAAAAAAAAAAAABgAAEAAAAAAAAAAAAAAAAAAAACAAAAAAAAAAAAAAAAAAAAAAAAABAAAAAAAAAAEAAAAAAAAAAIAAAAAAAAAAgAAAAAAAAA --field-trial-handle=2044,i,8528152345874284265,13457465882528845703,262144 --enable-features=PdfUseShowSaveFilePicker --disable-features=SpareRendererForSitePerProcess,WinDelaySpellcheckServiceInit --variations-seed-version --mojo-platform-channel-handle=2032 /prefetch:2","localhost","ea7bfcc2-2263-4c1b-91c4-7992054991fb","False","df34afb5-1e8a-4880-8a28-6e0722507204"
"2026-08-05T19:07:25.6946720+08:00","187.887","37640","3496","electron.exe","2026/8/5 19:06:46","0.141","51.6","""C:\Program Files\Blackmagic Design\DaVinci Resolve\Electron\electron.exe"" --type=utility --utility-sub-type=network.mojom.NetworkService --lang=zh-CN --service-sandbox-type=none --user-data-dir=""C:\Users\Administrator\AppData\Roaming\Clackly Workflow Plugin"" --field-trial-handle=2044,i,8528152345874284265,13457465882528845703,262144 --enable-features=PdfUseShowSaveFilePicker --disable-features=SpareRendererForSitePerProcess,WinDelaySpellcheckServiceInit --variations-seed-version --mojo-platform-channel-handle=2232 /prefetch:11","localhost","ea7bfcc2-2263-4c1b-91c4-7992054991fb","False","df34afb5-1e8a-4880-8a28-6e0722507204"
"2026-08-05T19:07:25.6946720+08:00","188.888","15532","3496","electron.exe","2026/8/5 19:06:46","0.141","88.7","""C:\Program Files\Blackmagic Design\DaVinci Resolve\Electron\electron.exe"" --type=renderer --user-data-dir=""C:\Users\Administrator\AppData\Roaming\Clackly Workflow Plugin"" --app-path=""C:\ProgramData\Blackmagic Design\DaVinci Resolve\Support\Workflow Integration Plugins\com.wutpeach.clackly\workflow-plugin"" --no-sandbox --no-zygote --video-capture-use-gpu-memory-buffer --lang=zh-CN --device-scale-factor=1 --num-raster-threads=4 --enable-main-frame-before-activation --renderer-client-id=4 --time-ticks-at-unix-epoch=-1785918640205991 --launch-time-ticks=9366284582 --field-trial-handle=2044,i,8528152345874284265,13457465882528845703,262144 --enable-features=PdfUseShowSaveFilePicker --disable-features=SpareRendererForSitePerProcess,WinDelaySpellcheckServiceInit --variations-seed-version --mojo-platform-channel-handle=3280 /prefetch:1","localhost","ea7bfcc2-2263-4c1b-91c4-7992054991fb","False","df34afb5-1e8a-4880-8a28-6e0722507204"
"2026-08-05T19:07:27.6945646+08:00","242.971","17944","13664","Resolve.exe","2026/8/5 19:06:28","34.547","2496.3","""C:\Program Files\Blackmagic Design\DaVinci Resolve\Resolve.exe"" ","localhost","ea7bfcc2-2263-4c1b-91c4-7992054991fb","False","df34afb5-1e8a-4880-8a28-6e0722507204"
"2026-08-05T19:07:27.6945646+08:00","242.971","3496","17944","electron.exe","2026/8/5 19:06:46","0.375","106.2","""C:/Program Files/Blackmagic Design/DaVinci Resolve\Electron\electron.exe"" ""C:\ProgramData\Blackmagic Design\DaVinci Resolve\Support\Workflow Integration Plugins\com.wutpeach.clackly\workflow-plugin/main.js"" --plugin-id=com.wutpeach.clackly","localhost","ea7bfcc2-2263-4c1b-91c4-7992054991fb","False","df34afb5-1e8a-4880-8a28-6e0722507204"
"2026-08-05T19:07:27.6945646+08:00","242.971","10124","3496","electron.exe","2026/8/5 19:06:46","0.719","111.9","""C:\Program Files\Blackmagic Design\DaVinci Resolve\Electron\electron.exe"" --type=gpu-process --user-data-dir=""C:\Users\Administrator\AppData\Roaming\Clackly Workflow Plugin"" --gpu-preferences=UAAAAAAAAADgAAAEAAAAAAAAAAAAAAAAAABgAAEAAAAAAAAAAAAAAAAAAAACAAAAAAAAAAAAAAAAAAAAAAAAABAAAAAAAAAAEAAAAAAAAAAIAAAAAAAAAAgAAAAAAAAA --field-trial-handle=2044,i,8528152345874284265,13457465882528845703,262144 --enable-features=PdfUseShowSaveFilePicker --disable-features=SpareRendererForSitePerProcess,WinDelaySpellcheckServiceInit --variations-seed-version --mojo-platform-channel-handle=2032 /prefetch:2","localhost","ea7bfcc2-2263-4c1b-91c4-7992054991fb","False","df34afb5-1e8a-4880-8a28-6e0722507204"
"2026-08-05T19:07:27.6945646+08:00","242.971","37640","3496","electron.exe","2026/8/5 19:06:46","0.141","51.6","""C:\Program Files\Blackmagic Design\DaVinci Resolve\Electron\electron.exe"" --type=utility --utility-sub-type=network.mojom.NetworkService --lang=zh-CN --service-sandbox-type=none --user-data-dir=""C:\Users\Administrator\AppData\Roaming\Clackly Workflow Plugin"" --field-trial-handle=2044,i,8528152345874284265,13457465882528845703,262144 --enable-features=PdfUseShowSaveFilePicker --disable-features=SpareRendererForSitePerProcess,WinDelaySpellcheckServiceInit --variations-seed-version --mojo-platform-channel-handle=2232 /prefetch:11","localhost","ea7bfcc2-2263-4c1b-91c4-7992054991fb","False","df34afb5-1e8a-4880-8a28-6e0722507204"
"2026-08-05T19:07:27.6945646+08:00","243.971","15532","3496","electron.exe","2026/8/5 19:06:46","0.141","88.7","""C:\Program Files\Blackmagic Design\DaVinci Resolve\Electron\electron.exe"" --type=renderer --user-data-dir=""C:\Users\Administrator\AppData\Roaming\Clackly Workflow Plugin"" --app-path=""C:\ProgramData\Blackmagic Design\DaVinci Resolve\Support\Workflow Integration Plugins\com.wutpeach.clackly\workflow-plugin"" --no-sandbox --no-zygote --video-capture-use-gpu-memory-buffer --lang=zh-CN --device-scale-factor=1 --num-raster-threads=4 --enable-main-frame-before-activation --renderer-client-id=4 --time-ticks-at-unix-epoch=-1785918640205991 --launch-time-ticks=9366284582 --field-trial-handle=2044,i,8528152345874284265,13457465882528845703,262144 --enable-features=PdfUseShowSaveFilePicker --disable-features=SpareRendererForSitePerProcess,WinDelaySpellcheckServiceInit --variations-seed-version --mojo-platform-channel-handle=3280 /prefetch:1","localhost","ea7bfcc2-2263-4c1b-91c4-7992054991fb","False","df34afb5-1e8a-4880-8a28-6e0722507204"
"2026-08-05T19:07:29.7077754+08:00","184.123","17944","13664","Resolve.exe","2026/8/5 19:06:28","34.594","2495.6","""C:\Program Files\Blackmagic Design\DaVinci Resolve\Resolve.exe"" ","localhost","ea7bfcc2-2263-4c1b-91c4-7992054991fb","False","df34afb5-1e8a-4880-8a28-6e0722507204"
"2026-08-05T19:07:29.7077754+08:00","184.123","3496","17944","electron.exe","2026/8/5 19:06:46","0.375","106.2","""C:/Program Files/Blackmagic Design/DaVinci Resolve\Electron\electron.exe"" ""C:\ProgramData\Blackmagic Design\DaVinci Resolve\Support\Workflow Integration Plugins\com.wutpeach.clackly\workflow-plugin/main.js"" --plugin-id=com.wutpeach.clackly","localhost","ea7bfcc2-2263-4c1b-91c4-7992054991fb","False","df34afb5-1e8a-4880-8a28-6e0722507204"
"2026-08-05T19:07:29.7077754+08:00","184.123","10124","3496","electron.exe","2026/8/5 19:06:46","0.719","111.9","""C:\Program Files\Blackmagic Design\DaVinci Resolve\Electron\electron.exe"" --type=gpu-process --user-data-dir=""C:\Users\Administrator\AppData\Roaming\Clackly Workflow Plugin"" --gpu-preferences=UAAAAAAAAADgAAAEAAAAAAAAAAAAAAAAAABgAAEAAAAAAAAAAAAAAAAAAAACAAAAAAAAAAAAAAAAAAAAAAAAABAAAAAAAAAAEAAAAAAAAAAIAAAAAAAAAAgAAAAAAAAA --field-trial-handle=2044,i,8528152345874284265,13457465882528845703,262144 --enable-features=PdfUseShowSaveFilePicker --disable-features=SpareRendererForSitePerProcess,WinDelaySpellcheckServiceInit --variations-seed-version --mojo-platform-channel-handle=2032 /prefetch:2","localhost","ea7bfcc2-2263-4c1b-91c4-7992054991fb","False","df34afb5-1e8a-4880-8a28-6e0722507204"
"2026-08-05T19:07:29.7077754+08:00","184.123","37640","3496","electron.exe","2026/8/5 19:06:46","0.141","51.6","""C:\Program Files\Blackmagic Design\DaVinci Resolve\Electron\electron.exe"" --type=utility --utility-sub-type=network.mojom.NetworkService --lang=zh-CN --service-sandbox-type=none --user-data-dir=""C:\Users\Administrator\AppData\Roaming\Clackly Workflow Plugin"" --field-trial-handle=2044,i,8528152345874284265,13457465882528845703,262144 --enable-features=PdfUseShowSaveFilePicker --disable-features=SpareRendererForSitePerProcess,WinDelaySpellcheckServiceInit --variations-seed-version --mojo-platform-channel-handle=2232 /prefetch:11","localhost","ea7bfcc2-2263-4c1b-91c4-7992054991fb","False","df34afb5-1e8a-4880-8a28-6e0722507204"
"2026-08-05T19:07:29.7077754+08:00","184.123","15532","3496","electron.exe","2026/8/5 19:06:46","0.141","88.7","""C:\Program Files\Blackmagic Design\DaVinci Resolve\Electron\electron.exe"" --type=renderer --user-data-dir=""C:\Users\Administrator\AppData\Roaming\Clackly Workflow Plugin"" --app-path=""C:\ProgramData\Blackmagic Design\DaVinci Resolve\Support\Workflow Integration Plugins\com.wutpeach.clackly\workflow-plugin"" --no-sandbox --no-zygote --video-capture-use-gpu-memory-buffer --lang=zh-CN --device-scale-factor=1 --num-raster-threads=4 --enable-main-frame-before-activation --renderer-client-id=4 --time-ticks-at-unix-epoch=-1785918640205991 --launch-time-ticks=9366284582 --field-trial-handle=2044,i,8528152345874284265,13457465882528845703,262144 --enable-features=PdfUseShowSaveFilePicker --disable-features=SpareRendererForSitePerProcess,WinDelaySpellcheckServiceInit --variations-seed-version --mojo-platform-channel-handle=3280 /prefetch:1","localhost","ea7bfcc2-2263-4c1b-91c4-7992054991fb","False","df34afb5-1e8a-4880-8a28-6e0722507204"
"2026-08-05T19:07:31.7213202+08:00","166.267","17944","13664","Resolve.exe","2026/8/5 19:06:28","34.719","2495.5","""C:\Program Files\Blackmagic Design\DaVinci Resolve\Resolve.exe"" ","localhost","ea7bfcc2-2263-4c1b-91c4-7992054991fb","False","df34afb5-1e8a-4880-8a28-6e0722507204"
"2026-08-05T19:07:31.7213202+08:00","167.268","3496","17944","electron.exe","2026/8/5 19:06:46","0.391","106.2","""C:/Program Files/Blackmagic Design/DaVinci Resolve\Electron\electron.exe"" ""C:\ProgramData\Blackmagic Design\DaVinci Resolve\Support\Workflow Integration Plugins\com.wutpeach.clackly\workflow-plugin/main.js"" --plugin-id=com.wutpeach.clackly","localhost","ea7bfcc2-2263-4c1b-91c4-7992054991fb","False","df34afb5-1e8a-4880-8a28-6e0722507204"
"2026-08-05T19:07:31.7213202+08:00","167.268","10124","3496","electron.exe","2026/8/5 19:06:46","0.734","111.9","""C:\Program Files\Blackmagic Design\DaVinci Resolve\Electron\electron.exe"" --type=gpu-process --user-data-dir=""C:\Users\Administrator\AppData\Roaming\Clackly Workflow Plugin"" --gpu-preferences=UAAAAAAAAADgAAAEAAAAAAAAAAAAAAAAAABgAAEAAAAAAAAAAAAAAAAAAAACAAAAAAAAAAAAAAAAAAAAAAAAABAAAAAAAAAAEAAAAAAAAAAIAAAAAAAAAAgAAAAAAAAA --field-trial-handle=2044,i,8528152345874284265,13457465882528845703,262144 --enable-features=PdfUseShowSaveFilePicker --disable-features=SpareRendererForSitePerProcess,WinDelaySpellcheckServiceInit --variations-seed-version --mojo-platform-channel-handle=2032 /prefetch:2","localhost","ea7bfcc2-2263-4c1b-91c4-7992054991fb","False","df34afb5-1e8a-4880-8a28-6e0722507204"
"2026-08-05T19:07:31.7213202+08:00","167.268","37640","3496","electron.exe","2026/8/5 19:06:46","0.141","51.6","""C:\Program Files\Blackmagic Design\DaVinci Resolve\Electron\electron.exe"" --type=utility --utility-sub-type=network.mojom.NetworkService --lang=zh-CN --service-sandbox-type=none --user-data-dir=""C:\Users\Administrator\AppData\Roaming\Clackly Workflow Plugin"" --field-trial-handle=2044,i,8528152345874284265,13457465882528845703,262144 --enable-features=PdfUseShowSaveFilePicker --disable-features=SpareRendererForSitePerProcess,WinDelaySpellcheckServiceInit --variations-seed-version --mojo-platform-channel-handle=2232 /prefetch:11","localhost","ea7bfcc2-2263-4c1b-91c4-7992054991fb","False","df34afb5-1e8a-4880-8a28-6e0722507204"
"2026-08-05T19:07:31.7213202+08:00","167.268","15532","3496","electron.exe","2026/8/5 19:06:46","0.141","88.7","""C:\Program Files\Blackmagic Design\DaVinci Resolve\Electron\electron.exe"" --type=renderer --user-data-dir=""C:\Users\Administrator\AppData\Roaming\Clackly Workflow Plugin"" --app-path=""C:\ProgramData\Blackmagic Design\DaVinci Resolve\Support\Workflow Integration Plugins\com.wutpeach.clackly\workflow-plugin"" --no-sandbox --no-zygote --video-capture-use-gpu-memory-buffer --lang=zh-CN --device-scale-factor=1 --num-raster-threads=4 --enable-main-frame-before-activation --renderer-client-id=4 --time-ticks-at-unix-epoch=-1785918640205991 --launch-time-ticks=9366284582 --field-trial-handle=2044,i,8528152345874284265,13457465882528845703,262144 --enable-features=PdfUseShowSaveFilePicker --disable-features=SpareRendererForSitePerProcess,WinDelaySpellcheckServiceInit --variations-seed-version --mojo-platform-channel-handle=3280 /prefetch:1","localhost","ea7bfcc2-2263-4c1b-91c4-7992054991fb","False","df34afb5-1e8a-4880-8a28-6e0722507204"
"2026-08-05T19:07:33.7318882+08:00","188.752","17944","13664","Resolve.exe","2026/8/5 19:06:28","34.922","2495.5","""C:\Program Files\Blackmagic Design\DaVinci Resolve\Resolve.exe"" ","localhost","ea7bfcc2-2263-4c1b-91c4-7992054991fb","False","df34afb5-1e8a-4880-8a28-6e0722507204"
"2026-08-05T19:07:33.7318882+08:00","188.752","3496","17944","electron.exe","2026/8/5 19:06:46","0.391","106.2","""C:/Program Files/Blackmagic Design/DaVinci Resolve\Electron\electron.exe"" ""C:\ProgramData\Blackmagic Design\DaVinci Resolve\Support\Workflow Integration Plugins\com.wutpeach.clackly\workflow-plugin/main.js"" --plugin-id=com.wutpeach.clackly","localhost","ea7bfcc2-2263-4c1b-91c4-7992054991fb","False","df34afb5-1e8a-4880-8a28-6e0722507204"
"2026-08-05T19:07:33.7318882+08:00","188.752","10124","3496","electron.exe","2026/8/5 19:06:46","0.734","111.9","""C:\Program Files\Blackmagic Design\DaVinci Resolve\Electron\electron.exe"" --type=gpu-process --user-data-dir=""C:\Users\Administrator\AppData\Roaming\Clackly Workflow Plugin"" --gpu-preferences=UAAAAAAAAADgAAAEAAAAAAAAAAAAAAAAAABgAAEAAAAAAAAAAAAAAAAAAAACAAAAAAAAAAAAAAAAAAAAAAAAABAAAAAAAAAAEAAAAAAAAAAIAAAAAAAAAAgAAAAAAAAA --field-trial-handle=2044,i,8528152345874284265,13457465882528845703,262144 --enable-features=PdfUseShowSaveFilePicker --disable-features=SpareRendererForSitePerProcess,WinDelaySpellcheckServiceInit --variations-seed-version --mojo-platform-channel-handle=2032 /prefetch:2","localhost","ea7bfcc2-2263-4c1b-91c4-7992054991fb","False","df34afb5-1e8a-4880-8a28-6e0722507204"
"2026-08-05T19:07:33.7318882+08:00","188.752","37640","3496","electron.exe","2026/8/5 19:06:46","0.141","51.6","""C:\Program Files\Blackmagic Design\DaVinci Resolve\Electron\electron.exe"" --type=utility --utility-sub-type=network.mojom.NetworkService --lang=zh-CN --service-sandbox-type=none --user-data-dir=""C:\Users\Administrator\AppData\Roaming\Clackly Workflow Plugin"" --field-trial-handle=2044,i,8528152345874284265,13457465882528845703,262144 --enable-features=PdfUseShowSaveFilePicker --disable-features=SpareRendererForSitePerProcess,WinDelaySpellcheckServiceInit --variations-seed-version --mojo-platform-channel-handle=2232 /prefetch:11","localhost","ea7bfcc2-2263-4c1b-91c4-7992054991fb","False","df34afb5-1e8a-4880-8a28-6e0722507204"
"2026-08-05T19:07:33.7318882+08:00","188.752","15532","3496","electron.exe","2026/8/5 19:06:46","0.141","88.7","""C:\Program Files\Blackmagic Design\DaVinci Resolve\Electron\electron.exe"" --type=renderer --user-data-dir=""C:\Users\Administrator\AppData\Roaming\Clackly Workflow Plugin"" --app-path=""C:\ProgramData\Blackmagic Design\DaVinci Resolve\Support\Workflow Integration Plugins\com.wutpeach.clackly\workflow-plugin"" --no-sandbox --no-zygote --video-capture-use-gpu-memory-buffer --lang=zh-CN --device-scale-factor=1 --num-raster-threads=4 --enable-main-frame-before-activation --renderer-client-id=4 --time-ticks-at-unix-epoch=-1785918640205991 --launch-time-ticks=9366284582 --field-trial-handle=2044,i,8528152345874284265,13457465882528845703,262144 --enable-features=PdfUseShowSaveFilePicker --disable-features=SpareRendererForSitePerProcess,WinDelaySpellcheckServiceInit --variations-seed-version --mojo-platform-channel-handle=3280 /prefetch:1","localhost","ea7bfcc2-2263-4c1b-91c4-7992054991fb","False","df34afb5-1e8a-4880-8a28-6e0722507204"
"2026-08-05T19:07:35.7375307+08:00","242.932","17944","13664","Resolve.exe","2026/8/5 19:06:28","35.031","2495.5","""C:\Program Files\Blackmagic Design\DaVinci Resolve\Resolve.exe"" ","localhost","ea7bfcc2-2263-4c1b-91c4-7992054991fb","False","df34afb5-1e8a-4880-8a28-6e0722507204"
"2026-08-05T19:07:35.7375307+08:00","242.932","3496","17944","electron.exe","2026/8/5 19:06:46","0.422","106.2","""C:/Program Files/Blackmagic Design/DaVinci Resolve\Electron\electron.exe"" ""C:\ProgramData\Blackmagic Design\DaVinci Resolve\Support\Workflow Integration Plugins\com.wutpeach.clackly\workflow-plugin/main.js"" --plugin-id=com.wutpeach.clackly","localhost","ea7bfcc2-2263-4c1b-91c4-7992054991fb","False","df34afb5-1e8a-4880-8a28-6e0722507204"
"2026-08-05T19:07:35.7375307+08:00","242.932","10124","3496","electron.exe","2026/8/5 19:06:46","0.75","111.9","""C:\Program Files\Blackmagic Design\DaVinci Resolve\Electron\electron.exe"" --type=gpu-process --user-data-dir=""C:\Users\Administrator\AppData\Roaming\Clackly Workflow Plugin"" --gpu-preferences=UAAAAAAAAADgAAAEAAAAAAAAAAAAAAAAAABgAAEAAAAAAAAAAAAAAAAAAAACAAAAAAAAAAAAAAAAAAAAAAAAABAAAAAAAAAAEAAAAAAAAAAIAAAAAAAAAAgAAAAAAAAA --field-trial-handle=2044,i,8528152345874284265,13457465882528845703,262144 --enable-features=PdfUseShowSaveFilePicker --disable-features=SpareRendererForSitePerProcess,WinDelaySpellcheckServiceInit --variations-seed-version --mojo-platform-channel-handle=2032 /prefetch:2","localhost","ea7bfcc2-2263-4c1b-91c4-7992054991fb","False","df34afb5-1e8a-4880-8a28-6e0722507204"
"2026-08-05T19:07:35.7375307+08:00","242.932","37640","3496","electron.exe","2026/8/5 19:06:46","0.141","51.6","""C:\Program Files\Blackmagic Design\DaVinci Resolve\Electron\electron.exe"" --type=utility --utility-sub-type=network.mojom.NetworkService --lang=zh-CN --service-sandbox-type=none --user-data-dir=""C:\Users\Administrator\AppData\Roaming\Clackly Workflow Plugin"" --field-trial-handle=2044,i,8528152345874284265,13457465882528845703,262144 --enable-features=PdfUseShowSaveFilePicker --disable-features=SpareRendererForSitePerProcess,WinDelaySpellcheckServiceInit --variations-seed-version --mojo-platform-channel-handle=2232 /prefetch:11","localhost","ea7bfcc2-2263-4c1b-91c4-7992054991fb","False","df34afb5-1e8a-4880-8a28-6e0722507204"
"2026-08-05T19:07:35.7375307+08:00","243.934","15532","3496","electron.exe","2026/8/5 19:06:46","0.141","88.7","""C:\Program Files\Blackmagic Design\DaVinci Resolve\Electron\electron.exe"" --type=renderer --user-data-dir=""C:\Users\Administrator\AppData\Roaming\Clackly Workflow Plugin"" --app-path=""C:\ProgramData\Blackmagic Design\DaVinci Resolve\Support\Workflow Integration Plugins\com.wutpeach.clackly\workflow-plugin"" --no-sandbox --no-zygote --video-capture-use-gpu-memory-buffer --lang=zh-CN --device-scale-factor=1 --num-raster-threads=4 --enable-main-frame-before-activation --renderer-client-id=4 --time-ticks-at-unix-epoch=-1785918640205991 --launch-time-ticks=9366284582 --field-trial-handle=2044,i,8528152345874284265,13457465882528845703,262144 --enable-features=PdfUseShowSaveFilePicker --disable-features=SpareRendererForSitePerProcess,WinDelaySpellcheckServiceInit --variations-seed-version --mojo-platform-channel-handle=3280 /prefetch:1","localhost","ea7bfcc2-2263-4c1b-91c4-7992054991fb","False","df34afb5-1e8a-4880-8a28-6e0722507204"
"2026-08-05T19:07:37.7422926+08:00","193.692","17944","13664","Resolve.exe","2026/8/5 19:06:28","35.328","2495.6","""C:\Program Files\Blackmagic Design\DaVinci Resolve\Resolve.exe"" ","localhost","ea7bfcc2-2263-4c1b-91c4-7992054991fb","False","df34afb5-1e8a-4880-8a28-6e0722507204"
"2026-08-05T19:07:37.7422926+08:00","193.692","3496","17944","electron.exe","2026/8/5 19:06:46","0.422","106.2","""C:/Program Files/Blackmagic Design/DaVinci Resolve\Electron\electron.exe"" ""C:\ProgramData\Blackmagic Design\DaVinci Resolve\Support\Workflow Integration Plugins\com.wutpeach.clackly\workflow-plugin/main.js"" --plugin-id=com.wutpeach.clackly","localhost","ea7bfcc2-2263-4c1b-91c4-7992054991fb","False","df34afb5-1e8a-4880-8a28-6e0722507204"
"2026-08-05T19:07:37.7422926+08:00","193.692","10124","3496","electron.exe","2026/8/5 19:06:46","0.766","111.9","""C:\Program Files\Blackmagic Design\DaVinci Resolve\Electron\electron.exe"" --type=gpu-process --user-data-dir=""C:\Users\Administrator\AppData\Roaming\Clackly Workflow Plugin"" --gpu-preferences=UAAAAAAAAADgAAAEAAAAAAAAAAAAAAAAAABgAAEAAAAAAAAAAAAAAAAAAAACAAAAAAAAAAAAAAAAAAAAAAAAABAAAAAAAAAAEAAAAAAAAAAIAAAAAAAAAAgAAAAAAAAA --field-trial-handle=2044,i,8528152345874284265,13457465882528845703,262144 --enable-features=PdfUseShowSaveFilePicker --disable-features=SpareRendererForSitePerProcess,WinDelaySpellcheckServiceInit --variations-seed-version --mojo-platform-channel-handle=2032 /prefetch:2","localhost","ea7bfcc2-2263-4c1b-91c4-7992054991fb","False","df34afb5-1e8a-4880-8a28-6e0722507204"
"2026-08-05T19:07:37.7422926+08:00","194.692","37640","3496","electron.exe","2026/8/5 19:06:46","0.141","51.6","""C:\Program Files\Blackmagic Design\DaVinci Resolve\Electron\electron.exe"" --type=utility --utility-sub-type=network.mojom.NetworkService --lang=zh-CN --service-sandbox-type=none --user-data-dir=""C:\Users\Administrator\AppData\Roaming\Clackly Workflow Plugin"" --field-trial-handle=2044,i,8528152345874284265,13457465882528845703,262144 --enable-features=PdfUseShowSaveFilePicker --disable-features=SpareRendererForSitePerProcess,WinDelaySpellcheckServiceInit --variations-seed-version --mojo-platform-channel-handle=2232 /prefetch:11","localhost","ea7bfcc2-2263-4c1b-91c4-7992054991fb","False","df34afb5-1e8a-4880-8a28-6e0722507204"
"2026-08-05T19:07:37.7422926+08:00","194.692","15532","3496","electron.exe","2026/8/5 19:06:46","0.141","88.7","""C:\Program Files\Blackmagic Design\DaVinci Resolve\Electron\electron.exe"" --type=renderer --user-data-dir=""C:\Users\Administrator\AppData\Roaming\Clackly Workflow Plugin"" --app-path=""C:\ProgramData\Blackmagic Design\DaVinci Resolve\Support\Workflow Integration Plugins\com.wutpeach.clackly\workflow-plugin"" --no-sandbox --no-zygote --video-capture-use-gpu-memory-buffer --lang=zh-CN --device-scale-factor=1 --num-raster-threads=4 --enable-main-frame-before-activation --renderer-client-id=4 --time-ticks-at-unix-epoch=-1785918640205991 --launch-time-ticks=9366284582 --field-trial-handle=2044,i,8528152345874284265,13457465882528845703,262144 --enable-features=PdfUseShowSaveFilePicker --disable-features=SpareRendererForSitePerProcess,WinDelaySpellcheckServiceInit --variations-seed-version --mojo-platform-channel-handle=3280 /prefetch:1","localhost","ea7bfcc2-2263-4c1b-91c4-7992054991fb","False","df34afb5-1e8a-4880-8a28-6e0722507204"
"2026-08-05T19:07:39.7575591+08:00","202.759","17944","13664","Resolve.exe","2026/8/5 19:06:28","35.438","2495.6","""C:\Program Files\Blackmagic Design\DaVinci Resolve\Resolve.exe"" ","localhost","ea7bfcc2-2263-4c1b-91c4-7992054991fb","False","df34afb5-1e8a-4880-8a28-6e0722507204"
"2026-08-05T19:07:39.7575591+08:00","202.759","3496","17944","electron.exe","2026/8/5 19:06:46","0.422","106.2","""C:/Program Files/Blackmagic Design/DaVinci Resolve\Electron\electron.exe"" ""C:\ProgramData\Blackmagic Design\DaVinci Resolve\Support\Workflow Integration Plugins\com.wutpeach.clackly\workflow-plugin/main.js"" --plugin-id=com.wutpeach.clackly","localhost","ea7bfcc2-2263-4c1b-91c4-7992054991fb","False","df34afb5-1e8a-4880-8a28-6e0722507204"
"2026-08-05T19:07:39.7575591+08:00","204.162","10124","3496","electron.exe","2026/8/5 19:06:46","0.766","111.9","""C:\Program Files\Blackmagic Design\DaVinci Resolve\Electron\electron.exe"" --type=gpu-process --user-data-dir=""C:\Users\Administrator\AppData\Roaming\Clackly Workflow Plugin"" --gpu-preferences=UAAAAAAAAADgAAAEAAAAAAAAAAAAAAAAAABgAAEAAAAAAAAAAAAAAAAAAAACAAAAAAAAAAAAAAAAAAAAAAAAABAAAAAAAAAAEAAAAAAAAAAIAAAAAAAAAAgAAAAAAAAA --field-trial-handle=2044,i,8528152345874284265,13457465882528845703,262144 --enable-features=PdfUseShowSaveFilePicker --disable-features=SpareRendererForSitePerProcess,WinDelaySpellcheckServiceInit --variations-seed-version --mojo-platform-channel-handle=2032 /prefetch:2","localhost","ea7bfcc2-2263-4c1b-91c4-7992054991fb","False","df34afb5-1e8a-4880-8a28-6e0722507204"
"2026-08-05T19:07:39.7575591+08:00","204.162","37640","3496","electron.exe","2026/8/5 19:06:46","0.141","51.6","""C:\Program Files\Blackmagic Design\DaVinci Resolve\Electron\electron.exe"" --type=utility --utility-sub-type=network.mojom.NetworkService --lang=zh-CN --service-sandbox-type=none --user-data-dir=""C:\Users\Administrator\AppData\Roaming\Clackly Workflow Plugin"" --field-trial-handle=2044,i,8528152345874284265,13457465882528845703,262144 --enable-features=PdfUseShowSaveFilePicker --disable-features=SpareRendererForSitePerProcess,WinDelaySpellcheckServiceInit --variations-seed-version --mojo-platform-channel-handle=2232 /prefetch:11","localhost","ea7bfcc2-2263-4c1b-91c4-7992054991fb","False","df34afb5-1e8a-4880-8a28-6e0722507204"
"2026-08-05T19:07:39.7575591+08:00","204.162","15532","3496","electron.exe","2026/8/5 19:06:46","0.141","88.7","""C:\Program Files\Blackmagic Design\DaVinci Resolve\Electron\electron.exe"" --type=renderer --user-data-dir=""C:\Users\Administrator\AppData\Roaming\Clackly Workflow Plugin"" --app-path=""C:\ProgramData\Blackmagic Design\DaVinci Resolve\Support\Workflow Integration Plugins\com.wutpeach.clackly\workflow-plugin"" --no-sandbox --no-zygote --video-capture-use-gpu-memory-buffer --lang=zh-CN --device-scale-factor=1 --num-raster-threads=4 --enable-main-frame-before-activation --renderer-client-id=4 --time-ticks-at-unix-epoch=-1785918640205991 --launch-time-ticks=9366284582 --field-trial-handle=2044,i,8528152345874284265,13457465882528845703,262144 --enable-features=PdfUseShowSaveFilePicker --disable-features=SpareRendererForSitePerProcess,WinDelaySpellcheckServiceInit --variations-seed-version --mojo-platform-channel-handle=3280 /prefetch:1","localhost","ea7bfcc2-2263-4c1b-91c4-7992054991fb","False","df34afb5-1e8a-4880-8a28-6e0722507204"
"2026-08-05T19:07:41.7703002+08:00","211.848","17944","13664","Resolve.exe","2026/8/5 19:06:28","35.578","2495.6","""C:\Program Files\Blackmagic Design\DaVinci Resolve\Resolve.exe"" ","localhost","ea7bfcc2-2263-4c1b-91c4-7992054991fb","False","df34afb5-1e8a-4880-8a28-6e0722507204"
"2026-08-05T19:07:41.7703002+08:00","211.848","3496","17944","electron.exe","2026/8/5 19:06:46","0.422","106.2","""C:/Program Files/Blackmagic Design/DaVinci Resolve\Electron\electron.exe"" ""C:\ProgramData\Blackmagic Design\DaVinci Resolve\Support\Workflow Integration Plugins\com.wutpeach.clackly\workflow-plugin/main.js"" --plugin-id=com.wutpeach.clackly","localhost","ea7bfcc2-2263-4c1b-91c4-7992054991fb","False","df34afb5-1e8a-4880-8a28-6e0722507204"
"2026-08-05T19:07:41.7703002+08:00","211.848","10124","3496","electron.exe","2026/8/5 19:06:46","0.766","111.9","""C:\Program Files\Blackmagic Design\DaVinci Resolve\Electron\electron.exe"" --type=gpu-process --user-data-dir=""C:\Users\Administrator\AppData\Roaming\Clackly Workflow Plugin"" --gpu-preferences=UAAAAAAAAADgAAAEAAAAAAAAAAAAAAAAAABgAAEAAAAAAAAAAAAAAAAAAAACAAAAAAAAAAAAAAAAAAAAAAAAABAAAAAAAAAAEAAAAAAAAAAIAAAAAAAAAAgAAAAAAAAA --field-trial-handle=2044,i,8528152345874284265,13457465882528845703,262144 --enable-features=PdfUseShowSaveFilePicker --disable-features=SpareRendererForSitePerProcess,WinDelaySpellcheckServiceInit --variations-seed-version --mojo-platform-channel-handle=2032 /prefetch:2","localhost","ea7bfcc2-2263-4c1b-91c4-7992054991fb","False","df34afb5-1e8a-4880-8a28-6e0722507204"
"2026-08-05T19:07:41.7703002+08:00","211.848","37640","3496","electron.exe","2026/8/5 19:06:46","0.141","51.6","""C:\Program Files\Blackmagic Design\DaVinci Resolve\Electron\electron.exe"" --type=utility --utility-sub-type=network.mojom.NetworkService --lang=zh-CN --service-sandbox-type=none --user-data-dir=""C:\Users\Administrator\AppData\Roaming\Clackly Workflow Plugin"" --field-trial-handle=2044,i,8528152345874284265,13457465882528845703,262144 --enable-features=PdfUseShowSaveFilePicker --disable-features=SpareRendererForSitePerProcess,WinDelaySpellcheckServiceInit --variations-seed-version --mojo-platform-channel-handle=2232 /prefetch:11","localhost","ea7bfcc2-2263-4c1b-91c4-7992054991fb","False","df34afb5-1e8a-4880-8a28-6e0722507204"
"2026-08-05T19:07:41.7703002+08:00","211.848","15532","3496","electron.exe","2026/8/5 19:06:46","0.141","88.7","""C:\Program Files\Blackmagic Design\DaVinci Resolve\Electron\electron.exe"" --type=renderer --user-data-dir=""C:\Users\Administrator\AppData\Roaming\Clackly Workflow Plugin"" --app-path=""C:\ProgramData\Blackmagic Design\DaVinci Resolve\Support\Workflow Integration Plugins\com.wutpeach.clackly\workflow-plugin"" --no-sandbox --no-zygote --video-capture-use-gpu-memory-buffer --lang=zh-CN --device-scale-factor=1 --num-raster-threads=4 --enable-main-frame-before-activation --renderer-client-id=4 --time-ticks-at-unix-epoch=-1785918640205991 --launch-time-ticks=9366284582 --field-trial-handle=2044,i,8528152345874284265,13457465882528845703,262144 --enable-features=PdfUseShowSaveFilePicker --disable-features=SpareRendererForSitePerProcess,WinDelaySpellcheckServiceInit --variations-seed-version --mojo-platform-channel-handle=3280 /prefetch:1","localhost","ea7bfcc2-2263-4c1b-91c4-7992054991fb","False","df34afb5-1e8a-4880-8a28-6e0722507204"
"2026-08-05T19:07:43.7775192+08:00","226.474","17944","13664","Resolve.exe","2026/8/5 19:06:28","35.891","2495.6","""C:\Program Files\Blackmagic Design\DaVinci Resolve\Resolve.exe"" ","localhost","ea7bfcc2-2263-4c1b-91c4-7992054991fb","False","df34afb5-1e8a-4880-8a28-6e0722507204"
"2026-08-05T19:07:43.7775192+08:00","226.474","3496","17944","electron.exe","2026/8/5 19:06:46","0.422","106.2","""C:/Program Files/Blackmagic Design/DaVinci Resolve\Electron\electron.exe"" ""C:\ProgramData\Blackmagic Design\DaVinci Resolve\Support\Workflow Integration Plugins\com.wutpeach.clackly\workflow-plugin/main.js"" --plugin-id=com.wutpeach.clackly","localhost","ea7bfcc2-2263-4c1b-91c4-7992054991fb","False","df34afb5-1e8a-4880-8a28-6e0722507204"
"2026-08-05T19:07:43.7775192+08:00","226.474","10124","3496","electron.exe","2026/8/5 19:06:46","0.766","111.9","""C:\Program Files\Blackmagic Design\DaVinci Resolve\Electron\electron.exe"" --type=gpu-process --user-data-dir=""C:\Users\Administrator\AppData\Roaming\Clackly Workflow Plugin"" --gpu-preferences=UAAAAAAAAADgAAAEAAAAAAAAAAAAAAAAAABgAAEAAAAAAAAAAAAAAAAAAAACAAAAAAAAAAAAAAAAAAAAAAAAABAAAAAAAAAAEAAAAAAAAAAIAAAAAAAAAAgAAAAAAAAA --field-trial-handle=2044,i,8528152345874284265,13457465882528845703,262144 --enable-features=PdfUseShowSaveFilePicker --disable-features=SpareRendererForSitePerProcess,WinDelaySpellcheckServiceInit --variations-seed-version --mojo-platform-channel-handle=2032 /prefetch:2","localhost","ea7bfcc2-2263-4c1b-91c4-7992054991fb","False","df34afb5-1e8a-4880-8a28-6e0722507204"
"2026-08-05T19:07:43.7775192+08:00","227.474","37640","3496","electron.exe","2026/8/5 19:06:46","0.141","51.6","""C:\Program Files\Blackmagic Design\DaVinci Resolve\Electron\electron.exe"" --type=utility --utility-sub-type=network.mojom.NetworkService --lang=zh-CN --service-sandbox-type=none --user-data-dir=""C:\Users\Administrator\AppData\Roaming\Clackly Workflow Plugin"" --field-trial-handle=2044,i,8528152345874284265,13457465882528845703,262144 --enable-features=PdfUseShowSaveFilePicker --disable-features=SpareRendererForSitePerProcess,WinDelaySpellcheckServiceInit --variations-seed-version --mojo-platform-channel-handle=2232 /prefetch:11","localhost","ea7bfcc2-2263-4c1b-91c4-7992054991fb","False","df34afb5-1e8a-4880-8a28-6e0722507204"
"2026-08-05T19:07:43.7775192+08:00","227.474","15532","3496","electron.exe","2026/8/5 19:06:46","0.141","88.7","""C:\Program Files\Blackmagic Design\DaVinci Resolve\Electron\electron.exe"" --type=renderer --user-data-dir=""C:\Users\Administrator\AppData\Roaming\Clackly Workflow Plugin"" --app-path=""C:\ProgramData\Blackmagic Design\DaVinci Resolve\Support\Workflow Integration Plugins\com.wutpeach.clackly\workflow-plugin"" --no-sandbox --no-zygote --video-capture-use-gpu-memory-buffer --lang=zh-CN --device-scale-factor=1 --num-raster-threads=4 --enable-main-frame-before-activation --renderer-client-id=4 --time-ticks-at-unix-epoch=-1785918640205991 --launch-time-ticks=9366284582 --field-trial-handle=2044,i,8528152345874284265,13457465882528845703,262144 --enable-features=PdfUseShowSaveFilePicker --disable-features=SpareRendererForSitePerProcess,WinDelaySpellcheckServiceInit --variations-seed-version --mojo-platform-channel-handle=3280 /prefetch:1","localhost","ea7bfcc2-2263-4c1b-91c4-7992054991fb","False","df34afb5-1e8a-4880-8a28-6e0722507204"
"2026-08-05T19:07:45.7922695+08:00","206.924","17944","13664","Resolve.exe","2026/8/5 19:06:28","36.016","2495.6","""C:\Program Files\Blackmagic Design\DaVinci Resolve\Resolve.exe"" ","localhost","ea7bfcc2-2263-4c1b-91c4-7992054991fb","False","df34afb5-1e8a-4880-8a28-6e0722507204"
"2026-08-05T19:07:45.7922695+08:00","206.924","3496","17944","electron.exe","2026/8/5 19:06:46","0.422","106.2","""C:/Program Files/Blackmagic Design/DaVinci Resolve\Electron\electron.exe"" ""C:\ProgramData\Blackmagic Design\DaVinci Resolve\Support\Workflow Integration Plugins\com.wutpeach.clackly\workflow-plugin/main.js"" --plugin-id=com.wutpeach.clackly","localhost","ea7bfcc2-2263-4c1b-91c4-7992054991fb","False","df34afb5-1e8a-4880-8a28-6e0722507204"
"2026-08-05T19:07:45.7922695+08:00","206.924","10124","3496","electron.exe","2026/8/5 19:06:46","0.766","111.9","""C:\Program Files\Blackmagic Design\DaVinci Resolve\Electron\electron.exe"" --type=gpu-process --user-data-dir=""C:\Users\Administrator\AppData\Roaming\Clackly Workflow Plugin"" --gpu-preferences=UAAAAAAAAADgAAAEAAAAAAAAAAAAAAAAAABgAAEAAAAAAAAAAAAAAAAAAAACAAAAAAAAAAAAAAAAAAAAAAAAABAAAAAAAAAAEAAAAAAAAAAIAAAAAAAAAAgAAAAAAAAA --field-trial-handle=2044,i,8528152345874284265,13457465882528845703,262144 --enable-features=PdfUseShowSaveFilePicker --disable-features=SpareRendererForSitePerProcess,WinDelaySpellcheckServiceInit --variations-seed-version --mojo-platform-channel-handle=2032 /prefetch:2","localhost","ea7bfcc2-2263-4c1b-91c4-7992054991fb","False","df34afb5-1e8a-4880-8a28-6e0722507204"
"2026-08-05T19:07:45.7922695+08:00","206.924","37640","3496","electron.exe","2026/8/5 19:06:46","0.141","51.6","""C:\Program Files\Blackmagic Design\DaVinci Resolve\Electron\electron.exe"" --type=utility --utility-sub-type=network.mojom.NetworkService --lang=zh-CN --service-sandbox-type=none --user-data-dir=""C:\Users\Administrator\AppData\Roaming\Clackly Workflow Plugin"" --field-trial-handle=2044,i,8528152345874284265,13457465882528845703,262144 --enable-features=PdfUseShowSaveFilePicker --disable-features=SpareRendererForSitePerProcess,WinDelaySpellcheckServiceInit --variations-seed-version --mojo-platform-channel-handle=2232 /prefetch:11","localhost","ea7bfcc2-2263-4c1b-91c4-7992054991fb","False","df34afb5-1e8a-4880-8a28-6e0722507204"
"2026-08-05T19:07:45.7922695+08:00","206.924","15532","3496","electron.exe","2026/8/5 19:06:46","0.141","88.7","""C:\Program Files\Blackmagic Design\DaVinci Resolve\Electron\electron.exe"" --type=renderer --user-data-dir=""C:\Users\Administrator\AppData\Roaming\Clackly Workflow Plugin"" --app-path=""C:\ProgramData\Blackmagic Design\DaVinci Resolve\Support\Workflow Integration Plugins\com.wutpeach.clackly\workflow-plugin"" --no-sandbox --no-zygote --video-capture-use-gpu-memory-buffer --lang=zh-CN --device-scale-factor=1 --num-raster-threads=4 --enable-main-frame-before-activation --renderer-client-id=4 --time-ticks-at-unix-epoch=-1785918640205991 --launch-time-ticks=9366284582 --field-trial-handle=2044,i,8528152345874284265,13457465882528845703,262144 --enable-features=PdfUseShowSaveFilePicker --disable-features=SpareRendererForSitePerProcess,WinDelaySpellcheckServiceInit --variations-seed-version --mojo-platform-channel-handle=3280 /prefetch:1","localhost","ea7bfcc2-2263-4c1b-91c4-7992054991fb","False","df34afb5-1e8a-4880-8a28-6e0722507204"
"2026-08-05T19:07:47.7967421+08:00","207.793","17944","13664","Resolve.exe","2026/8/5 19:06:28","36.266","2495.6","""C:\Program Files\Blackmagic Design\DaVinci Resolve\Resolve.exe"" ","localhost","ea7bfcc2-2263-4c1b-91c4-7992054991fb","False","df34afb5-1e8a-4880-8a28-6e0722507204"
"2026-08-05T19:07:47.7967421+08:00","207.793","3496","17944","electron.exe","2026/8/5 19:06:46","0.422","105.3","""C:/Program Files/Blackmagic Design/DaVinci Resolve\Electron\electron.exe"" ""C:\ProgramData\Blackmagic Design\DaVinci Resolve\Support\Workflow Integration Plugins\com.wutpeach.clackly\workflow-plugin/main.js"" --plugin-id=com.wutpeach.clackly","localhost","ea7bfcc2-2263-4c1b-91c4-7992054991fb","False","df34afb5-1e8a-4880-8a28-6e0722507204"
"2026-08-05T19:07:47.7967421+08:00","207.793","10124","3496","electron.exe","2026/8/5 19:06:46","0.766","111.2","""C:\Program Files\Blackmagic Design\DaVinci Resolve\Electron\electron.exe"" --type=gpu-process --user-data-dir=""C:\Users\Administrator\AppData\Roaming\Clackly Workflow Plugin"" --gpu-preferences=UAAAAAAAAADgAAAEAAAAAAAAAAAAAAAAAABgAAEAAAAAAAAAAAAAAAAAAAACAAAAAAAAAAAAAAAAAAAAAAAAABAAAAAAAAAAEAAAAAAAAAAIAAAAAAAAAAgAAAAAAAAA --field-trial-handle=2044,i,8528152345874284265,13457465882528845703,262144 --enable-features=PdfUseShowSaveFilePicker --disable-features=SpareRendererForSitePerProcess,WinDelaySpellcheckServiceInit --variations-seed-version --mojo-platform-channel-handle=2032 /prefetch:2","localhost","ea7bfcc2-2263-4c1b-91c4-7992054991fb","False","df34afb5-1e8a-4880-8a28-6e0722507204"
"2026-08-05T19:07:47.7967421+08:00","207.793","37640","3496","electron.exe","2026/8/5 19:06:46","0.141","51.5","""C:\Program Files\Blackmagic Design\DaVinci Resolve\Electron\electron.exe"" --type=utility --utility-sub-type=network.mojom.NetworkService --lang=zh-CN --service-sandbox-type=none --user-data-dir=""C:\Users\Administrator\AppData\Roaming\Clackly Workflow Plugin"" --field-trial-handle=2044,i,8528152345874284265,13457465882528845703,262144 --enable-features=PdfUseShowSaveFilePicker --disable-features=SpareRendererForSitePerProcess,WinDelaySpellcheckServiceInit --variations-seed-version --mojo-platform-channel-handle=2232 /prefetch:11","localhost","ea7bfcc2-2263-4c1b-91c4-7992054991fb","False","df34afb5-1e8a-4880-8a28-6e0722507204"
"2026-08-05T19:07:47.7967421+08:00","207.793","15532","3496","electron.exe","2026/8/5 19:06:46","0.141","88.7","""C:\Program Files\Blackmagic Design\DaVinci Resolve\Electron\electron.exe"" --type=renderer --user-data-dir=""C:\Users\Administrator\AppData\Roaming\Clackly Workflow Plugin"" --app-path=""C:\ProgramData\Blackmagic Design\DaVinci Resolve\Support\Workflow Integration Plugins\com.wutpeach.clackly\workflow-plugin"" --no-sandbox --no-zygote --video-capture-use-gpu-memory-buffer --lang=zh-CN --device-scale-factor=1 --num-raster-threads=4 --enable-main-frame-before-activation --renderer-client-id=4 --time-ticks-at-unix-epoch=-1785918640205991 --launch-time-ticks=9366284582 --field-trial-handle=2044,i,8528152345874284265,13457465882528845703,262144 --enable-features=PdfUseShowSaveFilePicker --disable-features=SpareRendererForSitePerProcess,WinDelaySpellcheckServiceInit --variations-seed-version --mojo-platform-channel-handle=3280 /prefetch:1","localhost","ea7bfcc2-2263-4c1b-91c4-7992054991fb","False","df34afb5-1e8a-4880-8a28-6e0722507204"
"2026-08-05T19:07:49.8080134+08:00","220.634","17944","13664","Resolve.exe","2026/8/5 19:06:28","36.281","2495.6","""C:\Program Files\Blackmagic Design\DaVinci Resolve\Resolve.exe"" ","localhost","ea7bfcc2-2263-4c1b-91c4-7992054991fb","False","df34afb5-1e8a-4880-8a28-6e0722507204"
"2026-08-05T19:07:49.8080134+08:00","220.634","3496","17944","electron.exe","2026/8/5 19:06:46","0.422","105.3","""C:/Program Files/Blackmagic Design/DaVinci Resolve\Electron\electron.exe"" ""C:\ProgramData\Blackmagic Design\DaVinci Resolve\Support\Workflow Integration Plugins\com.wutpeach.clackly\workflow-plugin/main.js"" --plugin-id=com.wutpeach.clackly","localhost","ea7bfcc2-2263-4c1b-91c4-7992054991fb","False","df34afb5-1e8a-4880-8a28-6e0722507204"
"2026-08-05T19:07:49.8080134+08:00","220.634","10124","3496","electron.exe","2026/8/5 19:06:46","0.766","111.2","""C:\Program Files\Blackmagic Design\DaVinci Resolve\Electron\electron.exe"" --type=gpu-process --user-data-dir=""C:\Users\Administrator\AppData\Roaming\Clackly Workflow Plugin"" --gpu-preferences=UAAAAAAAAADgAAAEAAAAAAAAAAAAAAAAAABgAAEAAAAAAAAAAAAAAAAAAAACAAAAAAAAAAAAAAAAAAAAAAAAABAAAAAAAAAAEAAAAAAAAAAIAAAAAAAAAAgAAAAAAAAA --field-trial-handle=2044,i,8528152345874284265,13457465882528845703,262144 --enable-features=PdfUseShowSaveFilePicker --disable-features=SpareRendererForSitePerProcess,WinDelaySpellcheckServiceInit --variations-seed-version --mojo-platform-channel-handle=2032 /prefetch:2","localhost","ea7bfcc2-2263-4c1b-91c4-7992054991fb","False","df34afb5-1e8a-4880-8a28-6e0722507204"
"2026-08-05T19:07:49.8080134+08:00","220.634","37640","3496","electron.exe","2026/8/5 19:06:46","0.141","51.5","""C:\Program Files\Blackmagic Design\DaVinci Resolve\Electron\electron.exe"" --type=utility --utility-sub-type=network.mojom.NetworkService --lang=zh-CN --service-sandbox-type=none --user-data-dir=""C:\Users\Administrator\AppData\Roaming\Clackly Workflow Plugin"" --field-trial-handle=2044,i,8528152345874284265,13457465882528845703,262144 --enable-features=PdfUseShowSaveFilePicker --disable-features=SpareRendererForSitePerProcess,WinDelaySpellcheckServiceInit --variations-seed-version --mojo-platform-channel-handle=2232 /prefetch:11","localhost","ea7bfcc2-2263-4c1b-91c4-7992054991fb","False","df34afb5-1e8a-4880-8a28-6e0722507204"
"2026-08-05T19:07:49.8080134+08:00","220.634","15532","3496","electron.exe","2026/8/5 19:06:46","0.141","88.7","""C:\Program Files\Blackmagic Design\DaVinci Resolve\Electron\electron.exe"" --type=renderer --user-data-dir=""C:\Users\Administrator\AppData\Roaming\Clackly Workflow Plugin"" --app-path=""C:\ProgramData\Blackmagic Design\DaVinci Resolve\Support\Workflow Integration Plugins\com.wutpeach.clackly\workflow-plugin"" --no-sandbox --no-zygote --video-capture-use-gpu-memory-buffer --lang=zh-CN --device-scale-factor=1 --num-raster-threads=4 --enable-main-frame-before-activation --renderer-client-id=4 --time-ticks-at-unix-epoch=-1785918640205991 --launch-time-ticks=9366284582 --field-trial-handle=2044,i,8528152345874284265,13457465882528845703,262144 --enable-features=PdfUseShowSaveFilePicker --disable-features=SpareRendererForSitePerProcess,WinDelaySpellcheckServiceInit --variations-seed-version --mojo-platform-channel-handle=3280 /prefetch:1","localhost","ea7bfcc2-2263-4c1b-91c4-7992054991fb","False","df34afb5-1e8a-4880-8a28-6e0722507204"
"2026-08-05T19:07:51.8210307+08:00","240.377","17944","13664","Resolve.exe","2026/8/5 19:06:28","36.484","2495.6","""C:\Program Files\Blackmagic Design\DaVinci Resolve\Resolve.exe"" ","localhost","ea7bfcc2-2263-4c1b-91c4-7992054991fb","False","df34afb5-1e8a-4880-8a28-6e0722507204"
"2026-08-05T19:07:51.8210307+08:00","240.377","3496","17944","electron.exe","2026/8/5 19:06:46","0.422","105.3","""C:/Program Files/Blackmagic Design/DaVinci Resolve\Electron\electron.exe"" ""C:\ProgramData\Blackmagic Design\DaVinci Resolve\Support\Workflow Integration Plugins\com.wutpeach.clackly\workflow-plugin/main.js"" --plugin-id=com.wutpeach.clackly","localhost","ea7bfcc2-2263-4c1b-91c4-7992054991fb","False","df34afb5-1e8a-4880-8a28-6e0722507204"
"2026-08-05T19:07:51.8210307+08:00","240.377","10124","3496","electron.exe","2026/8/5 19:06:46","0.766","111.2","""C:\Program Files\Blackmagic Design\DaVinci Resolve\Electron\electron.exe"" --type=gpu-process --user-data-dir=""C:\Users\Administrator\AppData\Roaming\Clackly Workflow Plugin"" --gpu-preferences=UAAAAAAAAADgAAAEAAAAAAAAAAAAAAAAAABgAAEAAAAAAAAAAAAAAAAAAAACAAAAAAAAAAAAAAAAAAAAAAAAABAAAAAAAAAAEAAAAAAAAAAIAAAAAAAAAAgAAAAAAAAA --field-trial-handle=2044,i,8528152345874284265,13457465882528845703,262144 --enable-features=PdfUseShowSaveFilePicker --disable-features=SpareRendererForSitePerProcess,WinDelaySpellcheckServiceInit --variations-seed-version --mojo-platform-channel-handle=2032 /prefetch:2","localhost","ea7bfcc2-2263-4c1b-91c4-7992054991fb","False","df34afb5-1e8a-4880-8a28-6e0722507204"
"2026-08-05T19:07:51.8210307+08:00","240.377","37640","3496","electron.exe","2026/8/5 19:06:46","0.141","51.5","""C:\Program Files\Blackmagic Design\DaVinci Resolve\Electron\electron.exe"" --type=utility --utility-sub-type=network.mojom.NetworkService --lang=zh-CN --service-sandbox-type=none --user-data-dir=""C:\Users\Administrator\AppData\Roaming\Clackly Workflow Plugin"" --field-trial-handle=2044,i,8528152345874284265,13457465882528845703,262144 --enable-features=PdfUseShowSaveFilePicker --disable-features=SpareRendererForSitePerProcess,WinDelaySpellcheckServiceInit --variations-seed-version --mojo-platform-channel-handle=2232 /prefetch:11","localhost","ea7bfcc2-2263-4c1b-91c4-7992054991fb","False","df34afb5-1e8a-4880-8a28-6e0722507204"
"2026-08-05T19:07:51.8210307+08:00","240.377","15532","3496","electron.exe","2026/8/5 19:06:46","0.141","88.7","""C:\Program Files\Blackmagic Design\DaVinci Resolve\Electron\electron.exe"" --type=renderer --user-data-dir=""C:\Users\Administrator\AppData\Roaming\Clackly Workflow Plugin"" --app-path=""C:\ProgramData\Blackmagic Design\DaVinci Resolve\Support\Workflow Integration Plugins\com.wutpeach.clackly\workflow-plugin"" --no-sandbox --no-zygote --video-capture-use-gpu-memory-buffer --lang=zh-CN --device-scale-factor=1 --num-raster-threads=4 --enable-main-frame-before-activation --renderer-client-id=4 --time-ticks-at-unix-epoch=-1785918640205991 --launch-time-ticks=9366284582 --field-trial-handle=2044,i,8528152345874284265,13457465882528845703,262144 --enable-features=PdfUseShowSaveFilePicker --disable-features=SpareRendererForSitePerProcess,WinDelaySpellcheckServiceInit --variations-seed-version --mojo-platform-channel-handle=3280 /prefetch:1","localhost","ea7bfcc2-2263-4c1b-91c4-7992054991fb","False","df34afb5-1e8a-4880-8a28-6e0722507204"
"2026-08-05T19:07:53.8345262+08:00","198.372","17944","13664","Resolve.exe","2026/8/5 19:06:28","36.531","2495.6","""C:\Program Files\Blackmagic Design\DaVinci Resolve\Resolve.exe"" ","localhost","ea7bfcc2-2263-4c1b-91c4-7992054991fb","False","df34afb5-1e8a-4880-8a28-6e0722507204"
"2026-08-05T19:07:53.8345262+08:00","199.534","3496","17944","electron.exe","2026/8/5 19:06:46","0.422","105.3","""C:/Program Files/Blackmagic Design/DaVinci Resolve\Electron\electron.exe"" ""C:\ProgramData\Blackmagic Design\DaVinci Resolve\Support\Workflow Integration Plugins\com.wutpeach.clackly\workflow-plugin/main.js"" --plugin-id=com.wutpeach.clackly","localhost","ea7bfcc2-2263-4c1b-91c4-7992054991fb","False","df34afb5-1e8a-4880-8a28-6e0722507204"
"2026-08-05T19:07:53.8345262+08:00","199.534","10124","3496","electron.exe","2026/8/5 19:06:46","0.766","111.2","""C:\Program Files\Blackmagic Design\DaVinci Resolve\Electron\electron.exe"" --type=gpu-process --user-data-dir=""C:\Users\Administrator\AppData\Roaming\Clackly Workflow Plugin"" --gpu-preferences=UAAAAAAAAADgAAAEAAAAAAAAAAAAAAAAAABgAAEAAAAAAAAAAAAAAAAAAAACAAAAAAAAAAAAAAAAAAAAAAAAABAAAAAAAAAAEAAAAAAAAAAIAAAAAAAAAAgAAAAAAAAA --field-trial-handle=2044,i,8528152345874284265,13457465882528845703,262144 --enable-features=PdfUseShowSaveFilePicker --disable-features=SpareRendererForSitePerProcess,WinDelaySpellcheckServiceInit --variations-seed-version --mojo-platform-channel-handle=2032 /prefetch:2","localhost","ea7bfcc2-2263-4c1b-91c4-7992054991fb","False","df34afb5-1e8a-4880-8a28-6e0722507204"
"2026-08-05T19:07:53.8345262+08:00","199.534","37640","3496","electron.exe","2026/8/5 19:06:46","0.141","51.5","""C:\Program Files\Blackmagic Design\DaVinci Resolve\Electron\electron.exe"" --type=utility --utility-sub-type=network.mojom.NetworkService --lang=zh-CN --service-sandbox-type=none --user-data-dir=""C:\Users\Administrator\AppData\Roaming\Clackly Workflow Plugin"" --field-trial-handle=2044,i,8528152345874284265,13457465882528845703,262144 --enable-features=PdfUseShowSaveFilePicker --disable-features=SpareRendererForSitePerProcess,WinDelaySpellcheckServiceInit --variations-seed-version --mojo-platform-channel-handle=2232 /prefetch:11","localhost","ea7bfcc2-2263-4c1b-91c4-7992054991fb","False","df34afb5-1e8a-4880-8a28-6e0722507204"
"2026-08-05T19:07:53.8345262+08:00","199.534","15532","3496","electron.exe","2026/8/5 19:06:46","0.141","88.7","""C:\Program Files\Blackmagic Design\DaVinci Resolve\Electron\electron.exe"" --type=renderer --user-data-dir=""C:\Users\Administrator\AppData\Roaming\Clackly Workflow Plugin"" --app-path=""C:\ProgramData\Blackmagic Design\DaVinci Resolve\Support\Workflow Integration Plugins\com.wutpeach.clackly\workflow-plugin"" --no-sandbox --no-zygote --video-capture-use-gpu-memory-buffer --lang=zh-CN --device-scale-factor=1 --num-raster-threads=4 --enable-main-frame-before-activation --renderer-client-id=4 --time-ticks-at-unix-epoch=-1785918640205991 --launch-time-ticks=9366284582 --field-trial-handle=2044,i,8528152345874284265,13457465882528845703,262144 --enable-features=PdfUseShowSaveFilePicker --disable-features=SpareRendererForSitePerProcess,WinDelaySpellcheckServiceInit --variations-seed-version --mojo-platform-channel-handle=3280 /prefetch:1","localhost","ea7bfcc2-2263-4c1b-91c4-7992054991fb","False","df34afb5-1e8a-4880-8a28-6e0722507204"
"2026-08-05T19:07:55.8369949+08:00","212.866","17944","13664","Resolve.exe","2026/8/5 19:06:28","36.625","2495.6","""C:\Program Files\Blackmagic Design\DaVinci Resolve\Resolve.exe"" ","localhost","ea7bfcc2-2263-4c1b-91c4-7992054991fb","False","df34afb5-1e8a-4880-8a28-6e0722507204"
"2026-08-05T19:07:55.8369949+08:00","212.866","3496","17944","electron.exe","2026/8/5 19:06:46","0.422","105.3","""C:/Program Files/Blackmagic Design/DaVinci Resolve\Electron\electron.exe"" ""C:\ProgramData\Blackmagic Design\DaVinci Resolve\Support\Workflow Integration Plugins\com.wutpeach.clackly\workflow-plugin/main.js"" --plugin-id=com.wutpeach.clackly","localhost","ea7bfcc2-2263-4c1b-91c4-7992054991fb","False","df34afb5-1e8a-4880-8a28-6e0722507204"
"2026-08-05T19:07:55.8369949+08:00","212.866","10124","3496","electron.exe","2026/8/5 19:06:46","0.766","111.2","""C:\Program Files\Blackmagic Design\DaVinci Resolve\Electron\electron.exe"" --type=gpu-process --user-data-dir=""C:\Users\Administrator\AppData\Roaming\Clackly Workflow Plugin"" --gpu-preferences=UAAAAAAAAADgAAAEAAAAAAAAAAAAAAAAAABgAAEAAAAAAAAAAAAAAAAAAAACAAAAAAAAAAAAAAAAAAAAAAAAABAAAAAAAAAAEAAAAAAAAAAIAAAAAAAAAAgAAAAAAAAA --field-trial-handle=2044,i,8528152345874284265,13457465882528845703,262144 --enable-features=PdfUseShowSaveFilePicker --disable-features=SpareRendererForSitePerProcess,WinDelaySpellcheckServiceInit --variations-seed-version --mojo-platform-channel-handle=2032 /prefetch:2","localhost","ea7bfcc2-2263-4c1b-91c4-7992054991fb","False","df34afb5-1e8a-4880-8a28-6e0722507204"
"2026-08-05T19:07:55.8369949+08:00","212.866","37640","3496","electron.exe","2026/8/5 19:06:46","0.141","51.5","""C:\Program Files\Blackmagic Design\DaVinci Resolve\Electron\electron.exe"" --type=utility --utility-sub-type=network.mojom.NetworkService --lang=zh-CN --service-sandbox-type=none --user-data-dir=""C:\Users\Administrator\AppData\Roaming\Clackly Workflow Plugin"" --field-trial-handle=2044,i,8528152345874284265,13457465882528845703,262144 --enable-features=PdfUseShowSaveFilePicker --disable-features=SpareRendererForSitePerProcess,WinDelaySpellcheckServiceInit --variations-seed-version --mojo-platform-channel-handle=2232 /prefetch:11","localhost","ea7bfcc2-2263-4c1b-91c4-7992054991fb","False","df34afb5-1e8a-4880-8a28-6e0722507204"
"2026-08-05T19:07:55.8369949+08:00","212.866","15532","3496","electron.exe","2026/8/5 19:06:46","0.141","88.7","""C:\Program Files\Blackmagic Design\DaVinci Resolve\Electron\electron.exe"" --type=renderer --user-data-dir=""C:\Users\Administrator\AppData\Roaming\Clackly Workflow Plugin"" --app-path=""C:\ProgramData\Blackmagic Design\DaVinci Resolve\Support\Workflow Integration Plugins\com.wutpeach.clackly\workflow-plugin"" --no-sandbox --no-zygote --video-capture-use-gpu-memory-buffer --lang=zh-CN --device-scale-factor=1 --num-raster-threads=4 --enable-main-frame-before-activation --renderer-client-id=4 --time-ticks-at-unix-epoch=-1785918640205991 --launch-time-ticks=9366284582 --field-trial-handle=2044,i,8528152345874284265,13457465882528845703,262144 --enable-features=PdfUseShowSaveFilePicker --disable-features=SpareRendererForSitePerProcess,WinDelaySpellcheckServiceInit --variations-seed-version --mojo-platform-channel-handle=3280 /prefetch:1","localhost","ea7bfcc2-2263-4c1b-91c4-7992054991fb","False","df34afb5-1e8a-4880-8a28-6e0722507204"
"2026-08-05T19:07:57.8490340+08:00","188.172","17944","13664","Resolve.exe","2026/8/5 19:06:28","36.844","2495.6","""C:\Program Files\Blackmagic Design\DaVinci Resolve\Resolve.exe"" ","localhost","ea7bfcc2-2263-4c1b-91c4-7992054991fb","False","df34afb5-1e8a-4880-8a28-6e0722507204"
"2026-08-05T19:07:57.8490340+08:00","188.172","3496","17944","electron.exe","2026/8/5 19:06:46","0.422","105.3","""C:/Program Files/Blackmagic Design/DaVinci Resolve\Electron\electron.exe"" ""C:\ProgramData\Blackmagic Design\DaVinci Resolve\Support\Workflow Integration Plugins\com.wutpeach.clackly\workflow-plugin/main.js"" --plugin-id=com.wutpeach.clackly","localhost","ea7bfcc2-2263-4c1b-91c4-7992054991fb","False","df34afb5-1e8a-4880-8a28-6e0722507204"
"2026-08-05T19:07:57.8490340+08:00","188.172","10124","3496","electron.exe","2026/8/5 19:06:46","0.766","111.2","""C:\Program Files\Blackmagic Design\DaVinci Resolve\Electron\electron.exe"" --type=gpu-process --user-data-dir=""C:\Users\Administrator\AppData\Roaming\Clackly Workflow Plugin"" --gpu-preferences=UAAAAAAAAADgAAAEAAAAAAAAAAAAAAAAAABgAAEAAAAAAAAAAAAAAAAAAAACAAAAAAAAAAAAAAAAAAAAAAAAABAAAAAAAAAAEAAAAAAAAAAIAAAAAAAAAAgAAAAAAAAA --field-trial-handle=2044,i,8528152345874284265,13457465882528845703,262144 --enable-features=PdfUseShowSaveFilePicker --disable-features=SpareRendererForSitePerProcess,WinDelaySpellcheckServiceInit --variations-seed-version --mojo-platform-channel-handle=2032 /prefetch:2","localhost","ea7bfcc2-2263-4c1b-91c4-7992054991fb","False","df34afb5-1e8a-4880-8a28-6e0722507204"
"2026-08-05T19:07:57.8490340+08:00","189.172","37640","3496","electron.exe","2026/8/5 19:06:46","0.156","51.6","""C:\Program Files\Blackmagic Design\DaVinci Resolve\Electron\electron.exe"" --type=utility --utility-sub-type=network.mojom.NetworkService --lang=zh-CN --service-sandbox-type=none --user-data-dir=""C:\Users\Administrator\AppData\Roaming\Clackly Workflow Plugin"" --field-trial-handle=2044,i,8528152345874284265,13457465882528845703,262144 --enable-features=PdfUseShowSaveFilePicker --disable-features=SpareRendererForSitePerProcess,WinDelaySpellcheckServiceInit --variations-seed-version --mojo-platform-channel-handle=2232 /prefetch:11","localhost","ea7bfcc2-2263-4c1b-91c4-7992054991fb","False","df34afb5-1e8a-4880-8a28-6e0722507204"
"2026-08-05T19:07:57.8490340+08:00","189.172","15532","3496","electron.exe","2026/8/5 19:06:46","0.141","88.7","""C:\Program Files\Blackmagic Design\DaVinci Resolve\Electron\electron.exe"" --type=renderer --user-data-dir=""C:\Users\Administrator\AppData\Roaming\Clackly Workflow Plugin"" --app-path=""C:\ProgramData\Blackmagic Design\DaVinci Resolve\Support\Workflow Integration Plugins\com.wutpeach.clackly\workflow-plugin"" --no-sandbox --no-zygote --video-capture-use-gpu-memory-buffer --lang=zh-CN --device-scale-factor=1 --num-raster-threads=4 --enable-main-frame-before-activation --renderer-client-id=4 --time-ticks-at-unix-epoch=-1785918640205991 --launch-time-ticks=9366284582 --field-trial-handle=2044,i,8528152345874284265,13457465882528845703,262144 --enable-features=PdfUseShowSaveFilePicker --disable-features=SpareRendererForSitePerProcess,WinDelaySpellcheckServiceInit --variations-seed-version --mojo-platform-channel-handle=3280 /prefetch:1","localhost","ea7bfcc2-2263-4c1b-91c4-7992054991fb","False","df34afb5-1e8a-4880-8a28-6e0722507204"
"2026-08-05T19:07:59.8620538+08:00","213.354","17944","13664","Resolve.exe","2026/8/5 19:06:28","36.969","2495.6","""C:\Program Files\Blackmagic Design\DaVinci Resolve\Resolve.exe"" ","localhost","ea7bfcc2-2263-4c1b-91c4-7992054991fb","False","df34afb5-1e8a-4880-8a28-6e0722507204"
"2026-08-05T19:07:59.8620538+08:00","213.354","3496","17944","electron.exe","2026/8/5 19:06:46","0.422","105.3","""C:/Program Files/Blackmagic Design/DaVinci Resolve\Electron\electron.exe"" ""C:\ProgramData\Blackmagic Design\DaVinci Resolve\Support\Workflow Integration Plugins\com.wutpeach.clackly\workflow-plugin/main.js"" --plugin-id=com.wutpeach.clackly","localhost","ea7bfcc2-2263-4c1b-91c4-7992054991fb","False","df34afb5-1e8a-4880-8a28-6e0722507204"
"2026-08-05T19:07:59.8620538+08:00","213.354","10124","3496","electron.exe","2026/8/5 19:06:46","0.766","111.2","""C:\Program Files\Blackmagic Design\DaVinci Resolve\Electron\electron.exe"" --type=gpu-process --user-data-dir=""C:\Users\Administrator\AppData\Roaming\Clackly Workflow Plugin"" --gpu-preferences=UAAAAAAAAADgAAAEAAAAAAAAAAAAAAAAAABgAAEAAAAAAAAAAAAAAAAAAAACAAAAAAAAAAAAAAAAAAAAAAAAABAAAAAAAAAAEAAAAAAAAAAIAAAAAAAAAAgAAAAAAAAA --field-trial-handle=2044,i,8528152345874284265,13457465882528845703,262144 --enable-features=PdfUseShowSaveFilePicker --disable-features=SpareRendererForSitePerProcess,WinDelaySpellcheckServiceInit --variations-seed-version --mojo-platform-channel-handle=2032 /prefetch:2","localhost","ea7bfcc2-2263-4c1b-91c4-7992054991fb","False","df34afb5-1e8a-4880-8a28-6e0722507204"
"2026-08-05T19:07:59.8620538+08:00","213.354","37640","3496","electron.exe","2026/8/5 19:06:46","0.156","51.6","""C:\Program Files\Blackmagic Design\DaVinci Resolve\Electron\electron.exe"" --type=utility --utility-sub-type=network.mojom.NetworkService --lang=zh-CN --service-sandbox-type=none --user-data-dir=""C:\Users\Administrator\AppData\Roaming\Clackly Workflow Plugin"" --field-trial-handle=2044,i,8528152345874284265,13457465882528845703,262144 --enable-features=PdfUseShowSaveFilePicker --disable-features=SpareRendererForSitePerProcess,WinDelaySpellcheckServiceInit --variations-seed-version --mojo-platform-channel-handle=2232 /prefetch:11","localhost","ea7bfcc2-2263-4c1b-91c4-7992054991fb","False","df34afb5-1e8a-4880-8a28-6e0722507204"
"2026-08-05T19:07:59.8620538+08:00","214.354","15532","3496","electron.exe","2026/8/5 19:06:46","0.141","88.7","""C:\Program Files\Blackmagic Design\DaVinci Resolve\Electron\electron.exe"" --type=renderer --user-data-dir=""C:\Users\Administrator\AppData\Roaming\Clackly Workflow Plugin"" --app-path=""C:\ProgramData\Blackmagic Design\DaVinci Resolve\Support\Workflow Integration Plugins\com.wutpeach.clackly\workflow-plugin"" --no-sandbox --no-zygote --video-capture-use-gpu-memory-buffer --lang=zh-CN --device-scale-factor=1 --num-raster-threads=4 --enable-main-frame-before-activation --renderer-client-id=4 --time-ticks-at-unix-epoch=-1785918640205991 --launch-time-ticks=9366284582 --field-trial-handle=2044,i,8528152345874284265,13457465882528845703,262144 --enable-features=PdfUseShowSaveFilePicker --disable-features=SpareRendererForSitePerProcess,WinDelaySpellcheckServiceInit --variations-seed-version --mojo-platform-channel-handle=3280 /prefetch:1","localhost","ea7bfcc2-2263-4c1b-91c4-7992054991fb","False","df34afb5-1e8a-4880-8a28-6e0722507204"
"2026-08-05T19:08:01.8667936+08:00","150.702","17944","13664","Resolve.exe","2026/8/5 19:06:28","37.219","2495.6","""C:\Program Files\Blackmagic Design\DaVinci Resolve\Resolve.exe"" ","localhost","ea7bfcc2-2263-4c1b-91c4-7992054991fb","False","df34afb5-1e8a-4880-8a28-6e0722507204"
"2026-08-05T19:08:01.8667936+08:00","150.702","3496","17944","electron.exe","2026/8/5 19:06:46","0.422","105.3","""C:/Program Files/Blackmagic Design/DaVinci Resolve\Electron\electron.exe"" ""C:\ProgramData\Blackmagic Design\DaVinci Resolve\Support\Workflow Integration Plugins\com.wutpeach.clackly\workflow-plugin/main.js"" --plugin-id=com.wutpeach.clackly","localhost","ea7bfcc2-2263-4c1b-91c4-7992054991fb","False","df34afb5-1e8a-4880-8a28-6e0722507204"
"2026-08-05T19:08:01.8667936+08:00","150.702","10124","3496","electron.exe","2026/8/5 19:06:46","0.766","111.2","""C:\Program Files\Blackmagic Design\DaVinci Resolve\Electron\electron.exe"" --type=gpu-process --user-data-dir=""C:\Users\Administrator\AppData\Roaming\Clackly Workflow Plugin"" --gpu-preferences=UAAAAAAAAADgAAAEAAAAAAAAAAAAAAAAAABgAAEAAAAAAAAAAAAAAAAAAAACAAAAAAAAAAAAAAAAAAAAAAAAABAAAAAAAAAAEAAAAAAAAAAIAAAAAAAAAAgAAAAAAAAA --field-trial-handle=2044,i,8528152345874284265,13457465882528845703,262144 --enable-features=PdfUseShowSaveFilePicker --disable-features=SpareRendererForSitePerProcess,WinDelaySpellcheckServiceInit --variations-seed-version --mojo-platform-channel-handle=2032 /prefetch:2","localhost","ea7bfcc2-2263-4c1b-91c4-7992054991fb","False","df34afb5-1e8a-4880-8a28-6e0722507204"
"2026-08-05T19:08:01.8667936+08:00","150.702","37640","3496","electron.exe","2026/8/5 19:06:46","0.156","51.6","""C:\Program Files\Blackmagic Design\DaVinci Resolve\Electron\electron.exe"" --type=utility --utility-sub-type=network.mojom.NetworkService --lang=zh-CN --service-sandbox-type=none --user-data-dir=""C:\Users\Administrator\AppData\Roaming\Clackly Workflow Plugin"" --field-trial-handle=2044,i,8528152345874284265,13457465882528845703,262144 --enable-features=PdfUseShowSaveFilePicker --disable-features=SpareRendererForSitePerProcess,WinDelaySpellcheckServiceInit --variations-seed-version --mojo-platform-channel-handle=2232 /prefetch:11","localhost","ea7bfcc2-2263-4c1b-91c4-7992054991fb","False","df34afb5-1e8a-4880-8a28-6e0722507204"
"2026-08-05T19:08:01.8667936+08:00","151.702","15532","3496","electron.exe","2026/8/5 19:06:46","0.141","88.7","""C:\Program Files\Blackmagic Design\DaVinci Resolve\Electron\electron.exe"" --type=renderer --user-data-dir=""C:\Users\Administrator\AppData\Roaming\Clackly Workflow Plugin"" --app-path=""C:\ProgramData\Blackmagic Design\DaVinci Resolve\Support\Workflow Integration Plugins\com.wutpeach.clackly\workflow-plugin"" --no-sandbox --no-zygote --video-capture-use-gpu-memory-buffer --lang=zh-CN --device-scale-factor=1 --num-raster-threads=4 --enable-main-frame-before-activation --renderer-client-id=4 --time-ticks-at-unix-epoch=-1785918640205991 --launch-time-ticks=9366284582 --field-trial-handle=2044,i,8528152345874284265,13457465882528845703,262144 --enable-features=PdfUseShowSaveFilePicker --disable-features=SpareRendererForSitePerProcess,WinDelaySpellcheckServiceInit --variations-seed-version --mojo-platform-channel-handle=3280 /prefetch:1","localhost","ea7bfcc2-2263-4c1b-91c4-7992054991fb","False","df34afb5-1e8a-4880-8a28-6e0722507204"
"2026-08-05T19:08:03.8778461+08:00","207.517","17944","13664","Resolve.exe","2026/8/5 19:06:28","37.438","2495.6","""C:\Program Files\Blackmagic Design\DaVinci Resolve\Resolve.exe"" ","localhost","ea7bfcc2-2263-4c1b-91c4-7992054991fb","False","df34afb5-1e8a-4880-8a28-6e0722507204"
"2026-08-05T19:08:03.8778461+08:00","207.517","3496","17944","electron.exe","2026/8/5 19:06:46","0.422","105.3","""C:/Program Files/Blackmagic Design/DaVinci Resolve\Electron\electron.exe"" ""C:\ProgramData\Blackmagic Design\DaVinci Resolve\Support\Workflow Integration Plugins\com.wutpeach.clackly\workflow-plugin/main.js"" --plugin-id=com.wutpeach.clackly","localhost","ea7bfcc2-2263-4c1b-91c4-7992054991fb","False","df34afb5-1e8a-4880-8a28-6e0722507204"
"2026-08-05T19:08:03.8778461+08:00","207.517","10124","3496","electron.exe","2026/8/5 19:06:46","0.766","111.2","""C:\Program Files\Blackmagic Design\DaVinci Resolve\Electron\electron.exe"" --type=gpu-process --user-data-dir=""C:\Users\Administrator\AppData\Roaming\Clackly Workflow Plugin"" --gpu-preferences=UAAAAAAAAADgAAAEAAAAAAAAAAAAAAAAAABgAAEAAAAAAAAAAAAAAAAAAAACAAAAAAAAAAAAAAAAAAAAAAAAABAAAAAAAAAAEAAAAAAAAAAIAAAAAAAAAAgAAAAAAAAA --field-trial-handle=2044,i,8528152345874284265,13457465882528845703,262144 --enable-features=PdfUseShowSaveFilePicker --disable-features=SpareRendererForSitePerProcess,WinDelaySpellcheckServiceInit --variations-seed-version --mojo-platform-channel-handle=2032 /prefetch:2","localhost","ea7bfcc2-2263-4c1b-91c4-7992054991fb","False","df34afb5-1e8a-4880-8a28-6e0722507204"
"2026-08-05T19:08:03.8778461+08:00","208.517","37640","3496","electron.exe","2026/8/5 19:06:46","0.156","51.6","""C:\Program Files\Blackmagic Design\DaVinci Resolve\Electron\electron.exe"" --type=utility --utility-sub-type=network.mojom.NetworkService --lang=zh-CN --service-sandbox-type=none --user-data-dir=""C:\Users\Administrator\AppData\Roaming\Clackly Workflow Plugin"" --field-trial-handle=2044,i,8528152345874284265,13457465882528845703,262144 --enable-features=PdfUseShowSaveFilePicker --disable-features=SpareRendererForSitePerProcess,WinDelaySpellcheckServiceInit --variations-seed-version --mojo-platform-channel-handle=2232 /prefetch:11","localhost","ea7bfcc2-2263-4c1b-91c4-7992054991fb","False","df34afb5-1e8a-4880-8a28-6e0722507204"
"2026-08-05T19:08:03.8778461+08:00","208.517","15532","3496","electron.exe","2026/8/5 19:06:46","0.141","88.7","""C:\Program Files\Blackmagic Design\DaVinci Resolve\Electron\electron.exe"" --type=renderer --user-data-dir=""C:\Users\Administrator\AppData\Roaming\Clackly Workflow Plugin"" --app-path=""C:\ProgramData\Blackmagic Design\DaVinci Resolve\Support\Workflow Integration Plugins\com.wutpeach.clackly\workflow-plugin"" --no-sandbox --no-zygote --video-capture-use-gpu-memory-buffer --lang=zh-CN --device-scale-factor=1 --num-raster-threads=4 --enable-main-frame-before-activation --renderer-client-id=4 --time-ticks-at-unix-epoch=-1785918640205991 --launch-time-ticks=9366284582 --field-trial-handle=2044,i,8528152345874284265,13457465882528845703,262144 --enable-features=PdfUseShowSaveFilePicker --disable-features=SpareRendererForSitePerProcess,WinDelaySpellcheckServiceInit --variations-seed-version --mojo-platform-channel-handle=3280 /prefetch:1","localhost","ea7bfcc2-2263-4c1b-91c4-7992054991fb","False","df34afb5-1e8a-4880-8a28-6e0722507204"
"2026-08-05T19:08:05.8779802+08:00","221.638","17944","13664","Resolve.exe","2026/8/5 19:06:28","37.609","2495.6","""C:\Program Files\Blackmagic Design\DaVinci Resolve\Resolve.exe"" ","localhost","ea7bfcc2-2263-4c1b-91c4-7992054991fb","False","df34afb5-1e8a-4880-8a28-6e0722507204"
"2026-08-05T19:08:05.8779802+08:00","221.638","3496","17944","electron.exe","2026/8/5 19:06:46","0.422","105.3","""C:/Program Files/Blackmagic Design/DaVinci Resolve\Electron\electron.exe"" ""C:\ProgramData\Blackmagic Design\DaVinci Resolve\Support\Workflow Integration Plugins\com.wutpeach.clackly\workflow-plugin/main.js"" --plugin-id=com.wutpeach.clackly","localhost","ea7bfcc2-2263-4c1b-91c4-7992054991fb","False","df34afb5-1e8a-4880-8a28-6e0722507204"
"2026-08-05T19:08:05.8779802+08:00","221.638","10124","3496","electron.exe","2026/8/5 19:06:46","0.766","111.2","""C:\Program Files\Blackmagic Design\DaVinci Resolve\Electron\electron.exe"" --type=gpu-process --user-data-dir=""C:\Users\Administrator\AppData\Roaming\Clackly Workflow Plugin"" --gpu-preferences=UAAAAAAAAADgAAAEAAAAAAAAAAAAAAAAAABgAAEAAAAAAAAAAAAAAAAAAAACAAAAAAAAAAAAAAAAAAAAAAAAABAAAAAAAAAAEAAAAAAAAAAIAAAAAAAAAAgAAAAAAAAA --field-trial-handle=2044,i,8528152345874284265,13457465882528845703,262144 --enable-features=PdfUseShowSaveFilePicker --disable-features=SpareRendererForSitePerProcess,WinDelaySpellcheckServiceInit --variations-seed-version --mojo-platform-channel-handle=2032 /prefetch:2","localhost","ea7bfcc2-2263-4c1b-91c4-7992054991fb","False","df34afb5-1e8a-4880-8a28-6e0722507204"
"2026-08-05T19:08:05.8779802+08:00","221.638","37640","3496","electron.exe","2026/8/5 19:06:46","0.156","51.6","""C:\Program Files\Blackmagic Design\DaVinci Resolve\Electron\electron.exe"" --type=utility --utility-sub-type=network.mojom.NetworkService --lang=zh-CN --service-sandbox-type=none --user-data-dir=""C:\Users\Administrator\AppData\Roaming\Clackly Workflow Plugin"" --field-trial-handle=2044,i,8528152345874284265,13457465882528845703,262144 --enable-features=PdfUseShowSaveFilePicker --disable-features=SpareRendererForSitePerProcess,WinDelaySpellcheckServiceInit --variations-seed-version --mojo-platform-channel-handle=2232 /prefetch:11","localhost","ea7bfcc2-2263-4c1b-91c4-7992054991fb","False","df34afb5-1e8a-4880-8a28-6e0722507204"
"2026-08-05T19:08:05.8779802+08:00","221.638","15532","3496","electron.exe","2026/8/5 19:06:46","0.141","88.7","""C:\Program Files\Blackmagic Design\DaVinci Resolve\Electron\electron.exe"" --type=renderer --user-data-dir=""C:\Users\Administrator\AppData\Roaming\Clackly Workflow Plugin"" --app-path=""C:\ProgramData\Blackmagic Design\DaVinci Resolve\Support\Workflow Integration Plugins\com.wutpeach.clackly\workflow-plugin"" --no-sandbox --no-zygote --video-capture-use-gpu-memory-buffer --lang=zh-CN --device-scale-factor=1 --num-raster-threads=4 --enable-main-frame-before-activation --renderer-client-id=4 --time-ticks-at-unix-epoch=-1785918640205991 --launch-time-ticks=9366284582 --field-trial-handle=2044,i,8528152345874284265,13457465882528845703,262144 --enable-features=PdfUseShowSaveFilePicker --disable-features=SpareRendererForSitePerProcess,WinDelaySpellcheckServiceInit --variations-seed-version --mojo-platform-channel-handle=3280 /prefetch:1","localhost","ea7bfcc2-2263-4c1b-91c4-7992054991fb","False","df34afb5-1e8a-4880-8a28-6e0722507204"
"2026-08-05T19:08:07.8806933+08:00","194.566","17944","13664","Resolve.exe","2026/8/5 19:06:28","37.844","2495.6","""C:\Program Files\Blackmagic Design\DaVinci Resolve\Resolve.exe"" ","localhost","ea7bfcc2-2263-4c1b-91c4-7992054991fb","False","df34afb5-1e8a-4880-8a28-6e0722507204"
"2026-08-05T19:08:07.8806933+08:00","194.566","3496","17944","electron.exe","2026/8/5 19:06:46","0.422","105.3","""C:/Program Files/Blackmagic Design/DaVinci Resolve\Electron\electron.exe"" ""C:\ProgramData\Blackmagic Design\DaVinci Resolve\Support\Workflow Integration Plugins\com.wutpeach.clackly\workflow-plugin/main.js"" --plugin-id=com.wutpeach.clackly","localhost","ea7bfcc2-2263-4c1b-91c4-7992054991fb","False","df34afb5-1e8a-4880-8a28-6e0722507204"
"2026-08-05T19:08:07.8806933+08:00","194.566","10124","3496","electron.exe","2026/8/5 19:06:46","0.766","111.2","""C:\Program Files\Blackmagic Design\DaVinci Resolve\Electron\electron.exe"" --type=gpu-process --user-data-dir=""C:\Users\Administrator\AppData\Roaming\Clackly Workflow Plugin"" --gpu-preferences=UAAAAAAAAADgAAAEAAAAAAAAAAAAAAAAAABgAAEAAAAAAAAAAAAAAAAAAAACAAAAAAAAAAAAAAAAAAAAAAAAABAAAAAAAAAAEAAAAAAAAAAIAAAAAAAAAAgAAAAAAAAA --field-trial-handle=2044,i,8528152345874284265,13457465882528845703,262144 --enable-features=PdfUseShowSaveFilePicker --disable-features=SpareRendererForSitePerProcess,WinDelaySpellcheckServiceInit --variations-seed-version --mojo-platform-channel-handle=2032 /prefetch:2","localhost","ea7bfcc2-2263-4c1b-91c4-7992054991fb","False","df34afb5-1e8a-4880-8a28-6e0722507204"
"2026-08-05T19:08:07.8806933+08:00","195.566","37640","3496","electron.exe","2026/8/5 19:06:46","0.156","51.6","""C:\Program Files\Blackmagic Design\DaVinci Resolve\Electron\electron.exe"" --type=utility --utility-sub-type=network.mojom.NetworkService --lang=zh-CN --service-sandbox-type=none --user-data-dir=""C:\Users\Administrator\AppData\Roaming\Clackly Workflow Plugin"" --field-trial-handle=2044,i,8528152345874284265,13457465882528845703,262144 --enable-features=PdfUseShowSaveFilePicker --disable-features=SpareRendererForSitePerProcess,WinDelaySpellcheckServiceInit --variations-seed-version --mojo-platform-channel-handle=2232 /prefetch:11","localhost","ea7bfcc2-2263-4c1b-91c4-7992054991fb","False","df34afb5-1e8a-4880-8a28-6e0722507204"
"2026-08-05T19:08:07.8806933+08:00","195.566","15532","3496","electron.exe","2026/8/5 19:06:46","0.141","88.7","""C:\Program Files\Blackmagic Design\DaVinci Resolve\Electron\electron.exe"" --type=renderer --user-data-dir=""C:\Users\Administrator\AppData\Roaming\Clackly Workflow Plugin"" --app-path=""C:\ProgramData\Blackmagic Design\DaVinci Resolve\Support\Workflow Integration Plugins\com.wutpeach.clackly\workflow-plugin"" --no-sandbox --no-zygote --video-capture-use-gpu-memory-buffer --lang=zh-CN --device-scale-factor=1 --num-raster-threads=4 --enable-main-frame-before-activation --renderer-client-id=4 --time-ticks-at-unix-epoch=-1785918640205991 --launch-time-ticks=9366284582 --field-trial-handle=2044,i,8528152345874284265,13457465882528845703,262144 --enable-features=PdfUseShowSaveFilePicker --disable-features=SpareRendererForSitePerProcess,WinDelaySpellcheckServiceInit --variations-seed-version --mojo-platform-channel-handle=3280 /prefetch:1","localhost","ea7bfcc2-2263-4c1b-91c4-7992054991fb","False","df34afb5-1e8a-4880-8a28-6e0722507204"
"2026-08-05T19:08:09.8915969+08:00","215.299","17944","13664","Resolve.exe","2026/8/5 19:06:28","37.922","2495.6","""C:\Program Files\Blackmagic Design\DaVinci Resolve\Resolve.exe"" ","localhost","ea7bfcc2-2263-4c1b-91c4-7992054991fb","False","df34afb5-1e8a-4880-8a28-6e0722507204"
"2026-08-05T19:08:09.8915969+08:00","215.299","3496","17944","electron.exe","2026/8/5 19:06:46","0.422","105.3","""C:/Program Files/Blackmagic Design/DaVinci Resolve\Electron\electron.exe"" ""C:\ProgramData\Blackmagic Design\DaVinci Resolve\Support\Workflow Integration Plugins\com.wutpeach.clackly\workflow-plugin/main.js"" --plugin-id=com.wutpeach.clackly","localhost","ea7bfcc2-2263-4c1b-91c4-7992054991fb","False","df34afb5-1e8a-4880-8a28-6e0722507204"
"2026-08-05T19:08:09.8915969+08:00","215.299","10124","3496","electron.exe","2026/8/5 19:06:46","0.766","111.2","""C:\Program Files\Blackmagic Design\DaVinci Resolve\Electron\electron.exe"" --type=gpu-process --user-data-dir=""C:\Users\Administrator\AppData\Roaming\Clackly Workflow Plugin"" --gpu-preferences=UAAAAAAAAADgAAAEAAAAAAAAAAAAAAAAAABgAAEAAAAAAAAAAAAAAAAAAAACAAAAAAAAAAAAAAAAAAAAAAAAABAAAAAAAAAAEAAAAAAAAAAIAAAAAAAAAAgAAAAAAAAA --field-trial-handle=2044,i,8528152345874284265,13457465882528845703,262144 --enable-features=PdfUseShowSaveFilePicker --disable-features=SpareRendererForSitePerProcess,WinDelaySpellcheckServiceInit --variations-seed-version --mojo-platform-channel-handle=2032 /prefetch:2","localhost","ea7bfcc2-2263-4c1b-91c4-7992054991fb","False","df34afb5-1e8a-4880-8a28-6e0722507204"
"2026-08-05T19:08:09.8915969+08:00","215.299","37640","3496","electron.exe","2026/8/5 19:06:46","0.156","51.6","""C:\Program Files\Blackmagic Design\DaVinci Resolve\Electron\electron.exe"" --type=utility --utility-sub-type=network.mojom.NetworkService --lang=zh-CN --service-sandbox-type=none --user-data-dir=""C:\Users\Administrator\AppData\Roaming\Clackly Workflow Plugin"" --field-trial-handle=2044,i,8528152345874284265,13457465882528845703,262144 --enable-features=PdfUseShowSaveFilePicker --disable-features=SpareRendererForSitePerProcess,WinDelaySpellcheckServiceInit --variations-seed-version --mojo-platform-channel-handle=2232 /prefetch:11","localhost","ea7bfcc2-2263-4c1b-91c4-7992054991fb","False","df34afb5-1e8a-4880-8a28-6e0722507204"
"2026-08-05T19:08:09.8915969+08:00","215.299","15532","3496","electron.exe","2026/8/5 19:06:46","0.141","88.7","""C:\Program Files\Blackmagic Design\DaVinci Resolve\Electron\electron.exe"" --type=renderer --user-data-dir=""C:\Users\Administrator\AppData\Roaming\Clackly Workflow Plugin"" --app-path=""C:\ProgramData\Blackmagic Design\DaVinci Resolve\Support\Workflow Integration Plugins\com.wutpeach.clackly\workflow-plugin"" --no-sandbox --no-zygote --video-capture-use-gpu-memory-buffer --lang=zh-CN --device-scale-factor=1 --num-raster-threads=4 --enable-main-frame-before-activation --renderer-client-id=4 --time-ticks-at-unix-epoch=-1785918640205991 --launch-time-ticks=9366284582 --field-trial-handle=2044,i,8528152345874284265,13457465882528845703,262144 --enable-features=PdfUseShowSaveFilePicker --disable-features=SpareRendererForSitePerProcess,WinDelaySpellcheckServiceInit --variations-seed-version --mojo-platform-channel-handle=3280 /prefetch:1","localhost","ea7bfcc2-2263-4c1b-91c4-7992054991fb","False","df34afb5-1e8a-4880-8a28-6e0722507204"
"2026-08-05T19:08:11.9053529+08:00","205.96","17944","13664","Resolve.exe","2026/8/5 19:06:28","38.016","2495.6","""C:\Program Files\Blackmagic Design\DaVinci Resolve\Resolve.exe"" ","localhost","ea7bfcc2-2263-4c1b-91c4-7992054991fb","False","df34afb5-1e8a-4880-8a28-6e0722507204"
"2026-08-05T19:08:11.9053529+08:00","205.96","3496","17944","electron.exe","2026/8/5 19:06:46","0.422","105.3","""C:/Program Files/Blackmagic Design/DaVinci Resolve\Electron\electron.exe"" ""C:\ProgramData\Blackmagic Design\DaVinci Resolve\Support\Workflow Integration Plugins\com.wutpeach.clackly\workflow-plugin/main.js"" --plugin-id=com.wutpeach.clackly","localhost","ea7bfcc2-2263-4c1b-91c4-7992054991fb","False","df34afb5-1e8a-4880-8a28-6e0722507204"
"2026-08-05T19:08:11.9053529+08:00","205.96","10124","3496","electron.exe","2026/8/5 19:06:46","0.766","111.2","""C:\Program Files\Blackmagic Design\DaVinci Resolve\Electron\electron.exe"" --type=gpu-process --user-data-dir=""C:\Users\Administrator\AppData\Roaming\Clackly Workflow Plugin"" --gpu-preferences=UAAAAAAAAADgAAAEAAAAAAAAAAAAAAAAAABgAAEAAAAAAAAAAAAAAAAAAAACAAAAAAAAAAAAAAAAAAAAAAAAABAAAAAAAAAAEAAAAAAAAAAIAAAAAAAAAAgAAAAAAAAA --field-trial-handle=2044,i,8528152345874284265,13457465882528845703,262144 --enable-features=PdfUseShowSaveFilePicker --disable-features=SpareRendererForSitePerProcess,WinDelaySpellcheckServiceInit --variations-seed-version --mojo-platform-channel-handle=2032 /prefetch:2","localhost","ea7bfcc2-2263-4c1b-91c4-7992054991fb","False","df34afb5-1e8a-4880-8a28-6e0722507204"
"2026-08-05T19:08:11.9053529+08:00","205.96","37640","3496","electron.exe","2026/8/5 19:06:46","0.156","51.6","""C:\Program Files\Blackmagic Design\DaVinci Resolve\Electron\electron.exe"" --type=utility --utility-sub-type=network.mojom.NetworkService --lang=zh-CN --service-sandbox-type=none --user-data-dir=""C:\Users\Administrator\AppData\Roaming\Clackly Workflow Plugin"" --field-trial-handle=2044,i,8528152345874284265,13457465882528845703,262144 --enable-features=PdfUseShowSaveFilePicker --disable-features=SpareRendererForSitePerProcess,WinDelaySpellcheckServiceInit --variations-seed-version --mojo-platform-channel-handle=2232 /prefetch:11","localhost","ea7bfcc2-2263-4c1b-91c4-7992054991fb","False","df34afb5-1e8a-4880-8a28-6e0722507204"
"2026-08-05T19:08:11.9053529+08:00","206.963","15532","3496","electron.exe","2026/8/5 19:06:46","0.141","88.7","""C:\Program Files\Blackmagic Design\DaVinci Resolve\Electron\electron.exe"" --type=renderer --user-data-dir=""C:\Users\Administrator\AppData\Roaming\Clackly Workflow Plugin"" --app-path=""C:\ProgramData\Blackmagic Design\DaVinci Resolve\Support\Workflow Integration Plugins\com.wutpeach.clackly\workflow-plugin"" --no-sandbox --no-zygote --video-capture-use-gpu-memory-buffer --lang=zh-CN --device-scale-factor=1 --num-raster-threads=4 --enable-main-frame-before-activation --renderer-client-id=4 --time-ticks-at-unix-epoch=-1785918640205991 --launch-time-ticks=9366284582 --field-trial-handle=2044,i,8528152345874284265,13457465882528845703,262144 --enable-features=PdfUseShowSaveFilePicker --disable-features=SpareRendererForSitePerProcess,WinDelaySpellcheckServiceInit --variations-seed-version --mojo-platform-channel-handle=3280 /prefetch:1","localhost","ea7bfcc2-2263-4c1b-91c4-7992054991fb","False","df34afb5-1e8a-4880-8a28-6e0722507204"
"2026-08-05T19:08:13.9184552+08:00","207.768","17944","13664","Resolve.exe","2026/8/5 19:06:28","38.141","2495.6","""C:\Program Files\Blackmagic Design\DaVinci Resolve\Resolve.exe"" ","localhost","ea7bfcc2-2263-4c1b-91c4-7992054991fb","False","df34afb5-1e8a-4880-8a28-6e0722507204"
"2026-08-05T19:08:13.9184552+08:00","207.768","3496","17944","electron.exe","2026/8/5 19:06:46","0.422","105.3","""C:/Program Files/Blackmagic Design/DaVinci Resolve\Electron\electron.exe"" ""C:\ProgramData\Blackmagic Design\DaVinci Resolve\Support\Workflow Integration Plugins\com.wutpeach.clackly\workflow-plugin/main.js"" --plugin-id=com.wutpeach.clackly","localhost","ea7bfcc2-2263-4c1b-91c4-7992054991fb","False","df34afb5-1e8a-4880-8a28-6e0722507204"
"2026-08-05T19:08:13.9184552+08:00","207.768","10124","3496","electron.exe","2026/8/5 19:06:46","0.766","111.2","""C:\Program Files\Blackmagic Design\DaVinci Resolve\Electron\electron.exe"" --type=gpu-process --user-data-dir=""C:\Users\Administrator\AppData\Roaming\Clackly Workflow Plugin"" --gpu-preferences=UAAAAAAAAADgAAAEAAAAAAAAAAAAAAAAAABgAAEAAAAAAAAAAAAAAAAAAAACAAAAAAAAAAAAAAAAAAAAAAAAABAAAAAAAAAAEAAAAAAAAAAIAAAAAAAAAAgAAAAAAAAA --field-trial-handle=2044,i,8528152345874284265,13457465882528845703,262144 --enable-features=PdfUseShowSaveFilePicker --disable-features=SpareRendererForSitePerProcess,WinDelaySpellcheckServiceInit --variations-seed-version --mojo-platform-channel-handle=2032 /prefetch:2","localhost","ea7bfcc2-2263-4c1b-91c4-7992054991fb","False","df34afb5-1e8a-4880-8a28-6e0722507204"
"2026-08-05T19:08:13.9184552+08:00","207.768","37640","3496","electron.exe","2026/8/5 19:06:46","0.156","51.6","""C:\Program Files\Blackmagic Design\DaVinci Resolve\Electron\electron.exe"" --type=utility --utility-sub-type=network.mojom.NetworkService --lang=zh-CN --service-sandbox-type=none --user-data-dir=""C:\Users\Administrator\AppData\Roaming\Clackly Workflow Plugin"" --field-trial-handle=2044,i,8528152345874284265,13457465882528845703,262144 --enable-features=PdfUseShowSaveFilePicker --disable-features=SpareRendererForSitePerProcess,WinDelaySpellcheckServiceInit --variations-seed-version --mojo-platform-channel-handle=2232 /prefetch:11","localhost","ea7bfcc2-2263-4c1b-91c4-7992054991fb","False","df34afb5-1e8a-4880-8a28-6e0722507204"
"2026-08-05T19:08:13.9184552+08:00","207.768","15532","3496","electron.exe","2026/8/5 19:06:46","0.141","88.7","""C:\Program Files\Blackmagic Design\DaVinci Resolve\Electron\electron.exe"" --type=renderer --user-data-dir=""C:\Users\Administrator\AppData\Roaming\Clackly Workflow Plugin"" --app-path=""C:\ProgramData\Blackmagic Design\DaVinci Resolve\Support\Workflow Integration Plugins\com.wutpeach.clackly\workflow-plugin"" --no-sandbox --no-zygote --video-capture-use-gpu-memory-buffer --lang=zh-CN --device-scale-factor=1 --num-raster-threads=4 --enable-main-frame-before-activation --renderer-client-id=4 --time-ticks-at-unix-epoch=-1785918640205991 --launch-time-ticks=9366284582 --field-trial-handle=2044,i,8528152345874284265,13457465882528845703,262144 --enable-features=PdfUseShowSaveFilePicker --disable-features=SpareRendererForSitePerProcess,WinDelaySpellcheckServiceInit --variations-seed-version --mojo-platform-channel-handle=3280 /prefetch:1","localhost","ea7bfcc2-2263-4c1b-91c4-7992054991fb","False","df34afb5-1e8a-4880-8a28-6e0722507204"
"2026-08-05T19:08:15.9211883+08:00","209.601","17944","13664","Resolve.exe","2026/8/5 19:06:28","38.25","2495.6","""C:\Program Files\Blackmagic Design\DaVinci Resolve\Resolve.exe"" ","localhost","ea7bfcc2-2263-4c1b-91c4-7992054991fb","False","df34afb5-1e8a-4880-8a28-6e0722507204"
"2026-08-05T19:08:15.9211883+08:00","209.601","3496","17944","electron.exe","2026/8/5 19:06:46","0.422","105.3","""C:/Program Files/Blackmagic Design/DaVinci Resolve\Electron\electron.exe"" ""C:\ProgramData\Blackmagic Design\DaVinci Resolve\Support\Workflow Integration Plugins\com.wutpeach.clackly\workflow-plugin/main.js"" --plugin-id=com.wutpeach.clackly","localhost","ea7bfcc2-2263-4c1b-91c4-7992054991fb","False","df34afb5-1e8a-4880-8a28-6e0722507204"
"2026-08-05T19:08:15.9211883+08:00","209.601","10124","3496","electron.exe","2026/8/5 19:06:46","0.766","111.2","""C:\Program Files\Blackmagic Design\DaVinci Resolve\Electron\electron.exe"" --type=gpu-process --user-data-dir=""C:\Users\Administrator\AppData\Roaming\Clackly Workflow Plugin"" --gpu-preferences=UAAAAAAAAADgAAAEAAAAAAAAAAAAAAAAAABgAAEAAAAAAAAAAAAAAAAAAAACAAAAAAAAAAAAAAAAAAAAAAAAABAAAAAAAAAAEAAAAAAAAAAIAAAAAAAAAAgAAAAAAAAA --field-trial-handle=2044,i,8528152345874284265,13457465882528845703,262144 --enable-features=PdfUseShowSaveFilePicker --disable-features=SpareRendererForSitePerProcess,WinDelaySpellcheckServiceInit --variations-seed-version --mojo-platform-channel-handle=2032 /prefetch:2","localhost","ea7bfcc2-2263-4c1b-91c4-7992054991fb","False","df34afb5-1e8a-4880-8a28-6e0722507204"
"2026-08-05T19:08:15.9211883+08:00","209.601","37640","3496","electron.exe","2026/8/5 19:06:46","0.156","51.6","""C:\Program Files\Blackmagic Design\DaVinci Resolve\Electron\electron.exe"" --type=utility --utility-sub-type=network.mojom.NetworkService --lang=zh-CN --service-sandbox-type=none --user-data-dir=""C:\Users\Administrator\AppData\Roaming\Clackly Workflow Plugin"" --field-trial-handle=2044,i,8528152345874284265,13457465882528845703,262144 --enable-features=PdfUseShowSaveFilePicker --disable-features=SpareRendererForSitePerProcess,WinDelaySpellcheckServiceInit --variations-seed-version --mojo-platform-channel-handle=2232 /prefetch:11","localhost","ea7bfcc2-2263-4c1b-91c4-7992054991fb","False","df34afb5-1e8a-4880-8a28-6e0722507204"
"2026-08-05T19:08:15.9211883+08:00","209.601","15532","3496","electron.exe","2026/8/5 19:06:46","0.141","88.7","""C:\Program Files\Blackmagic Design\DaVinci Resolve\Electron\electron.exe"" --type=renderer --user-data-dir=""C:\Users\Administrator\AppData\Roaming\Clackly Workflow Plugin"" --app-path=""C:\ProgramData\Blackmagic Design\DaVinci Resolve\Support\Workflow Integration Plugins\com.wutpeach.clackly\workflow-plugin"" --no-sandbox --no-zygote --video-capture-use-gpu-memory-buffer --lang=zh-CN --device-scale-factor=1 --num-raster-threads=4 --enable-main-frame-before-activation --renderer-client-id=4 --time-ticks-at-unix-epoch=-1785918640205991 --launch-time-ticks=9366284582 --field-trial-handle=2044,i,8528152345874284265,13457465882528845703,262144 --enable-features=PdfUseShowSaveFilePicker --disable-features=SpareRendererForSitePerProcess,WinDelaySpellcheckServiceInit --variations-seed-version --mojo-platform-channel-handle=3280 /prefetch:1","localhost","ea7bfcc2-2263-4c1b-91c4-7992054991fb","False","df34afb5-1e8a-4880-8a28-6e0722507204"
"2026-08-05T19:08:17.9340159+08:00","192.044","17944","13664","Resolve.exe","2026/8/5 19:06:28","38.344","2495.6","""C:\Program Files\Blackmagic Design\DaVinci Resolve\Resolve.exe"" ","localhost","ea7bfcc2-2263-4c1b-91c4-7992054991fb","False","df34afb5-1e8a-4880-8a28-6e0722507204"
"2026-08-05T19:08:17.9340159+08:00","193.044","3496","17944","electron.exe","2026/8/5 19:06:46","0.422","105.3","""C:/Program Files/Blackmagic Design/DaVinci Resolve\Electron\electron.exe"" ""C:\ProgramData\Blackmagic Design\DaVinci Resolve\Support\Workflow Integration Plugins\com.wutpeach.clackly\workflow-plugin/main.js"" --plugin-id=com.wutpeach.clackly","localhost","ea7bfcc2-2263-4c1b-91c4-7992054991fb","False","df34afb5-1e8a-4880-8a28-6e0722507204"
"2026-08-05T19:08:17.9340159+08:00","193.044","10124","3496","electron.exe","2026/8/5 19:06:46","0.766","111.2","""C:\Program Files\Blackmagic Design\DaVinci Resolve\Electron\electron.exe"" --type=gpu-process --user-data-dir=""C:\Users\Administrator\AppData\Roaming\Clackly Workflow Plugin"" --gpu-preferences=UAAAAAAAAADgAAAEAAAAAAAAAAAAAAAAAABgAAEAAAAAAAAAAAAAAAAAAAACAAAAAAAAAAAAAAAAAAAAAAAAABAAAAAAAAAAEAAAAAAAAAAIAAAAAAAAAAgAAAAAAAAA --field-trial-handle=2044,i,8528152345874284265,13457465882528845703,262144 --enable-features=PdfUseShowSaveFilePicker --disable-features=SpareRendererForSitePerProcess,WinDelaySpellcheckServiceInit --variations-seed-version --mojo-platform-channel-handle=2032 /prefetch:2","localhost","ea7bfcc2-2263-4c1b-91c4-7992054991fb","False","df34afb5-1e8a-4880-8a28-6e0722507204"
"2026-08-05T19:08:17.9340159+08:00","193.044","37640","3496","electron.exe","2026/8/5 19:06:46","0.156","51.6","""C:\Program Files\Blackmagic Design\DaVinci Resolve\Electron\electron.exe"" --type=utility --utility-sub-type=network.mojom.NetworkService --lang=zh-CN --service-sandbox-type=none --user-data-dir=""C:\Users\Administrator\AppData\Roaming\Clackly Workflow Plugin"" --field-trial-handle=2044,i,8528152345874284265,13457465882528845703,262144 --enable-features=PdfUseShowSaveFilePicker --disable-features=SpareRendererForSitePerProcess,WinDelaySpellcheckServiceInit --variations-seed-version --mojo-platform-channel-handle=2232 /prefetch:11","localhost","ea7bfcc2-2263-4c1b-91c4-7992054991fb","False","df34afb5-1e8a-4880-8a28-6e0722507204"
"2026-08-05T19:08:17.9340159+08:00","193.044","15532","3496","electron.exe","2026/8/5 19:06:46","0.141","88.7","""C:\Program Files\Blackmagic Design\DaVinci Resolve\Electron\electron.exe"" --type=renderer --user-data-dir=""C:\Users\Administrator\AppData\Roaming\Clackly Workflow Plugin"" --app-path=""C:\ProgramData\Blackmagic Design\DaVinci Resolve\Support\Workflow Integration Plugins\com.wutpeach.clackly\workflow-plugin"" --no-sandbox --no-zygote --video-capture-use-gpu-memory-buffer --lang=zh-CN --device-scale-factor=1 --num-raster-threads=4 --enable-main-frame-before-activation --renderer-client-id=4 --time-ticks-at-unix-epoch=-1785918640205991 --launch-time-ticks=9366284582 --field-trial-handle=2044,i,8528152345874284265,13457465882528845703,262144 --enable-features=PdfUseShowSaveFilePicker --disable-features=SpareRendererForSitePerProcess,WinDelaySpellcheckServiceInit --variations-seed-version --mojo-platform-channel-handle=3280 /prefetch:1","localhost","ea7bfcc2-2263-4c1b-91c4-7992054991fb","False","df34afb5-1e8a-4880-8a28-6e0722507204"
"2026-08-05T19:08:19.9453556+08:00","195.962","17944","13664","Resolve.exe","2026/8/5 19:06:28","38.438","2495.6","""C:\Program Files\Blackmagic Design\DaVinci Resolve\Resolve.exe"" ","localhost","ea7bfcc2-2263-4c1b-91c4-7992054991fb","False","df34afb5-1e8a-4880-8a28-6e0722507204"
"2026-08-05T19:08:19.9453556+08:00","195.962","3496","17944","electron.exe","2026/8/5 19:06:46","0.422","105.3","""C:/Program Files/Blackmagic Design/DaVinci Resolve\Electron\electron.exe"" ""C:\ProgramData\Blackmagic Design\DaVinci Resolve\Support\Workflow Integration Plugins\com.wutpeach.clackly\workflow-plugin/main.js"" --plugin-id=com.wutpeach.clackly","localhost","ea7bfcc2-2263-4c1b-91c4-7992054991fb","False","df34afb5-1e8a-4880-8a28-6e0722507204"
"2026-08-05T19:08:19.9453556+08:00","195.962","10124","3496","electron.exe","2026/8/5 19:06:46","0.766","111.2","""C:\Program Files\Blackmagic Design\DaVinci Resolve\Electron\electron.exe"" --type=gpu-process --user-data-dir=""C:\Users\Administrator\AppData\Roaming\Clackly Workflow Plugin"" --gpu-preferences=UAAAAAAAAADgAAAEAAAAAAAAAAAAAAAAAABgAAEAAAAAAAAAAAAAAAAAAAACAAAAAAAAAAAAAAAAAAAAAAAAABAAAAAAAAAAEAAAAAAAAAAIAAAAAAAAAAgAAAAAAAAA --field-trial-handle=2044,i,8528152345874284265,13457465882528845703,262144 --enable-features=PdfUseShowSaveFilePicker --disable-features=SpareRendererForSitePerProcess,WinDelaySpellcheckServiceInit --variations-seed-version --mojo-platform-channel-handle=2032 /prefetch:2","localhost","ea7bfcc2-2263-4c1b-91c4-7992054991fb","False","df34afb5-1e8a-4880-8a28-6e0722507204"
"2026-08-05T19:08:19.9453556+08:00","195.962","37640","3496","electron.exe","2026/8/5 19:06:46","0.156","51.6","""C:\Program Files\Blackmagic Design\DaVinci Resolve\Electron\electron.exe"" --type=utility --utility-sub-type=network.mojom.NetworkService --lang=zh-CN --service-sandbox-type=none --user-data-dir=""C:\Users\Administrator\AppData\Roaming\Clackly Workflow Plugin"" --field-trial-handle=2044,i,8528152345874284265,13457465882528845703,262144 --enable-features=PdfUseShowSaveFilePicker --disable-features=SpareRendererForSitePerProcess,WinDelaySpellcheckServiceInit --variations-seed-version --mojo-platform-channel-handle=2232 /prefetch:11","localhost","ea7bfcc2-2263-4c1b-91c4-7992054991fb","False","df34afb5-1e8a-4880-8a28-6e0722507204"
"2026-08-05T19:08:19.9453556+08:00","195.962","15532","3496","electron.exe","2026/8/5 19:06:46","0.141","88.7","""C:\Program Files\Blackmagic Design\DaVinci Resolve\Electron\electron.exe"" --type=renderer --user-data-dir=""C:\Users\Administrator\AppData\Roaming\Clackly Workflow Plugin"" --app-path=""C:\ProgramData\Blackmagic Design\DaVinci Resolve\Support\Workflow Integration Plugins\com.wutpeach.clackly\workflow-plugin"" --no-sandbox --no-zygote --video-capture-use-gpu-memory-buffer --lang=zh-CN --device-scale-factor=1 --num-raster-threads=4 --enable-main-frame-before-activation --renderer-client-id=4 --time-ticks-at-unix-epoch=-1785918640205991 --launch-time-ticks=9366284582 --field-trial-handle=2044,i,8528152345874284265,13457465882528845703,262144 --enable-features=PdfUseShowSaveFilePicker --disable-features=SpareRendererForSitePerProcess,WinDelaySpellcheckServiceInit --variations-seed-version --mojo-platform-channel-handle=3280 /prefetch:1","localhost","ea7bfcc2-2263-4c1b-91c4-7992054991fb","False","df34afb5-1e8a-4880-8a28-6e0722507204"
"2026-08-05T19:08:21.9600836+08:00","193.861","17944","13664","Resolve.exe","2026/8/5 19:06:28","38.516","2495.6","""C:\Program Files\Blackmagic Design\DaVinci Resolve\Resolve.exe"" ","localhost","ea7bfcc2-2263-4c1b-91c4-7992054991fb","False","df34afb5-1e8a-4880-8a28-6e0722507204"
"2026-08-05T19:08:21.9600836+08:00","195.363","3496","17944","electron.exe","2026/8/5 19:06:46","0.422","105.3","""C:/Program Files/Blackmagic Design/DaVinci Resolve\Electron\electron.exe"" ""C:\ProgramData\Blackmagic Design\DaVinci Resolve\Support\Workflow Integration Plugins\com.wutpeach.clackly\workflow-plugin/main.js"" --plugin-id=com.wutpeach.clackly","localhost","ea7bfcc2-2263-4c1b-91c4-7992054991fb","False","df34afb5-1e8a-4880-8a28-6e0722507204"
"2026-08-05T19:08:21.9600836+08:00","195.363","10124","3496","electron.exe","2026/8/5 19:06:46","0.766","111.2","""C:\Program Files\Blackmagic Design\DaVinci Resolve\Electron\electron.exe"" --type=gpu-process --user-data-dir=""C:\Users\Administrator\AppData\Roaming\Clackly Workflow Plugin"" --gpu-preferences=UAAAAAAAAADgAAAEAAAAAAAAAAAAAAAAAABgAAEAAAAAAAAAAAAAAAAAAAACAAAAAAAAAAAAAAAAAAAAAAAAABAAAAAAAAAAEAAAAAAAAAAIAAAAAAAAAAgAAAAAAAAA --field-trial-handle=2044,i,8528152345874284265,13457465882528845703,262144 --enable-features=PdfUseShowSaveFilePicker --disable-features=SpareRendererForSitePerProcess,WinDelaySpellcheckServiceInit --variations-seed-version --mojo-platform-channel-handle=2032 /prefetch:2","localhost","ea7bfcc2-2263-4c1b-91c4-7992054991fb","False","df34afb5-1e8a-4880-8a28-6e0722507204"
"2026-08-05T19:08:21.9600836+08:00","195.363","37640","3496","electron.exe","2026/8/5 19:06:46","0.156","51.6","""C:\Program Files\Blackmagic Design\DaVinci Resolve\Electron\electron.exe"" --type=utility --utility-sub-type=network.mojom.NetworkService --lang=zh-CN --service-sandbox-type=none --user-data-dir=""C:\Users\Administrator\AppData\Roaming\Clackly Workflow Plugin"" --field-trial-handle=2044,i,8528152345874284265,13457465882528845703,262144 --enable-features=PdfUseShowSaveFilePicker --disable-features=SpareRendererForSitePerProcess,WinDelaySpellcheckServiceInit --variations-seed-version --mojo-platform-channel-handle=2232 /prefetch:11","localhost","ea7bfcc2-2263-4c1b-91c4-7992054991fb","False","df34afb5-1e8a-4880-8a28-6e0722507204"
"2026-08-05T19:08:21.9600836+08:00","195.363","15532","3496","electron.exe","2026/8/5 19:06:46","0.141","88.7","""C:\Program Files\Blackmagic Design\DaVinci Resolve\Electron\electron.exe"" --type=renderer --user-data-dir=""C:\Users\Administrator\AppData\Roaming\Clackly Workflow Plugin"" --app-path=""C:\ProgramData\Blackmagic Design\DaVinci Resolve\Support\Workflow Integration Plugins\com.wutpeach.clackly\workflow-plugin"" --no-sandbox --no-zygote --video-capture-use-gpu-memory-buffer --lang=zh-CN --device-scale-factor=1 --num-raster-threads=4 --enable-main-frame-before-activation --renderer-client-id=4 --time-ticks-at-unix-epoch=-1785918640205991 --launch-time-ticks=9366284582 --field-trial-handle=2044,i,8528152345874284265,13457465882528845703,262144 --enable-features=PdfUseShowSaveFilePicker --disable-features=SpareRendererForSitePerProcess,WinDelaySpellcheckServiceInit --variations-seed-version --mojo-platform-channel-handle=3280 /prefetch:1","localhost","ea7bfcc2-2263-4c1b-91c4-7992054991fb","False","df34afb5-1e8a-4880-8a28-6e0722507204"
"2026-08-05T19:08:23.9623259+08:00","190.524","17944","13664","Resolve.exe","2026/8/5 19:06:28","38.578","2495.6","""C:\Program Files\Blackmagic Design\DaVinci Resolve\Resolve.exe"" ","localhost","ea7bfcc2-2263-4c1b-91c4-7992054991fb","False","df34afb5-1e8a-4880-8a28-6e0722507204"
"2026-08-05T19:08:23.9623259+08:00","190.524","3496","17944","electron.exe","2026/8/5 19:06:46","0.422","105.3","""C:/Program Files/Blackmagic Design/DaVinci Resolve\Electron\electron.exe"" ""C:\ProgramData\Blackmagic Design\DaVinci Resolve\Support\Workflow Integration Plugins\com.wutpeach.clackly\workflow-plugin/main.js"" --plugin-id=com.wutpeach.clackly","localhost","ea7bfcc2-2263-4c1b-91c4-7992054991fb","False","df34afb5-1e8a-4880-8a28-6e0722507204"
"2026-08-05T19:08:23.9623259+08:00","190.524","10124","3496","electron.exe","2026/8/5 19:06:46","0.766","111.2","""C:\Program Files\Blackmagic Design\DaVinci Resolve\Electron\electron.exe"" --type=gpu-process --user-data-dir=""C:\Users\Administrator\AppData\Roaming\Clackly Workflow Plugin"" --gpu-preferences=UAAAAAAAAADgAAAEAAAAAAAAAAAAAAAAAABgAAEAAAAAAAAAAAAAAAAAAAACAAAAAAAAAAAAAAAAAAAAAAAAABAAAAAAAAAAEAAAAAAAAAAIAAAAAAAAAAgAAAAAAAAA --field-trial-handle=2044,i,8528152345874284265,13457465882528845703,262144 --enable-features=PdfUseShowSaveFilePicker --disable-features=SpareRendererForSitePerProcess,WinDelaySpellcheckServiceInit --variations-seed-version --mojo-platform-channel-handle=2032 /prefetch:2","localhost","ea7bfcc2-2263-4c1b-91c4-7992054991fb","False","df34afb5-1e8a-4880-8a28-6e0722507204"
"2026-08-05T19:08:23.9623259+08:00","190.524","37640","3496","electron.exe","2026/8/5 19:06:46","0.156","51.6","""C:\Program Files\Blackmagic Design\DaVinci Resolve\Electron\electron.exe"" --type=utility --utility-sub-type=network.mojom.NetworkService --lang=zh-CN --service-sandbox-type=none --user-data-dir=""C:\Users\Administrator\AppData\Roaming\Clackly Workflow Plugin"" --field-trial-handle=2044,i,8528152345874284265,13457465882528845703,262144 --enable-features=PdfUseShowSaveFilePicker --disable-features=SpareRendererForSitePerProcess,WinDelaySpellcheckServiceInit --variations-seed-version --mojo-platform-channel-handle=2232 /prefetch:11","localhost","ea7bfcc2-2263-4c1b-91c4-7992054991fb","False","df34afb5-1e8a-4880-8a28-6e0722507204"
"2026-08-05T19:08:23.9623259+08:00","190.524","15532","3496","electron.exe","2026/8/5 19:06:46","0.141","88.7","""C:\Program Files\Blackmagic Design\DaVinci Resolve\Electron\electron.exe"" --type=renderer --user-data-dir=""C:\Users\Administrator\AppData\Roaming\Clackly Workflow Plugin"" --app-path=""C:\ProgramData\Blackmagic Design\DaVinci Resolve\Support\Workflow Integration Plugins\com.wutpeach.clackly\workflow-plugin"" --no-sandbox --no-zygote --video-capture-use-gpu-memory-buffer --lang=zh-CN --device-scale-factor=1 --num-raster-threads=4 --enable-main-frame-before-activation --renderer-client-id=4 --time-ticks-at-unix-epoch=-1785918640205991 --launch-time-ticks=9366284582 --field-trial-handle=2044,i,8528152345874284265,13457465882528845703,262144 --enable-features=PdfUseShowSaveFilePicker --disable-features=SpareRendererForSitePerProcess,WinDelaySpellcheckServiceInit --variations-seed-version --mojo-platform-channel-handle=3280 /prefetch:1","localhost","ea7bfcc2-2263-4c1b-91c4-7992054991fb","False","df34afb5-1e8a-4880-8a28-6e0722507204"
"2026-08-05T19:08:25.9674609+08:00","203.999","17944","13664","Resolve.exe","2026/8/5 19:06:28","38.688","2495.6","""C:\Program Files\Blackmagic Design\DaVinci Resolve\Resolve.exe"" ","localhost","ea7bfcc2-2263-4c1b-91c4-7992054991fb","False","df34afb5-1e8a-4880-8a28-6e0722507204"
"2026-08-05T19:08:25.9674609+08:00","203.999","3496","17944","electron.exe","2026/8/5 19:06:46","0.422","105.3","""C:/Program Files/Blackmagic Design/DaVinci Resolve\Electron\electron.exe"" ""C:\ProgramData\Blackmagic Design\DaVinci Resolve\Support\Workflow Integration Plugins\com.wutpeach.clackly\workflow-plugin/main.js"" --plugin-id=com.wutpeach.clackly","localhost","ea7bfcc2-2263-4c1b-91c4-7992054991fb","False","df34afb5-1e8a-4880-8a28-6e0722507204"
"2026-08-05T19:08:25.9674609+08:00","203.999","10124","3496","electron.exe","2026/8/5 19:06:46","0.766","111.2","""C:\Program Files\Blackmagic Design\DaVinci Resolve\Electron\electron.exe"" --type=gpu-process --user-data-dir=""C:\Users\Administrator\AppData\Roaming\Clackly Workflow Plugin"" --gpu-preferences=UAAAAAAAAADgAAAEAAAAAAAAAAAAAAAAAABgAAEAAAAAAAAAAAAAAAAAAAACAAAAAAAAAAAAAAAAAAAAAAAAABAAAAAAAAAAEAAAAAAAAAAIAAAAAAAAAAgAAAAAAAAA --field-trial-handle=2044,i,8528152345874284265,13457465882528845703,262144 --enable-features=PdfUseShowSaveFilePicker --disable-features=SpareRendererForSitePerProcess,WinDelaySpellcheckServiceInit --variations-seed-version --mojo-platform-channel-handle=2032 /prefetch:2","localhost","ea7bfcc2-2263-4c1b-91c4-7992054991fb","False","df34afb5-1e8a-4880-8a28-6e0722507204"
"2026-08-05T19:08:25.9674609+08:00","203.999","37640","3496","electron.exe","2026/8/5 19:06:46","0.156","51.6","""C:\Program Files\Blackmagic Design\DaVinci Resolve\Electron\electron.exe"" --type=utility --utility-sub-type=network.mojom.NetworkService --lang=zh-CN --service-sandbox-type=none --user-data-dir=""C:\Users\Administrator\AppData\Roaming\Clackly Workflow Plugin"" --field-trial-handle=2044,i,8528152345874284265,13457465882528845703,262144 --enable-features=PdfUseShowSaveFilePicker --disable-features=SpareRendererForSitePerProcess,WinDelaySpellcheckServiceInit --variations-seed-version --mojo-platform-channel-handle=2232 /prefetch:11","localhost","ea7bfcc2-2263-4c1b-91c4-7992054991fb","False","df34afb5-1e8a-4880-8a28-6e0722507204"
"2026-08-05T19:08:25.9674609+08:00","203.999","15532","3496","electron.exe","2026/8/5 19:06:46","0.141","88.7","""C:\Program Files\Blackmagic Design\DaVinci Resolve\Electron\electron.exe"" --type=renderer --user-data-dir=""C:\Users\Administrator\AppData\Roaming\Clackly Workflow Plugin"" --app-path=""C:\ProgramData\Blackmagic Design\DaVinci Resolve\Support\Workflow Integration Plugins\com.wutpeach.clackly\workflow-plugin"" --no-sandbox --no-zygote --video-capture-use-gpu-memory-buffer --lang=zh-CN --device-scale-factor=1 --num-raster-threads=4 --enable-main-frame-before-activation --renderer-client-id=4 --time-ticks-at-unix-epoch=-1785918640205991 --launch-time-ticks=9366284582 --field-trial-handle=2044,i,8528152345874284265,13457465882528845703,262144 --enable-features=PdfUseShowSaveFilePicker --disable-features=SpareRendererForSitePerProcess,WinDelaySpellcheckServiceInit --variations-seed-version --mojo-platform-channel-handle=3280 /prefetch:1","localhost","ea7bfcc2-2263-4c1b-91c4-7992054991fb","False","df34afb5-1e8a-4880-8a28-6e0722507204"
"2026-08-05T19:08:27.9708089+08:00","205.388","17944","13664","Resolve.exe","2026/8/5 19:06:28","38.938","2495.6","""C:\Program Files\Blackmagic Design\DaVinci Resolve\Resolve.exe"" ","localhost","ea7bfcc2-2263-4c1b-91c4-7992054991fb","False","df34afb5-1e8a-4880-8a28-6e0722507204"
"2026-08-05T19:08:27.9708089+08:00","205.388","3496","17944","electron.exe","2026/8/5 19:06:46","0.422","105.3","""C:/Program Files/Blackmagic Design/DaVinci Resolve\Electron\electron.exe"" ""C:\ProgramData\Blackmagic Design\DaVinci Resolve\Support\Workflow Integration Plugins\com.wutpeach.clackly\workflow-plugin/main.js"" --plugin-id=com.wutpeach.clackly","localhost","ea7bfcc2-2263-4c1b-91c4-7992054991fb","False","df34afb5-1e8a-4880-8a28-6e0722507204"
"2026-08-05T19:08:27.9708089+08:00","205.388","10124","3496","electron.exe","2026/8/5 19:06:46","0.766","111.2","""C:\Program Files\Blackmagic Design\DaVinci Resolve\Electron\electron.exe"" --type=gpu-process --user-data-dir=""C:\Users\Administrator\AppData\Roaming\Clackly Workflow Plugin"" --gpu-preferences=UAAAAAAAAADgAAAEAAAAAAAAAAAAAAAAAABgAAEAAAAAAAAAAAAAAAAAAAACAAAAAAAAAAAAAAAAAAAAAAAAABAAAAAAAAAAEAAAAAAAAAAIAAAAAAAAAAgAAAAAAAAA --field-trial-handle=2044,i,8528152345874284265,13457465882528845703,262144 --enable-features=PdfUseShowSaveFilePicker --disable-features=SpareRendererForSitePerProcess,WinDelaySpellcheckServiceInit --variations-seed-version --mojo-platform-channel-handle=2032 /prefetch:2","localhost","ea7bfcc2-2263-4c1b-91c4-7992054991fb","False","df34afb5-1e8a-4880-8a28-6e0722507204"
"2026-08-05T19:08:27.9708089+08:00","205.388","37640","3496","electron.exe","2026/8/5 19:06:46","0.156","51.6","""C:\Program Files\Blackmagic Design\DaVinci Resolve\Electron\electron.exe"" --type=utility --utility-sub-type=network.mojom.NetworkService --lang=zh-CN --service-sandbox-type=none --user-data-dir=""C:\Users\Administrator\AppData\Roaming\Clackly Workflow Plugin"" --field-trial-handle=2044,i,8528152345874284265,13457465882528845703,262144 --enable-features=PdfUseShowSaveFilePicker --disable-features=SpareRendererForSitePerProcess,WinDelaySpellcheckServiceInit --variations-seed-version --mojo-platform-channel-handle=2232 /prefetch:11","localhost","ea7bfcc2-2263-4c1b-91c4-7992054991fb","False","df34afb5-1e8a-4880-8a28-6e0722507204"
"2026-08-05T19:08:27.9708089+08:00","205.388","15532","3496","electron.exe","2026/8/5 19:06:46","0.141","88.7","""C:\Program Files\Blackmagic Design\DaVinci Resolve\Electron\electron.exe"" --type=renderer --user-data-dir=""C:\Users\Administrator\AppData\Roaming\Clackly Workflow Plugin"" --app-path=""C:\ProgramData\Blackmagic Design\DaVinci Resolve\Support\Workflow Integration Plugins\com.wutpeach.clackly\workflow-plugin"" --no-sandbox --no-zygote --video-capture-use-gpu-memory-buffer --lang=zh-CN --device-scale-factor=1 --num-raster-threads=4 --enable-main-frame-before-activation --renderer-client-id=4 --time-ticks-at-unix-epoch=-1785918640205991 --launch-time-ticks=9366284582 --field-trial-handle=2044,i,8528152345874284265,13457465882528845703,262144 --enable-features=PdfUseShowSaveFilePicker --disable-features=SpareRendererForSitePerProcess,WinDelaySpellcheckServiceInit --variations-seed-version --mojo-platform-channel-handle=3280 /prefetch:1","localhost","ea7bfcc2-2263-4c1b-91c4-7992054991fb","False","df34afb5-1e8a-4880-8a28-6e0722507204"
"2026-08-05T19:08:29.9823840+08:00","176.392","17944","13664","Resolve.exe","2026/8/5 19:06:28","39.031","2495.6","""C:\Program Files\Blackmagic Design\DaVinci Resolve\Resolve.exe"" ","localhost","ea7bfcc2-2263-4c1b-91c4-7992054991fb","False","df34afb5-1e8a-4880-8a28-6e0722507204"
"2026-08-05T19:08:29.9823840+08:00","177.395","3496","17944","electron.exe","2026/8/5 19:06:46","0.422","105.3","""C:/Program Files/Blackmagic Design/DaVinci Resolve\Electron\electron.exe"" ""C:\ProgramData\Blackmagic Design\DaVinci Resolve\Support\Workflow Integration Plugins\com.wutpeach.clackly\workflow-plugin/main.js"" --plugin-id=com.wutpeach.clackly","localhost","ea7bfcc2-2263-4c1b-91c4-7992054991fb","False","df34afb5-1e8a-4880-8a28-6e0722507204"
"2026-08-05T19:08:29.9823840+08:00","177.395","10124","3496","electron.exe","2026/8/5 19:06:46","0.766","111.2","""C:\Program Files\Blackmagic Design\DaVinci Resolve\Electron\electron.exe"" --type=gpu-process --user-data-dir=""C:\Users\Administrator\AppData\Roaming\Clackly Workflow Plugin"" --gpu-preferences=UAAAAAAAAADgAAAEAAAAAAAAAAAAAAAAAABgAAEAAAAAAAAAAAAAAAAAAAACAAAAAAAAAAAAAAAAAAAAAAAAABAAAAAAAAAAEAAAAAAAAAAIAAAAAAAAAAgAAAAAAAAA --field-trial-handle=2044,i,8528152345874284265,13457465882528845703,262144 --enable-features=PdfUseShowSaveFilePicker --disable-features=SpareRendererForSitePerProcess,WinDelaySpellcheckServiceInit --variations-seed-version --mojo-platform-channel-handle=2032 /prefetch:2","localhost","ea7bfcc2-2263-4c1b-91c4-7992054991fb","False","df34afb5-1e8a-4880-8a28-6e0722507204"
"2026-08-05T19:08:29.9823840+08:00","177.395","37640","3496","electron.exe","2026/8/5 19:06:46","0.156","51.6","""C:\Program Files\Blackmagic Design\DaVinci Resolve\Electron\electron.exe"" --type=utility --utility-sub-type=network.mojom.NetworkService --lang=zh-CN --service-sandbox-type=none --user-data-dir=""C:\Users\Administrator\AppData\Roaming\Clackly Workflow Plugin"" --field-trial-handle=2044,i,8528152345874284265,13457465882528845703,262144 --enable-features=PdfUseShowSaveFilePicker --disable-features=SpareRendererForSitePerProcess,WinDelaySpellcheckServiceInit --variations-seed-version --mojo-platform-channel-handle=2232 /prefetch:11","localhost","ea7bfcc2-2263-4c1b-91c4-7992054991fb","False","df34afb5-1e8a-4880-8a28-6e0722507204"
"2026-08-05T19:08:29.9823840+08:00","177.395","15532","3496","electron.exe","2026/8/5 19:06:46","0.141","88.7","""C:\Program Files\Blackmagic Design\DaVinci Resolve\Electron\electron.exe"" --type=renderer --user-data-dir=""C:\Users\Administrator\AppData\Roaming\Clackly Workflow Plugin"" --app-path=""C:\ProgramData\Blackmagic Design\DaVinci Resolve\Support\Workflow Integration Plugins\com.wutpeach.clackly\workflow-plugin"" --no-sandbox --no-zygote --video-capture-use-gpu-memory-buffer --lang=zh-CN --device-scale-factor=1 --num-raster-threads=4 --enable-main-frame-before-activation --renderer-client-id=4 --time-ticks-at-unix-epoch=-1785918640205991 --launch-time-ticks=9366284582 --field-trial-handle=2044,i,8528152345874284265,13457465882528845703,262144 --enable-features=PdfUseShowSaveFilePicker --disable-features=SpareRendererForSitePerProcess,WinDelaySpellcheckServiceInit --variations-seed-version --mojo-platform-channel-handle=3280 /prefetch:1","localhost","ea7bfcc2-2263-4c1b-91c4-7992054991fb","False","df34afb5-1e8a-4880-8a28-6e0722507204"
"2026-08-05T19:08:31.9833157+08:00","201.419","17944","13664","Resolve.exe","2026/8/5 19:06:28","39.188","2495.6","""C:\Program Files\Blackmagic Design\DaVinci Resolve\Resolve.exe"" ","localhost","ea7bfcc2-2263-4c1b-91c4-7992054991fb","False","df34afb5-1e8a-4880-8a28-6e0722507204"
"2026-08-05T19:08:31.9833157+08:00","201.419","3496","17944","electron.exe","2026/8/5 19:06:46","0.422","105.3","""C:/Program Files/Blackmagic Design/DaVinci Resolve\Electron\electron.exe"" ""C:\ProgramData\Blackmagic Design\DaVinci Resolve\Support\Workflow Integration Plugins\com.wutpeach.clackly\workflow-plugin/main.js"" --plugin-id=com.wutpeach.clackly","localhost","ea7bfcc2-2263-4c1b-91c4-7992054991fb","False","df34afb5-1e8a-4880-8a28-6e0722507204"
"2026-08-05T19:08:31.9833157+08:00","201.419","10124","3496","electron.exe","2026/8/5 19:06:46","0.766","111.2","""C:\Program Files\Blackmagic Design\DaVinci Resolve\Electron\electron.exe"" --type=gpu-process --user-data-dir=""C:\Users\Administrator\AppData\Roaming\Clackly Workflow Plugin"" --gpu-preferences=UAAAAAAAAADgAAAEAAAAAAAAAAAAAAAAAABgAAEAAAAAAAAAAAAAAAAAAAACAAAAAAAAAAAAAAAAAAAAAAAAABAAAAAAAAAAEAAAAAAAAAAIAAAAAAAAAAgAAAAAAAAA --field-trial-handle=2044,i,8528152345874284265,13457465882528845703,262144 --enable-features=PdfUseShowSaveFilePicker --disable-features=SpareRendererForSitePerProcess,WinDelaySpellcheckServiceInit --variations-seed-version --mojo-platform-channel-handle=2032 /prefetch:2","localhost","ea7bfcc2-2263-4c1b-91c4-7992054991fb","False","df34afb5-1e8a-4880-8a28-6e0722507204"
"2026-08-05T19:08:31.9833157+08:00","201.419","37640","3496","electron.exe","2026/8/5 19:06:46","0.156","51.6","""C:\Program Files\Blackmagic Design\DaVinci Resolve\Electron\electron.exe"" --type=utility --utility-sub-type=network.mojom.NetworkService --lang=zh-CN --service-sandbox-type=none --user-data-dir=""C:\Users\Administrator\AppData\Roaming\Clackly Workflow Plugin"" --field-trial-handle=2044,i,8528152345874284265,13457465882528845703,262144 --enable-features=PdfUseShowSaveFilePicker --disable-features=SpareRendererForSitePerProcess,WinDelaySpellcheckServiceInit --variations-seed-version --mojo-platform-channel-handle=2232 /prefetch:11","localhost","ea7bfcc2-2263-4c1b-91c4-7992054991fb","False","df34afb5-1e8a-4880-8a28-6e0722507204"
"2026-08-05T19:08:31.9833157+08:00","201.419","15532","3496","electron.exe","2026/8/5 19:06:46","0.141","88.7","""C:\Program Files\Blackmagic Design\DaVinci Resolve\Electron\electron.exe"" --type=renderer --user-data-dir=""C:\Users\Administrator\AppData\Roaming\Clackly Workflow Plugin"" --app-path=""C:\ProgramData\Blackmagic Design\DaVinci Resolve\Support\Workflow Integration Plugins\com.wutpeach.clackly\workflow-plugin"" --no-sandbox --no-zygote --video-capture-use-gpu-memory-buffer --lang=zh-CN --device-scale-factor=1 --num-raster-threads=4 --enable-main-frame-before-activation --renderer-client-id=4 --time-ticks-at-unix-epoch=-1785918640205991 --launch-time-ticks=9366284582 --field-trial-handle=2044,i,8528152345874284265,13457465882528845703,262144 --enable-features=PdfUseShowSaveFilePicker --disable-features=SpareRendererForSitePerProcess,WinDelaySpellcheckServiceInit --variations-seed-version --mojo-platform-channel-handle=3280 /prefetch:1","localhost","ea7bfcc2-2263-4c1b-91c4-7992054991fb","False","df34afb5-1e8a-4880-8a28-6e0722507204"
"2026-08-05T19:08:33.9948983+08:00","221.903","17944","13664","Resolve.exe","2026/8/5 19:06:28","39.266","2495.6","""C:\Program Files\Blackmagic Design\DaVinci Resolve\Resolve.exe"" ","localhost","ea7bfcc2-2263-4c1b-91c4-7992054991fb","False","df34afb5-1e8a-4880-8a28-6e0722507204"
"2026-08-05T19:08:33.9948983+08:00","221.903","3496","17944","electron.exe","2026/8/5 19:06:46","0.422","105.3","""C:/Program Files/Blackmagic Design/DaVinci Resolve\Electron\electron.exe"" ""C:\ProgramData\Blackmagic Design\DaVinci Resolve\Support\Workflow Integration Plugins\com.wutpeach.clackly\workflow-plugin/main.js"" --plugin-id=com.wutpeach.clackly","localhost","ea7bfcc2-2263-4c1b-91c4-7992054991fb","False","df34afb5-1e8a-4880-8a28-6e0722507204"
"2026-08-05T19:08:33.9948983+08:00","221.903","10124","3496","electron.exe","2026/8/5 19:06:46","0.766","111.2","""C:\Program Files\Blackmagic Design\DaVinci Resolve\Electron\electron.exe"" --type=gpu-process --user-data-dir=""C:\Users\Administrator\AppData\Roaming\Clackly Workflow Plugin"" --gpu-preferences=UAAAAAAAAADgAAAEAAAAAAAAAAAAAAAAAABgAAEAAAAAAAAAAAAAAAAAAAACAAAAAAAAAAAAAAAAAAAAAAAAABAAAAAAAAAAEAAAAAAAAAAIAAAAAAAAAAgAAAAAAAAA --field-trial-handle=2044,i,8528152345874284265,13457465882528845703,262144 --enable-features=PdfUseShowSaveFilePicker --disable-features=SpareRendererForSitePerProcess,WinDelaySpellcheckServiceInit --variations-seed-version --mojo-platform-channel-handle=2032 /prefetch:2","localhost","ea7bfcc2-2263-4c1b-91c4-7992054991fb","False","df34afb5-1e8a-4880-8a28-6e0722507204"
"2026-08-05T19:08:33.9948983+08:00","221.903","37640","3496","electron.exe","2026/8/5 19:06:46","0.156","51.6","""C:\Program Files\Blackmagic Design\DaVinci Resolve\Electron\electron.exe"" --type=utility --utility-sub-type=network.mojom.NetworkService --lang=zh-CN --service-sandbox-type=none --user-data-dir=""C:\Users\Administrator\AppData\Roaming\Clackly Workflow Plugin"" --field-trial-handle=2044,i,8528152345874284265,13457465882528845703,262144 --enable-features=PdfUseShowSaveFilePicker --disable-features=SpareRendererForSitePerProcess,WinDelaySpellcheckServiceInit --variations-seed-version --mojo-platform-channel-handle=2232 /prefetch:11","localhost","ea7bfcc2-2263-4c1b-91c4-7992054991fb","False","df34afb5-1e8a-4880-8a28-6e0722507204"
"2026-08-05T19:08:33.9948983+08:00","221.903","15532","3496","electron.exe","2026/8/5 19:06:46","0.141","88.7","""C:\Program Files\Blackmagic Design\DaVinci Resolve\Electron\electron.exe"" --type=renderer --user-data-dir=""C:\Users\Administrator\AppData\Roaming\Clackly Workflow Plugin"" --app-path=""C:\ProgramData\Blackmagic Design\DaVinci Resolve\Support\Workflow Integration Plugins\com.wutpeach.clackly\workflow-plugin"" --no-sandbox --no-zygote --video-capture-use-gpu-memory-buffer --lang=zh-CN --device-scale-factor=1 --num-raster-threads=4 --enable-main-frame-before-activation --renderer-client-id=4 --time-ticks-at-unix-epoch=-1785918640205991 --launch-time-ticks=9366284582 --field-trial-handle=2044,i,8528152345874284265,13457465882528845703,262144 --enable-features=PdfUseShowSaveFilePicker --disable-features=SpareRendererForSitePerProcess,WinDelaySpellcheckServiceInit --variations-seed-version --mojo-platform-channel-handle=3280 /prefetch:1","localhost","ea7bfcc2-2263-4c1b-91c4-7992054991fb","False","df34afb5-1e8a-4880-8a28-6e0722507204"
"2026-08-05T19:08:36.0060197+08:00","187.845","17944","13664","Resolve.exe","2026/8/5 19:06:28","39.531","2495.6","""C:\Program Files\Blackmagic Design\DaVinci Resolve\Resolve.exe"" ","localhost","ea7bfcc2-2263-4c1b-91c4-7992054991fb","False","df34afb5-1e8a-4880-8a28-6e0722507204"
"2026-08-05T19:08:36.0060197+08:00","187.845","3496","17944","electron.exe","2026/8/5 19:06:46","0.422","105.3","""C:/Program Files/Blackmagic Design/DaVinci Resolve\Electron\electron.exe"" ""C:\ProgramData\Blackmagic Design\DaVinci Resolve\Support\Workflow Integration Plugins\com.wutpeach.clackly\workflow-plugin/main.js"" --plugin-id=com.wutpeach.clackly","localhost","ea7bfcc2-2263-4c1b-91c4-7992054991fb","False","df34afb5-1e8a-4880-8a28-6e0722507204"
"2026-08-05T19:08:36.0060197+08:00","187.845","10124","3496","electron.exe","2026/8/5 19:06:46","0.766","111.2","""C:\Program Files\Blackmagic Design\DaVinci Resolve\Electron\electron.exe"" --type=gpu-process --user-data-dir=""C:\Users\Administrator\AppData\Roaming\Clackly Workflow Plugin"" --gpu-preferences=UAAAAAAAAADgAAAEAAAAAAAAAAAAAAAAAABgAAEAAAAAAAAAAAAAAAAAAAACAAAAAAAAAAAAAAAAAAAAAAAAABAAAAAAAAAAEAAAAAAAAAAIAAAAAAAAAAgAAAAAAAAA --field-trial-handle=2044,i,8528152345874284265,13457465882528845703,262144 --enable-features=PdfUseShowSaveFilePicker --disable-features=SpareRendererForSitePerProcess,WinDelaySpellcheckServiceInit --variations-seed-version --mojo-platform-channel-handle=2032 /prefetch:2","localhost","ea7bfcc2-2263-4c1b-91c4-7992054991fb","False","df34afb5-1e8a-4880-8a28-6e0722507204"
"2026-08-05T19:08:36.0060197+08:00","187.845","37640","3496","electron.exe","2026/8/5 19:06:46","0.156","51.6","""C:\Program Files\Blackmagic Design\DaVinci Resolve\Electron\electron.exe"" --type=utility --utility-sub-type=network.mojom.NetworkService --lang=zh-CN --service-sandbox-type=none --user-data-dir=""C:\Users\Administrator\AppData\Roaming\Clackly Workflow Plugin"" --field-trial-handle=2044,i,8528152345874284265,13457465882528845703,262144 --enable-features=PdfUseShowSaveFilePicker --disable-features=SpareRendererForSitePerProcess,WinDelaySpellcheckServiceInit --variations-seed-version --mojo-platform-channel-handle=2232 /prefetch:11","localhost","ea7bfcc2-2263-4c1b-91c4-7992054991fb","False","df34afb5-1e8a-4880-8a28-6e0722507204"
"2026-08-05T19:08:36.0060197+08:00","187.845","15532","3496","electron.exe","2026/8/5 19:06:46","0.141","88.7","""C:\Program Files\Blackmagic Design\DaVinci Resolve\Electron\electron.exe"" --type=renderer --user-data-dir=""C:\Users\Administrator\AppData\Roaming\Clackly Workflow Plugin"" --app-path=""C:\ProgramData\Blackmagic Design\DaVinci Resolve\Support\Workflow Integration Plugins\com.wutpeach.clackly\workflow-plugin"" --no-sandbox --no-zygote --video-capture-use-gpu-memory-buffer --lang=zh-CN --device-scale-factor=1 --num-raster-threads=4 --enable-main-frame-before-activation --renderer-client-id=4 --time-ticks-at-unix-epoch=-1785918640205991 --launch-time-ticks=9366284582 --field-trial-handle=2044,i,8528152345874284265,13457465882528845703,262144 --enable-features=PdfUseShowSaveFilePicker --disable-features=SpareRendererForSitePerProcess,WinDelaySpellcheckServiceInit --variations-seed-version --mojo-platform-channel-handle=3280 /prefetch:1","localhost","ea7bfcc2-2263-4c1b-91c4-7992054991fb","False","df34afb5-1e8a-4880-8a28-6e0722507204"
"2026-08-05T19:08:38.0208496+08:00","195.423","17944","13664","Resolve.exe","2026/8/5 19:06:28","39.75","2495.6","""C:\Program Files\Blackmagic Design\DaVinci Resolve\Resolve.exe"" ","localhost","ea7bfcc2-2263-4c1b-91c4-7992054991fb","False","df34afb5-1e8a-4880-8a28-6e0722507204"
"2026-08-05T19:08:38.0208496+08:00","195.423","3496","17944","electron.exe","2026/8/5 19:06:46","0.422","105.3","""C:/Program Files/Blackmagic Design/DaVinci Resolve\Electron\electron.exe"" ""C:\ProgramData\Blackmagic Design\DaVinci Resolve\Support\Workflow Integration Plugins\com.wutpeach.clackly\workflow-plugin/main.js"" --plugin-id=com.wutpeach.clackly","localhost","ea7bfcc2-2263-4c1b-91c4-7992054991fb","False","df34afb5-1e8a-4880-8a28-6e0722507204"
"2026-08-05T19:08:38.0208496+08:00","195.423","10124","3496","electron.exe","2026/8/5 19:06:46","0.766","111.2","""C:\Program Files\Blackmagic Design\DaVinci Resolve\Electron\electron.exe"" --type=gpu-process --user-data-dir=""C:\Users\Administrator\AppData\Roaming\Clackly Workflow Plugin"" --gpu-preferences=UAAAAAAAAADgAAAEAAAAAAAAAAAAAAAAAABgAAEAAAAAAAAAAAAAAAAAAAACAAAAAAAAAAAAAAAAAAAAAAAAABAAAAAAAAAAEAAAAAAAAAAIAAAAAAAAAAgAAAAAAAAA --field-trial-handle=2044,i,8528152345874284265,13457465882528845703,262144 --enable-features=PdfUseShowSaveFilePicker --disable-features=SpareRendererForSitePerProcess,WinDelaySpellcheckServiceInit --variations-seed-version --mojo-platform-channel-handle=2032 /prefetch:2","localhost","ea7bfcc2-2263-4c1b-91c4-7992054991fb","False","df34afb5-1e8a-4880-8a28-6e0722507204"
"2026-08-05T19:08:38.0208496+08:00","196.423","37640","3496","electron.exe","2026/8/5 19:06:46","0.156","51.6","""C:\Program Files\Blackmagic Design\DaVinci Resolve\Electron\electron.exe"" --type=utility --utility-sub-type=network.mojom.NetworkService --lang=zh-CN --service-sandbox-type=none --user-data-dir=""C:\Users\Administrator\AppData\Roaming\Clackly Workflow Plugin"" --field-trial-handle=2044,i,8528152345874284265,13457465882528845703,262144 --enable-features=PdfUseShowSaveFilePicker --disable-features=SpareRendererForSitePerProcess,WinDelaySpellcheckServiceInit --variations-seed-version --mojo-platform-channel-handle=2232 /prefetch:11","localhost","ea7bfcc2-2263-4c1b-91c4-7992054991fb","False","df34afb5-1e8a-4880-8a28-6e0722507204"
"2026-08-05T19:08:38.0208496+08:00","196.423","15532","3496","electron.exe","2026/8/5 19:06:46","0.141","88.7","""C:\Program Files\Blackmagic Design\DaVinci Resolve\Electron\electron.exe"" --type=renderer --user-data-dir=""C:\Users\Administrator\AppData\Roaming\Clackly Workflow Plugin"" --app-path=""C:\ProgramData\Blackmagic Design\DaVinci Resolve\Support\Workflow Integration Plugins\com.wutpeach.clackly\workflow-plugin"" --no-sandbox --no-zygote --video-capture-use-gpu-memory-buffer --lang=zh-CN --device-scale-factor=1 --num-raster-threads=4 --enable-main-frame-before-activation --renderer-client-id=4 --time-ticks-at-unix-epoch=-1785918640205991 --launch-time-ticks=9366284582 --field-trial-handle=2044,i,8528152345874284265,13457465882528845703,262144 --enable-features=PdfUseShowSaveFilePicker --disable-features=SpareRendererForSitePerProcess,WinDelaySpellcheckServiceInit --variations-seed-version --mojo-platform-channel-handle=3280 /prefetch:1","localhost","ea7bfcc2-2263-4c1b-91c4-7992054991fb","False","df34afb5-1e8a-4880-8a28-6e0722507204"
"2026-08-05T19:08:40.0224064+08:00","206.577","17944","13664","Resolve.exe","2026/8/5 19:06:28","39.906","2561.2","""C:\Program Files\Blackmagic Design\DaVinci Resolve\Resolve.exe"" ","localhost","ea7bfcc2-2263-4c1b-91c4-7992054991fb","False","df34afb5-1e8a-4880-8a28-6e0722507204"
"2026-08-05T19:08:40.0224064+08:00","207.881","3496","17944","electron.exe","2026/8/5 19:06:46","0.422","105.3","""C:/Program Files/Blackmagic Design/DaVinci Resolve\Electron\electron.exe"" ""C:\ProgramData\Blackmagic Design\DaVinci Resolve\Support\Workflow Integration Plugins\com.wutpeach.clackly\workflow-plugin/main.js"" --plugin-id=com.wutpeach.clackly","localhost","ea7bfcc2-2263-4c1b-91c4-7992054991fb","False","df34afb5-1e8a-4880-8a28-6e0722507204"
"2026-08-05T19:08:40.0224064+08:00","207.881","10124","3496","electron.exe","2026/8/5 19:06:46","0.766","111.2","""C:\Program Files\Blackmagic Design\DaVinci Resolve\Electron\electron.exe"" --type=gpu-process --user-data-dir=""C:\Users\Administrator\AppData\Roaming\Clackly Workflow Plugin"" --gpu-preferences=UAAAAAAAAADgAAAEAAAAAAAAAAAAAAAAAABgAAEAAAAAAAAAAAAAAAAAAAACAAAAAAAAAAAAAAAAAAAAAAAAABAAAAAAAAAAEAAAAAAAAAAIAAAAAAAAAAgAAAAAAAAA --field-trial-handle=2044,i,8528152345874284265,13457465882528845703,262144 --enable-features=PdfUseShowSaveFilePicker --disable-features=SpareRendererForSitePerProcess,WinDelaySpellcheckServiceInit --variations-seed-version --mojo-platform-channel-handle=2032 /prefetch:2","localhost","ea7bfcc2-2263-4c1b-91c4-7992054991fb","False","df34afb5-1e8a-4880-8a28-6e0722507204"
"2026-08-05T19:08:40.0224064+08:00","207.881","37640","3496","electron.exe","2026/8/5 19:06:46","0.156","51.6","""C:\Program Files\Blackmagic Design\DaVinci Resolve\Electron\electron.exe"" --type=utility --utility-sub-type=network.mojom.NetworkService --lang=zh-CN --service-sandbox-type=none --user-data-dir=""C:\Users\Administrator\AppData\Roaming\Clackly Workflow Plugin"" --field-trial-handle=2044,i,8528152345874284265,13457465882528845703,262144 --enable-features=PdfUseShowSaveFilePicker --disable-features=SpareRendererForSitePerProcess,WinDelaySpellcheckServiceInit --variations-seed-version --mojo-platform-channel-handle=2232 /prefetch:11","localhost","ea7bfcc2-2263-4c1b-91c4-7992054991fb","False","df34afb5-1e8a-4880-8a28-6e0722507204"
"2026-08-05T19:08:40.0224064+08:00","207.881","15532","3496","electron.exe","2026/8/5 19:06:46","0.141","88.7","""C:\Program Files\Blackmagic Design\DaVinci Resolve\Electron\electron.exe"" --type=renderer --user-data-dir=""C:\Users\Administrator\AppData\Roaming\Clackly Workflow Plugin"" --app-path=""C:\ProgramData\Blackmagic Design\DaVinci Resolve\Support\Workflow Integration Plugins\com.wutpeach.clackly\workflow-plugin"" --no-sandbox --no-zygote --video-capture-use-gpu-memory-buffer --lang=zh-CN --device-scale-factor=1 --num-raster-threads=4 --enable-main-frame-before-activation --renderer-client-id=4 --time-ticks-at-unix-epoch=-1785918640205991 --launch-time-ticks=9366284582 --field-trial-handle=2044,i,8528152345874284265,13457465882528845703,262144 --enable-features=PdfUseShowSaveFilePicker --disable-features=SpareRendererForSitePerProcess,WinDelaySpellcheckServiceInit --variations-seed-version --mojo-platform-channel-handle=3280 /prefetch:1","localhost","ea7bfcc2-2263-4c1b-91c4-7992054991fb","False","df34afb5-1e8a-4880-8a28-6e0722507204"
"2026-08-05T19:08:42.0349699+08:00","220.98","17944","13664","Resolve.exe","2026/8/5 19:06:28","40.094","2561.2","""C:\Program Files\Blackmagic Design\DaVinci Resolve\Resolve.exe"" ","localhost","ea7bfcc2-2263-4c1b-91c4-7992054991fb","False","df34afb5-1e8a-4880-8a28-6e0722507204"
"2026-08-05T19:08:42.0349699+08:00","220.98","3496","17944","electron.exe","2026/8/5 19:06:46","0.422","105.3","""C:/Program Files/Blackmagic Design/DaVinci Resolve\Electron\electron.exe"" ""C:\ProgramData\Blackmagic Design\DaVinci Resolve\Support\Workflow Integration Plugins\com.wutpeach.clackly\workflow-plugin/main.js"" --plugin-id=com.wutpeach.clackly","localhost","ea7bfcc2-2263-4c1b-91c4-7992054991fb","False","df34afb5-1e8a-4880-8a28-6e0722507204"
"2026-08-05T19:08:42.0349699+08:00","220.98","10124","3496","electron.exe","2026/8/5 19:06:46","0.766","111.2","""C:\Program Files\Blackmagic Design\DaVinci Resolve\Electron\electron.exe"" --type=gpu-process --user-data-dir=""C:\Users\Administrator\AppData\Roaming\Clackly Workflow Plugin"" --gpu-preferences=UAAAAAAAAADgAAAEAAAAAAAAAAAAAAAAAABgAAEAAAAAAAAAAAAAAAAAAAACAAAAAAAAAAAAAAAAAAAAAAAAABAAAAAAAAAAEAAAAAAAAAAIAAAAAAAAAAgAAAAAAAAA --field-trial-handle=2044,i,8528152345874284265,13457465882528845703,262144 --enable-features=PdfUseShowSaveFilePicker --disable-features=SpareRendererForSitePerProcess,WinDelaySpellcheckServiceInit --variations-seed-version --mojo-platform-channel-handle=2032 /prefetch:2","localhost","ea7bfcc2-2263-4c1b-91c4-7992054991fb","False","df34afb5-1e8a-4880-8a28-6e0722507204"
"2026-08-05T19:08:42.0349699+08:00","220.98","37640","3496","electron.exe","2026/8/5 19:06:46","0.156","51.6","""C:\Program Files\Blackmagic Design\DaVinci Resolve\Electron\electron.exe"" --type=utility --utility-sub-type=network.mojom.NetworkService --lang=zh-CN --service-sandbox-type=none --user-data-dir=""C:\Users\Administrator\AppData\Roaming\Clackly Workflow Plugin"" --field-trial-handle=2044,i,8528152345874284265,13457465882528845703,262144 --enable-features=PdfUseShowSaveFilePicker --disable-features=SpareRendererForSitePerProcess,WinDelaySpellcheckServiceInit --variations-seed-version --mojo-platform-channel-handle=2232 /prefetch:11","localhost","ea7bfcc2-2263-4c1b-91c4-7992054991fb","False","df34afb5-1e8a-4880-8a28-6e0722507204"
"2026-08-05T19:08:42.0349699+08:00","220.98","15532","3496","electron.exe","2026/8/5 19:06:46","0.141","88.7","""C:\Program Files\Blackmagic Design\DaVinci Resolve\Electron\electron.exe"" --type=renderer --user-data-dir=""C:\Users\Administrator\AppData\Roaming\Clackly Workflow Plugin"" --app-path=""C:\ProgramData\Blackmagic Design\DaVinci Resolve\Support\Workflow Integration Plugins\com.wutpeach.clackly\workflow-plugin"" --no-sandbox --no-zygote --video-capture-use-gpu-memory-buffer --lang=zh-CN --device-scale-factor=1 --num-raster-threads=4 --enable-main-frame-before-activation --renderer-client-id=4 --time-ticks-at-unix-epoch=-1785918640205991 --launch-time-ticks=9366284582 --field-trial-handle=2044,i,8528152345874284265,13457465882528845703,262144 --enable-features=PdfUseShowSaveFilePicker --disable-features=SpareRendererForSitePerProcess,WinDelaySpellcheckServiceInit --variations-seed-version --mojo-platform-channel-handle=3280 /prefetch:1","localhost","ea7bfcc2-2263-4c1b-91c4-7992054991fb","False","df34afb5-1e8a-4880-8a28-6e0722507204"
"2026-08-05T19:08:44.0465891+08:00","219.294","17944","13664","Resolve.exe","2026/8/5 19:06:28","40.219","2559.6","""C:\Program Files\Blackmagic Design\DaVinci Resolve\Resolve.exe"" ","localhost","ea7bfcc2-2263-4c1b-91c4-7992054991fb","False","df34afb5-1e8a-4880-8a28-6e0722507204"
"2026-08-05T19:08:44.0465891+08:00","219.294","3496","17944","electron.exe","2026/8/5 19:06:46","0.438","105.3","""C:/Program Files/Blackmagic Design/DaVinci Resolve\Electron\electron.exe"" ""C:\ProgramData\Blackmagic Design\DaVinci Resolve\Support\Workflow Integration Plugins\com.wutpeach.clackly\workflow-plugin/main.js"" --plugin-id=com.wutpeach.clackly","localhost","ea7bfcc2-2263-4c1b-91c4-7992054991fb","False","df34afb5-1e8a-4880-8a28-6e0722507204"
"2026-08-05T19:08:44.0465891+08:00","219.294","10124","3496","electron.exe","2026/8/5 19:06:46","0.766","111.2","""C:\Program Files\Blackmagic Design\DaVinci Resolve\Electron\electron.exe"" --type=gpu-process --user-data-dir=""C:\Users\Administrator\AppData\Roaming\Clackly Workflow Plugin"" --gpu-preferences=UAAAAAAAAADgAAAEAAAAAAAAAAAAAAAAAABgAAEAAAAAAAAAAAAAAAAAAAACAAAAAAAAAAAAAAAAAAAAAAAAABAAAAAAAAAAEAAAAAAAAAAIAAAAAAAAAAgAAAAAAAAA --field-trial-handle=2044,i,8528152345874284265,13457465882528845703,262144 --enable-features=PdfUseShowSaveFilePicker --disable-features=SpareRendererForSitePerProcess,WinDelaySpellcheckServiceInit --variations-seed-version --mojo-platform-channel-handle=2032 /prefetch:2","localhost","ea7bfcc2-2263-4c1b-91c4-7992054991fb","False","df34afb5-1e8a-4880-8a28-6e0722507204"
"2026-08-05T19:08:44.0465891+08:00","219.294","37640","3496","electron.exe","2026/8/5 19:06:46","0.156","51.6","""C:\Program Files\Blackmagic Design\DaVinci Resolve\Electron\electron.exe"" --type=utility --utility-sub-type=network.mojom.NetworkService --lang=zh-CN --service-sandbox-type=none --user-data-dir=""C:\Users\Administrator\AppData\Roaming\Clackly Workflow Plugin"" --field-trial-handle=2044,i,8528152345874284265,13457465882528845703,262144 --enable-features=PdfUseShowSaveFilePicker --disable-features=SpareRendererForSitePerProcess,WinDelaySpellcheckServiceInit --variations-seed-version --mojo-platform-channel-handle=2232 /prefetch:11","localhost","ea7bfcc2-2263-4c1b-91c4-7992054991fb","False","df34afb5-1e8a-4880-8a28-6e0722507204"
"2026-08-05T19:08:44.0465891+08:00","219.294","15532","3496","electron.exe","2026/8/5 19:06:46","0.141","88.7","""C:\Program Files\Blackmagic Design\DaVinci Resolve\Electron\electron.exe"" --type=renderer --user-data-dir=""C:\Users\Administrator\AppData\Roaming\Clackly Workflow Plugin"" --app-path=""C:\ProgramData\Blackmagic Design\DaVinci Resolve\Support\Workflow Integration Plugins\com.wutpeach.clackly\workflow-plugin"" --no-sandbox --no-zygote --video-capture-use-gpu-memory-buffer --lang=zh-CN --device-scale-factor=1 --num-raster-threads=4 --enable-main-frame-before-activation --renderer-client-id=4 --time-ticks-at-unix-epoch=-1785918640205991 --launch-time-ticks=9366284582 --field-trial-handle=2044,i,8528152345874284265,13457465882528845703,262144 --enable-features=PdfUseShowSaveFilePicker --disable-features=SpareRendererForSitePerProcess,WinDelaySpellcheckServiceInit --variations-seed-version --mojo-platform-channel-handle=3280 /prefetch:1","localhost","ea7bfcc2-2263-4c1b-91c4-7992054991fb","False","df34afb5-1e8a-4880-8a28-6e0722507204"
"2026-08-05T19:08:46.0593520+08:00","187.033","17944","13664","Resolve.exe","2026/8/5 19:06:28","40.297","2559.6","""C:\Program Files\Blackmagic Design\DaVinci Resolve\Resolve.exe"" ","localhost","ea7bfcc2-2263-4c1b-91c4-7992054991fb","False","df34afb5-1e8a-4880-8a28-6e0722507204"
"2026-08-05T19:08:46.0593520+08:00","188.033","3496","17944","electron.exe","2026/8/5 19:06:46","0.438","105.3","""C:/Program Files/Blackmagic Design/DaVinci Resolve\Electron\electron.exe"" ""C:\ProgramData\Blackmagic Design\DaVinci Resolve\Support\Workflow Integration Plugins\com.wutpeach.clackly\workflow-plugin/main.js"" --plugin-id=com.wutpeach.clackly","localhost","ea7bfcc2-2263-4c1b-91c4-7992054991fb","False","df34afb5-1e8a-4880-8a28-6e0722507204"
"2026-08-05T19:08:46.0593520+08:00","188.033","10124","3496","electron.exe","2026/8/5 19:06:46","0.766","111.2","""C:\Program Files\Blackmagic Design\DaVinci Resolve\Electron\electron.exe"" --type=gpu-process --user-data-dir=""C:\Users\Administrator\AppData\Roaming\Clackly Workflow Plugin"" --gpu-preferences=UAAAAAAAAADgAAAEAAAAAAAAAAAAAAAAAABgAAEAAAAAAAAAAAAAAAAAAAACAAAAAAAAAAAAAAAAAAAAAAAAABAAAAAAAAAAEAAAAAAAAAAIAAAAAAAAAAgAAAAAAAAA --field-trial-handle=2044,i,8528152345874284265,13457465882528845703,262144 --enable-features=PdfUseShowSaveFilePicker --disable-features=SpareRendererForSitePerProcess,WinDelaySpellcheckServiceInit --variations-seed-version --mojo-platform-channel-handle=2032 /prefetch:2","localhost","ea7bfcc2-2263-4c1b-91c4-7992054991fb","False","df34afb5-1e8a-4880-8a28-6e0722507204"
"2026-08-05T19:08:46.0593520+08:00","188.033","37640","3496","electron.exe","2026/8/5 19:06:46","0.156","51.6","""C:\Program Files\Blackmagic Design\DaVinci Resolve\Electron\electron.exe"" --type=utility --utility-sub-type=network.mojom.NetworkService --lang=zh-CN --service-sandbox-type=none --user-data-dir=""C:\Users\Administrator\AppData\Roaming\Clackly Workflow Plugin"" --field-trial-handle=2044,i,8528152345874284265,13457465882528845703,262144 --enable-features=PdfUseShowSaveFilePicker --disable-features=SpareRendererForSitePerProcess,WinDelaySpellcheckServiceInit --variations-seed-version --mojo-platform-channel-handle=2232 /prefetch:11","localhost","ea7bfcc2-2263-4c1b-91c4-7992054991fb","False","df34afb5-1e8a-4880-8a28-6e0722507204"
"2026-08-05T19:08:46.0593520+08:00","188.033","15532","3496","electron.exe","2026/8/5 19:06:46","0.141","88.7","""C:\Program Files\Blackmagic Design\DaVinci Resolve\Electron\electron.exe"" --type=renderer --user-data-dir=""C:\Users\Administrator\AppData\Roaming\Clackly Workflow Plugin"" --app-path=""C:\ProgramData\Blackmagic Design\DaVinci Resolve\Support\Workflow Integration Plugins\com.wutpeach.clackly\workflow-plugin"" --no-sandbox --no-zygote --video-capture-use-gpu-memory-buffer --lang=zh-CN --device-scale-factor=1 --num-raster-threads=4 --enable-main-frame-before-activation --renderer-client-id=4 --time-ticks-at-unix-epoch=-1785918640205991 --launch-time-ticks=9366284582 --field-trial-handle=2044,i,8528152345874284265,13457465882528845703,262144 --enable-features=PdfUseShowSaveFilePicker --disable-features=SpareRendererForSitePerProcess,WinDelaySpellcheckServiceInit --variations-seed-version --mojo-platform-channel-handle=3280 /prefetch:1","localhost","ea7bfcc2-2263-4c1b-91c4-7992054991fb","False","df34afb5-1e8a-4880-8a28-6e0722507204"
"2026-08-05T19:08:48.0687726+08:00","207.004","17944","13664","Resolve.exe","2026/8/5 19:06:28","40.438","2559.6","""C:\Program Files\Blackmagic Design\DaVinci Resolve\Resolve.exe"" ","localhost","ea7bfcc2-2263-4c1b-91c4-7992054991fb","False","df34afb5-1e8a-4880-8a28-6e0722507204"
"2026-08-05T19:08:48.0687726+08:00","207.004","3496","17944","electron.exe","2026/8/5 19:06:46","0.453","105.5","""C:/Program Files/Blackmagic Design/DaVinci Resolve\Electron\electron.exe"" ""C:\ProgramData\Blackmagic Design\DaVinci Resolve\Support\Workflow Integration Plugins\com.wutpeach.clackly\workflow-plugin/main.js"" --plugin-id=com.wutpeach.clackly","localhost","ea7bfcc2-2263-4c1b-91c4-7992054991fb","False","df34afb5-1e8a-4880-8a28-6e0722507204"
"2026-08-05T19:08:48.0687726+08:00","207.004","10124","3496","electron.exe","2026/8/5 19:06:46","0.766","111.4","""C:\Program Files\Blackmagic Design\DaVinci Resolve\Electron\electron.exe"" --type=gpu-process --user-data-dir=""C:\Users\Administrator\AppData\Roaming\Clackly Workflow Plugin"" --gpu-preferences=UAAAAAAAAADgAAAEAAAAAAAAAAAAAAAAAABgAAEAAAAAAAAAAAAAAAAAAAACAAAAAAAAAAAAAAAAAAAAAAAAABAAAAAAAAAAEAAAAAAAAAAIAAAAAAAAAAgAAAAAAAAA --field-trial-handle=2044,i,8528152345874284265,13457465882528845703,262144 --enable-features=PdfUseShowSaveFilePicker --disable-features=SpareRendererForSitePerProcess,WinDelaySpellcheckServiceInit --variations-seed-version --mojo-platform-channel-handle=2032 /prefetch:2","localhost","ea7bfcc2-2263-4c1b-91c4-7992054991fb","False","df34afb5-1e8a-4880-8a28-6e0722507204"
"2026-08-05T19:08:48.0687726+08:00","207.004","37640","3496","electron.exe","2026/8/5 19:06:46","0.156","51.6","""C:\Program Files\Blackmagic Design\DaVinci Resolve\Electron\electron.exe"" --type=utility --utility-sub-type=network.mojom.NetworkService --lang=zh-CN --service-sandbox-type=none --user-data-dir=""C:\Users\Administrator\AppData\Roaming\Clackly Workflow Plugin"" --field-trial-handle=2044,i,8528152345874284265,13457465882528845703,262144 --enable-features=PdfUseShowSaveFilePicker --disable-features=SpareRendererForSitePerProcess,WinDelaySpellcheckServiceInit --variations-seed-version --mojo-platform-channel-handle=2232 /prefetch:11","localhost","ea7bfcc2-2263-4c1b-91c4-7992054991fb","False","df34afb5-1e8a-4880-8a28-6e0722507204"
"2026-08-05T19:08:48.0687726+08:00","207.004","15532","3496","electron.exe","2026/8/5 19:06:46","0.141","88.7","""C:\Program Files\Blackmagic Design\DaVinci Resolve\Electron\electron.exe"" --type=renderer --user-data-dir=""C:\Users\Administrator\AppData\Roaming\Clackly Workflow Plugin"" --app-path=""C:\ProgramData\Blackmagic Design\DaVinci Resolve\Support\Workflow Integration Plugins\com.wutpeach.clackly\workflow-plugin"" --no-sandbox --no-zygote --video-capture-use-gpu-memory-buffer --lang=zh-CN --device-scale-factor=1 --num-raster-threads=4 --enable-main-frame-before-activation --renderer-client-id=4 --time-ticks-at-unix-epoch=-1785918640205991 --launch-time-ticks=9366284582 --field-trial-handle=2044,i,8528152345874284265,13457465882528845703,262144 --enable-features=PdfUseShowSaveFilePicker --disable-features=SpareRendererForSitePerProcess,WinDelaySpellcheckServiceInit --variations-seed-version --mojo-platform-channel-handle=3280 /prefetch:1","localhost","ea7bfcc2-2263-4c1b-91c4-7992054991fb","False","df34afb5-1e8a-4880-8a28-6e0722507204"
"2026-08-05T19:08:50.0834935+08:00","194.247","17944","13664","Resolve.exe","2026/8/5 19:06:28","40.625","2495.7","""C:\Program Files\Blackmagic Design\DaVinci Resolve\Resolve.exe"" ","localhost","ea7bfcc2-2263-4c1b-91c4-7992054991fb","False","df34afb5-1e8a-4880-8a28-6e0722507204"
"2026-08-05T19:08:50.0834935+08:00","194.247","3496","17944","electron.exe","2026/8/5 19:06:46","0.453","105.5","""C:/Program Files/Blackmagic Design/DaVinci Resolve\Electron\electron.exe"" ""C:\ProgramData\Blackmagic Design\DaVinci Resolve\Support\Workflow Integration Plugins\com.wutpeach.clackly\workflow-plugin/main.js"" --plugin-id=com.wutpeach.clackly","localhost","ea7bfcc2-2263-4c1b-91c4-7992054991fb","False","df34afb5-1e8a-4880-8a28-6e0722507204"
"2026-08-05T19:08:50.0834935+08:00","194.247","10124","3496","electron.exe","2026/8/5 19:06:46","0.766","111.4","""C:\Program Files\Blackmagic Design\DaVinci Resolve\Electron\electron.exe"" --type=gpu-process --user-data-dir=""C:\Users\Administrator\AppData\Roaming\Clackly Workflow Plugin"" --gpu-preferences=UAAAAAAAAADgAAAEAAAAAAAAAAAAAAAAAABgAAEAAAAAAAAAAAAAAAAAAAACAAAAAAAAAAAAAAAAAAAAAAAAABAAAAAAAAAAEAAAAAAAAAAIAAAAAAAAAAgAAAAAAAAA --field-trial-handle=2044,i,8528152345874284265,13457465882528845703,262144 --enable-features=PdfUseShowSaveFilePicker --disable-features=SpareRendererForSitePerProcess,WinDelaySpellcheckServiceInit --variations-seed-version --mojo-platform-channel-handle=2032 /prefetch:2","localhost","ea7bfcc2-2263-4c1b-91c4-7992054991fb","False","df34afb5-1e8a-4880-8a28-6e0722507204"
"2026-08-05T19:08:50.0834935+08:00","194.247","37640","3496","electron.exe","2026/8/5 19:06:46","0.156","51.6","""C:\Program Files\Blackmagic Design\DaVinci Resolve\Electron\electron.exe"" --type=utility --utility-sub-type=network.mojom.NetworkService --lang=zh-CN --service-sandbox-type=none --user-data-dir=""C:\Users\Administrator\AppData\Roaming\Clackly Workflow Plugin"" --field-trial-handle=2044,i,8528152345874284265,13457465882528845703,262144 --enable-features=PdfUseShowSaveFilePicker --disable-features=SpareRendererForSitePerProcess,WinDelaySpellcheckServiceInit --variations-seed-version --mojo-platform-channel-handle=2232 /prefetch:11","localhost","ea7bfcc2-2263-4c1b-91c4-7992054991fb","False","df34afb5-1e8a-4880-8a28-6e0722507204"
"2026-08-05T19:08:50.0834935+08:00","194.247","15532","3496","electron.exe","2026/8/5 19:06:46","0.141","88.7","""C:\Program Files\Blackmagic Design\DaVinci Resolve\Electron\electron.exe"" --type=renderer --user-data-dir=""C:\Users\Administrator\AppData\Roaming\Clackly Workflow Plugin"" --app-path=""C:\ProgramData\Blackmagic Design\DaVinci Resolve\Support\Workflow Integration Plugins\com.wutpeach.clackly\workflow-plugin"" --no-sandbox --no-zygote --video-capture-use-gpu-memory-buffer --lang=zh-CN --device-scale-factor=1 --num-raster-threads=4 --enable-main-frame-before-activation --renderer-client-id=4 --time-ticks-at-unix-epoch=-1785918640205991 --launch-time-ticks=9366284582 --field-trial-handle=2044,i,8528152345874284265,13457465882528845703,262144 --enable-features=PdfUseShowSaveFilePicker --disable-features=SpareRendererForSitePerProcess,WinDelaySpellcheckServiceInit --variations-seed-version --mojo-platform-channel-handle=3280 /prefetch:1","localhost","ea7bfcc2-2263-4c1b-91c4-7992054991fb","False","df34afb5-1e8a-4880-8a28-6e0722507204"
"2026-08-05T19:08:52.0847163+08:00","203.586","17944","13664","Resolve.exe","2026/8/5 19:06:28","40.719","2495.7","""C:\Program Files\Blackmagic Design\DaVinci Resolve\Resolve.exe"" ","localhost","ea7bfcc2-2263-4c1b-91c4-7992054991fb","False","df34afb5-1e8a-4880-8a28-6e0722507204"
"2026-08-05T19:08:52.0847163+08:00","203.586","3496","17944","electron.exe","2026/8/5 19:06:46","0.453","105.5","""C:/Program Files/Blackmagic Design/DaVinci Resolve\Electron\electron.exe"" ""C:\ProgramData\Blackmagic Design\DaVinci Resolve\Support\Workflow Integration Plugins\com.wutpeach.clackly\workflow-plugin/main.js"" --plugin-id=com.wutpeach.clackly","localhost","ea7bfcc2-2263-4c1b-91c4-7992054991fb","False","df34afb5-1e8a-4880-8a28-6e0722507204"
"2026-08-05T19:08:52.0847163+08:00","203.586","10124","3496","electron.exe","2026/8/5 19:06:46","0.766","111.4","""C:\Program Files\Blackmagic Design\DaVinci Resolve\Electron\electron.exe"" --type=gpu-process --user-data-dir=""C:\Users\Administrator\AppData\Roaming\Clackly Workflow Plugin"" --gpu-preferences=UAAAAAAAAADgAAAEAAAAAAAAAAAAAAAAAABgAAEAAAAAAAAAAAAAAAAAAAACAAAAAAAAAAAAAAAAAAAAAAAAABAAAAAAAAAAEAAAAAAAAAAIAAAAAAAAAAgAAAAAAAAA --field-trial-handle=2044,i,8528152345874284265,13457465882528845703,262144 --enable-features=PdfUseShowSaveFilePicker --disable-features=SpareRendererForSitePerProcess,WinDelaySpellcheckServiceInit --variations-seed-version --mojo-platform-channel-handle=2032 /prefetch:2","localhost","ea7bfcc2-2263-4c1b-91c4-7992054991fb","False","df34afb5-1e8a-4880-8a28-6e0722507204"
"2026-08-05T19:08:52.0847163+08:00","203.586","37640","3496","electron.exe","2026/8/5 19:06:46","0.156","51.6","""C:\Program Files\Blackmagic Design\DaVinci Resolve\Electron\electron.exe"" --type=utility --utility-sub-type=network.mojom.NetworkService --lang=zh-CN --service-sandbox-type=none --user-data-dir=""C:\Users\Administrator\AppData\Roaming\Clackly Workflow Plugin"" --field-trial-handle=2044,i,8528152345874284265,13457465882528845703,262144 --enable-features=PdfUseShowSaveFilePicker --disable-features=SpareRendererForSitePerProcess,WinDelaySpellcheckServiceInit --variations-seed-version --mojo-platform-channel-handle=2232 /prefetch:11","localhost","ea7bfcc2-2263-4c1b-91c4-7992054991fb","False","df34afb5-1e8a-4880-8a28-6e0722507204"
"2026-08-05T19:08:52.0847163+08:00","203.586","15532","3496","electron.exe","2026/8/5 19:06:46","0.141","88.7","""C:\Program Files\Blackmagic Design\DaVinci Resolve\Electron\electron.exe"" --type=renderer --user-data-dir=""C:\Users\Administrator\AppData\Roaming\Clackly Workflow Plugin"" --app-path=""C:\ProgramData\Blackmagic Design\DaVinci Resolve\Support\Workflow Integration Plugins\com.wutpeach.clackly\workflow-plugin"" --no-sandbox --no-zygote --video-capture-use-gpu-memory-buffer --lang=zh-CN --device-scale-factor=1 --num-raster-threads=4 --enable-main-frame-before-activation --renderer-client-id=4 --time-ticks-at-unix-epoch=-1785918640205991 --launch-time-ticks=9366284582 --field-trial-handle=2044,i,8528152345874284265,13457465882528845703,262144 --enable-features=PdfUseShowSaveFilePicker --disable-features=SpareRendererForSitePerProcess,WinDelaySpellcheckServiceInit --variations-seed-version --mojo-platform-channel-handle=3280 /prefetch:1","localhost","ea7bfcc2-2263-4c1b-91c4-7992054991fb","False","df34afb5-1e8a-4880-8a28-6e0722507204"
"2026-08-05T19:08:54.0952840+08:00","200.323","17944","13664","Resolve.exe","2026/8/5 19:06:28","40.781","2495.7","""C:\Program Files\Blackmagic Design\DaVinci Resolve\Resolve.exe"" ","localhost","ea7bfcc2-2263-4c1b-91c4-7992054991fb","False","df34afb5-1e8a-4880-8a28-6e0722507204"
"2026-08-05T19:08:54.0952840+08:00","200.323","3496","17944","electron.exe","2026/8/5 19:06:46","0.453","105.5","""C:/Program Files/Blackmagic Design/DaVinci Resolve\Electron\electron.exe"" ""C:\ProgramData\Blackmagic Design\DaVinci Resolve\Support\Workflow Integration Plugins\com.wutpeach.clackly\workflow-plugin/main.js"" --plugin-id=com.wutpeach.clackly","localhost","ea7bfcc2-2263-4c1b-91c4-7992054991fb","False","df34afb5-1e8a-4880-8a28-6e0722507204"
"2026-08-05T19:08:54.0952840+08:00","200.323","10124","3496","electron.exe","2026/8/5 19:06:46","0.766","111.4","""C:\Program Files\Blackmagic Design\DaVinci Resolve\Electron\electron.exe"" --type=gpu-process --user-data-dir=""C:\Users\Administrator\AppData\Roaming\Clackly Workflow Plugin"" --gpu-preferences=UAAAAAAAAADgAAAEAAAAAAAAAAAAAAAAAABgAAEAAAAAAAAAAAAAAAAAAAACAAAAAAAAAAAAAAAAAAAAAAAAABAAAAAAAAAAEAAAAAAAAAAIAAAAAAAAAAgAAAAAAAAA --field-trial-handle=2044,i,8528152345874284265,13457465882528845703,262144 --enable-features=PdfUseShowSaveFilePicker --disable-features=SpareRendererForSitePerProcess,WinDelaySpellcheckServiceInit --variations-seed-version --mojo-platform-channel-handle=2032 /prefetch:2","localhost","ea7bfcc2-2263-4c1b-91c4-7992054991fb","False","df34afb5-1e8a-4880-8a28-6e0722507204"
"2026-08-05T19:08:54.0952840+08:00","200.323","37640","3496","electron.exe","2026/8/5 19:06:46","0.156","51.6","""C:\Program Files\Blackmagic Design\DaVinci Resolve\Electron\electron.exe"" --type=utility --utility-sub-type=network.mojom.NetworkService --lang=zh-CN --service-sandbox-type=none --user-data-dir=""C:\Users\Administrator\AppData\Roaming\Clackly Workflow Plugin"" --field-trial-handle=2044,i,8528152345874284265,13457465882528845703,262144 --enable-features=PdfUseShowSaveFilePicker --disable-features=SpareRendererForSitePerProcess,WinDelaySpellcheckServiceInit --variations-seed-version --mojo-platform-channel-handle=2232 /prefetch:11","localhost","ea7bfcc2-2263-4c1b-91c4-7992054991fb","False","df34afb5-1e8a-4880-8a28-6e0722507204"
"2026-08-05T19:08:54.0952840+08:00","200.323","15532","3496","electron.exe","2026/8/5 19:06:46","0.141","88.7","""C:\Program Files\Blackmagic Design\DaVinci Resolve\Electron\electron.exe"" --type=renderer --user-data-dir=""C:\Users\Administrator\AppData\Roaming\Clackly Workflow Plugin"" --app-path=""C:\ProgramData\Blackmagic Design\DaVinci Resolve\Support\Workflow Integration Plugins\com.wutpeach.clackly\workflow-plugin"" --no-sandbox --no-zygote --video-capture-use-gpu-memory-buffer --lang=zh-CN --device-scale-factor=1 --num-raster-threads=4 --enable-main-frame-before-activation --renderer-client-id=4 --time-ticks-at-unix-epoch=-1785918640205991 --launch-time-ticks=9366284582 --field-trial-handle=2044,i,8528152345874284265,13457465882528845703,262144 --enable-features=PdfUseShowSaveFilePicker --disable-features=SpareRendererForSitePerProcess,WinDelaySpellcheckServiceInit --variations-seed-version --mojo-platform-channel-handle=3280 /prefetch:1","localhost","ea7bfcc2-2263-4c1b-91c4-7992054991fb","False","df34afb5-1e8a-4880-8a28-6e0722507204"
"2026-08-05T19:08:56.1097723+08:00","209.789","17944","13664","Resolve.exe","2026/8/5 19:06:28","41.109","2495.7","""C:\Program Files\Blackmagic Design\DaVinci Resolve\Resolve.exe"" ","localhost","ea7bfcc2-2263-4c1b-91c4-7992054991fb","False","df34afb5-1e8a-4880-8a28-6e0722507204"
"2026-08-05T19:08:56.1097723+08:00","209.789","3496","17944","electron.exe","2026/8/5 19:06:46","0.453","105.5","""C:/Program Files/Blackmagic Design/DaVinci Resolve\Electron\electron.exe"" ""C:\ProgramData\Blackmagic Design\DaVinci Resolve\Support\Workflow Integration Plugins\com.wutpeach.clackly\workflow-plugin/main.js"" --plugin-id=com.wutpeach.clackly","localhost","ea7bfcc2-2263-4c1b-91c4-7992054991fb","False","df34afb5-1e8a-4880-8a28-6e0722507204"
"2026-08-05T19:08:56.1097723+08:00","209.789","10124","3496","electron.exe","2026/8/5 19:06:46","0.766","111.4","""C:\Program Files\Blackmagic Design\DaVinci Resolve\Electron\electron.exe"" --type=gpu-process --user-data-dir=""C:\Users\Administrator\AppData\Roaming\Clackly Workflow Plugin"" --gpu-preferences=UAAAAAAAAADgAAAEAAAAAAAAAAAAAAAAAABgAAEAAAAAAAAAAAAAAAAAAAACAAAAAAAAAAAAAAAAAAAAAAAAABAAAAAAAAAAEAAAAAAAAAAIAAAAAAAAAAgAAAAAAAAA --field-trial-handle=2044,i,8528152345874284265,13457465882528845703,262144 --enable-features=PdfUseShowSaveFilePicker --disable-features=SpareRendererForSitePerProcess,WinDelaySpellcheckServiceInit --variations-seed-version --mojo-platform-channel-handle=2032 /prefetch:2","localhost","ea7bfcc2-2263-4c1b-91c4-7992054991fb","False","df34afb5-1e8a-4880-8a28-6e0722507204"
"2026-08-05T19:08:56.1097723+08:00","209.789","37640","3496","electron.exe","2026/8/5 19:06:46","0.156","51.6","""C:\Program Files\Blackmagic Design\DaVinci Resolve\Electron\electron.exe"" --type=utility --utility-sub-type=network.mojom.NetworkService --lang=zh-CN --service-sandbox-type=none --user-data-dir=""C:\Users\Administrator\AppData\Roaming\Clackly Workflow Plugin"" --field-trial-handle=2044,i,8528152345874284265,13457465882528845703,262144 --enable-features=PdfUseShowSaveFilePicker --disable-features=SpareRendererForSitePerProcess,WinDelaySpellcheckServiceInit --variations-seed-version --mojo-platform-channel-handle=2232 /prefetch:11","localhost","ea7bfcc2-2263-4c1b-91c4-7992054991fb","False","df34afb5-1e8a-4880-8a28-6e0722507204"
"2026-08-05T19:08:56.1097723+08:00","209.789","15532","3496","electron.exe","2026/8/5 19:06:46","0.141","88.7","""C:\Program Files\Blackmagic Design\DaVinci Resolve\Electron\electron.exe"" --type=renderer --user-data-dir=""C:\Users\Administrator\AppData\Roaming\Clackly Workflow Plugin"" --app-path=""C:\ProgramData\Blackmagic Design\DaVinci Resolve\Support\Workflow Integration Plugins\com.wutpeach.clackly\workflow-plugin"" --no-sandbox --no-zygote --video-capture-use-gpu-memory-buffer --lang=zh-CN --device-scale-factor=1 --num-raster-threads=4 --enable-main-frame-before-activation --renderer-client-id=4 --time-ticks-at-unix-epoch=-1785918640205991 --launch-time-ticks=9366284582 --field-trial-handle=2044,i,8528152345874284265,13457465882528845703,262144 --enable-features=PdfUseShowSaveFilePicker --disable-features=SpareRendererForSitePerProcess,WinDelaySpellcheckServiceInit --variations-seed-version --mojo-platform-channel-handle=3280 /prefetch:1","localhost","ea7bfcc2-2263-4c1b-91c4-7992054991fb","False","df34afb5-1e8a-4880-8a28-6e0722507204"
"2026-08-05T19:08:58.1243846+08:00","190.118","17944","13664","Resolve.exe","2026/8/5 19:06:28","41.359","2495.7","""C:\Program Files\Blackmagic Design\DaVinci Resolve\Resolve.exe"" ","localhost","ea7bfcc2-2263-4c1b-91c4-7992054991fb","False","df34afb5-1e8a-4880-8a28-6e0722507204"
"2026-08-05T19:08:58.1243846+08:00","190.118","3496","17944","electron.exe","2026/8/5 19:06:46","0.453","105.5","""C:/Program Files/Blackmagic Design/DaVinci Resolve\Electron\electron.exe"" ""C:\ProgramData\Blackmagic Design\DaVinci Resolve\Support\Workflow Integration Plugins\com.wutpeach.clackly\workflow-plugin/main.js"" --plugin-id=com.wutpeach.clackly","localhost","ea7bfcc2-2263-4c1b-91c4-7992054991fb","False","df34afb5-1e8a-4880-8a28-6e0722507204"
"2026-08-05T19:08:58.1243846+08:00","190.118","10124","3496","electron.exe","2026/8/5 19:06:46","0.766","111.4","""C:\Program Files\Blackmagic Design\DaVinci Resolve\Electron\electron.exe"" --type=gpu-process --user-data-dir=""C:\Users\Administrator\AppData\Roaming\Clackly Workflow Plugin"" --gpu-preferences=UAAAAAAAAADgAAAEAAAAAAAAAAAAAAAAAABgAAEAAAAAAAAAAAAAAAAAAAACAAAAAAAAAAAAAAAAAAAAAAAAABAAAAAAAAAAEAAAAAAAAAAIAAAAAAAAAAgAAAAAAAAA --field-trial-handle=2044,i,8528152345874284265,13457465882528845703,262144 --enable-features=PdfUseShowSaveFilePicker --disable-features=SpareRendererForSitePerProcess,WinDelaySpellcheckServiceInit --variations-seed-version --mojo-platform-channel-handle=2032 /prefetch:2","localhost","ea7bfcc2-2263-4c1b-91c4-7992054991fb","False","df34afb5-1e8a-4880-8a28-6e0722507204"
"2026-08-05T19:08:58.1243846+08:00","190.118","37640","3496","electron.exe","2026/8/5 19:06:46","0.156","51.6","""C:\Program Files\Blackmagic Design\DaVinci Resolve\Electron\electron.exe"" --type=utility --utility-sub-type=network.mojom.NetworkService --lang=zh-CN --service-sandbox-type=none --user-data-dir=""C:\Users\Administrator\AppData\Roaming\Clackly Workflow Plugin"" --field-trial-handle=2044,i,8528152345874284265,13457465882528845703,262144 --enable-features=PdfUseShowSaveFilePicker --disable-features=SpareRendererForSitePerProcess,WinDelaySpellcheckServiceInit --variations-seed-version --mojo-platform-channel-handle=2232 /prefetch:11","localhost","ea7bfcc2-2263-4c1b-91c4-7992054991fb","False","df34afb5-1e8a-4880-8a28-6e0722507204"
"2026-08-05T19:08:58.1243846+08:00","190.118","15532","3496","electron.exe","2026/8/5 19:06:46","0.141","88.7","""C:\Program Files\Blackmagic Design\DaVinci Resolve\Electron\electron.exe"" --type=renderer --user-data-dir=""C:\Users\Administrator\AppData\Roaming\Clackly Workflow Plugin"" --app-path=""C:\ProgramData\Blackmagic Design\DaVinci Resolve\Support\Workflow Integration Plugins\com.wutpeach.clackly\workflow-plugin"" --no-sandbox --no-zygote --video-capture-use-gpu-memory-buffer --lang=zh-CN --device-scale-factor=1 --num-raster-threads=4 --enable-main-frame-before-activation --renderer-client-id=4 --time-ticks-at-unix-epoch=-1785918640205991 --launch-time-ticks=9366284582 --field-trial-handle=2044,i,8528152345874284265,13457465882528845703,262144 --enable-features=PdfUseShowSaveFilePicker --disable-features=SpareRendererForSitePerProcess,WinDelaySpellcheckServiceInit --variations-seed-version --mojo-platform-channel-handle=3280 /prefetch:1","localhost","ea7bfcc2-2263-4c1b-91c4-7992054991fb","False","df34afb5-1e8a-4880-8a28-6e0722507204"
"2026-08-05T19:09:00.1325607+08:00","196.277","17944","13664","Resolve.exe","2026/8/5 19:06:28","41.453","2495.6","""C:\Program Files\Blackmagic Design\DaVinci Resolve\Resolve.exe"" ","localhost","ea7bfcc2-2263-4c1b-91c4-7992054991fb","False","df34afb5-1e8a-4880-8a28-6e0722507204"
"2026-08-05T19:09:00.1325607+08:00","196.796","3496","17944","electron.exe","2026/8/5 19:06:46","0.453","105.5","""C:/Program Files/Blackmagic Design/DaVinci Resolve\Electron\electron.exe"" ""C:\ProgramData\Blackmagic Design\DaVinci Resolve\Support\Workflow Integration Plugins\com.wutpeach.clackly\workflow-plugin/main.js"" --plugin-id=com.wutpeach.clackly","localhost","ea7bfcc2-2263-4c1b-91c4-7992054991fb","False","df34afb5-1e8a-4880-8a28-6e0722507204"
"2026-08-05T19:09:00.1325607+08:00","196.796","10124","3496","electron.exe","2026/8/5 19:06:46","0.766","111.4","""C:\Program Files\Blackmagic Design\DaVinci Resolve\Electron\electron.exe"" --type=gpu-process --user-data-dir=""C:\Users\Administrator\AppData\Roaming\Clackly Workflow Plugin"" --gpu-preferences=UAAAAAAAAADgAAAEAAAAAAAAAAAAAAAAAABgAAEAAAAAAAAAAAAAAAAAAAACAAAAAAAAAAAAAAAAAAAAAAAAABAAAAAAAAAAEAAAAAAAAAAIAAAAAAAAAAgAAAAAAAAA --field-trial-handle=2044,i,8528152345874284265,13457465882528845703,262144 --enable-features=PdfUseShowSaveFilePicker --disable-features=SpareRendererForSitePerProcess,WinDelaySpellcheckServiceInit --variations-seed-version --mojo-platform-channel-handle=2032 /prefetch:2","localhost","ea7bfcc2-2263-4c1b-91c4-7992054991fb","False","df34afb5-1e8a-4880-8a28-6e0722507204"
"2026-08-05T19:09:00.1325607+08:00","196.796","37640","3496","electron.exe","2026/8/5 19:06:46","0.156","51.6","""C:\Program Files\Blackmagic Design\DaVinci Resolve\Electron\electron.exe"" --type=utility --utility-sub-type=network.mojom.NetworkService --lang=zh-CN --service-sandbox-type=none --user-data-dir=""C:\Users\Administrator\AppData\Roaming\Clackly Workflow Plugin"" --field-trial-handle=2044,i,8528152345874284265,13457465882528845703,262144 --enable-features=PdfUseShowSaveFilePicker --disable-features=SpareRendererForSitePerProcess,WinDelaySpellcheckServiceInit --variations-seed-version --mojo-platform-channel-handle=2232 /prefetch:11","localhost","ea7bfcc2-2263-4c1b-91c4-7992054991fb","False","df34afb5-1e8a-4880-8a28-6e0722507204"
"2026-08-05T19:09:00.1325607+08:00","196.796","15532","3496","electron.exe","2026/8/5 19:06:46","0.141","88.7","""C:\Program Files\Blackmagic Design\DaVinci Resolve\Electron\electron.exe"" --type=renderer --user-data-dir=""C:\Users\Administrator\AppData\Roaming\Clackly Workflow Plugin"" --app-path=""C:\ProgramData\Blackmagic Design\DaVinci Resolve\Support\Workflow Integration Plugins\com.wutpeach.clackly\workflow-plugin"" --no-sandbox --no-zygote --video-capture-use-gpu-memory-buffer --lang=zh-CN --device-scale-factor=1 --num-raster-threads=4 --enable-main-frame-before-activation --renderer-client-id=4 --time-ticks-at-unix-epoch=-1785918640205991 --launch-time-ticks=9366284582 --field-trial-handle=2044,i,8528152345874284265,13457465882528845703,262144 --enable-features=PdfUseShowSaveFilePicker --disable-features=SpareRendererForSitePerProcess,WinDelaySpellcheckServiceInit --variations-seed-version --mojo-platform-channel-handle=3280 /prefetch:1","localhost","ea7bfcc2-2263-4c1b-91c4-7992054991fb","False","df34afb5-1e8a-4880-8a28-6e0722507204"
"2026-08-05T19:09:02.1471891+08:00","194.996","17944","13664","Resolve.exe","2026/8/5 19:06:28","41.719","2495.6","""C:\Program Files\Blackmagic Design\DaVinci Resolve\Resolve.exe"" ","localhost","ea7bfcc2-2263-4c1b-91c4-7992054991fb","False","df34afb5-1e8a-4880-8a28-6e0722507204"
"2026-08-05T19:09:02.1471891+08:00","195.997","3496","17944","electron.exe","2026/8/5 19:06:46","0.453","105.5","""C:/Program Files/Blackmagic Design/DaVinci Resolve\Electron\electron.exe"" ""C:\ProgramData\Blackmagic Design\DaVinci Resolve\Support\Workflow Integration Plugins\com.wutpeach.clackly\workflow-plugin/main.js"" --plugin-id=com.wutpeach.clackly","localhost","ea7bfcc2-2263-4c1b-91c4-7992054991fb","False","df34afb5-1e8a-4880-8a28-6e0722507204"
"2026-08-05T19:09:02.1471891+08:00","195.997","10124","3496","electron.exe","2026/8/5 19:06:46","0.766","111.4","""C:\Program Files\Blackmagic Design\DaVinci Resolve\Electron\electron.exe"" --type=gpu-process --user-data-dir=""C:\Users\Administrator\AppData\Roaming\Clackly Workflow Plugin"" --gpu-preferences=UAAAAAAAAADgAAAEAAAAAAAAAAAAAAAAAABgAAEAAAAAAAAAAAAAAAAAAAACAAAAAAAAAAAAAAAAAAAAAAAAABAAAAAAAAAAEAAAAAAAAAAIAAAAAAAAAAgAAAAAAAAA --field-trial-handle=2044,i,8528152345874284265,13457465882528845703,262144 --enable-features=PdfUseShowSaveFilePicker --disable-features=SpareRendererForSitePerProcess,WinDelaySpellcheckServiceInit --variations-seed-version --mojo-platform-channel-handle=2032 /prefetch:2","localhost","ea7bfcc2-2263-4c1b-91c4-7992054991fb","False","df34afb5-1e8a-4880-8a28-6e0722507204"
"2026-08-05T19:09:02.1471891+08:00","195.997","37640","3496","electron.exe","2026/8/5 19:06:46","0.156","51.5","""C:\Program Files\Blackmagic Design\DaVinci Resolve\Electron\electron.exe"" --type=utility --utility-sub-type=network.mojom.NetworkService --lang=zh-CN --service-sandbox-type=none --user-data-dir=""C:\Users\Administrator\AppData\Roaming\Clackly Workflow Plugin"" --field-trial-handle=2044,i,8528152345874284265,13457465882528845703,262144 --enable-features=PdfUseShowSaveFilePicker --disable-features=SpareRendererForSitePerProcess,WinDelaySpellcheckServiceInit --variations-seed-version --mojo-platform-channel-handle=2232 /prefetch:11","localhost","ea7bfcc2-2263-4c1b-91c4-7992054991fb","False","df34afb5-1e8a-4880-8a28-6e0722507204"
"2026-08-05T19:09:02.1471891+08:00","195.997","15532","3496","electron.exe","2026/8/5 19:06:46","0.141","88.7","""C:\Program Files\Blackmagic Design\DaVinci Resolve\Electron\electron.exe"" --type=renderer --user-data-dir=""C:\Users\Administrator\AppData\Roaming\Clackly Workflow Plugin"" --app-path=""C:\ProgramData\Blackmagic Design\DaVinci Resolve\Support\Workflow Integration Plugins\com.wutpeach.clackly\workflow-plugin"" --no-sandbox --no-zygote --video-capture-use-gpu-memory-buffer --lang=zh-CN --device-scale-factor=1 --num-raster-threads=4 --enable-main-frame-before-activation --renderer-client-id=4 --time-ticks-at-unix-epoch=-1785918640205991 --launch-time-ticks=9366284582 --field-trial-handle=2044,i,8528152345874284265,13457465882528845703,262144 --enable-features=PdfUseShowSaveFilePicker --disable-features=SpareRendererForSitePerProcess,WinDelaySpellcheckServiceInit --variations-seed-version --mojo-platform-channel-handle=3280 /prefetch:1","localhost","ea7bfcc2-2263-4c1b-91c4-7992054991fb","False","df34afb5-1e8a-4880-8a28-6e0722507204"
"2026-08-05T19:09:04.1547916+08:00","181.119","17944","13664","Resolve.exe","2026/8/5 19:06:28","41.75","2495.6","""C:\Program Files\Blackmagic Design\DaVinci Resolve\Resolve.exe"" ","localhost","ea7bfcc2-2263-4c1b-91c4-7992054991fb","False","df34afb5-1e8a-4880-8a28-6e0722507204"
"2026-08-05T19:09:04.1547916+08:00","181.119","3496","17944","electron.exe","2026/8/5 19:06:46","0.453","105.5","""C:/Program Files/Blackmagic Design/DaVinci Resolve\Electron\electron.exe"" ""C:\ProgramData\Blackmagic Design\DaVinci Resolve\Support\Workflow Integration Plugins\com.wutpeach.clackly\workflow-plugin/main.js"" --plugin-id=com.wutpeach.clackly","localhost","ea7bfcc2-2263-4c1b-91c4-7992054991fb","False","df34afb5-1e8a-4880-8a28-6e0722507204"
"2026-08-05T19:09:04.1547916+08:00","181.119","10124","3496","electron.exe","2026/8/5 19:06:46","0.766","111.4","""C:\Program Files\Blackmagic Design\DaVinci Resolve\Electron\electron.exe"" --type=gpu-process --user-data-dir=""C:\Users\Administrator\AppData\Roaming\Clackly Workflow Plugin"" --gpu-preferences=UAAAAAAAAADgAAAEAAAAAAAAAAAAAAAAAABgAAEAAAAAAAAAAAAAAAAAAAACAAAAAAAAAAAAAAAAAAAAAAAAABAAAAAAAAAAEAAAAAAAAAAIAAAAAAAAAAgAAAAAAAAA --field-trial-handle=2044,i,8528152345874284265,13457465882528845703,262144 --enable-features=PdfUseShowSaveFilePicker --disable-features=SpareRendererForSitePerProcess,WinDelaySpellcheckServiceInit --variations-seed-version --mojo-platform-channel-handle=2032 /prefetch:2","localhost","ea7bfcc2-2263-4c1b-91c4-7992054991fb","False","df34afb5-1e8a-4880-8a28-6e0722507204"
"2026-08-05T19:09:04.1547916+08:00","181.119","37640","3496","electron.exe","2026/8/5 19:06:46","0.156","51.5","""C:\Program Files\Blackmagic Design\DaVinci Resolve\Electron\electron.exe"" --type=utility --utility-sub-type=network.mojom.NetworkService --lang=zh-CN --service-sandbox-type=none --user-data-dir=""C:\Users\Administrator\AppData\Roaming\Clackly Workflow Plugin"" --field-trial-handle=2044,i,8528152345874284265,13457465882528845703,262144 --enable-features=PdfUseShowSaveFilePicker --disable-features=SpareRendererForSitePerProcess,WinDelaySpellcheckServiceInit --variations-seed-version --mojo-platform-channel-handle=2232 /prefetch:11","localhost","ea7bfcc2-2263-4c1b-91c4-7992054991fb","False","df34afb5-1e8a-4880-8a28-6e0722507204"
"2026-08-05T19:09:04.1547916+08:00","181.119","15532","3496","electron.exe","2026/8/5 19:06:46","0.141","88.7","""C:\Program Files\Blackmagic Design\DaVinci Resolve\Electron\electron.exe"" --type=renderer --user-data-dir=""C:\Users\Administrator\AppData\Roaming\Clackly Workflow Plugin"" --app-path=""C:\ProgramData\Blackmagic Design\DaVinci Resolve\Support\Workflow Integration Plugins\com.wutpeach.clackly\workflow-plugin"" --no-sandbox --no-zygote --video-capture-use-gpu-memory-buffer --lang=zh-CN --device-scale-factor=1 --num-raster-threads=4 --enable-main-frame-before-activation --renderer-client-id=4 --time-ticks-at-unix-epoch=-1785918640205991 --launch-time-ticks=9366284582 --field-trial-handle=2044,i,8528152345874284265,13457465882528845703,262144 --enable-features=PdfUseShowSaveFilePicker --disable-features=SpareRendererForSitePerProcess,WinDelaySpellcheckServiceInit --variations-seed-version --mojo-platform-channel-handle=3280 /prefetch:1","localhost","ea7bfcc2-2263-4c1b-91c4-7992054991fb","False","df34afb5-1e8a-4880-8a28-6e0722507204"
"2026-08-05T19:09:06.1629827+08:00","228.161","17944","13664","Resolve.exe","2026/8/5 19:06:28","41.875","2495.7","""C:\Program Files\Blackmagic Design\DaVinci Resolve\Resolve.exe"" ","localhost","ea7bfcc2-2263-4c1b-91c4-7992054991fb","False","df34afb5-1e8a-4880-8a28-6e0722507204"
"2026-08-05T19:09:06.1629827+08:00","228.161","3496","17944","electron.exe","2026/8/5 19:06:46","0.453","105.5","""C:/Program Files/Blackmagic Design/DaVinci Resolve\Electron\electron.exe"" ""C:\ProgramData\Blackmagic Design\DaVinci Resolve\Support\Workflow Integration Plugins\com.wutpeach.clackly\workflow-plugin/main.js"" --plugin-id=com.wutpeach.clackly","localhost","ea7bfcc2-2263-4c1b-91c4-7992054991fb","False","df34afb5-1e8a-4880-8a28-6e0722507204"
"2026-08-05T19:09:06.1629827+08:00","229.161","10124","3496","electron.exe","2026/8/5 19:06:46","0.766","111.4","""C:\Program Files\Blackmagic Design\DaVinci Resolve\Electron\electron.exe"" --type=gpu-process --user-data-dir=""C:\Users\Administrator\AppData\Roaming\Clackly Workflow Plugin"" --gpu-preferences=UAAAAAAAAADgAAAEAAAAAAAAAAAAAAAAAABgAAEAAAAAAAAAAAAAAAAAAAACAAAAAAAAAAAAAAAAAAAAAAAAABAAAAAAAAAAEAAAAAAAAAAIAAAAAAAAAAgAAAAAAAAA --field-trial-handle=2044,i,8528152345874284265,13457465882528845703,262144 --enable-features=PdfUseShowSaveFilePicker --disable-features=SpareRendererForSitePerProcess,WinDelaySpellcheckServiceInit --variations-seed-version --mojo-platform-channel-handle=2032 /prefetch:2","localhost","ea7bfcc2-2263-4c1b-91c4-7992054991fb","False","df34afb5-1e8a-4880-8a28-6e0722507204"
"2026-08-05T19:09:06.1629827+08:00","229.161","37640","3496","electron.exe","2026/8/5 19:06:46","0.156","51.5","""C:\Program Files\Blackmagic Design\DaVinci Resolve\Electron\electron.exe"" --type=utility --utility-sub-type=network.mojom.NetworkService --lang=zh-CN --service-sandbox-type=none --user-data-dir=""C:\Users\Administrator\AppData\Roaming\Clackly Workflow Plugin"" --field-trial-handle=2044,i,8528152345874284265,13457465882528845703,262144 --enable-features=PdfUseShowSaveFilePicker --disable-features=SpareRendererForSitePerProcess,WinDelaySpellcheckServiceInit --variations-seed-version --mojo-platform-channel-handle=2232 /prefetch:11","localhost","ea7bfcc2-2263-4c1b-91c4-7992054991fb","False","df34afb5-1e8a-4880-8a28-6e0722507204"
"2026-08-05T19:09:06.1629827+08:00","229.161","15532","3496","electron.exe","2026/8/5 19:06:46","0.141","88.7","""C:\Program Files\Blackmagic Design\DaVinci Resolve\Electron\electron.exe"" --type=renderer --user-data-dir=""C:\Users\Administrator\AppData\Roaming\Clackly Workflow Plugin"" --app-path=""C:\ProgramData\Blackmagic Design\DaVinci Resolve\Support\Workflow Integration Plugins\com.wutpeach.clackly\workflow-plugin"" --no-sandbox --no-zygote --video-capture-use-gpu-memory-buffer --lang=zh-CN --device-scale-factor=1 --num-raster-threads=4 --enable-main-frame-before-activation --renderer-client-id=4 --time-ticks-at-unix-epoch=-1785918640205991 --launch-time-ticks=9366284582 --field-trial-handle=2044,i,8528152345874284265,13457465882528845703,262144 --enable-features=PdfUseShowSaveFilePicker --disable-features=SpareRendererForSitePerProcess,WinDelaySpellcheckServiceInit --variations-seed-version --mojo-platform-channel-handle=3280 /prefetch:1","localhost","ea7bfcc2-2263-4c1b-91c4-7992054991fb","False","df34afb5-1e8a-4880-8a28-6e0722507204"
"2026-08-05T19:09:08.1660493+08:00","227.612","17944","13664","Resolve.exe","2026/8/5 19:06:28","41.938","2495.7","""C:\Program Files\Blackmagic Design\DaVinci Resolve\Resolve.exe"" ","localhost","ea7bfcc2-2263-4c1b-91c4-7992054991fb","False","df34afb5-1e8a-4880-8a28-6e0722507204"
"2026-08-05T19:09:08.1660493+08:00","227.612","3496","17944","electron.exe","2026/8/5 19:06:46","0.453","105.5","""C:/Program Files/Blackmagic Design/DaVinci Resolve\Electron\electron.exe"" ""C:\ProgramData\Blackmagic Design\DaVinci Resolve\Support\Workflow Integration Plugins\com.wutpeach.clackly\workflow-plugin/main.js"" --plugin-id=com.wutpeach.clackly","localhost","ea7bfcc2-2263-4c1b-91c4-7992054991fb","False","df34afb5-1e8a-4880-8a28-6e0722507204"
"2026-08-05T19:09:08.1660493+08:00","227.612","10124","3496","electron.exe","2026/8/5 19:06:46","0.766","111.4","""C:\Program Files\Blackmagic Design\DaVinci Resolve\Electron\electron.exe"" --type=gpu-process --user-data-dir=""C:\Users\Administrator\AppData\Roaming\Clackly Workflow Plugin"" --gpu-preferences=UAAAAAAAAADgAAAEAAAAAAAAAAAAAAAAAABgAAEAAAAAAAAAAAAAAAAAAAACAAAAAAAAAAAAAAAAAAAAAAAAABAAAAAAAAAAEAAAAAAAAAAIAAAAAAAAAAgAAAAAAAAA --field-trial-handle=2044,i,8528152345874284265,13457465882528845703,262144 --enable-features=PdfUseShowSaveFilePicker --disable-features=SpareRendererForSitePerProcess,WinDelaySpellcheckServiceInit --variations-seed-version --mojo-platform-channel-handle=2032 /prefetch:2","localhost","ea7bfcc2-2263-4c1b-91c4-7992054991fb","False","df34afb5-1e8a-4880-8a28-6e0722507204"
"2026-08-05T19:09:08.1660493+08:00","227.612","37640","3496","electron.exe","2026/8/5 19:06:46","0.156","51.5","""C:\Program Files\Blackmagic Design\DaVinci Resolve\Electron\electron.exe"" --type=utility --utility-sub-type=network.mojom.NetworkService --lang=zh-CN --service-sandbox-type=none --user-data-dir=""C:\Users\Administrator\AppData\Roaming\Clackly Workflow Plugin"" --field-trial-handle=2044,i,8528152345874284265,13457465882528845703,262144 --enable-features=PdfUseShowSaveFilePicker --disable-features=SpareRendererForSitePerProcess,WinDelaySpellcheckServiceInit --variations-seed-version --mojo-platform-channel-handle=2232 /prefetch:11","localhost","ea7bfcc2-2263-4c1b-91c4-7992054991fb","False","df34afb5-1e8a-4880-8a28-6e0722507204"
"2026-08-05T19:09:08.1660493+08:00","228.612","15532","3496","electron.exe","2026/8/5 19:06:46","0.141","88.7","""C:\Program Files\Blackmagic Design\DaVinci Resolve\Electron\electron.exe"" --type=renderer --user-data-dir=""C:\Users\Administrator\AppData\Roaming\Clackly Workflow Plugin"" --app-path=""C:\ProgramData\Blackmagic Design\DaVinci Resolve\Support\Workflow Integration Plugins\com.wutpeach.clackly\workflow-plugin"" --no-sandbox --no-zygote --video-capture-use-gpu-memory-buffer --lang=zh-CN --device-scale-factor=1 --num-raster-threads=4 --enable-main-frame-before-activation --renderer-client-id=4 --time-ticks-at-unix-epoch=-1785918640205991 --launch-time-ticks=9366284582 --field-trial-handle=2044,i,8528152345874284265,13457465882528845703,262144 --enable-features=PdfUseShowSaveFilePicker --disable-features=SpareRendererForSitePerProcess,WinDelaySpellcheckServiceInit --variations-seed-version --mojo-platform-channel-handle=3280 /prefetch:1","localhost","ea7bfcc2-2263-4c1b-91c4-7992054991fb","False","df34afb5-1e8a-4880-8a28-6e0722507204"
"2026-08-05T19:09:10.1789340+08:00","195.487","17944","13664","Resolve.exe","2026/8/5 19:06:28","42.031","2495.7","""C:\Program Files\Blackmagic Design\DaVinci Resolve\Resolve.exe"" ","localhost","ea7bfcc2-2263-4c1b-91c4-7992054991fb","False","df34afb5-1e8a-4880-8a28-6e0722507204"
"2026-08-05T19:09:10.1789340+08:00","196.487","3496","17944","electron.exe","2026/8/5 19:06:46","0.453","105.5","""C:/Program Files/Blackmagic Design/DaVinci Resolve\Electron\electron.exe"" ""C:\ProgramData\Blackmagic Design\DaVinci Resolve\Support\Workflow Integration Plugins\com.wutpeach.clackly\workflow-plugin/main.js"" --plugin-id=com.wutpeach.clackly","localhost","ea7bfcc2-2263-4c1b-91c4-7992054991fb","False","df34afb5-1e8a-4880-8a28-6e0722507204"
"2026-08-05T19:09:10.1789340+08:00","196.487","10124","3496","electron.exe","2026/8/5 19:06:46","0.766","111.4","""C:\Program Files\Blackmagic Design\DaVinci Resolve\Electron\electron.exe"" --type=gpu-process --user-data-dir=""C:\Users\Administrator\AppData\Roaming\Clackly Workflow Plugin"" --gpu-preferences=UAAAAAAAAADgAAAEAAAAAAAAAAAAAAAAAABgAAEAAAAAAAAAAAAAAAAAAAACAAAAAAAAAAAAAAAAAAAAAAAAABAAAAAAAAAAEAAAAAAAAAAIAAAAAAAAAAgAAAAAAAAA --field-trial-handle=2044,i,8528152345874284265,13457465882528845703,262144 --enable-features=PdfUseShowSaveFilePicker --disable-features=SpareRendererForSitePerProcess,WinDelaySpellcheckServiceInit --variations-seed-version --mojo-platform-channel-handle=2032 /prefetch:2","localhost","ea7bfcc2-2263-4c1b-91c4-7992054991fb","False","df34afb5-1e8a-4880-8a28-6e0722507204"
"2026-08-05T19:09:10.1789340+08:00","196.487","37640","3496","electron.exe","2026/8/5 19:06:46","0.156","51.5","""C:\Program Files\Blackmagic Design\DaVinci Resolve\Electron\electron.exe"" --type=utility --utility-sub-type=network.mojom.NetworkService --lang=zh-CN --service-sandbox-type=none --user-data-dir=""C:\Users\Administrator\AppData\Roaming\Clackly Workflow Plugin"" --field-trial-handle=2044,i,8528152345874284265,13457465882528845703,262144 --enable-features=PdfUseShowSaveFilePicker --disable-features=SpareRendererForSitePerProcess,WinDelaySpellcheckServiceInit --variations-seed-version --mojo-platform-channel-handle=2232 /prefetch:11","localhost","ea7bfcc2-2263-4c1b-91c4-7992054991fb","False","df34afb5-1e8a-4880-8a28-6e0722507204"
"2026-08-05T19:09:10.1789340+08:00","196.487","15532","3496","electron.exe","2026/8/5 19:06:46","0.141","88.7","""C:\Program Files\Blackmagic Design\DaVinci Resolve\Electron\electron.exe"" --type=renderer --user-data-dir=""C:\Users\Administrator\AppData\Roaming\Clackly Workflow Plugin"" --app-path=""C:\ProgramData\Blackmagic Design\DaVinci Resolve\Support\Workflow Integration Plugins\com.wutpeach.clackly\workflow-plugin"" --no-sandbox --no-zygote --video-capture-use-gpu-memory-buffer --lang=zh-CN --device-scale-factor=1 --num-raster-threads=4 --enable-main-frame-before-activation --renderer-client-id=4 --time-ticks-at-unix-epoch=-1785918640205991 --launch-time-ticks=9366284582 --field-trial-handle=2044,i,8528152345874284265,13457465882528845703,262144 --enable-features=PdfUseShowSaveFilePicker --disable-features=SpareRendererForSitePerProcess,WinDelaySpellcheckServiceInit --variations-seed-version --mojo-platform-channel-handle=3280 /prefetch:1","localhost","ea7bfcc2-2263-4c1b-91c4-7992054991fb","False","df34afb5-1e8a-4880-8a28-6e0722507204"
"2026-08-05T19:09:12.1924386+08:00","207.638","17944","13664","Resolve.exe","2026/8/5 19:06:28","42.172","2495.7","""C:\Program Files\Blackmagic Design\DaVinci Resolve\Resolve.exe"" ","localhost","ea7bfcc2-2263-4c1b-91c4-7992054991fb","False","df34afb5-1e8a-4880-8a28-6e0722507204"
"2026-08-05T19:09:12.1924386+08:00","207.638","3496","17944","electron.exe","2026/8/5 19:06:46","0.453","105.5","""C:/Program Files/Blackmagic Design/DaVinci Resolve\Electron\electron.exe"" ""C:\ProgramData\Blackmagic Design\DaVinci Resolve\Support\Workflow Integration Plugins\com.wutpeach.clackly\workflow-plugin/main.js"" --plugin-id=com.wutpeach.clackly","localhost","ea7bfcc2-2263-4c1b-91c4-7992054991fb","False","df34afb5-1e8a-4880-8a28-6e0722507204"
"2026-08-05T19:09:12.1924386+08:00","207.638","10124","3496","electron.exe","2026/8/5 19:06:46","0.766","111.4","""C:\Program Files\Blackmagic Design\DaVinci Resolve\Electron\electron.exe"" --type=gpu-process --user-data-dir=""C:\Users\Administrator\AppData\Roaming\Clackly Workflow Plugin"" --gpu-preferences=UAAAAAAAAADgAAAEAAAAAAAAAAAAAAAAAABgAAEAAAAAAAAAAAAAAAAAAAACAAAAAAAAAAAAAAAAAAAAAAAAABAAAAAAAAAAEAAAAAAAAAAIAAAAAAAAAAgAAAAAAAAA --field-trial-handle=2044,i,8528152345874284265,13457465882528845703,262144 --enable-features=PdfUseShowSaveFilePicker --disable-features=SpareRendererForSitePerProcess,WinDelaySpellcheckServiceInit --variations-seed-version --mojo-platform-channel-handle=2032 /prefetch:2","localhost","ea7bfcc2-2263-4c1b-91c4-7992054991fb","False","df34afb5-1e8a-4880-8a28-6e0722507204"
"2026-08-05T19:09:12.1924386+08:00","207.638","37640","3496","electron.exe","2026/8/5 19:06:46","0.156","51.5","""C:\Program Files\Blackmagic Design\DaVinci Resolve\Electron\electron.exe"" --type=utility --utility-sub-type=network.mojom.NetworkService --lang=zh-CN --service-sandbox-type=none --user-data-dir=""C:\Users\Administrator\AppData\Roaming\Clackly Workflow Plugin"" --field-trial-handle=2044,i,8528152345874284265,13457465882528845703,262144 --enable-features=PdfUseShowSaveFilePicker --disable-features=SpareRendererForSitePerProcess,WinDelaySpellcheckServiceInit --variations-seed-version --mojo-platform-channel-handle=2232 /prefetch:11","localhost","ea7bfcc2-2263-4c1b-91c4-7992054991fb","False","df34afb5-1e8a-4880-8a28-6e0722507204"
"2026-08-05T19:09:12.1924386+08:00","207.638","15532","3496","electron.exe","2026/8/5 19:06:46","0.141","88.7","""C:\Program Files\Blackmagic Design\DaVinci Resolve\Electron\electron.exe"" --type=renderer --user-data-dir=""C:\Users\Administrator\AppData\Roaming\Clackly Workflow Plugin"" --app-path=""C:\ProgramData\Blackmagic Design\DaVinci Resolve\Support\Workflow Integration Plugins\com.wutpeach.clackly\workflow-plugin"" --no-sandbox --no-zygote --video-capture-use-gpu-memory-buffer --lang=zh-CN --device-scale-factor=1 --num-raster-threads=4 --enable-main-frame-before-activation --renderer-client-id=4 --time-ticks-at-unix-epoch=-1785918640205991 --launch-time-ticks=9366284582 --field-trial-handle=2044,i,8528152345874284265,13457465882528845703,262144 --enable-features=PdfUseShowSaveFilePicker --disable-features=SpareRendererForSitePerProcess,WinDelaySpellcheckServiceInit --variations-seed-version --mojo-platform-channel-handle=3280 /prefetch:1","localhost","ea7bfcc2-2263-4c1b-91c4-7992054991fb","False","df34afb5-1e8a-4880-8a28-6e0722507204"
"2026-08-05T19:09:14.1959770+08:00","194.734","17944","13664","Resolve.exe","2026/8/5 19:06:28","42.359","2495.7","""C:\Program Files\Blackmagic Design\DaVinci Resolve\Resolve.exe"" ","localhost","ea7bfcc2-2263-4c1b-91c4-7992054991fb","False","df34afb5-1e8a-4880-8a28-6e0722507204"
"2026-08-05T19:09:14.1959770+08:00","194.734","3496","17944","electron.exe","2026/8/5 19:06:46","0.453","105.5","""C:/Program Files/Blackmagic Design/DaVinci Resolve\Electron\electron.exe"" ""C:\ProgramData\Blackmagic Design\DaVinci Resolve\Support\Workflow Integration Plugins\com.wutpeach.clackly\workflow-plugin/main.js"" --plugin-id=com.wutpeach.clackly","localhost","ea7bfcc2-2263-4c1b-91c4-7992054991fb","False","df34afb5-1e8a-4880-8a28-6e0722507204"
"2026-08-05T19:09:14.1959770+08:00","194.734","10124","3496","electron.exe","2026/8/5 19:06:46","0.766","111.4","""C:\Program Files\Blackmagic Design\DaVinci Resolve\Electron\electron.exe"" --type=gpu-process --user-data-dir=""C:\Users\Administrator\AppData\Roaming\Clackly Workflow Plugin"" --gpu-preferences=UAAAAAAAAADgAAAEAAAAAAAAAAAAAAAAAABgAAEAAAAAAAAAAAAAAAAAAAACAAAAAAAAAAAAAAAAAAAAAAAAABAAAAAAAAAAEAAAAAAAAAAIAAAAAAAAAAgAAAAAAAAA --field-trial-handle=2044,i,8528152345874284265,13457465882528845703,262144 --enable-features=PdfUseShowSaveFilePicker --disable-features=SpareRendererForSitePerProcess,WinDelaySpellcheckServiceInit --variations-seed-version --mojo-platform-channel-handle=2032 /prefetch:2","localhost","ea7bfcc2-2263-4c1b-91c4-7992054991fb","False","df34afb5-1e8a-4880-8a28-6e0722507204"
"2026-08-05T19:09:14.1959770+08:00","194.734","37640","3496","electron.exe","2026/8/5 19:06:46","0.156","51.5","""C:\Program Files\Blackmagic Design\DaVinci Resolve\Electron\electron.exe"" --type=utility --utility-sub-type=network.mojom.NetworkService --lang=zh-CN --service-sandbox-type=none --user-data-dir=""C:\Users\Administrator\AppData\Roaming\Clackly Workflow Plugin"" --field-trial-handle=2044,i,8528152345874284265,13457465882528845703,262144 --enable-features=PdfUseShowSaveFilePicker --disable-features=SpareRendererForSitePerProcess,WinDelaySpellcheckServiceInit --variations-seed-version --mojo-platform-channel-handle=2232 /prefetch:11","localhost","ea7bfcc2-2263-4c1b-91c4-7992054991fb","False","df34afb5-1e8a-4880-8a28-6e0722507204"
"2026-08-05T19:09:14.1959770+08:00","194.734","15532","3496","electron.exe","2026/8/5 19:06:46","0.141","88.7","""C:\Program Files\Blackmagic Design\DaVinci Resolve\Electron\electron.exe"" --type=renderer --user-data-dir=""C:\Users\Administrator\AppData\Roaming\Clackly Workflow Plugin"" --app-path=""C:\ProgramData\Blackmagic Design\DaVinci Resolve\Support\Workflow Integration Plugins\com.wutpeach.clackly\workflow-plugin"" --no-sandbox --no-zygote --video-capture-use-gpu-memory-buffer --lang=zh-CN --device-scale-factor=1 --num-raster-threads=4 --enable-main-frame-before-activation --renderer-client-id=4 --time-ticks-at-unix-epoch=-1785918640205991 --launch-time-ticks=9366284582 --field-trial-handle=2044,i,8528152345874284265,13457465882528845703,262144 --enable-features=PdfUseShowSaveFilePicker --disable-features=SpareRendererForSitePerProcess,WinDelaySpellcheckServiceInit --variations-seed-version --mojo-platform-channel-handle=3280 /prefetch:1","localhost","ea7bfcc2-2263-4c1b-91c4-7992054991fb","False","df34afb5-1e8a-4880-8a28-6e0722507204"
"2026-08-05T19:09:16.2067975+08:00","206.622","17944","13664","Resolve.exe","2026/8/5 19:06:28","42.469","2495.7","""C:\Program Files\Blackmagic Design\DaVinci Resolve\Resolve.exe"" ","localhost","ea7bfcc2-2263-4c1b-91c4-7992054991fb","False","df34afb5-1e8a-4880-8a28-6e0722507204"
"2026-08-05T19:09:16.2067975+08:00","207.622","3496","17944","electron.exe","2026/8/5 19:06:46","0.453","105.5","""C:/Program Files/Blackmagic Design/DaVinci Resolve\Electron\electron.exe"" ""C:\ProgramData\Blackmagic Design\DaVinci Resolve\Support\Workflow Integration Plugins\com.wutpeach.clackly\workflow-plugin/main.js"" --plugin-id=com.wutpeach.clackly","localhost","ea7bfcc2-2263-4c1b-91c4-7992054991fb","False","df34afb5-1e8a-4880-8a28-6e0722507204"
"2026-08-05T19:09:16.2067975+08:00","207.622","10124","3496","electron.exe","2026/8/5 19:06:46","0.766","111.4","""C:\Program Files\Blackmagic Design\DaVinci Resolve\Electron\electron.exe"" --type=gpu-process --user-data-dir=""C:\Users\Administrator\AppData\Roaming\Clackly Workflow Plugin"" --gpu-preferences=UAAAAAAAAADgAAAEAAAAAAAAAAAAAAAAAABgAAEAAAAAAAAAAAAAAAAAAAACAAAAAAAAAAAAAAAAAAAAAAAAABAAAAAAAAAAEAAAAAAAAAAIAAAAAAAAAAgAAAAAAAAA --field-trial-handle=2044,i,8528152345874284265,13457465882528845703,262144 --enable-features=PdfUseShowSaveFilePicker --disable-features=SpareRendererForSitePerProcess,WinDelaySpellcheckServiceInit --variations-seed-version --mojo-platform-channel-handle=2032 /prefetch:2","localhost","ea7bfcc2-2263-4c1b-91c4-7992054991fb","False","df34afb5-1e8a-4880-8a28-6e0722507204"
"2026-08-05T19:09:16.2067975+08:00","207.622","37640","3496","electron.exe","2026/8/5 19:06:46","0.156","51.5","""C:\Program Files\Blackmagic Design\DaVinci Resolve\Electron\electron.exe"" --type=utility --utility-sub-type=network.mojom.NetworkService --lang=zh-CN --service-sandbox-type=none --user-data-dir=""C:\Users\Administrator\AppData\Roaming\Clackly Workflow Plugin"" --field-trial-handle=2044,i,8528152345874284265,13457465882528845703,262144 --enable-features=PdfUseShowSaveFilePicker --disable-features=SpareRendererForSitePerProcess,WinDelaySpellcheckServiceInit --variations-seed-version --mojo-platform-channel-handle=2232 /prefetch:11","localhost","ea7bfcc2-2263-4c1b-91c4-7992054991fb","False","df34afb5-1e8a-4880-8a28-6e0722507204"
"2026-08-05T19:09:16.2067975+08:00","207.622","15532","3496","electron.exe","2026/8/5 19:06:46","0.141","88.7","""C:\Program Files\Blackmagic Design\DaVinci Resolve\Electron\electron.exe"" --type=renderer --user-data-dir=""C:\Users\Administrator\AppData\Roaming\Clackly Workflow Plugin"" --app-path=""C:\ProgramData\Blackmagic Design\DaVinci Resolve\Support\Workflow Integration Plugins\com.wutpeach.clackly\workflow-plugin"" --no-sandbox --no-zygote --video-capture-use-gpu-memory-buffer --lang=zh-CN --device-scale-factor=1 --num-raster-threads=4 --enable-main-frame-before-activation --renderer-client-id=4 --time-ticks-at-unix-epoch=-1785918640205991 --launch-time-ticks=9366284582 --field-trial-handle=2044,i,8528152345874284265,13457465882528845703,262144 --enable-features=PdfUseShowSaveFilePicker --disable-features=SpareRendererForSitePerProcess,WinDelaySpellcheckServiceInit --variations-seed-version --mojo-platform-channel-handle=3280 /prefetch:1","localhost","ea7bfcc2-2263-4c1b-91c4-7992054991fb","False","df34afb5-1e8a-4880-8a28-6e0722507204"
"2026-08-05T19:09:18.2192118+08:00","210.474","17944","13664","Resolve.exe","2026/8/5 19:06:28","42.641","2495.7","""C:\Program Files\Blackmagic Design\DaVinci Resolve\Resolve.exe"" ","localhost","ea7bfcc2-2263-4c1b-91c4-7992054991fb","False","df34afb5-1e8a-4880-8a28-6e0722507204"
"2026-08-05T19:09:18.2192118+08:00","210.474","3496","17944","electron.exe","2026/8/5 19:06:46","0.453","105.5","""C:/Program Files/Blackmagic Design/DaVinci Resolve\Electron\electron.exe"" ""C:\ProgramData\Blackmagic Design\DaVinci Resolve\Support\Workflow Integration Plugins\com.wutpeach.clackly\workflow-plugin/main.js"" --plugin-id=com.wutpeach.clackly","localhost","ea7bfcc2-2263-4c1b-91c4-7992054991fb","False","df34afb5-1e8a-4880-8a28-6e0722507204"
"2026-08-05T19:09:18.2192118+08:00","210.474","10124","3496","electron.exe","2026/8/5 19:06:46","0.766","111.4","""C:\Program Files\Blackmagic Design\DaVinci Resolve\Electron\electron.exe"" --type=gpu-process --user-data-dir=""C:\Users\Administrator\AppData\Roaming\Clackly Workflow Plugin"" --gpu-preferences=UAAAAAAAAADgAAAEAAAAAAAAAAAAAAAAAABgAAEAAAAAAAAAAAAAAAAAAAACAAAAAAAAAAAAAAAAAAAAAAAAABAAAAAAAAAAEAAAAAAAAAAIAAAAAAAAAAgAAAAAAAAA --field-trial-handle=2044,i,8528152345874284265,13457465882528845703,262144 --enable-features=PdfUseShowSaveFilePicker --disable-features=SpareRendererForSitePerProcess,WinDelaySpellcheckServiceInit --variations-seed-version --mojo-platform-channel-handle=2032 /prefetch:2","localhost","ea7bfcc2-2263-4c1b-91c4-7992054991fb","False","df34afb5-1e8a-4880-8a28-6e0722507204"
"2026-08-05T19:09:18.2192118+08:00","210.474","37640","3496","electron.exe","2026/8/5 19:06:46","0.156","51.5","""C:\Program Files\Blackmagic Design\DaVinci Resolve\Electron\electron.exe"" --type=utility --utility-sub-type=network.mojom.NetworkService --lang=zh-CN --service-sandbox-type=none --user-data-dir=""C:\Users\Administrator\AppData\Roaming\Clackly Workflow Plugin"" --field-trial-handle=2044,i,8528152345874284265,13457465882528845703,262144 --enable-features=PdfUseShowSaveFilePicker --disable-features=SpareRendererForSitePerProcess,WinDelaySpellcheckServiceInit --variations-seed-version --mojo-platform-channel-handle=2232 /prefetch:11","localhost","ea7bfcc2-2263-4c1b-91c4-7992054991fb","False","df34afb5-1e8a-4880-8a28-6e0722507204"
"2026-08-05T19:09:18.2192118+08:00","210.474","15532","3496","electron.exe","2026/8/5 19:06:46","0.141","88.7","""C:\Program Files\Blackmagic Design\DaVinci Resolve\Electron\electron.exe"" --type=renderer --user-data-dir=""C:\Users\Administrator\AppData\Roaming\Clackly Workflow Plugin"" --app-path=""C:\ProgramData\Blackmagic Design\DaVinci Resolve\Support\Workflow Integration Plugins\com.wutpeach.clackly\workflow-plugin"" --no-sandbox --no-zygote --video-capture-use-gpu-memory-buffer --lang=zh-CN --device-scale-factor=1 --num-raster-threads=4 --enable-main-frame-before-activation --renderer-client-id=4 --time-ticks-at-unix-epoch=-1785918640205991 --launch-time-ticks=9366284582 --field-trial-handle=2044,i,8528152345874284265,13457465882528845703,262144 --enable-features=PdfUseShowSaveFilePicker --disable-features=SpareRendererForSitePerProcess,WinDelaySpellcheckServiceInit --variations-seed-version --mojo-platform-channel-handle=3280 /prefetch:1","localhost","ea7bfcc2-2263-4c1b-91c4-7992054991fb","False","df34afb5-1e8a-4880-8a28-6e0722507204"
"2026-08-05T19:09:20.2341325+08:00","217.661","17944","13664","Resolve.exe","2026/8/5 19:06:28","42.828","2495.7","""C:\Program Files\Blackmagic Design\DaVinci Resolve\Resolve.exe"" ","localhost","ea7bfcc2-2263-4c1b-91c4-7992054991fb","False","df34afb5-1e8a-4880-8a28-6e0722507204"
"2026-08-05T19:09:20.2341325+08:00","218.664","3496","17944","electron.exe","2026/8/5 19:06:46","0.453","105.5","""C:/Program Files/Blackmagic Design/DaVinci Resolve\Electron\electron.exe"" ""C:\ProgramData\Blackmagic Design\DaVinci Resolve\Support\Workflow Integration Plugins\com.wutpeach.clackly\workflow-plugin/main.js"" --plugin-id=com.wutpeach.clackly","localhost","ea7bfcc2-2263-4c1b-91c4-7992054991fb","False","df34afb5-1e8a-4880-8a28-6e0722507204"
"2026-08-05T19:09:20.2341325+08:00","218.664","10124","3496","electron.exe","2026/8/5 19:06:46","0.766","111.4","""C:\Program Files\Blackmagic Design\DaVinci Resolve\Electron\electron.exe"" --type=gpu-process --user-data-dir=""C:\Users\Administrator\AppData\Roaming\Clackly Workflow Plugin"" --gpu-preferences=UAAAAAAAAADgAAAEAAAAAAAAAAAAAAAAAABgAAEAAAAAAAAAAAAAAAAAAAACAAAAAAAAAAAAAAAAAAAAAAAAABAAAAAAAAAAEAAAAAAAAAAIAAAAAAAAAAgAAAAAAAAA --field-trial-handle=2044,i,8528152345874284265,13457465882528845703,262144 --enable-features=PdfUseShowSaveFilePicker --disable-features=SpareRendererForSitePerProcess,WinDelaySpellcheckServiceInit --variations-seed-version --mojo-platform-channel-handle=2032 /prefetch:2","localhost","ea7bfcc2-2263-4c1b-91c4-7992054991fb","False","df34afb5-1e8a-4880-8a28-6e0722507204"
"2026-08-05T19:09:20.2341325+08:00","218.664","37640","3496","electron.exe","2026/8/5 19:06:46","0.156","51.5","""C:\Program Files\Blackmagic Design\DaVinci Resolve\Electron\electron.exe"" --type=utility --utility-sub-type=network.mojom.NetworkService --lang=zh-CN --service-sandbox-type=none --user-data-dir=""C:\Users\Administrator\AppData\Roaming\Clackly Workflow Plugin"" --field-trial-handle=2044,i,8528152345874284265,13457465882528845703,262144 --enable-features=PdfUseShowSaveFilePicker --disable-features=SpareRendererForSitePerProcess,WinDelaySpellcheckServiceInit --variations-seed-version --mojo-platform-channel-handle=2232 /prefetch:11","localhost","ea7bfcc2-2263-4c1b-91c4-7992054991fb","False","df34afb5-1e8a-4880-8a28-6e0722507204"
"2026-08-05T19:09:20.2341325+08:00","218.664","15532","3496","electron.exe","2026/8/5 19:06:46","0.141","88.7","""C:\Program Files\Blackmagic Design\DaVinci Resolve\Electron\electron.exe"" --type=renderer --user-data-dir=""C:\Users\Administrator\AppData\Roaming\Clackly Workflow Plugin"" --app-path=""C:\ProgramData\Blackmagic Design\DaVinci Resolve\Support\Workflow Integration Plugins\com.wutpeach.clackly\workflow-plugin"" --no-sandbox --no-zygote --video-capture-use-gpu-memory-buffer --lang=zh-CN --device-scale-factor=1 --num-raster-threads=4 --enable-main-frame-before-activation --renderer-client-id=4 --time-ticks-at-unix-epoch=-1785918640205991 --launch-time-ticks=9366284582 --field-trial-handle=2044,i,8528152345874284265,13457465882528845703,262144 --enable-features=PdfUseShowSaveFilePicker --disable-features=SpareRendererForSitePerProcess,WinDelaySpellcheckServiceInit --variations-seed-version --mojo-platform-channel-handle=3280 /prefetch:1","localhost","ea7bfcc2-2263-4c1b-91c4-7992054991fb","False","df34afb5-1e8a-4880-8a28-6e0722507204"
"2026-08-05T19:09:22.2450204+08:00","195.484","17944","13664","Resolve.exe","2026/8/5 19:06:28","42.859","2495.7","""C:\Program Files\Blackmagic Design\DaVinci Resolve\Resolve.exe"" ","localhost","ea7bfcc2-2263-4c1b-91c4-7992054991fb","False","df34afb5-1e8a-4880-8a28-6e0722507204"
"2026-08-05T19:09:22.2450204+08:00","195.484","3496","17944","electron.exe","2026/8/5 19:06:46","0.453","105.5","""C:/Program Files/Blackmagic Design/DaVinci Resolve\Electron\electron.exe"" ""C:\ProgramData\Blackmagic Design\DaVinci Resolve\Support\Workflow Integration Plugins\com.wutpeach.clackly\workflow-plugin/main.js"" --plugin-id=com.wutpeach.clackly","localhost","ea7bfcc2-2263-4c1b-91c4-7992054991fb","False","df34afb5-1e8a-4880-8a28-6e0722507204"
"2026-08-05T19:09:22.2450204+08:00","196.483","10124","3496","electron.exe","2026/8/5 19:06:46","0.766","111.4","""C:\Program Files\Blackmagic Design\DaVinci Resolve\Electron\electron.exe"" --type=gpu-process --user-data-dir=""C:\Users\Administrator\AppData\Roaming\Clackly Workflow Plugin"" --gpu-preferences=UAAAAAAAAADgAAAEAAAAAAAAAAAAAAAAAABgAAEAAAAAAAAAAAAAAAAAAAACAAAAAAAAAAAAAAAAAAAAAAAAABAAAAAAAAAAEAAAAAAAAAAIAAAAAAAAAAgAAAAAAAAA --field-trial-handle=2044,i,8528152345874284265,13457465882528845703,262144 --enable-features=PdfUseShowSaveFilePicker --disable-features=SpareRendererForSitePerProcess,WinDelaySpellcheckServiceInit --variations-seed-version --mojo-platform-channel-handle=2032 /prefetch:2","localhost","ea7bfcc2-2263-4c1b-91c4-7992054991fb","False","df34afb5-1e8a-4880-8a28-6e0722507204"
"2026-08-05T19:09:22.2450204+08:00","196.483","37640","3496","electron.exe","2026/8/5 19:06:46","0.156","51.5","""C:\Program Files\Blackmagic Design\DaVinci Resolve\Electron\electron.exe"" --type=utility --utility-sub-type=network.mojom.NetworkService --lang=zh-CN --service-sandbox-type=none --user-data-dir=""C:\Users\Administrator\AppData\Roaming\Clackly Workflow Plugin"" --field-trial-handle=2044,i,8528152345874284265,13457465882528845703,262144 --enable-features=PdfUseShowSaveFilePicker --disable-features=SpareRendererForSitePerProcess,WinDelaySpellcheckServiceInit --variations-seed-version --mojo-platform-channel-handle=2232 /prefetch:11","localhost","ea7bfcc2-2263-4c1b-91c4-7992054991fb","False","df34afb5-1e8a-4880-8a28-6e0722507204"
"2026-08-05T19:09:22.2450204+08:00","196.483","15532","3496","electron.exe","2026/8/5 19:06:46","0.141","88.7","""C:\Program Files\Blackmagic Design\DaVinci Resolve\Electron\electron.exe"" --type=renderer --user-data-dir=""C:\Users\Administrator\AppData\Roaming\Clackly Workflow Plugin"" --app-path=""C:\ProgramData\Blackmagic Design\DaVinci Resolve\Support\Workflow Integration Plugins\com.wutpeach.clackly\workflow-plugin"" --no-sandbox --no-zygote --video-capture-use-gpu-memory-buffer --lang=zh-CN --device-scale-factor=1 --num-raster-threads=4 --enable-main-frame-before-activation --renderer-client-id=4 --time-ticks-at-unix-epoch=-1785918640205991 --launch-time-ticks=9366284582 --field-trial-handle=2044,i,8528152345874284265,13457465882528845703,262144 --enable-features=PdfUseShowSaveFilePicker --disable-features=SpareRendererForSitePerProcess,WinDelaySpellcheckServiceInit --variations-seed-version --mojo-platform-channel-handle=3280 /prefetch:1","localhost","ea7bfcc2-2263-4c1b-91c4-7992054991fb","False","df34afb5-1e8a-4880-8a28-6e0722507204"
"2026-08-05T19:09:24.2562597+08:00","180.238","17944","13664","Resolve.exe","2026/8/5 19:06:28","42.859","2495.7","""C:\Program Files\Blackmagic Design\DaVinci Resolve\Resolve.exe"" ","localhost","ea7bfcc2-2263-4c1b-91c4-7992054991fb","False","df34afb5-1e8a-4880-8a28-6e0722507204"
"2026-08-05T19:09:24.2562597+08:00","181.241","3496","17944","electron.exe","2026/8/5 19:06:46","0.453","105.5","""C:/Program Files/Blackmagic Design/DaVinci Resolve\Electron\electron.exe"" ""C:\ProgramData\Blackmagic Design\DaVinci Resolve\Support\Workflow Integration Plugins\com.wutpeach.clackly\workflow-plugin/main.js"" --plugin-id=com.wutpeach.clackly","localhost","ea7bfcc2-2263-4c1b-91c4-7992054991fb","False","df34afb5-1e8a-4880-8a28-6e0722507204"
"2026-08-05T19:09:24.2562597+08:00","181.241","10124","3496","electron.exe","2026/8/5 19:06:46","0.766","111.4","""C:\Program Files\Blackmagic Design\DaVinci Resolve\Electron\electron.exe"" --type=gpu-process --user-data-dir=""C:\Users\Administrator\AppData\Roaming\Clackly Workflow Plugin"" --gpu-preferences=UAAAAAAAAADgAAAEAAAAAAAAAAAAAAAAAABgAAEAAAAAAAAAAAAAAAAAAAACAAAAAAAAAAAAAAAAAAAAAAAAABAAAAAAAAAAEAAAAAAAAAAIAAAAAAAAAAgAAAAAAAAA --field-trial-handle=2044,i,8528152345874284265,13457465882528845703,262144 --enable-features=PdfUseShowSaveFilePicker --disable-features=SpareRendererForSitePerProcess,WinDelaySpellcheckServiceInit --variations-seed-version --mojo-platform-channel-handle=2032 /prefetch:2","localhost","ea7bfcc2-2263-4c1b-91c4-7992054991fb","False","df34afb5-1e8a-4880-8a28-6e0722507204"
"2026-08-05T19:09:24.2562597+08:00","181.241","37640","3496","electron.exe","2026/8/5 19:06:46","0.156","51.5","""C:\Program Files\Blackmagic Design\DaVinci Resolve\Electron\electron.exe"" --type=utility --utility-sub-type=network.mojom.NetworkService --lang=zh-CN --service-sandbox-type=none --user-data-dir=""C:\Users\Administrator\AppData\Roaming\Clackly Workflow Plugin"" --field-trial-handle=2044,i,8528152345874284265,13457465882528845703,262144 --enable-features=PdfUseShowSaveFilePicker --disable-features=SpareRendererForSitePerProcess,WinDelaySpellcheckServiceInit --variations-seed-version --mojo-platform-channel-handle=2232 /prefetch:11","localhost","ea7bfcc2-2263-4c1b-91c4-7992054991fb","False","df34afb5-1e8a-4880-8a28-6e0722507204"
"2026-08-05T19:09:24.2562597+08:00","181.241","15532","3496","electron.exe","2026/8/5 19:06:46","0.141","88.7","""C:\Program Files\Blackmagic Design\DaVinci Resolve\Electron\electron.exe"" --type=renderer --user-data-dir=""C:\Users\Administrator\AppData\Roaming\Clackly Workflow Plugin"" --app-path=""C:\ProgramData\Blackmagic Design\DaVinci Resolve\Support\Workflow Integration Plugins\com.wutpeach.clackly\workflow-plugin"" --no-sandbox --no-zygote --video-capture-use-gpu-memory-buffer --lang=zh-CN --device-scale-factor=1 --num-raster-threads=4 --enable-main-frame-before-activation --renderer-client-id=4 --time-ticks-at-unix-epoch=-1785918640205991 --launch-time-ticks=9366284582 --field-trial-handle=2044,i,8528152345874284265,13457465882528845703,262144 --enable-features=PdfUseShowSaveFilePicker --disable-features=SpareRendererForSitePerProcess,WinDelaySpellcheckServiceInit --variations-seed-version --mojo-platform-channel-handle=3280 /prefetch:1","localhost","ea7bfcc2-2263-4c1b-91c4-7992054991fb","False","df34afb5-1e8a-4880-8a28-6e0722507204"
"2026-08-05T19:09:26.2626904+08:00","204.748","17944","13664","Resolve.exe","2026/8/5 19:06:28","42.984","2495.7","""C:\Program Files\Blackmagic Design\DaVinci Resolve\Resolve.exe"" ","localhost","ea7bfcc2-2263-4c1b-91c4-7992054991fb","False","df34afb5-1e8a-4880-8a28-6e0722507204"
"2026-08-05T19:09:26.2626904+08:00","205.751","3496","17944","electron.exe","2026/8/5 19:06:46","0.453","105.5","""C:/Program Files/Blackmagic Design/DaVinci Resolve\Electron\electron.exe"" ""C:\ProgramData\Blackmagic Design\DaVinci Resolve\Support\Workflow Integration Plugins\com.wutpeach.clackly\workflow-plugin/main.js"" --plugin-id=com.wutpeach.clackly","localhost","ea7bfcc2-2263-4c1b-91c4-7992054991fb","False","df34afb5-1e8a-4880-8a28-6e0722507204"
"2026-08-05T19:09:26.2626904+08:00","205.751","10124","3496","electron.exe","2026/8/5 19:06:46","0.766","111.4","""C:\Program Files\Blackmagic Design\DaVinci Resolve\Electron\electron.exe"" --type=gpu-process --user-data-dir=""C:\Users\Administrator\AppData\Roaming\Clackly Workflow Plugin"" --gpu-preferences=UAAAAAAAAADgAAAEAAAAAAAAAAAAAAAAAABgAAEAAAAAAAAAAAAAAAAAAAACAAAAAAAAAAAAAAAAAAAAAAAAABAAAAAAAAAAEAAAAAAAAAAIAAAAAAAAAAgAAAAAAAAA --field-trial-handle=2044,i,8528152345874284265,13457465882528845703,262144 --enable-features=PdfUseShowSaveFilePicker --disable-features=SpareRendererForSitePerProcess,WinDelaySpellcheckServiceInit --variations-seed-version --mojo-platform-channel-handle=2032 /prefetch:2","localhost","ea7bfcc2-2263-4c1b-91c4-7992054991fb","False","df34afb5-1e8a-4880-8a28-6e0722507204"
"2026-08-05T19:09:26.2626904+08:00","205.751","37640","3496","electron.exe","2026/8/5 19:06:46","0.156","51.5","""C:\Program Files\Blackmagic Design\DaVinci Resolve\Electron\electron.exe"" --type=utility --utility-sub-type=network.mojom.NetworkService --lang=zh-CN --service-sandbox-type=none --user-data-dir=""C:\Users\Administrator\AppData\Roaming\Clackly Workflow Plugin"" --field-trial-handle=2044,i,8528152345874284265,13457465882528845703,262144 --enable-features=PdfUseShowSaveFilePicker --disable-features=SpareRendererForSitePerProcess,WinDelaySpellcheckServiceInit --variations-seed-version --mojo-platform-channel-handle=2232 /prefetch:11","localhost","ea7bfcc2-2263-4c1b-91c4-7992054991fb","False","df34afb5-1e8a-4880-8a28-6e0722507204"
"2026-08-05T19:09:26.2626904+08:00","205.751","15532","3496","electron.exe","2026/8/5 19:06:46","0.141","88.7","""C:\Program Files\Blackmagic Design\DaVinci Resolve\Electron\electron.exe"" --type=renderer --user-data-dir=""C:\Users\Administrator\AppData\Roaming\Clackly Workflow Plugin"" --app-path=""C:\ProgramData\Blackmagic Design\DaVinci Resolve\Support\Workflow Integration Plugins\com.wutpeach.clackly\workflow-plugin"" --no-sandbox --no-zygote --video-capture-use-gpu-memory-buffer --lang=zh-CN --device-scale-factor=1 --num-raster-threads=4 --enable-main-frame-before-activation --renderer-client-id=4 --time-ticks-at-unix-epoch=-1785918640205991 --launch-time-ticks=9366284582 --field-trial-handle=2044,i,8528152345874284265,13457465882528845703,262144 --enable-features=PdfUseShowSaveFilePicker --disable-features=SpareRendererForSitePerProcess,WinDelaySpellcheckServiceInit --variations-seed-version --mojo-platform-channel-handle=3280 /prefetch:1","localhost","ea7bfcc2-2263-4c1b-91c4-7992054991fb","False","df34afb5-1e8a-4880-8a28-6e0722507204"
"2026-08-05T19:09:28.2659727+08:00","177.384","17944","13664","Resolve.exe","2026/8/5 19:06:28","43.062","2495.7","""C:\Program Files\Blackmagic Design\DaVinci Resolve\Resolve.exe"" ","localhost","ea7bfcc2-2263-4c1b-91c4-7992054991fb","False","df34afb5-1e8a-4880-8a28-6e0722507204"
"2026-08-05T19:09:28.2659727+08:00","177.384","3496","17944","electron.exe","2026/8/5 19:06:46","0.453","105.5","""C:/Program Files/Blackmagic Design/DaVinci Resolve\Electron\electron.exe"" ""C:\ProgramData\Blackmagic Design\DaVinci Resolve\Support\Workflow Integration Plugins\com.wutpeach.clackly\workflow-plugin/main.js"" --plugin-id=com.wutpeach.clackly","localhost","ea7bfcc2-2263-4c1b-91c4-7992054991fb","False","df34afb5-1e8a-4880-8a28-6e0722507204"
"2026-08-05T19:09:28.2659727+08:00","177.384","10124","3496","electron.exe","2026/8/5 19:06:46","0.766","111.4","""C:\Program Files\Blackmagic Design\DaVinci Resolve\Electron\electron.exe"" --type=gpu-process --user-data-dir=""C:\Users\Administrator\AppData\Roaming\Clackly Workflow Plugin"" --gpu-preferences=UAAAAAAAAADgAAAEAAAAAAAAAAAAAAAAAABgAAEAAAAAAAAAAAAAAAAAAAACAAAAAAAAAAAAAAAAAAAAAAAAABAAAAAAAAAAEAAAAAAAAAAIAAAAAAAAAAgAAAAAAAAA --field-trial-handle=2044,i,8528152345874284265,13457465882528845703,262144 --enable-features=PdfUseShowSaveFilePicker --disable-features=SpareRendererForSitePerProcess,WinDelaySpellcheckServiceInit --variations-seed-version --mojo-platform-channel-handle=2032 /prefetch:2","localhost","ea7bfcc2-2263-4c1b-91c4-7992054991fb","False","df34afb5-1e8a-4880-8a28-6e0722507204"
"2026-08-05T19:09:28.2659727+08:00","177.384","37640","3496","electron.exe","2026/8/5 19:06:46","0.156","51.5","""C:\Program Files\Blackmagic Design\DaVinci Resolve\Electron\electron.exe"" --type=utility --utility-sub-type=network.mojom.NetworkService --lang=zh-CN --service-sandbox-type=none --user-data-dir=""C:\Users\Administrator\AppData\Roaming\Clackly Workflow Plugin"" --field-trial-handle=2044,i,8528152345874284265,13457465882528845703,262144 --enable-features=PdfUseShowSaveFilePicker --disable-features=SpareRendererForSitePerProcess,WinDelaySpellcheckServiceInit --variations-seed-version --mojo-platform-channel-handle=2232 /prefetch:11","localhost","ea7bfcc2-2263-4c1b-91c4-7992054991fb","False","df34afb5-1e8a-4880-8a28-6e0722507204"
"2026-08-05T19:09:28.2659727+08:00","177.384","15532","3496","electron.exe","2026/8/5 19:06:46","0.141","88.7","""C:\Program Files\Blackmagic Design\DaVinci Resolve\Electron\electron.exe"" --type=renderer --user-data-dir=""C:\Users\Administrator\AppData\Roaming\Clackly Workflow Plugin"" --app-path=""C:\ProgramData\Blackmagic Design\DaVinci Resolve\Support\Workflow Integration Plugins\com.wutpeach.clackly\workflow-plugin"" --no-sandbox --no-zygote --video-capture-use-gpu-memory-buffer --lang=zh-CN --device-scale-factor=1 --num-raster-threads=4 --enable-main-frame-before-activation --renderer-client-id=4 --time-ticks-at-unix-epoch=-1785918640205991 --launch-time-ticks=9366284582 --field-trial-handle=2044,i,8528152345874284265,13457465882528845703,262144 --enable-features=PdfUseShowSaveFilePicker --disable-features=SpareRendererForSitePerProcess,WinDelaySpellcheckServiceInit --variations-seed-version --mojo-platform-channel-handle=3280 /prefetch:1","localhost","ea7bfcc2-2263-4c1b-91c4-7992054991fb","False","df34afb5-1e8a-4880-8a28-6e0722507204"
"2026-08-05T19:09:30.2810139+08:00","195.046","17944","13664","Resolve.exe","2026/8/5 19:06:28","43.406","2495.7","""C:\Program Files\Blackmagic Design\DaVinci Resolve\Resolve.exe"" ","localhost","ea7bfcc2-2263-4c1b-91c4-7992054991fb","False","df34afb5-1e8a-4880-8a28-6e0722507204"
"2026-08-05T19:09:30.2810139+08:00","195.046","3496","17944","electron.exe","2026/8/5 19:06:46","0.453","105.5","""C:/Program Files/Blackmagic Design/DaVinci Resolve\Electron\electron.exe"" ""C:\ProgramData\Blackmagic Design\DaVinci Resolve\Support\Workflow Integration Plugins\com.wutpeach.clackly\workflow-plugin/main.js"" --plugin-id=com.wutpeach.clackly","localhost","ea7bfcc2-2263-4c1b-91c4-7992054991fb","False","df34afb5-1e8a-4880-8a28-6e0722507204"
"2026-08-05T19:09:30.2810139+08:00","195.046","10124","3496","electron.exe","2026/8/5 19:06:46","0.766","111.4","""C:\Program Files\Blackmagic Design\DaVinci Resolve\Electron\electron.exe"" --type=gpu-process --user-data-dir=""C:\Users\Administrator\AppData\Roaming\Clackly Workflow Plugin"" --gpu-preferences=UAAAAAAAAADgAAAEAAAAAAAAAAAAAAAAAABgAAEAAAAAAAAAAAAAAAAAAAACAAAAAAAAAAAAAAAAAAAAAAAAABAAAAAAAAAAEAAAAAAAAAAIAAAAAAAAAAgAAAAAAAAA --field-trial-handle=2044,i,8528152345874284265,13457465882528845703,262144 --enable-features=PdfUseShowSaveFilePicker --disable-features=SpareRendererForSitePerProcess,WinDelaySpellcheckServiceInit --variations-seed-version --mojo-platform-channel-handle=2032 /prefetch:2","localhost","ea7bfcc2-2263-4c1b-91c4-7992054991fb","False","df34afb5-1e8a-4880-8a28-6e0722507204"
"2026-08-05T19:09:30.2810139+08:00","195.046","37640","3496","electron.exe","2026/8/5 19:06:46","0.156","51.5","""C:\Program Files\Blackmagic Design\DaVinci Resolve\Electron\electron.exe"" --type=utility --utility-sub-type=network.mojom.NetworkService --lang=zh-CN --service-sandbox-type=none --user-data-dir=""C:\Users\Administrator\AppData\Roaming\Clackly Workflow Plugin"" --field-trial-handle=2044,i,8528152345874284265,13457465882528845703,262144 --enable-features=PdfUseShowSaveFilePicker --disable-features=SpareRendererForSitePerProcess,WinDelaySpellcheckServiceInit --variations-seed-version --mojo-platform-channel-handle=2232 /prefetch:11","localhost","ea7bfcc2-2263-4c1b-91c4-7992054991fb","False","df34afb5-1e8a-4880-8a28-6e0722507204"
"2026-08-05T19:09:30.2810139+08:00","195.046","15532","3496","electron.exe","2026/8/5 19:06:46","0.141","88.7","""C:\Program Files\Blackmagic Design\DaVinci Resolve\Electron\electron.exe"" --type=renderer --user-data-dir=""C:\Users\Administrator\AppData\Roaming\Clackly Workflow Plugin"" --app-path=""C:\ProgramData\Blackmagic Design\DaVinci Resolve\Support\Workflow Integration Plugins\com.wutpeach.clackly\workflow-plugin"" --no-sandbox --no-zygote --video-capture-use-gpu-memory-buffer --lang=zh-CN --device-scale-factor=1 --num-raster-threads=4 --enable-main-frame-before-activation --renderer-client-id=4 --time-ticks-at-unix-epoch=-1785918640205991 --launch-time-ticks=9366284582 --field-trial-handle=2044,i,8528152345874284265,13457465882528845703,262144 --enable-features=PdfUseShowSaveFilePicker --disable-features=SpareRendererForSitePerProcess,WinDelaySpellcheckServiceInit --variations-seed-version --mojo-platform-channel-handle=3280 /prefetch:1","localhost","ea7bfcc2-2263-4c1b-91c4-7992054991fb","False","df34afb5-1e8a-4880-8a28-6e0722507204"
"2026-08-05T19:09:32.2934128+08:00","207.254","17944","13664","Resolve.exe","2026/8/5 19:06:28","43.75","2495.7","""C:\Program Files\Blackmagic Design\DaVinci Resolve\Resolve.exe"" ","localhost","ea7bfcc2-2263-4c1b-91c4-7992054991fb","False","df34afb5-1e8a-4880-8a28-6e0722507204"
"2026-08-05T19:09:32.2934128+08:00","207.254","3496","17944","electron.exe","2026/8/5 19:06:46","0.453","105.5","""C:/Program Files/Blackmagic Design/DaVinci Resolve\Electron\electron.exe"" ""C:\ProgramData\Blackmagic Design\DaVinci Resolve\Support\Workflow Integration Plugins\com.wutpeach.clackly\workflow-plugin/main.js"" --plugin-id=com.wutpeach.clackly","localhost","ea7bfcc2-2263-4c1b-91c4-7992054991fb","False","df34afb5-1e8a-4880-8a28-6e0722507204"
"2026-08-05T19:09:32.2934128+08:00","207.254","10124","3496","electron.exe","2026/8/5 19:06:46","0.766","111.4","""C:\Program Files\Blackmagic Design\DaVinci Resolve\Electron\electron.exe"" --type=gpu-process --user-data-dir=""C:\Users\Administrator\AppData\Roaming\Clackly Workflow Plugin"" --gpu-preferences=UAAAAAAAAADgAAAEAAAAAAAAAAAAAAAAAABgAAEAAAAAAAAAAAAAAAAAAAACAAAAAAAAAAAAAAAAAAAAAAAAABAAAAAAAAAAEAAAAAAAAAAIAAAAAAAAAAgAAAAAAAAA --field-trial-handle=2044,i,8528152345874284265,13457465882528845703,262144 --enable-features=PdfUseShowSaveFilePicker --disable-features=SpareRendererForSitePerProcess,WinDelaySpellcheckServiceInit --variations-seed-version --mojo-platform-channel-handle=2032 /prefetch:2","localhost","ea7bfcc2-2263-4c1b-91c4-7992054991fb","False","df34afb5-1e8a-4880-8a28-6e0722507204"
"2026-08-05T19:09:32.2934128+08:00","207.254","37640","3496","electron.exe","2026/8/5 19:06:46","0.156","51.5","""C:\Program Files\Blackmagic Design\DaVinci Resolve\Electron\electron.exe"" --type=utility --utility-sub-type=network.mojom.NetworkService --lang=zh-CN --service-sandbox-type=none --user-data-dir=""C:\Users\Administrator\AppData\Roaming\Clackly Workflow Plugin"" --field-trial-handle=2044,i,8528152345874284265,13457465882528845703,262144 --enable-features=PdfUseShowSaveFilePicker --disable-features=SpareRendererForSitePerProcess,WinDelaySpellcheckServiceInit --variations-seed-version --mojo-platform-channel-handle=2232 /prefetch:11","localhost","ea7bfcc2-2263-4c1b-91c4-7992054991fb","False","df34afb5-1e8a-4880-8a28-6e0722507204"
"2026-08-05T19:09:32.2934128+08:00","207.254","15532","3496","electron.exe","2026/8/5 19:06:46","0.141","88.7","""C:\Program Files\Blackmagic Design\DaVinci Resolve\Electron\electron.exe"" --type=renderer --user-data-dir=""C:\Users\Administrator\AppData\Roaming\Clackly Workflow Plugin"" --app-path=""C:\ProgramData\Blackmagic Design\DaVinci Resolve\Support\Workflow Integration Plugins\com.wutpeach.clackly\workflow-plugin"" --no-sandbox --no-zygote --video-capture-use-gpu-memory-buffer --lang=zh-CN --device-scale-factor=1 --num-raster-threads=4 --enable-main-frame-before-activation --renderer-client-id=4 --time-ticks-at-unix-epoch=-1785918640205991 --launch-time-ticks=9366284582 --field-trial-handle=2044,i,8528152345874284265,13457465882528845703,262144 --enable-features=PdfUseShowSaveFilePicker --disable-features=SpareRendererForSitePerProcess,WinDelaySpellcheckServiceInit --variations-seed-version --mojo-platform-channel-handle=3280 /prefetch:1","localhost","ea7bfcc2-2263-4c1b-91c4-7992054991fb","False","df34afb5-1e8a-4880-8a28-6e0722507204"
"2026-08-05T19:09:34.3033924+08:00","202.826","17944","13664","Resolve.exe","2026/8/5 19:06:28","43.859","2495.7","""C:\Program Files\Blackmagic Design\DaVinci Resolve\Resolve.exe"" ","localhost","ea7bfcc2-2263-4c1b-91c4-7992054991fb","False","df34afb5-1e8a-4880-8a28-6e0722507204"
"2026-08-05T19:09:34.3033924+08:00","202.826","3496","17944","electron.exe","2026/8/5 19:06:46","0.453","105.5","""C:/Program Files/Blackmagic Design/DaVinci Resolve\Electron\electron.exe"" ""C:\ProgramData\Blackmagic Design\DaVinci Resolve\Support\Workflow Integration Plugins\com.wutpeach.clackly\workflow-plugin/main.js"" --plugin-id=com.wutpeach.clackly","localhost","ea7bfcc2-2263-4c1b-91c4-7992054991fb","False","df34afb5-1e8a-4880-8a28-6e0722507204"
"2026-08-05T19:09:34.3033924+08:00","202.826","10124","3496","electron.exe","2026/8/5 19:06:46","0.766","111.4","""C:\Program Files\Blackmagic Design\DaVinci Resolve\Electron\electron.exe"" --type=gpu-process --user-data-dir=""C:\Users\Administrator\AppData\Roaming\Clackly Workflow Plugin"" --gpu-preferences=UAAAAAAAAADgAAAEAAAAAAAAAAAAAAAAAABgAAEAAAAAAAAAAAAAAAAAAAACAAAAAAAAAAAAAAAAAAAAAAAAABAAAAAAAAAAEAAAAAAAAAAIAAAAAAAAAAgAAAAAAAAA --field-trial-handle=2044,i,8528152345874284265,13457465882528845703,262144 --enable-features=PdfUseShowSaveFilePicker --disable-features=SpareRendererForSitePerProcess,WinDelaySpellcheckServiceInit --variations-seed-version --mojo-platform-channel-handle=2032 /prefetch:2","localhost","ea7bfcc2-2263-4c1b-91c4-7992054991fb","False","df34afb5-1e8a-4880-8a28-6e0722507204"
"2026-08-05T19:09:34.3033924+08:00","202.826","37640","3496","electron.exe","2026/8/5 19:06:46","0.156","51.5","""C:\Program Files\Blackmagic Design\DaVinci Resolve\Electron\electron.exe"" --type=utility --utility-sub-type=network.mojom.NetworkService --lang=zh-CN --service-sandbox-type=none --user-data-dir=""C:\Users\Administrator\AppData\Roaming\Clackly Workflow Plugin"" --field-trial-handle=2044,i,8528152345874284265,13457465882528845703,262144 --enable-features=PdfUseShowSaveFilePicker --disable-features=SpareRendererForSitePerProcess,WinDelaySpellcheckServiceInit --variations-seed-version --mojo-platform-channel-handle=2232 /prefetch:11","localhost","ea7bfcc2-2263-4c1b-91c4-7992054991fb","False","df34afb5-1e8a-4880-8a28-6e0722507204"
"2026-08-05T19:09:34.3033924+08:00","202.826","15532","3496","electron.exe","2026/8/5 19:06:46","0.141","88.7","""C:\Program Files\Blackmagic Design\DaVinci Resolve\Electron\electron.exe"" --type=renderer --user-data-dir=""C:\Users\Administrator\AppData\Roaming\Clackly Workflow Plugin"" --app-path=""C:\ProgramData\Blackmagic Design\DaVinci Resolve\Support\Workflow Integration Plugins\com.wutpeach.clackly\workflow-plugin"" --no-sandbox --no-zygote --video-capture-use-gpu-memory-buffer --lang=zh-CN --device-scale-factor=1 --num-raster-threads=4 --enable-main-frame-before-activation --renderer-client-id=4 --time-ticks-at-unix-epoch=-1785918640205991 --launch-time-ticks=9366284582 --field-trial-handle=2044,i,8528152345874284265,13457465882528845703,262144 --enable-features=PdfUseShowSaveFilePicker --disable-features=SpareRendererForSitePerProcess,WinDelaySpellcheckServiceInit --variations-seed-version --mojo-platform-channel-handle=3280 /prefetch:1","localhost","ea7bfcc2-2263-4c1b-91c4-7992054991fb","False","df34afb5-1e8a-4880-8a28-6e0722507204"
"2026-08-05T19:09:36.3113763+08:00","181.812","17944","13664","Resolve.exe","2026/8/5 19:06:28","44.031","2495.7","""C:\Program Files\Blackmagic Design\DaVinci Resolve\Resolve.exe"" ","localhost","ea7bfcc2-2263-4c1b-91c4-7992054991fb","False","df34afb5-1e8a-4880-8a28-6e0722507204"
"2026-08-05T19:09:36.3113763+08:00","181.812","3496","17944","electron.exe","2026/8/5 19:06:46","0.453","105.5","""C:/Program Files/Blackmagic Design/DaVinci Resolve\Electron\electron.exe"" ""C:\ProgramData\Blackmagic Design\DaVinci Resolve\Support\Workflow Integration Plugins\com.wutpeach.clackly\workflow-plugin/main.js"" --plugin-id=com.wutpeach.clackly","localhost","ea7bfcc2-2263-4c1b-91c4-7992054991fb","False","df34afb5-1e8a-4880-8a28-6e0722507204"
"2026-08-05T19:09:36.3113763+08:00","181.812","10124","3496","electron.exe","2026/8/5 19:06:46","0.766","111.4","""C:\Program Files\Blackmagic Design\DaVinci Resolve\Electron\electron.exe"" --type=gpu-process --user-data-dir=""C:\Users\Administrator\AppData\Roaming\Clackly Workflow Plugin"" --gpu-preferences=UAAAAAAAAADgAAAEAAAAAAAAAAAAAAAAAABgAAEAAAAAAAAAAAAAAAAAAAACAAAAAAAAAAAAAAAAAAAAAAAAABAAAAAAAAAAEAAAAAAAAAAIAAAAAAAAAAgAAAAAAAAA --field-trial-handle=2044,i,8528152345874284265,13457465882528845703,262144 --enable-features=PdfUseShowSaveFilePicker --disable-features=SpareRendererForSitePerProcess,WinDelaySpellcheckServiceInit --variations-seed-version --mojo-platform-channel-handle=2032 /prefetch:2","localhost","ea7bfcc2-2263-4c1b-91c4-7992054991fb","False","df34afb5-1e8a-4880-8a28-6e0722507204"
"2026-08-05T19:09:36.3113763+08:00","181.812","37640","3496","electron.exe","2026/8/5 19:06:46","0.156","51.5","""C:\Program Files\Blackmagic Design\DaVinci Resolve\Electron\electron.exe"" --type=utility --utility-sub-type=network.mojom.NetworkService --lang=zh-CN --service-sandbox-type=none --user-data-dir=""C:\Users\Administrator\AppData\Roaming\Clackly Workflow Plugin"" --field-trial-handle=2044,i,8528152345874284265,13457465882528845703,262144 --enable-features=PdfUseShowSaveFilePicker --disable-features=SpareRendererForSitePerProcess,WinDelaySpellcheckServiceInit --variations-seed-version --mojo-platform-channel-handle=2232 /prefetch:11","localhost","ea7bfcc2-2263-4c1b-91c4-7992054991fb","False","df34afb5-1e8a-4880-8a28-6e0722507204"
"2026-08-05T19:09:36.3113763+08:00","181.812","15532","3496","electron.exe","2026/8/5 19:06:46","0.141","88.7","""C:\Program Files\Blackmagic Design\DaVinci Resolve\Electron\electron.exe"" --type=renderer --user-data-dir=""C:\Users\Administrator\AppData\Roaming\Clackly Workflow Plugin"" --app-path=""C:\ProgramData\Blackmagic Design\DaVinci Resolve\Support\Workflow Integration Plugins\com.wutpeach.clackly\workflow-plugin"" --no-sandbox --no-zygote --video-capture-use-gpu-memory-buffer --lang=zh-CN --device-scale-factor=1 --num-raster-threads=4 --enable-main-frame-before-activation --renderer-client-id=4 --time-ticks-at-unix-epoch=-1785918640205991 --launch-time-ticks=9366284582 --field-trial-handle=2044,i,8528152345874284265,13457465882528845703,262144 --enable-features=PdfUseShowSaveFilePicker --disable-features=SpareRendererForSitePerProcess,WinDelaySpellcheckServiceInit --variations-seed-version --mojo-platform-channel-handle=3280 /prefetch:1","localhost","ea7bfcc2-2263-4c1b-91c4-7992054991fb","False","df34afb5-1e8a-4880-8a28-6e0722507204"
"2026-08-05T19:09:38.3203486+08:00","205.411","17944","13664","Resolve.exe","2026/8/5 19:06:28","44.141","2495.7","""C:\Program Files\Blackmagic Design\DaVinci Resolve\Resolve.exe"" ","localhost","ea7bfcc2-2263-4c1b-91c4-7992054991fb","False","df34afb5-1e8a-4880-8a28-6e0722507204"
"2026-08-05T19:09:38.3203486+08:00","205.411","3496","17944","electron.exe","2026/8/5 19:06:46","0.453","105.5","""C:/Program Files/Blackmagic Design/DaVinci Resolve\Electron\electron.exe"" ""C:\ProgramData\Blackmagic Design\DaVinci Resolve\Support\Workflow Integration Plugins\com.wutpeach.clackly\workflow-plugin/main.js"" --plugin-id=com.wutpeach.clackly","localhost","ea7bfcc2-2263-4c1b-91c4-7992054991fb","False","df34afb5-1e8a-4880-8a28-6e0722507204"
"2026-08-05T19:09:38.3203486+08:00","205.411","10124","3496","electron.exe","2026/8/5 19:06:46","0.766","111.4","""C:\Program Files\Blackmagic Design\DaVinci Resolve\Electron\electron.exe"" --type=gpu-process --user-data-dir=""C:\Users\Administrator\AppData\Roaming\Clackly Workflow Plugin"" --gpu-preferences=UAAAAAAAAADgAAAEAAAAAAAAAAAAAAAAAABgAAEAAAAAAAAAAAAAAAAAAAACAAAAAAAAAAAAAAAAAAAAAAAAABAAAAAAAAAAEAAAAAAAAAAIAAAAAAAAAAgAAAAAAAAA --field-trial-handle=2044,i,8528152345874284265,13457465882528845703,262144 --enable-features=PdfUseShowSaveFilePicker --disable-features=SpareRendererForSitePerProcess,WinDelaySpellcheckServiceInit --variations-seed-version --mojo-platform-channel-handle=2032 /prefetch:2","localhost","ea7bfcc2-2263-4c1b-91c4-7992054991fb","False","df34afb5-1e8a-4880-8a28-6e0722507204"
"2026-08-05T19:09:38.3203486+08:00","205.411","37640","3496","electron.exe","2026/8/5 19:06:46","0.156","51.5","""C:\Program Files\Blackmagic Design\DaVinci Resolve\Electron\electron.exe"" --type=utility --utility-sub-type=network.mojom.NetworkService --lang=zh-CN --service-sandbox-type=none --user-data-dir=""C:\Users\Administrator\AppData\Roaming\Clackly Workflow Plugin"" --field-trial-handle=2044,i,8528152345874284265,13457465882528845703,262144 --enable-features=PdfUseShowSaveFilePicker --disable-features=SpareRendererForSitePerProcess,WinDelaySpellcheckServiceInit --variations-seed-version --mojo-platform-channel-handle=2232 /prefetch:11","localhost","ea7bfcc2-2263-4c1b-91c4-7992054991fb","False","df34afb5-1e8a-4880-8a28-6e0722507204"
"2026-08-05T19:09:38.3203486+08:00","205.411","15532","3496","electron.exe","2026/8/5 19:06:46","0.141","88.7","""C:\Program Files\Blackmagic Design\DaVinci Resolve\Electron\electron.exe"" --type=renderer --user-data-dir=""C:\Users\Administrator\AppData\Roaming\Clackly Workflow Plugin"" --app-path=""C:\ProgramData\Blackmagic Design\DaVinci Resolve\Support\Workflow Integration Plugins\com.wutpeach.clackly\workflow-plugin"" --no-sandbox --no-zygote --video-capture-use-gpu-memory-buffer --lang=zh-CN --device-scale-factor=1 --num-raster-threads=4 --enable-main-frame-before-activation --renderer-client-id=4 --time-ticks-at-unix-epoch=-1785918640205991 --launch-time-ticks=9366284582 --field-trial-handle=2044,i,8528152345874284265,13457465882528845703,262144 --enable-features=PdfUseShowSaveFilePicker --disable-features=SpareRendererForSitePerProcess,WinDelaySpellcheckServiceInit --variations-seed-version --mojo-platform-channel-handle=3280 /prefetch:1","localhost","ea7bfcc2-2263-4c1b-91c4-7992054991fb","False","df34afb5-1e8a-4880-8a28-6e0722507204"
"2026-08-05T19:09:40.3315927+08:00","227.161","17944","13664","Resolve.exe","2026/8/5 19:06:28","44.328","2495.7","""C:\Program Files\Blackmagic Design\DaVinci Resolve\Resolve.exe"" ","localhost","ea7bfcc2-2263-4c1b-91c4-7992054991fb","False","df34afb5-1e8a-4880-8a28-6e0722507204"
"2026-08-05T19:09:40.3315927+08:00","227.161","3496","17944","electron.exe","2026/8/5 19:06:46","0.453","105.5","""C:/Program Files/Blackmagic Design/DaVinci Resolve\Electron\electron.exe"" ""C:\ProgramData\Blackmagic Design\DaVinci Resolve\Support\Workflow Integration Plugins\com.wutpeach.clackly\workflow-plugin/main.js"" --plugin-id=com.wutpeach.clackly","localhost","ea7bfcc2-2263-4c1b-91c4-7992054991fb","False","df34afb5-1e8a-4880-8a28-6e0722507204"
"2026-08-05T19:09:40.3315927+08:00","227.161","10124","3496","electron.exe","2026/8/5 19:06:46","0.766","111.4","""C:\Program Files\Blackmagic Design\DaVinci Resolve\Electron\electron.exe"" --type=gpu-process --user-data-dir=""C:\Users\Administrator\AppData\Roaming\Clackly Workflow Plugin"" --gpu-preferences=UAAAAAAAAADgAAAEAAAAAAAAAAAAAAAAAABgAAEAAAAAAAAAAAAAAAAAAAACAAAAAAAAAAAAAAAAAAAAAAAAABAAAAAAAAAAEAAAAAAAAAAIAAAAAAAAAAgAAAAAAAAA --field-trial-handle=2044,i,8528152345874284265,13457465882528845703,262144 --enable-features=PdfUseShowSaveFilePicker --disable-features=SpareRendererForSitePerProcess,WinDelaySpellcheckServiceInit --variations-seed-version --mojo-platform-channel-handle=2032 /prefetch:2","localhost","ea7bfcc2-2263-4c1b-91c4-7992054991fb","False","df34afb5-1e8a-4880-8a28-6e0722507204"
"2026-08-05T19:09:40.3315927+08:00","227.161","37640","3496","electron.exe","2026/8/5 19:06:46","0.156","51.5","""C:\Program Files\Blackmagic Design\DaVinci Resolve\Electron\electron.exe"" --type=utility --utility-sub-type=network.mojom.NetworkService --lang=zh-CN --service-sandbox-type=none --user-data-dir=""C:\Users\Administrator\AppData\Roaming\Clackly Workflow Plugin"" --field-trial-handle=2044,i,8528152345874284265,13457465882528845703,262144 --enable-features=PdfUseShowSaveFilePicker --disable-features=SpareRendererForSitePerProcess,WinDelaySpellcheckServiceInit --variations-seed-version --mojo-platform-channel-handle=2232 /prefetch:11","localhost","ea7bfcc2-2263-4c1b-91c4-7992054991fb","False","df34afb5-1e8a-4880-8a28-6e0722507204"
"2026-08-05T19:09:40.3315927+08:00","227.161","15532","3496","electron.exe","2026/8/5 19:06:46","0.141","88.7","""C:\Program Files\Blackmagic Design\DaVinci Resolve\Electron\electron.exe"" --type=renderer --user-data-dir=""C:\Users\Administrator\AppData\Roaming\Clackly Workflow Plugin"" --app-path=""C:\ProgramData\Blackmagic Design\DaVinci Resolve\Support\Workflow Integration Plugins\com.wutpeach.clackly\workflow-plugin"" --no-sandbox --no-zygote --video-capture-use-gpu-memory-buffer --lang=zh-CN --device-scale-factor=1 --num-raster-threads=4 --enable-main-frame-before-activation --renderer-client-id=4 --time-ticks-at-unix-epoch=-1785918640205991 --launch-time-ticks=9366284582 --field-trial-handle=2044,i,8528152345874284265,13457465882528845703,262144 --enable-features=PdfUseShowSaveFilePicker --disable-features=SpareRendererForSitePerProcess,WinDelaySpellcheckServiceInit --variations-seed-version --mojo-platform-channel-handle=3280 /prefetch:1","localhost","ea7bfcc2-2263-4c1b-91c4-7992054991fb","False","df34afb5-1e8a-4880-8a28-6e0722507204"
"2026-08-05T19:09:42.3405320+08:00","205.377","17944","13664","Resolve.exe","2026/8/5 19:06:28","44.359","2495.7","""C:\Program Files\Blackmagic Design\DaVinci Resolve\Resolve.exe"" ","localhost","ea7bfcc2-2263-4c1b-91c4-7992054991fb","False","df34afb5-1e8a-4880-8a28-6e0722507204"
"2026-08-05T19:09:42.3405320+08:00","206.879","3496","17944","electron.exe","2026/8/5 19:06:46","0.453","105.5","""C:/Program Files/Blackmagic Design/DaVinci Resolve\Electron\electron.exe"" ""C:\ProgramData\Blackmagic Design\DaVinci Resolve\Support\Workflow Integration Plugins\com.wutpeach.clackly\workflow-plugin/main.js"" --plugin-id=com.wutpeach.clackly","localhost","ea7bfcc2-2263-4c1b-91c4-7992054991fb","False","df34afb5-1e8a-4880-8a28-6e0722507204"
"2026-08-05T19:09:42.3405320+08:00","206.879","10124","3496","electron.exe","2026/8/5 19:06:46","0.766","111.4","""C:\Program Files\Blackmagic Design\DaVinci Resolve\Electron\electron.exe"" --type=gpu-process --user-data-dir=""C:\Users\Administrator\AppData\Roaming\Clackly Workflow Plugin"" --gpu-preferences=UAAAAAAAAADgAAAEAAAAAAAAAAAAAAAAAABgAAEAAAAAAAAAAAAAAAAAAAACAAAAAAAAAAAAAAAAAAAAAAAAABAAAAAAAAAAEAAAAAAAAAAIAAAAAAAAAAgAAAAAAAAA --field-trial-handle=2044,i,8528152345874284265,13457465882528845703,262144 --enable-features=PdfUseShowSaveFilePicker --disable-features=SpareRendererForSitePerProcess,WinDelaySpellcheckServiceInit --variations-seed-version --mojo-platform-channel-handle=2032 /prefetch:2","localhost","ea7bfcc2-2263-4c1b-91c4-7992054991fb","False","df34afb5-1e8a-4880-8a28-6e0722507204"
"2026-08-05T19:09:42.3405320+08:00","206.879","37640","3496","electron.exe","2026/8/5 19:06:46","0.156","51.5","""C:\Program Files\Blackmagic Design\DaVinci Resolve\Electron\electron.exe"" --type=utility --utility-sub-type=network.mojom.NetworkService --lang=zh-CN --service-sandbox-type=none --user-data-dir=""C:\Users\Administrator\AppData\Roaming\Clackly Workflow Plugin"" --field-trial-handle=2044,i,8528152345874284265,13457465882528845703,262144 --enable-features=PdfUseShowSaveFilePicker --disable-features=SpareRendererForSitePerProcess,WinDelaySpellcheckServiceInit --variations-seed-version --mojo-platform-channel-handle=2232 /prefetch:11","localhost","ea7bfcc2-2263-4c1b-91c4-7992054991fb","False","df34afb5-1e8a-4880-8a28-6e0722507204"
"2026-08-05T19:09:42.3405320+08:00","206.879","15532","3496","electron.exe","2026/8/5 19:06:46","0.141","88.7","""C:\Program Files\Blackmagic Design\DaVinci Resolve\Electron\electron.exe"" --type=renderer --user-data-dir=""C:\Users\Administrator\AppData\Roaming\Clackly Workflow Plugin"" --app-path=""C:\ProgramData\Blackmagic Design\DaVinci Resolve\Support\Workflow Integration Plugins\com.wutpeach.clackly\workflow-plugin"" --no-sandbox --no-zygote --video-capture-use-gpu-memory-buffer --lang=zh-CN --device-scale-factor=1 --num-raster-threads=4 --enable-main-frame-before-activation --renderer-client-id=4 --time-ticks-at-unix-epoch=-1785918640205991 --launch-time-ticks=9366284582 --field-trial-handle=2044,i,8528152345874284265,13457465882528845703,262144 --enable-features=PdfUseShowSaveFilePicker --disable-features=SpareRendererForSitePerProcess,WinDelaySpellcheckServiceInit --variations-seed-version --mojo-platform-channel-handle=3280 /prefetch:1","localhost","ea7bfcc2-2263-4c1b-91c4-7992054991fb","False","df34afb5-1e8a-4880-8a28-6e0722507204"
"2026-08-05T19:09:44.3515274+08:00","195.382","17944","13664","Resolve.exe","2026/8/5 19:06:28","44.438","2495.7","""C:\Program Files\Blackmagic Design\DaVinci Resolve\Resolve.exe"" ","localhost","ea7bfcc2-2263-4c1b-91c4-7992054991fb","False","df34afb5-1e8a-4880-8a28-6e0722507204"
"2026-08-05T19:09:44.3515274+08:00","195.382","3496","17944","electron.exe","2026/8/5 19:06:46","0.453","105.5","""C:/Program Files/Blackmagic Design/DaVinci Resolve\Electron\electron.exe"" ""C:\ProgramData\Blackmagic Design\DaVinci Resolve\Support\Workflow Integration Plugins\com.wutpeach.clackly\workflow-plugin/main.js"" --plugin-id=com.wutpeach.clackly","localhost","ea7bfcc2-2263-4c1b-91c4-7992054991fb","False","df34afb5-1e8a-4880-8a28-6e0722507204"
"2026-08-05T19:09:44.3515274+08:00","195.382","10124","3496","electron.exe","2026/8/5 19:06:46","0.766","111.4","""C:\Program Files\Blackmagic Design\DaVinci Resolve\Electron\electron.exe"" --type=gpu-process --user-data-dir=""C:\Users\Administrator\AppData\Roaming\Clackly Workflow Plugin"" --gpu-preferences=UAAAAAAAAADgAAAEAAAAAAAAAAAAAAAAAABgAAEAAAAAAAAAAAAAAAAAAAACAAAAAAAAAAAAAAAAAAAAAAAAABAAAAAAAAAAEAAAAAAAAAAIAAAAAAAAAAgAAAAAAAAA --field-trial-handle=2044,i,8528152345874284265,13457465882528845703,262144 --enable-features=PdfUseShowSaveFilePicker --disable-features=SpareRendererForSitePerProcess,WinDelaySpellcheckServiceInit --variations-seed-version --mojo-platform-channel-handle=2032 /prefetch:2","localhost","ea7bfcc2-2263-4c1b-91c4-7992054991fb","False","df34afb5-1e8a-4880-8a28-6e0722507204"
"2026-08-05T19:09:44.3515274+08:00","195.885","37640","3496","electron.exe","2026/8/5 19:06:46","0.156","51.5","""C:\Program Files\Blackmagic Design\DaVinci Resolve\Electron\electron.exe"" --type=utility --utility-sub-type=network.mojom.NetworkService --lang=zh-CN --service-sandbox-type=none --user-data-dir=""C:\Users\Administrator\AppData\Roaming\Clackly Workflow Plugin"" --field-trial-handle=2044,i,8528152345874284265,13457465882528845703,262144 --enable-features=PdfUseShowSaveFilePicker --disable-features=SpareRendererForSitePerProcess,WinDelaySpellcheckServiceInit --variations-seed-version --mojo-platform-channel-handle=2232 /prefetch:11","localhost","ea7bfcc2-2263-4c1b-91c4-7992054991fb","False","df34afb5-1e8a-4880-8a28-6e0722507204"
"2026-08-05T19:09:44.3515274+08:00","195.885","15532","3496","electron.exe","2026/8/5 19:06:46","0.141","88.7","""C:\Program Files\Blackmagic Design\DaVinci Resolve\Electron\electron.exe"" --type=renderer --user-data-dir=""C:\Users\Administrator\AppData\Roaming\Clackly Workflow Plugin"" --app-path=""C:\ProgramData\Blackmagic Design\DaVinci Resolve\Support\Workflow Integration Plugins\com.wutpeach.clackly\workflow-plugin"" --no-sandbox --no-zygote --video-capture-use-gpu-memory-buffer --lang=zh-CN --device-scale-factor=1 --num-raster-threads=4 --enable-main-frame-before-activation --renderer-client-id=4 --time-ticks-at-unix-epoch=-1785918640205991 --launch-time-ticks=9366284582 --field-trial-handle=2044,i,8528152345874284265,13457465882528845703,262144 --enable-features=PdfUseShowSaveFilePicker --disable-features=SpareRendererForSitePerProcess,WinDelaySpellcheckServiceInit --variations-seed-version --mojo-platform-channel-handle=3280 /prefetch:1","localhost","ea7bfcc2-2263-4c1b-91c4-7992054991fb","False","df34afb5-1e8a-4880-8a28-6e0722507204"
"2026-08-05T19:09:46.3631503+08:00","244.226","17944","13664","Resolve.exe","2026/8/5 19:06:28","44.578","2495.7","""C:\Program Files\Blackmagic Design\DaVinci Resolve\Resolve.exe"" ","localhost","ea7bfcc2-2263-4c1b-91c4-7992054991fb","False","df34afb5-1e8a-4880-8a28-6e0722507204"
"2026-08-05T19:09:46.3631503+08:00","244.226","3496","17944","electron.exe","2026/8/5 19:06:46","0.453","105.5","""C:/Program Files/Blackmagic Design/DaVinci Resolve\Electron\electron.exe"" ""C:\ProgramData\Blackmagic Design\DaVinci Resolve\Support\Workflow Integration Plugins\com.wutpeach.clackly\workflow-plugin/main.js"" --plugin-id=com.wutpeach.clackly","localhost","ea7bfcc2-2263-4c1b-91c4-7992054991fb","False","df34afb5-1e8a-4880-8a28-6e0722507204"
"2026-08-05T19:09:46.3631503+08:00","244.226","10124","3496","electron.exe","2026/8/5 19:06:46","0.766","111.4","""C:\Program Files\Blackmagic Design\DaVinci Resolve\Electron\electron.exe"" --type=gpu-process --user-data-dir=""C:\Users\Administrator\AppData\Roaming\Clackly Workflow Plugin"" --gpu-preferences=UAAAAAAAAADgAAAEAAAAAAAAAAAAAAAAAABgAAEAAAAAAAAAAAAAAAAAAAACAAAAAAAAAAAAAAAAAAAAAAAAABAAAAAAAAAAEAAAAAAAAAAIAAAAAAAAAAgAAAAAAAAA --field-trial-handle=2044,i,8528152345874284265,13457465882528845703,262144 --enable-features=PdfUseShowSaveFilePicker --disable-features=SpareRendererForSitePerProcess,WinDelaySpellcheckServiceInit --variations-seed-version --mojo-platform-channel-handle=2032 /prefetch:2","localhost","ea7bfcc2-2263-4c1b-91c4-7992054991fb","False","df34afb5-1e8a-4880-8a28-6e0722507204"
"2026-08-05T19:09:46.3631503+08:00","245.227","37640","3496","electron.exe","2026/8/5 19:06:46","0.156","51.5","""C:\Program Files\Blackmagic Design\DaVinci Resolve\Electron\electron.exe"" --type=utility --utility-sub-type=network.mojom.NetworkService --lang=zh-CN --service-sandbox-type=none --user-data-dir=""C:\Users\Administrator\AppData\Roaming\Clackly Workflow Plugin"" --field-trial-handle=2044,i,8528152345874284265,13457465882528845703,262144 --enable-features=PdfUseShowSaveFilePicker --disable-features=SpareRendererForSitePerProcess,WinDelaySpellcheckServiceInit --variations-seed-version --mojo-platform-channel-handle=2232 /prefetch:11","localhost","ea7bfcc2-2263-4c1b-91c4-7992054991fb","False","df34afb5-1e8a-4880-8a28-6e0722507204"
"2026-08-05T19:09:46.3631503+08:00","245.227","15532","3496","electron.exe","2026/8/5 19:06:46","0.141","88.7","""C:\Program Files\Blackmagic Design\DaVinci Resolve\Electron\electron.exe"" --type=renderer --user-data-dir=""C:\Users\Administrator\AppData\Roaming\Clackly Workflow Plugin"" --app-path=""C:\ProgramData\Blackmagic Design\DaVinci Resolve\Support\Workflow Integration Plugins\com.wutpeach.clackly\workflow-plugin"" --no-sandbox --no-zygote --video-capture-use-gpu-memory-buffer --lang=zh-CN --device-scale-factor=1 --num-raster-threads=4 --enable-main-frame-before-activation --renderer-client-id=4 --time-ticks-at-unix-epoch=-1785918640205991 --launch-time-ticks=9366284582 --field-trial-handle=2044,i,8528152345874284265,13457465882528845703,262144 --enable-features=PdfUseShowSaveFilePicker --disable-features=SpareRendererForSitePerProcess,WinDelaySpellcheckServiceInit --variations-seed-version --mojo-platform-channel-handle=3280 /prefetch:1","localhost","ea7bfcc2-2263-4c1b-91c4-7992054991fb","False","df34afb5-1e8a-4880-8a28-6e0722507204"
"2026-08-05T19:09:48.3684364+08:00","239.849","17944","13664","Resolve.exe","2026/8/5 19:06:28","44.594","2495.7","""C:\Program Files\Blackmagic Design\DaVinci Resolve\Resolve.exe"" ","localhost","ea7bfcc2-2263-4c1b-91c4-7992054991fb","False","df34afb5-1e8a-4880-8a28-6e0722507204"
"2026-08-05T19:09:48.3684364+08:00","239.849","3496","17944","electron.exe","2026/8/5 19:06:46","0.453","105.5","""C:/Program Files/Blackmagic Design/DaVinci Resolve\Electron\electron.exe"" ""C:\ProgramData\Blackmagic Design\DaVinci Resolve\Support\Workflow Integration Plugins\com.wutpeach.clackly\workflow-plugin/main.js"" --plugin-id=com.wutpeach.clackly","localhost","ea7bfcc2-2263-4c1b-91c4-7992054991fb","False","df34afb5-1e8a-4880-8a28-6e0722507204"
"2026-08-05T19:09:48.3684364+08:00","239.849","10124","3496","electron.exe","2026/8/5 19:06:46","0.766","111.4","""C:\Program Files\Blackmagic Design\DaVinci Resolve\Electron\electron.exe"" --type=gpu-process --user-data-dir=""C:\Users\Administrator\AppData\Roaming\Clackly Workflow Plugin"" --gpu-preferences=UAAAAAAAAADgAAAEAAAAAAAAAAAAAAAAAABgAAEAAAAAAAAAAAAAAAAAAAACAAAAAAAAAAAAAAAAAAAAAAAAABAAAAAAAAAAEAAAAAAAAAAIAAAAAAAAAAgAAAAAAAAA --field-trial-handle=2044,i,8528152345874284265,13457465882528845703,262144 --enable-features=PdfUseShowSaveFilePicker --disable-features=SpareRendererForSitePerProcess,WinDelaySpellcheckServiceInit --variations-seed-version --mojo-platform-channel-handle=2032 /prefetch:2","localhost","ea7bfcc2-2263-4c1b-91c4-7992054991fb","False","df34afb5-1e8a-4880-8a28-6e0722507204"
"2026-08-05T19:09:48.3684364+08:00","240.849","37640","3496","electron.exe","2026/8/5 19:06:46","0.156","51.5","""C:\Program Files\Blackmagic Design\DaVinci Resolve\Electron\electron.exe"" --type=utility --utility-sub-type=network.mojom.NetworkService --lang=zh-CN --service-sandbox-type=none --user-data-dir=""C:\Users\Administrator\AppData\Roaming\Clackly Workflow Plugin"" --field-trial-handle=2044,i,8528152345874284265,13457465882528845703,262144 --enable-features=PdfUseShowSaveFilePicker --disable-features=SpareRendererForSitePerProcess,WinDelaySpellcheckServiceInit --variations-seed-version --mojo-platform-channel-handle=2232 /prefetch:11","localhost","ea7bfcc2-2263-4c1b-91c4-7992054991fb","False","df34afb5-1e8a-4880-8a28-6e0722507204"
"2026-08-05T19:09:48.3684364+08:00","240.849","15532","3496","electron.exe","2026/8/5 19:06:46","0.141","88.7","""C:\Program Files\Blackmagic Design\DaVinci Resolve\Electron\electron.exe"" --type=renderer --user-data-dir=""C:\Users\Administrator\AppData\Roaming\Clackly Workflow Plugin"" --app-path=""C:\ProgramData\Blackmagic Design\DaVinci Resolve\Support\Workflow Integration Plugins\com.wutpeach.clackly\workflow-plugin"" --no-sandbox --no-zygote --video-capture-use-gpu-memory-buffer --lang=zh-CN --device-scale-factor=1 --num-raster-threads=4 --enable-main-frame-before-activation --renderer-client-id=4 --time-ticks-at-unix-epoch=-1785918640205991 --launch-time-ticks=9366284582 --field-trial-handle=2044,i,8528152345874284265,13457465882528845703,262144 --enable-features=PdfUseShowSaveFilePicker --disable-features=SpareRendererForSitePerProcess,WinDelaySpellcheckServiceInit --variations-seed-version --mojo-platform-channel-handle=3280 /prefetch:1","localhost","ea7bfcc2-2263-4c1b-91c4-7992054991fb","False","df34afb5-1e8a-4880-8a28-6e0722507204"
"2026-08-05T19:09:50.3772612+08:00","208.519","17944","13664","Resolve.exe","2026/8/5 19:06:28","44.688","2495.7","""C:\Program Files\Blackmagic Design\DaVinci Resolve\Resolve.exe"" ","localhost","ea7bfcc2-2263-4c1b-91c4-7992054991fb","False","df34afb5-1e8a-4880-8a28-6e0722507204"
"2026-08-05T19:09:50.3772612+08:00","209.519","3496","17944","electron.exe","2026/8/5 19:06:46","0.453","105.5","""C:/Program Files/Blackmagic Design/DaVinci Resolve\Electron\electron.exe"" ""C:\ProgramData\Blackmagic Design\DaVinci Resolve\Support\Workflow Integration Plugins\com.wutpeach.clackly\workflow-plugin/main.js"" --plugin-id=com.wutpeach.clackly","localhost","ea7bfcc2-2263-4c1b-91c4-7992054991fb","False","df34afb5-1e8a-4880-8a28-6e0722507204"
"2026-08-05T19:09:50.3772612+08:00","209.519","10124","3496","electron.exe","2026/8/5 19:06:46","0.766","111.4","""C:\Program Files\Blackmagic Design\DaVinci Resolve\Electron\electron.exe"" --type=gpu-process --user-data-dir=""C:\Users\Administrator\AppData\Roaming\Clackly Workflow Plugin"" --gpu-preferences=UAAAAAAAAADgAAAEAAAAAAAAAAAAAAAAAABgAAEAAAAAAAAAAAAAAAAAAAACAAAAAAAAAAAAAAAAAAAAAAAAABAAAAAAAAAAEAAAAAAAAAAIAAAAAAAAAAgAAAAAAAAA --field-trial-handle=2044,i,8528152345874284265,13457465882528845703,262144 --enable-features=PdfUseShowSaveFilePicker --disable-features=SpareRendererForSitePerProcess,WinDelaySpellcheckServiceInit --variations-seed-version --mojo-platform-channel-handle=2032 /prefetch:2","localhost","ea7bfcc2-2263-4c1b-91c4-7992054991fb","False","df34afb5-1e8a-4880-8a28-6e0722507204"
"2026-08-05T19:09:50.3772612+08:00","209.519","37640","3496","electron.exe","2026/8/5 19:06:46","0.156","51.5","""C:\Program Files\Blackmagic Design\DaVinci Resolve\Electron\electron.exe"" --type=utility --utility-sub-type=network.mojom.NetworkService --lang=zh-CN --service-sandbox-type=none --user-data-dir=""C:\Users\Administrator\AppData\Roaming\Clackly Workflow Plugin"" --field-trial-handle=2044,i,8528152345874284265,13457465882528845703,262144 --enable-features=PdfUseShowSaveFilePicker --disable-features=SpareRendererForSitePerProcess,WinDelaySpellcheckServiceInit --variations-seed-version --mojo-platform-channel-handle=2232 /prefetch:11","localhost","ea7bfcc2-2263-4c1b-91c4-7992054991fb","False","df34afb5-1e8a-4880-8a28-6e0722507204"
"2026-08-05T19:09:50.3772612+08:00","209.519","15532","3496","electron.exe","2026/8/5 19:06:46","0.141","88.7","""C:\Program Files\Blackmagic Design\DaVinci Resolve\Electron\electron.exe"" --type=renderer --user-data-dir=""C:\Users\Administrator\AppData\Roaming\Clackly Workflow Plugin"" --app-path=""C:\ProgramData\Blackmagic Design\DaVinci Resolve\Support\Workflow Integration Plugins\com.wutpeach.clackly\workflow-plugin"" --no-sandbox --no-zygote --video-capture-use-gpu-memory-buffer --lang=zh-CN --device-scale-factor=1 --num-raster-threads=4 --enable-main-frame-before-activation --renderer-client-id=4 --time-ticks-at-unix-epoch=-1785918640205991 --launch-time-ticks=9366284582 --field-trial-handle=2044,i,8528152345874284265,13457465882528845703,262144 --enable-features=PdfUseShowSaveFilePicker --disable-features=SpareRendererForSitePerProcess,WinDelaySpellcheckServiceInit --variations-seed-version --mojo-platform-channel-handle=3280 /prefetch:1","localhost","ea7bfcc2-2263-4c1b-91c4-7992054991fb","False","df34afb5-1e8a-4880-8a28-6e0722507204"
"2026-08-05T19:09:52.3789074+08:00","195.661","17944","13664","Resolve.exe","2026/8/5 19:06:28","44.891","2495.7","""C:\Program Files\Blackmagic Design\DaVinci Resolve\Resolve.exe"" ","localhost","ea7bfcc2-2263-4c1b-91c4-7992054991fb","False","df34afb5-1e8a-4880-8a28-6e0722507204"
"2026-08-05T19:09:52.3789074+08:00","195.661","3496","17944","electron.exe","2026/8/5 19:06:46","0.453","105.5","""C:/Program Files/Blackmagic Design/DaVinci Resolve\Electron\electron.exe"" ""C:\ProgramData\Blackmagic Design\DaVinci Resolve\Support\Workflow Integration Plugins\com.wutpeach.clackly\workflow-plugin/main.js"" --plugin-id=com.wutpeach.clackly","localhost","ea7bfcc2-2263-4c1b-91c4-7992054991fb","False","df34afb5-1e8a-4880-8a28-6e0722507204"
"2026-08-05T19:09:52.3789074+08:00","195.661","10124","3496","electron.exe","2026/8/5 19:06:46","0.797","111.4","""C:\Program Files\Blackmagic Design\DaVinci Resolve\Electron\electron.exe"" --type=gpu-process --user-data-dir=""C:\Users\Administrator\AppData\Roaming\Clackly Workflow Plugin"" --gpu-preferences=UAAAAAAAAADgAAAEAAAAAAAAAAAAAAAAAABgAAEAAAAAAAAAAAAAAAAAAAACAAAAAAAAAAAAAAAAAAAAAAAAABAAAAAAAAAAEAAAAAAAAAAIAAAAAAAAAAgAAAAAAAAA --field-trial-handle=2044,i,8528152345874284265,13457465882528845703,262144 --enable-features=PdfUseShowSaveFilePicker --disable-features=SpareRendererForSitePerProcess,WinDelaySpellcheckServiceInit --variations-seed-version --mojo-platform-channel-handle=2032 /prefetch:2","localhost","ea7bfcc2-2263-4c1b-91c4-7992054991fb","False","df34afb5-1e8a-4880-8a28-6e0722507204"
"2026-08-05T19:09:52.3789074+08:00","196.661","37640","3496","electron.exe","2026/8/5 19:06:46","0.156","51.5","""C:\Program Files\Blackmagic Design\DaVinci Resolve\Electron\electron.exe"" --type=utility --utility-sub-type=network.mojom.NetworkService --lang=zh-CN --service-sandbox-type=none --user-data-dir=""C:\Users\Administrator\AppData\Roaming\Clackly Workflow Plugin"" --field-trial-handle=2044,i,8528152345874284265,13457465882528845703,262144 --enable-features=PdfUseShowSaveFilePicker --disable-features=SpareRendererForSitePerProcess,WinDelaySpellcheckServiceInit --variations-seed-version --mojo-platform-channel-handle=2232 /prefetch:11","localhost","ea7bfcc2-2263-4c1b-91c4-7992054991fb","False","df34afb5-1e8a-4880-8a28-6e0722507204"
"2026-08-05T19:09:52.3789074+08:00","196.661","15532","3496","electron.exe","2026/8/5 19:06:46","0.141","88.7","""C:\Program Files\Blackmagic Design\DaVinci Resolve\Electron\electron.exe"" --type=renderer --user-data-dir=""C:\Users\Administrator\AppData\Roaming\Clackly Workflow Plugin"" --app-path=""C:\ProgramData\Blackmagic Design\DaVinci Resolve\Support\Workflow Integration Plugins\com.wutpeach.clackly\workflow-plugin"" --no-sandbox --no-zygote --video-capture-use-gpu-memory-buffer --lang=zh-CN --device-scale-factor=1 --num-raster-threads=4 --enable-main-frame-before-activation --renderer-client-id=4 --time-ticks-at-unix-epoch=-1785918640205991 --launch-time-ticks=9366284582 --field-trial-handle=2044,i,8528152345874284265,13457465882528845703,262144 --enable-features=PdfUseShowSaveFilePicker --disable-features=SpareRendererForSitePerProcess,WinDelaySpellcheckServiceInit --variations-seed-version --mojo-platform-channel-handle=3280 /prefetch:1","localhost","ea7bfcc2-2263-4c1b-91c4-7992054991fb","False","df34afb5-1e8a-4880-8a28-6e0722507204"
"2026-08-05T19:09:54.3898707+08:00","204.576","17944","13664","Resolve.exe","2026/8/5 19:06:28","45.078","2495.7","""C:\Program Files\Blackmagic Design\DaVinci Resolve\Resolve.exe"" ","localhost","ea7bfcc2-2263-4c1b-91c4-7992054991fb","False","df34afb5-1e8a-4880-8a28-6e0722507204"
"2026-08-05T19:09:54.3898707+08:00","204.576","3496","17944","electron.exe","2026/8/5 19:06:46","0.484","105.5","""C:/Program Files/Blackmagic Design/DaVinci Resolve\Electron\electron.exe"" ""C:\ProgramData\Blackmagic Design\DaVinci Resolve\Support\Workflow Integration Plugins\com.wutpeach.clackly\workflow-plugin/main.js"" --plugin-id=com.wutpeach.clackly","localhost","ea7bfcc2-2263-4c1b-91c4-7992054991fb","False","df34afb5-1e8a-4880-8a28-6e0722507204"
"2026-08-05T19:09:54.3898707+08:00","204.576","10124","3496","electron.exe","2026/8/5 19:06:46","0.797","111.4","""C:\Program Files\Blackmagic Design\DaVinci Resolve\Electron\electron.exe"" --type=gpu-process --user-data-dir=""C:\Users\Administrator\AppData\Roaming\Clackly Workflow Plugin"" --gpu-preferences=UAAAAAAAAADgAAAEAAAAAAAAAAAAAAAAAABgAAEAAAAAAAAAAAAAAAAAAAACAAAAAAAAAAAAAAAAAAAAAAAAABAAAAAAAAAAEAAAAAAAAAAIAAAAAAAAAAgAAAAAAAAA --field-trial-handle=2044,i,8528152345874284265,13457465882528845703,262144 --enable-features=PdfUseShowSaveFilePicker --disable-features=SpareRendererForSitePerProcess,WinDelaySpellcheckServiceInit --variations-seed-version --mojo-platform-channel-handle=2032 /prefetch:2","localhost","ea7bfcc2-2263-4c1b-91c4-7992054991fb","False","df34afb5-1e8a-4880-8a28-6e0722507204"
"2026-08-05T19:09:54.3898707+08:00","204.576","37640","3496","electron.exe","2026/8/5 19:06:46","0.156","51.5","""C:\Program Files\Blackmagic Design\DaVinci Resolve\Electron\electron.exe"" --type=utility --utility-sub-type=network.mojom.NetworkService --lang=zh-CN --service-sandbox-type=none --user-data-dir=""C:\Users\Administrator\AppData\Roaming\Clackly Workflow Plugin"" --field-trial-handle=2044,i,8528152345874284265,13457465882528845703,262144 --enable-features=PdfUseShowSaveFilePicker --disable-features=SpareRendererForSitePerProcess,WinDelaySpellcheckServiceInit --variations-seed-version --mojo-platform-channel-handle=2232 /prefetch:11","localhost","ea7bfcc2-2263-4c1b-91c4-7992054991fb","False","df34afb5-1e8a-4880-8a28-6e0722507204"
"2026-08-05T19:09:54.3898707+08:00","204.576","15532","3496","electron.exe","2026/8/5 19:06:46","0.141","88.7","""C:\Program Files\Blackmagic Design\DaVinci Resolve\Electron\electron.exe"" --type=renderer --user-data-dir=""C:\Users\Administrator\AppData\Roaming\Clackly Workflow Plugin"" --app-path=""C:\ProgramData\Blackmagic Design\DaVinci Resolve\Support\Workflow Integration Plugins\com.wutpeach.clackly\workflow-plugin"" --no-sandbox --no-zygote --video-capture-use-gpu-memory-buffer --lang=zh-CN --device-scale-factor=1 --num-raster-threads=4 --enable-main-frame-before-activation --renderer-client-id=4 --time-ticks-at-unix-epoch=-1785918640205991 --launch-time-ticks=9366284582 --field-trial-handle=2044,i,8528152345874284265,13457465882528845703,262144 --enable-features=PdfUseShowSaveFilePicker --disable-features=SpareRendererForSitePerProcess,WinDelaySpellcheckServiceInit --variations-seed-version --mojo-platform-channel-handle=3280 /prefetch:1","localhost","ea7bfcc2-2263-4c1b-91c4-7992054991fb","False","df34afb5-1e8a-4880-8a28-6e0722507204"
"2026-08-05T19:09:56.4043204+08:00","176.581","17944","13664","Resolve.exe","2026/8/5 19:06:28","45.281","2495.7","""C:\Program Files\Blackmagic Design\DaVinci Resolve\Resolve.exe"" ","localhost","ea7bfcc2-2263-4c1b-91c4-7992054991fb","False","df34afb5-1e8a-4880-8a28-6e0722507204"
"2026-08-05T19:09:56.4043204+08:00","177.581","3496","17944","electron.exe","2026/8/5 19:06:46","0.484","105.5","""C:/Program Files/Blackmagic Design/DaVinci Resolve\Electron\electron.exe"" ""C:\ProgramData\Blackmagic Design\DaVinci Resolve\Support\Workflow Integration Plugins\com.wutpeach.clackly\workflow-plugin/main.js"" --plugin-id=com.wutpeach.clackly","localhost","ea7bfcc2-2263-4c1b-91c4-7992054991fb","False","df34afb5-1e8a-4880-8a28-6e0722507204"
"2026-08-05T19:09:56.4043204+08:00","177.581","10124","3496","electron.exe","2026/8/5 19:06:46","0.797","111.4","""C:\Program Files\Blackmagic Design\DaVinci Resolve\Electron\electron.exe"" --type=gpu-process --user-data-dir=""C:\Users\Administrator\AppData\Roaming\Clackly Workflow Plugin"" --gpu-preferences=UAAAAAAAAADgAAAEAAAAAAAAAAAAAAAAAABgAAEAAAAAAAAAAAAAAAAAAAACAAAAAAAAAAAAAAAAAAAAAAAAABAAAAAAAAAAEAAAAAAAAAAIAAAAAAAAAAgAAAAAAAAA --field-trial-handle=2044,i,8528152345874284265,13457465882528845703,262144 --enable-features=PdfUseShowSaveFilePicker --disable-features=SpareRendererForSitePerProcess,WinDelaySpellcheckServiceInit --variations-seed-version --mojo-platform-channel-handle=2032 /prefetch:2","localhost","ea7bfcc2-2263-4c1b-91c4-7992054991fb","False","df34afb5-1e8a-4880-8a28-6e0722507204"
"2026-08-05T19:09:56.4043204+08:00","177.581","37640","3496","electron.exe","2026/8/5 19:06:46","0.156","51.5","""C:\Program Files\Blackmagic Design\DaVinci Resolve\Electron\electron.exe"" --type=utility --utility-sub-type=network.mojom.NetworkService --lang=zh-CN --service-sandbox-type=none --user-data-dir=""C:\Users\Administrator\AppData\Roaming\Clackly Workflow Plugin"" --field-trial-handle=2044,i,8528152345874284265,13457465882528845703,262144 --enable-features=PdfUseShowSaveFilePicker --disable-features=SpareRendererForSitePerProcess,WinDelaySpellcheckServiceInit --variations-seed-version --mojo-platform-channel-handle=2232 /prefetch:11","localhost","ea7bfcc2-2263-4c1b-91c4-7992054991fb","False","df34afb5-1e8a-4880-8a28-6e0722507204"
"2026-08-05T19:09:56.4043204+08:00","177.581","15532","3496","electron.exe","2026/8/5 19:06:46","0.141","88.7","""C:\Program Files\Blackmagic Design\DaVinci Resolve\Electron\electron.exe"" --type=renderer --user-data-dir=""C:\Users\Administrator\AppData\Roaming\Clackly Workflow Plugin"" --app-path=""C:\ProgramData\Blackmagic Design\DaVinci Resolve\Support\Workflow Integration Plugins\com.wutpeach.clackly\workflow-plugin"" --no-sandbox --no-zygote --video-capture-use-gpu-memory-buffer --lang=zh-CN --device-scale-factor=1 --num-raster-threads=4 --enable-main-frame-before-activation --renderer-client-id=4 --time-ticks-at-unix-epoch=-1785918640205991 --launch-time-ticks=9366284582 --field-trial-handle=2044,i,8528152345874284265,13457465882528845703,262144 --enable-features=PdfUseShowSaveFilePicker --disable-features=SpareRendererForSitePerProcess,WinDelaySpellcheckServiceInit --variations-seed-version --mojo-platform-channel-handle=3280 /prefetch:1","localhost","ea7bfcc2-2263-4c1b-91c4-7992054991fb","False","df34afb5-1e8a-4880-8a28-6e0722507204"
"2026-08-05T19:09:58.4131610+08:00","181.606","17944","13664","Resolve.exe","2026/8/5 19:06:28","45.5","2495.7","""C:\Program Files\Blackmagic Design\DaVinci Resolve\Resolve.exe"" ","localhost","ea7bfcc2-2263-4c1b-91c4-7992054991fb","False","df34afb5-1e8a-4880-8a28-6e0722507204"
"2026-08-05T19:09:58.4131610+08:00","181.606","3496","17944","electron.exe","2026/8/5 19:06:46","0.484","105.5","""C:/Program Files/Blackmagic Design/DaVinci Resolve\Electron\electron.exe"" ""C:\ProgramData\Blackmagic Design\DaVinci Resolve\Support\Workflow Integration Plugins\com.wutpeach.clackly\workflow-plugin/main.js"" --plugin-id=com.wutpeach.clackly","localhost","ea7bfcc2-2263-4c1b-91c4-7992054991fb","False","df34afb5-1e8a-4880-8a28-6e0722507204"
"2026-08-05T19:09:58.4131610+08:00","182.606","10124","3496","electron.exe","2026/8/5 19:06:46","0.797","111.4","""C:\Program Files\Blackmagic Design\DaVinci Resolve\Electron\electron.exe"" --type=gpu-process --user-data-dir=""C:\Users\Administrator\AppData\Roaming\Clackly Workflow Plugin"" --gpu-preferences=UAAAAAAAAADgAAAEAAAAAAAAAAAAAAAAAABgAAEAAAAAAAAAAAAAAAAAAAACAAAAAAAAAAAAAAAAAAAAAAAAABAAAAAAAAAAEAAAAAAAAAAIAAAAAAAAAAgAAAAAAAAA --field-trial-handle=2044,i,8528152345874284265,13457465882528845703,262144 --enable-features=PdfUseShowSaveFilePicker --disable-features=SpareRendererForSitePerProcess,WinDelaySpellcheckServiceInit --variations-seed-version --mojo-platform-channel-handle=2032 /prefetch:2","localhost","ea7bfcc2-2263-4c1b-91c4-7992054991fb","False","df34afb5-1e8a-4880-8a28-6e0722507204"
"2026-08-05T19:09:58.4131610+08:00","182.606","37640","3496","electron.exe","2026/8/5 19:06:46","0.156","51.5","""C:\Program Files\Blackmagic Design\DaVinci Resolve\Electron\electron.exe"" --type=utility --utility-sub-type=network.mojom.NetworkService --lang=zh-CN --service-sandbox-type=none --user-data-dir=""C:\Users\Administrator\AppData\Roaming\Clackly Workflow Plugin"" --field-trial-handle=2044,i,8528152345874284265,13457465882528845703,262144 --enable-features=PdfUseShowSaveFilePicker --disable-features=SpareRendererForSitePerProcess,WinDelaySpellcheckServiceInit --variations-seed-version --mojo-platform-channel-handle=2232 /prefetch:11","localhost","ea7bfcc2-2263-4c1b-91c4-7992054991fb","False","df34afb5-1e8a-4880-8a28-6e0722507204"
"2026-08-05T19:09:58.4131610+08:00","182.606","15532","3496","electron.exe","2026/8/5 19:06:46","0.141","88.7","""C:\Program Files\Blackmagic Design\DaVinci Resolve\Electron\electron.exe"" --type=renderer --user-data-dir=""C:\Users\Administrator\AppData\Roaming\Clackly Workflow Plugin"" --app-path=""C:\ProgramData\Blackmagic Design\DaVinci Resolve\Support\Workflow Integration Plugins\com.wutpeach.clackly\workflow-plugin"" --no-sandbox --no-zygote --video-capture-use-gpu-memory-buffer --lang=zh-CN --device-scale-factor=1 --num-raster-threads=4 --enable-main-frame-before-activation --renderer-client-id=4 --time-ticks-at-unix-epoch=-1785918640205991 --launch-time-ticks=9366284582 --field-trial-handle=2044,i,8528152345874284265,13457465882528845703,262144 --enable-features=PdfUseShowSaveFilePicker --disable-features=SpareRendererForSitePerProcess,WinDelaySpellcheckServiceInit --variations-seed-version --mojo-platform-channel-handle=3280 /prefetch:1","localhost","ea7bfcc2-2263-4c1b-91c4-7992054991fb","False","df34afb5-1e8a-4880-8a28-6e0722507204"
"2026-08-05T19:10:00.4270248+08:00","263.715","17944","13664","Resolve.exe","2026/8/5 19:06:28","45.609","2495.7","""C:\Program Files\Blackmagic Design\DaVinci Resolve\Resolve.exe"" ","localhost","ea7bfcc2-2263-4c1b-91c4-7992054991fb","False","df34afb5-1e8a-4880-8a28-6e0722507204"
"2026-08-05T19:10:00.4270248+08:00","263.715","3496","17944","electron.exe","2026/8/5 19:06:46","0.484","105.5","""C:/Program Files/Blackmagic Design/DaVinci Resolve\Electron\electron.exe"" ""C:\ProgramData\Blackmagic Design\DaVinci Resolve\Support\Workflow Integration Plugins\com.wutpeach.clackly\workflow-plugin/main.js"" --plugin-id=com.wutpeach.clackly","localhost","ea7bfcc2-2263-4c1b-91c4-7992054991fb","False","df34afb5-1e8a-4880-8a28-6e0722507204"
"2026-08-05T19:10:00.4270248+08:00","263.715","10124","3496","electron.exe","2026/8/5 19:06:46","0.797","111.4","""C:\Program Files\Blackmagic Design\DaVinci Resolve\Electron\electron.exe"" --type=gpu-process --user-data-dir=""C:\Users\Administrator\AppData\Roaming\Clackly Workflow Plugin"" --gpu-preferences=UAAAAAAAAADgAAAEAAAAAAAAAAAAAAAAAABgAAEAAAAAAAAAAAAAAAAAAAACAAAAAAAAAAAAAAAAAAAAAAAAABAAAAAAAAAAEAAAAAAAAAAIAAAAAAAAAAgAAAAAAAAA --field-trial-handle=2044,i,8528152345874284265,13457465882528845703,262144 --enable-features=PdfUseShowSaveFilePicker --disable-features=SpareRendererForSitePerProcess,WinDelaySpellcheckServiceInit --variations-seed-version --mojo-platform-channel-handle=2032 /prefetch:2","localhost","ea7bfcc2-2263-4c1b-91c4-7992054991fb","False","df34afb5-1e8a-4880-8a28-6e0722507204"
"2026-08-05T19:10:00.4270248+08:00","263.715","37640","3496","electron.exe","2026/8/5 19:06:46","0.156","51.5","""C:\Program Files\Blackmagic Design\DaVinci Resolve\Electron\electron.exe"" --type=utility --utility-sub-type=network.mojom.NetworkService --lang=zh-CN --service-sandbox-type=none --user-data-dir=""C:\Users\Administrator\AppData\Roaming\Clackly Workflow Plugin"" --field-trial-handle=2044,i,8528152345874284265,13457465882528845703,262144 --enable-features=PdfUseShowSaveFilePicker --disable-features=SpareRendererForSitePerProcess,WinDelaySpellcheckServiceInit --variations-seed-version --mojo-platform-channel-handle=2232 /prefetch:11","localhost","ea7bfcc2-2263-4c1b-91c4-7992054991fb","False","df34afb5-1e8a-4880-8a28-6e0722507204"
"2026-08-05T19:10:00.4270248+08:00","263.715","15532","3496","electron.exe","2026/8/5 19:06:46","0.141","88.7","""C:\Program Files\Blackmagic Design\DaVinci Resolve\Electron\electron.exe"" --type=renderer --user-data-dir=""C:\Users\Administrator\AppData\Roaming\Clackly Workflow Plugin"" --app-path=""C:\ProgramData\Blackmagic Design\DaVinci Resolve\Support\Workflow Integration Plugins\com.wutpeach.clackly\workflow-plugin"" --no-sandbox --no-zygote --video-capture-use-gpu-memory-buffer --lang=zh-CN --device-scale-factor=1 --num-raster-threads=4 --enable-main-frame-before-activation --renderer-client-id=4 --time-ticks-at-unix-epoch=-1785918640205991 --launch-time-ticks=9366284582 --field-trial-handle=2044,i,8528152345874284265,13457465882528845703,262144 --enable-features=PdfUseShowSaveFilePicker --disable-features=SpareRendererForSitePerProcess,WinDelaySpellcheckServiceInit --variations-seed-version --mojo-platform-channel-handle=3280 /prefetch:1","localhost","ea7bfcc2-2263-4c1b-91c4-7992054991fb","False","df34afb5-1e8a-4880-8a28-6e0722507204"
"2026-08-05T19:10:02.4291173+08:00","247.332","17944","13664","Resolve.exe","2026/8/5 19:06:28","45.969","2495.7","""C:\Program Files\Blackmagic Design\DaVinci Resolve\Resolve.exe"" ","localhost","ea7bfcc2-2263-4c1b-91c4-7992054991fb","False","df34afb5-1e8a-4880-8a28-6e0722507204"
"2026-08-05T19:10:02.4291173+08:00","248.334","3496","17944","electron.exe","2026/8/5 19:06:46","0.484","105.5","""C:/Program Files/Blackmagic Design/DaVinci Resolve\Electron\electron.exe"" ""C:\ProgramData\Blackmagic Design\DaVinci Resolve\Support\Workflow Integration Plugins\com.wutpeach.clackly\workflow-plugin/main.js"" --plugin-id=com.wutpeach.clackly","localhost","ea7bfcc2-2263-4c1b-91c4-7992054991fb","False","df34afb5-1e8a-4880-8a28-6e0722507204"
"2026-08-05T19:10:02.4291173+08:00","248.334","10124","3496","electron.exe","2026/8/5 19:06:46","0.797","111.4","""C:\Program Files\Blackmagic Design\DaVinci Resolve\Electron\electron.exe"" --type=gpu-process --user-data-dir=""C:\Users\Administrator\AppData\Roaming\Clackly Workflow Plugin"" --gpu-preferences=UAAAAAAAAADgAAAEAAAAAAAAAAAAAAAAAABgAAEAAAAAAAAAAAAAAAAAAAACAAAAAAAAAAAAAAAAAAAAAAAAABAAAAAAAAAAEAAAAAAAAAAIAAAAAAAAAAgAAAAAAAAA --field-trial-handle=2044,i,8528152345874284265,13457465882528845703,262144 --enable-features=PdfUseShowSaveFilePicker --disable-features=SpareRendererForSitePerProcess,WinDelaySpellcheckServiceInit --variations-seed-version --mojo-platform-channel-handle=2032 /prefetch:2","localhost","ea7bfcc2-2263-4c1b-91c4-7992054991fb","False","df34afb5-1e8a-4880-8a28-6e0722507204"
"2026-08-05T19:10:02.4291173+08:00","248.334","37640","3496","electron.exe","2026/8/5 19:06:46","0.156","51.5","""C:\Program Files\Blackmagic Design\DaVinci Resolve\Electron\electron.exe"" --type=utility --utility-sub-type=network.mojom.NetworkService --lang=zh-CN --service-sandbox-type=none --user-data-dir=""C:\Users\Administrator\AppData\Roaming\Clackly Workflow Plugin"" --field-trial-handle=2044,i,8528152345874284265,13457465882528845703,262144 --enable-features=PdfUseShowSaveFilePicker --disable-features=SpareRendererForSitePerProcess,WinDelaySpellcheckServiceInit --variations-seed-version --mojo-platform-channel-handle=2232 /prefetch:11","localhost","ea7bfcc2-2263-4c1b-91c4-7992054991fb","False","df34afb5-1e8a-4880-8a28-6e0722507204"
"2026-08-05T19:10:02.4291173+08:00","248.334","15532","3496","electron.exe","2026/8/5 19:06:46","0.141","88.7","""C:\Program Files\Blackmagic Design\DaVinci Resolve\Electron\electron.exe"" --type=renderer --user-data-dir=""C:\Users\Administrator\AppData\Roaming\Clackly Workflow Plugin"" --app-path=""C:\ProgramData\Blackmagic Design\DaVinci Resolve\Support\Workflow Integration Plugins\com.wutpeach.clackly\workflow-plugin"" --no-sandbox --no-zygote --video-capture-use-gpu-memory-buffer --lang=zh-CN --device-scale-factor=1 --num-raster-threads=4 --enable-main-frame-before-activation --renderer-client-id=4 --time-ticks-at-unix-epoch=-1785918640205991 --launch-time-ticks=9366284582 --field-trial-handle=2044,i,8528152345874284265,13457465882528845703,262144 --enable-features=PdfUseShowSaveFilePicker --disable-features=SpareRendererForSitePerProcess,WinDelaySpellcheckServiceInit --variations-seed-version --mojo-platform-channel-handle=3280 /prefetch:1","localhost","ea7bfcc2-2263-4c1b-91c4-7992054991fb","False","df34afb5-1e8a-4880-8a28-6e0722507204"
"2026-08-05T19:10:04.4384712+08:00","225.414","17944","13664","Resolve.exe","2026/8/5 19:06:28","46.031","2495.7","""C:\Program Files\Blackmagic Design\DaVinci Resolve\Resolve.exe"" ","localhost","ea7bfcc2-2263-4c1b-91c4-7992054991fb","False","df34afb5-1e8a-4880-8a28-6e0722507204"
"2026-08-05T19:10:04.4384712+08:00","225.414","3496","17944","electron.exe","2026/8/5 19:06:46","0.5","105.5","""C:/Program Files/Blackmagic Design/DaVinci Resolve\Electron\electron.exe"" ""C:\ProgramData\Blackmagic Design\DaVinci Resolve\Support\Workflow Integration Plugins\com.wutpeach.clackly\workflow-plugin/main.js"" --plugin-id=com.wutpeach.clackly","localhost","ea7bfcc2-2263-4c1b-91c4-7992054991fb","False","df34afb5-1e8a-4880-8a28-6e0722507204"
"2026-08-05T19:10:04.4384712+08:00","225.414","10124","3496","electron.exe","2026/8/5 19:06:46","0.797","111.4","""C:\Program Files\Blackmagic Design\DaVinci Resolve\Electron\electron.exe"" --type=gpu-process --user-data-dir=""C:\Users\Administrator\AppData\Roaming\Clackly Workflow Plugin"" --gpu-preferences=UAAAAAAAAADgAAAEAAAAAAAAAAAAAAAAAABgAAEAAAAAAAAAAAAAAAAAAAACAAAAAAAAAAAAAAAAAAAAAAAAABAAAAAAAAAAEAAAAAAAAAAIAAAAAAAAAAgAAAAAAAAA --field-trial-handle=2044,i,8528152345874284265,13457465882528845703,262144 --enable-features=PdfUseShowSaveFilePicker --disable-features=SpareRendererForSitePerProcess,WinDelaySpellcheckServiceInit --variations-seed-version --mojo-platform-channel-handle=2032 /prefetch:2","localhost","ea7bfcc2-2263-4c1b-91c4-7992054991fb","False","df34afb5-1e8a-4880-8a28-6e0722507204"
"2026-08-05T19:10:04.4384712+08:00","225.414","37640","3496","electron.exe","2026/8/5 19:06:46","0.156","51.5","""C:\Program Files\Blackmagic Design\DaVinci Resolve\Electron\electron.exe"" --type=utility --utility-sub-type=network.mojom.NetworkService --lang=zh-CN --service-sandbox-type=none --user-data-dir=""C:\Users\Administrator\AppData\Roaming\Clackly Workflow Plugin"" --field-trial-handle=2044,i,8528152345874284265,13457465882528845703,262144 --enable-features=PdfUseShowSaveFilePicker --disable-features=SpareRendererForSitePerProcess,WinDelaySpellcheckServiceInit --variations-seed-version --mojo-platform-channel-handle=2232 /prefetch:11","localhost","ea7bfcc2-2263-4c1b-91c4-7992054991fb","False","df34afb5-1e8a-4880-8a28-6e0722507204"
"2026-08-05T19:10:04.4384712+08:00","225.414","15532","3496","electron.exe","2026/8/5 19:06:46","0.141","88.7","""C:\Program Files\Blackmagic Design\DaVinci Resolve\Electron\electron.exe"" --type=renderer --user-data-dir=""C:\Users\Administrator\AppData\Roaming\Clackly Workflow Plugin"" --app-path=""C:\ProgramData\Blackmagic Design\DaVinci Resolve\Support\Workflow Integration Plugins\com.wutpeach.clackly\workflow-plugin"" --no-sandbox --no-zygote --video-capture-use-gpu-memory-buffer --lang=zh-CN --device-scale-factor=1 --num-raster-threads=4 --enable-main-frame-before-activation --renderer-client-id=4 --time-ticks-at-unix-epoch=-1785918640205991 --launch-time-ticks=9366284582 --field-trial-handle=2044,i,8528152345874284265,13457465882528845703,262144 --enable-features=PdfUseShowSaveFilePicker --disable-features=SpareRendererForSitePerProcess,WinDelaySpellcheckServiceInit --variations-seed-version --mojo-platform-channel-handle=3280 /prefetch:1","localhost","ea7bfcc2-2263-4c1b-91c4-7992054991fb","False","df34afb5-1e8a-4880-8a28-6e0722507204"
"2026-08-05T19:10:06.4494258+08:00","202.147","17944","13664","Resolve.exe","2026/8/5 19:06:28","46.125","2495.7","""C:\Program Files\Blackmagic Design\DaVinci Resolve\Resolve.exe"" ","localhost","ea7bfcc2-2263-4c1b-91c4-7992054991fb","False","df34afb5-1e8a-4880-8a28-6e0722507204"
"2026-08-05T19:10:06.4494258+08:00","202.147","3496","17944","electron.exe","2026/8/5 19:06:46","0.516","105.5","""C:/Program Files/Blackmagic Design/DaVinci Resolve\Electron\electron.exe"" ""C:\ProgramData\Blackmagic Design\DaVinci Resolve\Support\Workflow Integration Plugins\com.wutpeach.clackly\workflow-plugin/main.js"" --plugin-id=com.wutpeach.clackly","localhost","ea7bfcc2-2263-4c1b-91c4-7992054991fb","False","df34afb5-1e8a-4880-8a28-6e0722507204"
"2026-08-05T19:10:06.4494258+08:00","202.147","10124","3496","electron.exe","2026/8/5 19:06:46","0.797","111.4","""C:\Program Files\Blackmagic Design\DaVinci Resolve\Electron\electron.exe"" --type=gpu-process --user-data-dir=""C:\Users\Administrator\AppData\Roaming\Clackly Workflow Plugin"" --gpu-preferences=UAAAAAAAAADgAAAEAAAAAAAAAAAAAAAAAABgAAEAAAAAAAAAAAAAAAAAAAACAAAAAAAAAAAAAAAAAAAAAAAAABAAAAAAAAAAEAAAAAAAAAAIAAAAAAAAAAgAAAAAAAAA --field-trial-handle=2044,i,8528152345874284265,13457465882528845703,262144 --enable-features=PdfUseShowSaveFilePicker --disable-features=SpareRendererForSitePerProcess,WinDelaySpellcheckServiceInit --variations-seed-version --mojo-platform-channel-handle=2032 /prefetch:2","localhost","ea7bfcc2-2263-4c1b-91c4-7992054991fb","False","df34afb5-1e8a-4880-8a28-6e0722507204"
"2026-08-05T19:10:06.4494258+08:00","202.147","37640","3496","electron.exe","2026/8/5 19:06:46","0.156","51.5","""C:\Program Files\Blackmagic Design\DaVinci Resolve\Electron\electron.exe"" --type=utility --utility-sub-type=network.mojom.NetworkService --lang=zh-CN --service-sandbox-type=none --user-data-dir=""C:\Users\Administrator\AppData\Roaming\Clackly Workflow Plugin"" --field-trial-handle=2044,i,8528152345874284265,13457465882528845703,262144 --enable-features=PdfUseShowSaveFilePicker --disable-features=SpareRendererForSitePerProcess,WinDelaySpellcheckServiceInit --variations-seed-version --mojo-platform-channel-handle=2232 /prefetch:11","localhost","ea7bfcc2-2263-4c1b-91c4-7992054991fb","False","df34afb5-1e8a-4880-8a28-6e0722507204"
"2026-08-05T19:10:06.4494258+08:00","202.147","15532","3496","electron.exe","2026/8/5 19:06:46","0.141","88.7","""C:\Program Files\Blackmagic Design\DaVinci Resolve\Electron\electron.exe"" --type=renderer --user-data-dir=""C:\Users\Administrator\AppData\Roaming\Clackly Workflow Plugin"" --app-path=""C:\ProgramData\Blackmagic Design\DaVinci Resolve\Support\Workflow Integration Plugins\com.wutpeach.clackly\workflow-plugin"" --no-sandbox --no-zygote --video-capture-use-gpu-memory-buffer --lang=zh-CN --device-scale-factor=1 --num-raster-threads=4 --enable-main-frame-before-activation --renderer-client-id=4 --time-ticks-at-unix-epoch=-1785918640205991 --launch-time-ticks=9366284582 --field-trial-handle=2044,i,8528152345874284265,13457465882528845703,262144 --enable-features=PdfUseShowSaveFilePicker --disable-features=SpareRendererForSitePerProcess,WinDelaySpellcheckServiceInit --variations-seed-version --mojo-platform-channel-handle=3280 /prefetch:1","localhost","ea7bfcc2-2263-4c1b-91c4-7992054991fb","False","df34afb5-1e8a-4880-8a28-6e0722507204"
"2026-08-05T19:10:08.4644929+08:00","221.018","17944","13664","Resolve.exe","2026/8/5 19:06:28","46.125","2495.7","""C:\Program Files\Blackmagic Design\DaVinci Resolve\Resolve.exe"" ","localhost","ea7bfcc2-2263-4c1b-91c4-7992054991fb","False","df34afb5-1e8a-4880-8a28-6e0722507204"
"2026-08-05T19:10:08.4644929+08:00","221.018","3496","17944","electron.exe","2026/8/5 19:06:46","0.516","105.5","""C:/Program Files/Blackmagic Design/DaVinci Resolve\Electron\electron.exe"" ""C:\ProgramData\Blackmagic Design\DaVinci Resolve\Support\Workflow Integration Plugins\com.wutpeach.clackly\workflow-plugin/main.js"" --plugin-id=com.wutpeach.clackly","localhost","ea7bfcc2-2263-4c1b-91c4-7992054991fb","False","df34afb5-1e8a-4880-8a28-6e0722507204"
"2026-08-05T19:10:08.4644929+08:00","221.018","10124","3496","electron.exe","2026/8/5 19:06:46","0.797","111.4","""C:\Program Files\Blackmagic Design\DaVinci Resolve\Electron\electron.exe"" --type=gpu-process --user-data-dir=""C:\Users\Administrator\AppData\Roaming\Clackly Workflow Plugin"" --gpu-preferences=UAAAAAAAAADgAAAEAAAAAAAAAAAAAAAAAABgAAEAAAAAAAAAAAAAAAAAAAACAAAAAAAAAAAAAAAAAAAAAAAAABAAAAAAAAAAEAAAAAAAAAAIAAAAAAAAAAgAAAAAAAAA --field-trial-handle=2044,i,8528152345874284265,13457465882528845703,262144 --enable-features=PdfUseShowSaveFilePicker --disable-features=SpareRendererForSitePerProcess,WinDelaySpellcheckServiceInit --variations-seed-version --mojo-platform-channel-handle=2032 /prefetch:2","localhost","ea7bfcc2-2263-4c1b-91c4-7992054991fb","False","df34afb5-1e8a-4880-8a28-6e0722507204"
"2026-08-05T19:10:08.4644929+08:00","221.018","37640","3496","electron.exe","2026/8/5 19:06:46","0.156","51.5","""C:\Program Files\Blackmagic Design\DaVinci Resolve\Electron\electron.exe"" --type=utility --utility-sub-type=network.mojom.NetworkService --lang=zh-CN --service-sandbox-type=none --user-data-dir=""C:\Users\Administrator\AppData\Roaming\Clackly Workflow Plugin"" --field-trial-handle=2044,i,8528152345874284265,13457465882528845703,262144 --enable-features=PdfUseShowSaveFilePicker --disable-features=SpareRendererForSitePerProcess,WinDelaySpellcheckServiceInit --variations-seed-version --mojo-platform-channel-handle=2232 /prefetch:11","localhost","ea7bfcc2-2263-4c1b-91c4-7992054991fb","False","df34afb5-1e8a-4880-8a28-6e0722507204"
"2026-08-05T19:10:08.4644929+08:00","221.018","15532","3496","electron.exe","2026/8/5 19:06:46","0.141","88.7","""C:\Program Files\Blackmagic Design\DaVinci Resolve\Electron\electron.exe"" --type=renderer --user-data-dir=""C:\Users\Administrator\AppData\Roaming\Clackly Workflow Plugin"" --app-path=""C:\ProgramData\Blackmagic Design\DaVinci Resolve\Support\Workflow Integration Plugins\com.wutpeach.clackly\workflow-plugin"" --no-sandbox --no-zygote --video-capture-use-gpu-memory-buffer --lang=zh-CN --device-scale-factor=1 --num-raster-threads=4 --enable-main-frame-before-activation --renderer-client-id=4 --time-ticks-at-unix-epoch=-1785918640205991 --launch-time-ticks=9366284582 --field-trial-handle=2044,i,8528152345874284265,13457465882528845703,262144 --enable-features=PdfUseShowSaveFilePicker --disable-features=SpareRendererForSitePerProcess,WinDelaySpellcheckServiceInit --variations-seed-version --mojo-platform-channel-handle=3280 /prefetch:1","localhost","ea7bfcc2-2263-4c1b-91c4-7992054991fb","False","df34afb5-1e8a-4880-8a28-6e0722507204"
"2026-08-05T19:10:10.4649199+08:00","143.009","17944","13664","Resolve.exe","2026/8/5 19:06:28","46.25","2495.7","""C:\Program Files\Blackmagic Design\DaVinci Resolve\Resolve.exe"" ","localhost","ea7bfcc2-2263-4c1b-91c4-7992054991fb","False","df34afb5-1e8a-4880-8a28-6e0722507204"
"2026-08-05T19:10:10.4649199+08:00","143.009","3496","17944","electron.exe","2026/8/5 19:06:46","0.516","105.5","""C:/Program Files/Blackmagic Design/DaVinci Resolve\Electron\electron.exe"" ""C:\ProgramData\Blackmagic Design\DaVinci Resolve\Support\Workflow Integration Plugins\com.wutpeach.clackly\workflow-plugin/main.js"" --plugin-id=com.wutpeach.clackly","localhost","ea7bfcc2-2263-4c1b-91c4-7992054991fb","False","df34afb5-1e8a-4880-8a28-6e0722507204"
"2026-08-05T19:10:10.4649199+08:00","143.009","10124","3496","electron.exe","2026/8/5 19:06:46","0.797","111.4","""C:\Program Files\Blackmagic Design\DaVinci Resolve\Electron\electron.exe"" --type=gpu-process --user-data-dir=""C:\Users\Administrator\AppData\Roaming\Clackly Workflow Plugin"" --gpu-preferences=UAAAAAAAAADgAAAEAAAAAAAAAAAAAAAAAABgAAEAAAAAAAAAAAAAAAAAAAACAAAAAAAAAAAAAAAAAAAAAAAAABAAAAAAAAAAEAAAAAAAAAAIAAAAAAAAAAgAAAAAAAAA --field-trial-handle=2044,i,8528152345874284265,13457465882528845703,262144 --enable-features=PdfUseShowSaveFilePicker --disable-features=SpareRendererForSitePerProcess,WinDelaySpellcheckServiceInit --variations-seed-version --mojo-platform-channel-handle=2032 /prefetch:2","localhost","ea7bfcc2-2263-4c1b-91c4-7992054991fb","False","df34afb5-1e8a-4880-8a28-6e0722507204"
"2026-08-05T19:10:10.4649199+08:00","143.009","37640","3496","electron.exe","2026/8/5 19:06:46","0.156","51.5","""C:\Program Files\Blackmagic Design\DaVinci Resolve\Electron\electron.exe"" --type=utility --utility-sub-type=network.mojom.NetworkService --lang=zh-CN --service-sandbox-type=none --user-data-dir=""C:\Users\Administrator\AppData\Roaming\Clackly Workflow Plugin"" --field-trial-handle=2044,i,8528152345874284265,13457465882528845703,262144 --enable-features=PdfUseShowSaveFilePicker --disable-features=SpareRendererForSitePerProcess,WinDelaySpellcheckServiceInit --variations-seed-version --mojo-platform-channel-handle=2232 /prefetch:11","localhost","ea7bfcc2-2263-4c1b-91c4-7992054991fb","False","df34afb5-1e8a-4880-8a28-6e0722507204"
"2026-08-05T19:10:10.4649199+08:00","143.009","15532","3496","electron.exe","2026/8/5 19:06:46","0.141","88.7","""C:\Program Files\Blackmagic Design\DaVinci Resolve\Electron\electron.exe"" --type=renderer --user-data-dir=""C:\Users\Administrator\AppData\Roaming\Clackly Workflow Plugin"" --app-path=""C:\ProgramData\Blackmagic Design\DaVinci Resolve\Support\Workflow Integration Plugins\com.wutpeach.clackly\workflow-plugin"" --no-sandbox --no-zygote --video-capture-use-gpu-memory-buffer --lang=zh-CN --device-scale-factor=1 --num-raster-threads=4 --enable-main-frame-before-activation --renderer-client-id=4 --time-ticks-at-unix-epoch=-1785918640205991 --launch-time-ticks=9366284582 --field-trial-handle=2044,i,8528152345874284265,13457465882528845703,262144 --enable-features=PdfUseShowSaveFilePicker --disable-features=SpareRendererForSitePerProcess,WinDelaySpellcheckServiceInit --variations-seed-version --mojo-platform-channel-handle=3280 /prefetch:1","localhost","ea7bfcc2-2263-4c1b-91c4-7992054991fb","False","df34afb5-1e8a-4880-8a28-6e0722507204"
"2026-08-05T19:10:12.4785085+08:00","195.877","17944","13664","Resolve.exe","2026/8/5 19:06:28","46.406","2495.7","""C:\Program Files\Blackmagic Design\DaVinci Resolve\Resolve.exe"" ","localhost","ea7bfcc2-2263-4c1b-91c4-7992054991fb","False","df34afb5-1e8a-4880-8a28-6e0722507204"
"2026-08-05T19:10:12.4785085+08:00","195.877","3496","17944","electron.exe","2026/8/5 19:06:46","0.516","105.5","""C:/Program Files/Blackmagic Design/DaVinci Resolve\Electron\electron.exe"" ""C:\ProgramData\Blackmagic Design\DaVinci Resolve\Support\Workflow Integration Plugins\com.wutpeach.clackly\workflow-plugin/main.js"" --plugin-id=com.wutpeach.clackly","localhost","ea7bfcc2-2263-4c1b-91c4-7992054991fb","False","df34afb5-1e8a-4880-8a28-6e0722507204"
"2026-08-05T19:10:12.4785085+08:00","195.877","10124","3496","electron.exe","2026/8/5 19:06:46","0.797","111.4","""C:\Program Files\Blackmagic Design\DaVinci Resolve\Electron\electron.exe"" --type=gpu-process --user-data-dir=""C:\Users\Administrator\AppData\Roaming\Clackly Workflow Plugin"" --gpu-preferences=UAAAAAAAAADgAAAEAAAAAAAAAAAAAAAAAABgAAEAAAAAAAAAAAAAAAAAAAACAAAAAAAAAAAAAAAAAAAAAAAAABAAAAAAAAAAEAAAAAAAAAAIAAAAAAAAAAgAAAAAAAAA --field-trial-handle=2044,i,8528152345874284265,13457465882528845703,262144 --enable-features=PdfUseShowSaveFilePicker --disable-features=SpareRendererForSitePerProcess,WinDelaySpellcheckServiceInit --variations-seed-version --mojo-platform-channel-handle=2032 /prefetch:2","localhost","ea7bfcc2-2263-4c1b-91c4-7992054991fb","False","df34afb5-1e8a-4880-8a28-6e0722507204"
"2026-08-05T19:10:12.4785085+08:00","195.877","37640","3496","electron.exe","2026/8/5 19:06:46","0.156","51.5","""C:\Program Files\Blackmagic Design\DaVinci Resolve\Electron\electron.exe"" --type=utility --utility-sub-type=network.mojom.NetworkService --lang=zh-CN --service-sandbox-type=none --user-data-dir=""C:\Users\Administrator\AppData\Roaming\Clackly Workflow Plugin"" --field-trial-handle=2044,i,8528152345874284265,13457465882528845703,262144 --enable-features=PdfUseShowSaveFilePicker --disable-features=SpareRendererForSitePerProcess,WinDelaySpellcheckServiceInit --variations-seed-version --mojo-platform-channel-handle=2232 /prefetch:11","localhost","ea7bfcc2-2263-4c1b-91c4-7992054991fb","False","df34afb5-1e8a-4880-8a28-6e0722507204"
"2026-08-05T19:10:12.4785085+08:00","195.877","15532","3496","electron.exe","2026/8/5 19:06:46","0.141","88.7","""C:\Program Files\Blackmagic Design\DaVinci Resolve\Electron\electron.exe"" --type=renderer --user-data-dir=""C:\Users\Administrator\AppData\Roaming\Clackly Workflow Plugin"" --app-path=""C:\ProgramData\Blackmagic Design\DaVinci Resolve\Support\Workflow Integration Plugins\com.wutpeach.clackly\workflow-plugin"" --no-sandbox --no-zygote --video-capture-use-gpu-memory-buffer --lang=zh-CN --device-scale-factor=1 --num-raster-threads=4 --enable-main-frame-before-activation --renderer-client-id=4 --time-ticks-at-unix-epoch=-1785918640205991 --launch-time-ticks=9366284582 --field-trial-handle=2044,i,8528152345874284265,13457465882528845703,262144 --enable-features=PdfUseShowSaveFilePicker --disable-features=SpareRendererForSitePerProcess,WinDelaySpellcheckServiceInit --variations-seed-version --mojo-platform-channel-handle=3280 /prefetch:1","localhost","ea7bfcc2-2263-4c1b-91c4-7992054991fb","False","df34afb5-1e8a-4880-8a28-6e0722507204"
"2026-08-05T19:10:14.4814006+08:00","138.457","17944","13664","Resolve.exe","2026/8/5 19:06:28","46.609","2495.7","""C:\Program Files\Blackmagic Design\DaVinci Resolve\Resolve.exe"" ","localhost","ea7bfcc2-2263-4c1b-91c4-7992054991fb","False","df34afb5-1e8a-4880-8a28-6e0722507204"
"2026-08-05T19:10:14.4814006+08:00","139.457","3496","17944","electron.exe","2026/8/5 19:06:46","0.516","105.5","""C:/Program Files/Blackmagic Design/DaVinci Resolve\Electron\electron.exe"" ""C:\ProgramData\Blackmagic Design\DaVinci Resolve\Support\Workflow Integration Plugins\com.wutpeach.clackly\workflow-plugin/main.js"" --plugin-id=com.wutpeach.clackly","localhost","ea7bfcc2-2263-4c1b-91c4-7992054991fb","False","df34afb5-1e8a-4880-8a28-6e0722507204"
"2026-08-05T19:10:14.4814006+08:00","139.457","10124","3496","electron.exe","2026/8/5 19:06:46","0.797","111.4","""C:\Program Files\Blackmagic Design\DaVinci Resolve\Electron\electron.exe"" --type=gpu-process --user-data-dir=""C:\Users\Administrator\AppData\Roaming\Clackly Workflow Plugin"" --gpu-preferences=UAAAAAAAAADgAAAEAAAAAAAAAAAAAAAAAABgAAEAAAAAAAAAAAAAAAAAAAACAAAAAAAAAAAAAAAAAAAAAAAAABAAAAAAAAAAEAAAAAAAAAAIAAAAAAAAAAgAAAAAAAAA --field-trial-handle=2044,i,8528152345874284265,13457465882528845703,262144 --enable-features=PdfUseShowSaveFilePicker --disable-features=SpareRendererForSitePerProcess,WinDelaySpellcheckServiceInit --variations-seed-version --mojo-platform-channel-handle=2032 /prefetch:2","localhost","ea7bfcc2-2263-4c1b-91c4-7992054991fb","False","df34afb5-1e8a-4880-8a28-6e0722507204"
"2026-08-05T19:10:14.4814006+08:00","139.457","37640","3496","electron.exe","2026/8/5 19:06:46","0.156","51.5","""C:\Program Files\Blackmagic Design\DaVinci Resolve\Electron\electron.exe"" --type=utility --utility-sub-type=network.mojom.NetworkService --lang=zh-CN --service-sandbox-type=none --user-data-dir=""C:\Users\Administrator\AppData\Roaming\Clackly Workflow Plugin"" --field-trial-handle=2044,i,8528152345874284265,13457465882528845703,262144 --enable-features=PdfUseShowSaveFilePicker --disable-features=SpareRendererForSitePerProcess,WinDelaySpellcheckServiceInit --variations-seed-version --mojo-platform-channel-handle=2232 /prefetch:11","localhost","ea7bfcc2-2263-4c1b-91c4-7992054991fb","False","df34afb5-1e8a-4880-8a28-6e0722507204"
"2026-08-05T19:10:14.4814006+08:00","139.457","15532","3496","electron.exe","2026/8/5 19:06:46","0.141","88.7","""C:\Program Files\Blackmagic Design\DaVinci Resolve\Electron\electron.exe"" --type=renderer --user-data-dir=""C:\Users\Administrator\AppData\Roaming\Clackly Workflow Plugin"" --app-path=""C:\ProgramData\Blackmagic Design\DaVinci Resolve\Support\Workflow Integration Plugins\com.wutpeach.clackly\workflow-plugin"" --no-sandbox --no-zygote --video-capture-use-gpu-memory-buffer --lang=zh-CN --device-scale-factor=1 --num-raster-threads=4 --enable-main-frame-before-activation --renderer-client-id=4 --time-ticks-at-unix-epoch=-1785918640205991 --launch-time-ticks=9366284582 --field-trial-handle=2044,i,8528152345874284265,13457465882528845703,262144 --enable-features=PdfUseShowSaveFilePicker --disable-features=SpareRendererForSitePerProcess,WinDelaySpellcheckServiceInit --variations-seed-version --mojo-platform-channel-handle=3280 /prefetch:1","localhost","ea7bfcc2-2263-4c1b-91c4-7992054991fb","False","df34afb5-1e8a-4880-8a28-6e0722507204"
"2026-08-05T19:10:16.4971617+08:00","190.056","17944","13664","Resolve.exe","2026/8/5 19:06:28","46.766","2495.7","""C:\Program Files\Blackmagic Design\DaVinci Resolve\Resolve.exe"" ","localhost","ea7bfcc2-2263-4c1b-91c4-7992054991fb","False","df34afb5-1e8a-4880-8a28-6e0722507204"
"2026-08-05T19:10:16.4971617+08:00","191.056","3496","17944","electron.exe","2026/8/5 19:06:46","0.516","105.5","""C:/Program Files/Blackmagic Design/DaVinci Resolve\Electron\electron.exe"" ""C:\ProgramData\Blackmagic Design\DaVinci Resolve\Support\Workflow Integration Plugins\com.wutpeach.clackly\workflow-plugin/main.js"" --plugin-id=com.wutpeach.clackly","localhost","ea7bfcc2-2263-4c1b-91c4-7992054991fb","False","df34afb5-1e8a-4880-8a28-6e0722507204"
"2026-08-05T19:10:16.4971617+08:00","191.056","10124","3496","electron.exe","2026/8/5 19:06:46","0.797","111.4","""C:\Program Files\Blackmagic Design\DaVinci Resolve\Electron\electron.exe"" --type=gpu-process --user-data-dir=""C:\Users\Administrator\AppData\Roaming\Clackly Workflow Plugin"" --gpu-preferences=UAAAAAAAAADgAAAEAAAAAAAAAAAAAAAAAABgAAEAAAAAAAAAAAAAAAAAAAACAAAAAAAAAAAAAAAAAAAAAAAAABAAAAAAAAAAEAAAAAAAAAAIAAAAAAAAAAgAAAAAAAAA --field-trial-handle=2044,i,8528152345874284265,13457465882528845703,262144 --enable-features=PdfUseShowSaveFilePicker --disable-features=SpareRendererForSitePerProcess,WinDelaySpellcheckServiceInit --variations-seed-version --mojo-platform-channel-handle=2032 /prefetch:2","localhost","ea7bfcc2-2263-4c1b-91c4-7992054991fb","False","df34afb5-1e8a-4880-8a28-6e0722507204"
"2026-08-05T19:10:16.4971617+08:00","191.056","37640","3496","electron.exe","2026/8/5 19:06:46","0.156","51.5","""C:\Program Files\Blackmagic Design\DaVinci Resolve\Electron\electron.exe"" --type=utility --utility-sub-type=network.mojom.NetworkService --lang=zh-CN --service-sandbox-type=none --user-data-dir=""C:\Users\Administrator\AppData\Roaming\Clackly Workflow Plugin"" --field-trial-handle=2044,i,8528152345874284265,13457465882528845703,262144 --enable-features=PdfUseShowSaveFilePicker --disable-features=SpareRendererForSitePerProcess,WinDelaySpellcheckServiceInit --variations-seed-version --mojo-platform-channel-handle=2232 /prefetch:11","localhost","ea7bfcc2-2263-4c1b-91c4-7992054991fb","False","df34afb5-1e8a-4880-8a28-6e0722507204"
"2026-08-05T19:10:16.4971617+08:00","191.056","15532","3496","electron.exe","2026/8/5 19:06:46","0.141","88.7","""C:\Program Files\Blackmagic Design\DaVinci Resolve\Electron\electron.exe"" --type=renderer --user-data-dir=""C:\Users\Administrator\AppData\Roaming\Clackly Workflow Plugin"" --app-path=""C:\ProgramData\Blackmagic Design\DaVinci Resolve\Support\Workflow Integration Plugins\com.wutpeach.clackly\workflow-plugin"" --no-sandbox --no-zygote --video-capture-use-gpu-memory-buffer --lang=zh-CN --device-scale-factor=1 --num-raster-threads=4 --enable-main-frame-before-activation --renderer-client-id=4 --time-ticks-at-unix-epoch=-1785918640205991 --launch-time-ticks=9366284582 --field-trial-handle=2044,i,8528152345874284265,13457465882528845703,262144 --enable-features=PdfUseShowSaveFilePicker --disable-features=SpareRendererForSitePerProcess,WinDelaySpellcheckServiceInit --variations-seed-version --mojo-platform-channel-handle=3280 /prefetch:1","localhost","ea7bfcc2-2263-4c1b-91c4-7992054991fb","False","df34afb5-1e8a-4880-8a28-6e0722507204"
"2026-08-05T19:10:18.5054819+08:00","177.212","17944","13664","Resolve.exe","2026/8/5 19:06:28","46.875","2495.7","""C:\Program Files\Blackmagic Design\DaVinci Resolve\Resolve.exe"" ","localhost","ea7bfcc2-2263-4c1b-91c4-7992054991fb","False","df34afb5-1e8a-4880-8a28-6e0722507204"
"2026-08-05T19:10:18.5054819+08:00","177.212","3496","17944","electron.exe","2026/8/5 19:06:46","0.516","105.5","""C:/Program Files/Blackmagic Design/DaVinci Resolve\Electron\electron.exe"" ""C:\ProgramData\Blackmagic Design\DaVinci Resolve\Support\Workflow Integration Plugins\com.wutpeach.clackly\workflow-plugin/main.js"" --plugin-id=com.wutpeach.clackly","localhost","ea7bfcc2-2263-4c1b-91c4-7992054991fb","False","df34afb5-1e8a-4880-8a28-6e0722507204"
"2026-08-05T19:10:18.5054819+08:00","177.212","10124","3496","electron.exe","2026/8/5 19:06:46","0.797","111.4","""C:\Program Files\Blackmagic Design\DaVinci Resolve\Electron\electron.exe"" --type=gpu-process --user-data-dir=""C:\Users\Administrator\AppData\Roaming\Clackly Workflow Plugin"" --gpu-preferences=UAAAAAAAAADgAAAEAAAAAAAAAAAAAAAAAABgAAEAAAAAAAAAAAAAAAAAAAACAAAAAAAAAAAAAAAAAAAAAAAAABAAAAAAAAAAEAAAAAAAAAAIAAAAAAAAAAgAAAAAAAAA --field-trial-handle=2044,i,8528152345874284265,13457465882528845703,262144 --enable-features=PdfUseShowSaveFilePicker --disable-features=SpareRendererForSitePerProcess,WinDelaySpellcheckServiceInit --variations-seed-version --mojo-platform-channel-handle=2032 /prefetch:2","localhost","ea7bfcc2-2263-4c1b-91c4-7992054991fb","False","df34afb5-1e8a-4880-8a28-6e0722507204"
"2026-08-05T19:10:18.5054819+08:00","177.212","37640","3496","electron.exe","2026/8/5 19:06:46","0.156","51.5","""C:\Program Files\Blackmagic Design\DaVinci Resolve\Electron\electron.exe"" --type=utility --utility-sub-type=network.mojom.NetworkService --lang=zh-CN --service-sandbox-type=none --user-data-dir=""C:\Users\Administrator\AppData\Roaming\Clackly Workflow Plugin"" --field-trial-handle=2044,i,8528152345874284265,13457465882528845703,262144 --enable-features=PdfUseShowSaveFilePicker --disable-features=SpareRendererForSitePerProcess,WinDelaySpellcheckServiceInit --variations-seed-version --mojo-platform-channel-handle=2232 /prefetch:11","localhost","ea7bfcc2-2263-4c1b-91c4-7992054991fb","False","df34afb5-1e8a-4880-8a28-6e0722507204"
"2026-08-05T19:10:18.5054819+08:00","178.212","15532","3496","electron.exe","2026/8/5 19:06:46","0.141","88.7","""C:\Program Files\Blackmagic Design\DaVinci Resolve\Electron\electron.exe"" --type=renderer --user-data-dir=""C:\Users\Administrator\AppData\Roaming\Clackly Workflow Plugin"" --app-path=""C:\ProgramData\Blackmagic Design\DaVinci Resolve\Support\Workflow Integration Plugins\com.wutpeach.clackly\workflow-plugin"" --no-sandbox --no-zygote --video-capture-use-gpu-memory-buffer --lang=zh-CN --device-scale-factor=1 --num-raster-threads=4 --enable-main-frame-before-activation --renderer-client-id=4 --time-ticks-at-unix-epoch=-1785918640205991 --launch-time-ticks=9366284582 --field-trial-handle=2044,i,8528152345874284265,13457465882528845703,262144 --enable-features=PdfUseShowSaveFilePicker --disable-features=SpareRendererForSitePerProcess,WinDelaySpellcheckServiceInit --variations-seed-version --mojo-platform-channel-handle=3280 /prefetch:1","localhost","ea7bfcc2-2263-4c1b-91c4-7992054991fb","False","df34afb5-1e8a-4880-8a28-6e0722507204"
"2026-08-05T19:10:20.5151207+08:00","185.519","17944","13664","Resolve.exe","2026/8/5 19:06:28","47.016","2495.7","""C:\Program Files\Blackmagic Design\DaVinci Resolve\Resolve.exe"" ","localhost","ea7bfcc2-2263-4c1b-91c4-7992054991fb","False","df34afb5-1e8a-4880-8a28-6e0722507204"
"2026-08-05T19:10:20.5151207+08:00","185.519","3496","17944","electron.exe","2026/8/5 19:06:46","0.516","105.5","""C:/Program Files/Blackmagic Design/DaVinci Resolve\Electron\electron.exe"" ""C:\ProgramData\Blackmagic Design\DaVinci Resolve\Support\Workflow Integration Plugins\com.wutpeach.clackly\workflow-plugin/main.js"" --plugin-id=com.wutpeach.clackly","localhost","ea7bfcc2-2263-4c1b-91c4-7992054991fb","False","df34afb5-1e8a-4880-8a28-6e0722507204"
"2026-08-05T19:10:20.5151207+08:00","185.519","10124","3496","electron.exe","2026/8/5 19:06:46","0.797","111.4","""C:\Program Files\Blackmagic Design\DaVinci Resolve\Electron\electron.exe"" --type=gpu-process --user-data-dir=""C:\Users\Administrator\AppData\Roaming\Clackly Workflow Plugin"" --gpu-preferences=UAAAAAAAAADgAAAEAAAAAAAAAAAAAAAAAABgAAEAAAAAAAAAAAAAAAAAAAACAAAAAAAAAAAAAAAAAAAAAAAAABAAAAAAAAAAEAAAAAAAAAAIAAAAAAAAAAgAAAAAAAAA --field-trial-handle=2044,i,8528152345874284265,13457465882528845703,262144 --enable-features=PdfUseShowSaveFilePicker --disable-features=SpareRendererForSitePerProcess,WinDelaySpellcheckServiceInit --variations-seed-version --mojo-platform-channel-handle=2032 /prefetch:2","localhost","ea7bfcc2-2263-4c1b-91c4-7992054991fb","False","df34afb5-1e8a-4880-8a28-6e0722507204"
"2026-08-05T19:10:20.5151207+08:00","185.519","37640","3496","electron.exe","2026/8/5 19:06:46","0.156","51.5","""C:\Program Files\Blackmagic Design\DaVinci Resolve\Electron\electron.exe"" --type=utility --utility-sub-type=network.mojom.NetworkService --lang=zh-CN --service-sandbox-type=none --user-data-dir=""C:\Users\Administrator\AppData\Roaming\Clackly Workflow Plugin"" --field-trial-handle=2044,i,8528152345874284265,13457465882528845703,262144 --enable-features=PdfUseShowSaveFilePicker --disable-features=SpareRendererForSitePerProcess,WinDelaySpellcheckServiceInit --variations-seed-version --mojo-platform-channel-handle=2232 /prefetch:11","localhost","ea7bfcc2-2263-4c1b-91c4-7992054991fb","False","df34afb5-1e8a-4880-8a28-6e0722507204"
"2026-08-05T19:10:20.5151207+08:00","186.519","15532","3496","electron.exe","2026/8/5 19:06:46","0.141","88.7","""C:\Program Files\Blackmagic Design\DaVinci Resolve\Electron\electron.exe"" --type=renderer --user-data-dir=""C:\Users\Administrator\AppData\Roaming\Clackly Workflow Plugin"" --app-path=""C:\ProgramData\Blackmagic Design\DaVinci Resolve\Support\Workflow Integration Plugins\com.wutpeach.clackly\workflow-plugin"" --no-sandbox --no-zygote --video-capture-use-gpu-memory-buffer --lang=zh-CN --device-scale-factor=1 --num-raster-threads=4 --enable-main-frame-before-activation --renderer-client-id=4 --time-ticks-at-unix-epoch=-1785918640205991 --launch-time-ticks=9366284582 --field-trial-handle=2044,i,8528152345874284265,13457465882528845703,262144 --enable-features=PdfUseShowSaveFilePicker --disable-features=SpareRendererForSitePerProcess,WinDelaySpellcheckServiceInit --variations-seed-version --mojo-platform-channel-handle=3280 /prefetch:1","localhost","ea7bfcc2-2263-4c1b-91c4-7992054991fb","False","df34afb5-1e8a-4880-8a28-6e0722507204"
"2026-08-05T19:10:22.5252809+08:00","174.502","17944","13664","Resolve.exe","2026/8/5 19:06:28","47.188","2495.7","""C:\Program Files\Blackmagic Design\DaVinci Resolve\Resolve.exe"" ","localhost","ea7bfcc2-2263-4c1b-91c4-7992054991fb","False","df34afb5-1e8a-4880-8a28-6e0722507204"
"2026-08-05T19:10:22.5252809+08:00","174.502","3496","17944","electron.exe","2026/8/5 19:06:46","0.516","105.5","""C:/Program Files/Blackmagic Design/DaVinci Resolve\Electron\electron.exe"" ""C:\ProgramData\Blackmagic Design\DaVinci Resolve\Support\Workflow Integration Plugins\com.wutpeach.clackly\workflow-plugin/main.js"" --plugin-id=com.wutpeach.clackly","localhost","ea7bfcc2-2263-4c1b-91c4-7992054991fb","False","df34afb5-1e8a-4880-8a28-6e0722507204"
"2026-08-05T19:10:22.5252809+08:00","174.502","10124","3496","electron.exe","2026/8/5 19:06:46","0.797","111.4","""C:\Program Files\Blackmagic Design\DaVinci Resolve\Electron\electron.exe"" --type=gpu-process --user-data-dir=""C:\Users\Administrator\AppData\Roaming\Clackly Workflow Plugin"" --gpu-preferences=UAAAAAAAAADgAAAEAAAAAAAAAAAAAAAAAABgAAEAAAAAAAAAAAAAAAAAAAACAAAAAAAAAAAAAAAAAAAAAAAAABAAAAAAAAAAEAAAAAAAAAAIAAAAAAAAAAgAAAAAAAAA --field-trial-handle=2044,i,8528152345874284265,13457465882528845703,262144 --enable-features=PdfUseShowSaveFilePicker --disable-features=SpareRendererForSitePerProcess,WinDelaySpellcheckServiceInit --variations-seed-version --mojo-platform-channel-handle=2032 /prefetch:2","localhost","ea7bfcc2-2263-4c1b-91c4-7992054991fb","False","df34afb5-1e8a-4880-8a28-6e0722507204"
"2026-08-05T19:10:22.5252809+08:00","174.502","37640","3496","electron.exe","2026/8/5 19:06:46","0.156","51.5","""C:\Program Files\Blackmagic Design\DaVinci Resolve\Electron\electron.exe"" --type=utility --utility-sub-type=network.mojom.NetworkService --lang=zh-CN --service-sandbox-type=none --user-data-dir=""C:\Users\Administrator\AppData\Roaming\Clackly Workflow Plugin"" --field-trial-handle=2044,i,8528152345874284265,13457465882528845703,262144 --enable-features=PdfUseShowSaveFilePicker --disable-features=SpareRendererForSitePerProcess,WinDelaySpellcheckServiceInit --variations-seed-version --mojo-platform-channel-handle=2232 /prefetch:11","localhost","ea7bfcc2-2263-4c1b-91c4-7992054991fb","False","df34afb5-1e8a-4880-8a28-6e0722507204"
"2026-08-05T19:10:22.5252809+08:00","174.502","15532","3496","electron.exe","2026/8/5 19:06:46","0.141","88.7","""C:\Program Files\Blackmagic Design\DaVinci Resolve\Electron\electron.exe"" --type=renderer --user-data-dir=""C:\Users\Administrator\AppData\Roaming\Clackly Workflow Plugin"" --app-path=""C:\ProgramData\Blackmagic Design\DaVinci Resolve\Support\Workflow Integration Plugins\com.wutpeach.clackly\workflow-plugin"" --no-sandbox --no-zygote --video-capture-use-gpu-memory-buffer --lang=zh-CN --device-scale-factor=1 --num-raster-threads=4 --enable-main-frame-before-activation --renderer-client-id=4 --time-ticks-at-unix-epoch=-1785918640205991 --launch-time-ticks=9366284582 --field-trial-handle=2044,i,8528152345874284265,13457465882528845703,262144 --enable-features=PdfUseShowSaveFilePicker --disable-features=SpareRendererForSitePerProcess,WinDelaySpellcheckServiceInit --variations-seed-version --mojo-platform-channel-handle=3280 /prefetch:1","localhost","ea7bfcc2-2263-4c1b-91c4-7992054991fb","False","df34afb5-1e8a-4880-8a28-6e0722507204"
"2026-08-05T19:10:24.5383984+08:00","209.479","17944","13664","Resolve.exe","2026/8/5 19:06:28","47.344","2495.7","""C:\Program Files\Blackmagic Design\DaVinci Resolve\Resolve.exe"" ","localhost","ea7bfcc2-2263-4c1b-91c4-7992054991fb","False","df34afb5-1e8a-4880-8a28-6e0722507204"
"2026-08-05T19:10:24.5383984+08:00","209.479","3496","17944","electron.exe","2026/8/5 19:06:46","0.516","105.5","""C:/Program Files/Blackmagic Design/DaVinci Resolve\Electron\electron.exe"" ""C:\ProgramData\Blackmagic Design\DaVinci Resolve\Support\Workflow Integration Plugins\com.wutpeach.clackly\workflow-plugin/main.js"" --plugin-id=com.wutpeach.clackly","localhost","ea7bfcc2-2263-4c1b-91c4-7992054991fb","False","df34afb5-1e8a-4880-8a28-6e0722507204"
"2026-08-05T19:10:24.5383984+08:00","209.479","10124","3496","electron.exe","2026/8/5 19:06:46","0.797","111.4","""C:\Program Files\Blackmagic Design\DaVinci Resolve\Electron\electron.exe"" --type=gpu-process --user-data-dir=""C:\Users\Administrator\AppData\Roaming\Clackly Workflow Plugin"" --gpu-preferences=UAAAAAAAAADgAAAEAAAAAAAAAAAAAAAAAABgAAEAAAAAAAAAAAAAAAAAAAACAAAAAAAAAAAAAAAAAAAAAAAAABAAAAAAAAAAEAAAAAAAAAAIAAAAAAAAAAgAAAAAAAAA --field-trial-handle=2044,i,8528152345874284265,13457465882528845703,262144 --enable-features=PdfUseShowSaveFilePicker --disable-features=SpareRendererForSitePerProcess,WinDelaySpellcheckServiceInit --variations-seed-version --mojo-platform-channel-handle=2032 /prefetch:2","localhost","ea7bfcc2-2263-4c1b-91c4-7992054991fb","False","df34afb5-1e8a-4880-8a28-6e0722507204"
"2026-08-05T19:10:24.5383984+08:00","209.479","37640","3496","electron.exe","2026/8/5 19:06:46","0.156","51.5","""C:\Program Files\Blackmagic Design\DaVinci Resolve\Electron\electron.exe"" --type=utility --utility-sub-type=network.mojom.NetworkService --lang=zh-CN --service-sandbox-type=none --user-data-dir=""C:\Users\Administrator\AppData\Roaming\Clackly Workflow Plugin"" --field-trial-handle=2044,i,8528152345874284265,13457465882528845703,262144 --enable-features=PdfUseShowSaveFilePicker --disable-features=SpareRendererForSitePerProcess,WinDelaySpellcheckServiceInit --variations-seed-version --mojo-platform-channel-handle=2232 /prefetch:11","localhost","ea7bfcc2-2263-4c1b-91c4-7992054991fb","False","df34afb5-1e8a-4880-8a28-6e0722507204"
"2026-08-05T19:10:24.5383984+08:00","209.479","15532","3496","electron.exe","2026/8/5 19:06:46","0.141","88.7","""C:\Program Files\Blackmagic Design\DaVinci Resolve\Electron\electron.exe"" --type=renderer --user-data-dir=""C:\Users\Administrator\AppData\Roaming\Clackly Workflow Plugin"" --app-path=""C:\ProgramData\Blackmagic Design\DaVinci Resolve\Support\Workflow Integration Plugins\com.wutpeach.clackly\workflow-plugin"" --no-sandbox --no-zygote --video-capture-use-gpu-memory-buffer --lang=zh-CN --device-scale-factor=1 --num-raster-threads=4 --enable-main-frame-before-activation --renderer-client-id=4 --time-ticks-at-unix-epoch=-1785918640205991 --launch-time-ticks=9366284582 --field-trial-handle=2044,i,8528152345874284265,13457465882528845703,262144 --enable-features=PdfUseShowSaveFilePicker --disable-features=SpareRendererForSitePerProcess,WinDelaySpellcheckServiceInit --variations-seed-version --mojo-platform-channel-handle=3280 /prefetch:1","localhost","ea7bfcc2-2263-4c1b-91c4-7992054991fb","False","df34afb5-1e8a-4880-8a28-6e0722507204"
"2026-08-05T19:10:26.5471893+08:00","196.686","17944","13664","Resolve.exe","2026/8/5 19:06:28","47.469","2495.7","""C:\Program Files\Blackmagic Design\DaVinci Resolve\Resolve.exe"" ","localhost","ea7bfcc2-2263-4c1b-91c4-7992054991fb","False","df34afb5-1e8a-4880-8a28-6e0722507204"
"2026-08-05T19:10:26.5471893+08:00","196.686","3496","17944","electron.exe","2026/8/5 19:06:46","0.516","105.5","""C:/Program Files/Blackmagic Design/DaVinci Resolve\Electron\electron.exe"" ""C:\ProgramData\Blackmagic Design\DaVinci Resolve\Support\Workflow Integration Plugins\com.wutpeach.clackly\workflow-plugin/main.js"" --plugin-id=com.wutpeach.clackly","localhost","ea7bfcc2-2263-4c1b-91c4-7992054991fb","False","df34afb5-1e8a-4880-8a28-6e0722507204"
"2026-08-05T19:10:26.5471893+08:00","196.686","10124","3496","electron.exe","2026/8/5 19:06:46","0.797","111.4","""C:\Program Files\Blackmagic Design\DaVinci Resolve\Electron\electron.exe"" --type=gpu-process --user-data-dir=""C:\Users\Administrator\AppData\Roaming\Clackly Workflow Plugin"" --gpu-preferences=UAAAAAAAAADgAAAEAAAAAAAAAAAAAAAAAABgAAEAAAAAAAAAAAAAAAAAAAACAAAAAAAAAAAAAAAAAAAAAAAAABAAAAAAAAAAEAAAAAAAAAAIAAAAAAAAAAgAAAAAAAAA --field-trial-handle=2044,i,8528152345874284265,13457465882528845703,262144 --enable-features=PdfUseShowSaveFilePicker --disable-features=SpareRendererForSitePerProcess,WinDelaySpellcheckServiceInit --variations-seed-version --mojo-platform-channel-handle=2032 /prefetch:2","localhost","ea7bfcc2-2263-4c1b-91c4-7992054991fb","False","df34afb5-1e8a-4880-8a28-6e0722507204"
"2026-08-05T19:10:26.5471893+08:00","197.686","37640","3496","electron.exe","2026/8/5 19:06:46","0.156","51.5","""C:\Program Files\Blackmagic Design\DaVinci Resolve\Electron\electron.exe"" --type=utility --utility-sub-type=network.mojom.NetworkService --lang=zh-CN --service-sandbox-type=none --user-data-dir=""C:\Users\Administrator\AppData\Roaming\Clackly Workflow Plugin"" --field-trial-handle=2044,i,8528152345874284265,13457465882528845703,262144 --enable-features=PdfUseShowSaveFilePicker --disable-features=SpareRendererForSitePerProcess,WinDelaySpellcheckServiceInit --variations-seed-version --mojo-platform-channel-handle=2232 /prefetch:11","localhost","ea7bfcc2-2263-4c1b-91c4-7992054991fb","False","df34afb5-1e8a-4880-8a28-6e0722507204"
"2026-08-05T19:10:26.5471893+08:00","197.686","15532","3496","electron.exe","2026/8/5 19:06:46","0.141","88.7","""C:\Program Files\Blackmagic Design\DaVinci Resolve\Electron\electron.exe"" --type=renderer --user-data-dir=""C:\Users\Administrator\AppData\Roaming\Clackly Workflow Plugin"" --app-path=""C:\ProgramData\Blackmagic Design\DaVinci Resolve\Support\Workflow Integration Plugins\com.wutpeach.clackly\workflow-plugin"" --no-sandbox --no-zygote --video-capture-use-gpu-memory-buffer --lang=zh-CN --device-scale-factor=1 --num-raster-threads=4 --enable-main-frame-before-activation --renderer-client-id=4 --time-ticks-at-unix-epoch=-1785918640205991 --launch-time-ticks=9366284582 --field-trial-handle=2044,i,8528152345874284265,13457465882528845703,262144 --enable-features=PdfUseShowSaveFilePicker --disable-features=SpareRendererForSitePerProcess,WinDelaySpellcheckServiceInit --variations-seed-version --mojo-platform-channel-handle=3280 /prefetch:1","localhost","ea7bfcc2-2263-4c1b-91c4-7992054991fb","False","df34afb5-1e8a-4880-8a28-6e0722507204"
"2026-08-05T19:10:28.5588987+08:00","158.391","17944","13664","Resolve.exe","2026/8/5 19:06:28","47.594","2495.7","""C:\Program Files\Blackmagic Design\DaVinci Resolve\Resolve.exe"" ","localhost","ea7bfcc2-2263-4c1b-91c4-7992054991fb","False","df34afb5-1e8a-4880-8a28-6e0722507204"
"2026-08-05T19:10:28.5588987+08:00","159.39","3496","17944","electron.exe","2026/8/5 19:06:46","0.516","105.5","""C:/Program Files/Blackmagic Design/DaVinci Resolve\Electron\electron.exe"" ""C:\ProgramData\Blackmagic Design\DaVinci Resolve\Support\Workflow Integration Plugins\com.wutpeach.clackly\workflow-plugin/main.js"" --plugin-id=com.wutpeach.clackly","localhost","ea7bfcc2-2263-4c1b-91c4-7992054991fb","False","df34afb5-1e8a-4880-8a28-6e0722507204"
"2026-08-05T19:10:28.5588987+08:00","159.39","10124","3496","electron.exe","2026/8/5 19:06:46","0.797","111.4","""C:\Program Files\Blackmagic Design\DaVinci Resolve\Electron\electron.exe"" --type=gpu-process --user-data-dir=""C:\Users\Administrator\AppData\Roaming\Clackly Workflow Plugin"" --gpu-preferences=UAAAAAAAAADgAAAEAAAAAAAAAAAAAAAAAABgAAEAAAAAAAAAAAAAAAAAAAACAAAAAAAAAAAAAAAAAAAAAAAAABAAAAAAAAAAEAAAAAAAAAAIAAAAAAAAAAgAAAAAAAAA --field-trial-handle=2044,i,8528152345874284265,13457465882528845703,262144 --enable-features=PdfUseShowSaveFilePicker --disable-features=SpareRendererForSitePerProcess,WinDelaySpellcheckServiceInit --variations-seed-version --mojo-platform-channel-handle=2032 /prefetch:2","localhost","ea7bfcc2-2263-4c1b-91c4-7992054991fb","False","df34afb5-1e8a-4880-8a28-6e0722507204"
"2026-08-05T19:10:28.5588987+08:00","159.39","37640","3496","electron.exe","2026/8/5 19:06:46","0.156","51.5","""C:\Program Files\Blackmagic Design\DaVinci Resolve\Electron\electron.exe"" --type=utility --utility-sub-type=network.mojom.NetworkService --lang=zh-CN --service-sandbox-type=none --user-data-dir=""C:\Users\Administrator\AppData\Roaming\Clackly Workflow Plugin"" --field-trial-handle=2044,i,8528152345874284265,13457465882528845703,262144 --enable-features=PdfUseShowSaveFilePicker --disable-features=SpareRendererForSitePerProcess,WinDelaySpellcheckServiceInit --variations-seed-version --mojo-platform-channel-handle=2232 /prefetch:11","localhost","ea7bfcc2-2263-4c1b-91c4-7992054991fb","False","df34afb5-1e8a-4880-8a28-6e0722507204"
"2026-08-05T19:10:28.5588987+08:00","159.39","15532","3496","electron.exe","2026/8/5 19:06:46","0.141","88.7","""C:\Program Files\Blackmagic Design\DaVinci Resolve\Electron\electron.exe"" --type=renderer --user-data-dir=""C:\Users\Administrator\AppData\Roaming\Clackly Workflow Plugin"" --app-path=""C:\ProgramData\Blackmagic Design\DaVinci Resolve\Support\Workflow Integration Plugins\com.wutpeach.clackly\workflow-plugin"" --no-sandbox --no-zygote --video-capture-use-gpu-memory-buffer --lang=zh-CN --device-scale-factor=1 --num-raster-threads=4 --enable-main-frame-before-activation --renderer-client-id=4 --time-ticks-at-unix-epoch=-1785918640205991 --launch-time-ticks=9366284582 --field-trial-handle=2044,i,8528152345874284265,13457465882528845703,262144 --enable-features=PdfUseShowSaveFilePicker --disable-features=SpareRendererForSitePerProcess,WinDelaySpellcheckServiceInit --variations-seed-version --mojo-platform-channel-handle=3280 /prefetch:1","localhost","ea7bfcc2-2263-4c1b-91c4-7992054991fb","False","df34afb5-1e8a-4880-8a28-6e0722507204"
"2026-08-05T19:10:30.5698306+08:00","208.494","17944","13664","Resolve.exe","2026/8/5 19:06:28","47.766","2495.7","""C:\Program Files\Blackmagic Design\DaVinci Resolve\Resolve.exe"" ","localhost","ea7bfcc2-2263-4c1b-91c4-7992054991fb","False","df34afb5-1e8a-4880-8a28-6e0722507204"
"2026-08-05T19:10:30.5698306+08:00","208.494","3496","17944","electron.exe","2026/8/5 19:06:46","0.516","105.5","""C:/Program Files/Blackmagic Design/DaVinci Resolve\Electron\electron.exe"" ""C:\ProgramData\Blackmagic Design\DaVinci Resolve\Support\Workflow Integration Plugins\com.wutpeach.clackly\workflow-plugin/main.js"" --plugin-id=com.wutpeach.clackly","localhost","ea7bfcc2-2263-4c1b-91c4-7992054991fb","False","df34afb5-1e8a-4880-8a28-6e0722507204"
"2026-08-05T19:10:30.5698306+08:00","208.494","10124","3496","electron.exe","2026/8/5 19:06:46","0.797","111.4","""C:\Program Files\Blackmagic Design\DaVinci Resolve\Electron\electron.exe"" --type=gpu-process --user-data-dir=""C:\Users\Administrator\AppData\Roaming\Clackly Workflow Plugin"" --gpu-preferences=UAAAAAAAAADgAAAEAAAAAAAAAAAAAAAAAABgAAEAAAAAAAAAAAAAAAAAAAACAAAAAAAAAAAAAAAAAAAAAAAAABAAAAAAAAAAEAAAAAAAAAAIAAAAAAAAAAgAAAAAAAAA --field-trial-handle=2044,i,8528152345874284265,13457465882528845703,262144 --enable-features=PdfUseShowSaveFilePicker --disable-features=SpareRendererForSitePerProcess,WinDelaySpellcheckServiceInit --variations-seed-version --mojo-platform-channel-handle=2032 /prefetch:2","localhost","ea7bfcc2-2263-4c1b-91c4-7992054991fb","False","df34afb5-1e8a-4880-8a28-6e0722507204"
"2026-08-05T19:10:30.5698306+08:00","208.494","37640","3496","electron.exe","2026/8/5 19:06:46","0.156","51.5","""C:\Program Files\Blackmagic Design\DaVinci Resolve\Electron\electron.exe"" --type=utility --utility-sub-type=network.mojom.NetworkService --lang=zh-CN --service-sandbox-type=none --user-data-dir=""C:\Users\Administrator\AppData\Roaming\Clackly Workflow Plugin"" --field-trial-handle=2044,i,8528152345874284265,13457465882528845703,262144 --enable-features=PdfUseShowSaveFilePicker --disable-features=SpareRendererForSitePerProcess,WinDelaySpellcheckServiceInit --variations-seed-version --mojo-platform-channel-handle=2232 /prefetch:11","localhost","ea7bfcc2-2263-4c1b-91c4-7992054991fb","False","df34afb5-1e8a-4880-8a28-6e0722507204"
"2026-08-05T19:10:30.5698306+08:00","208.494","15532","3496","electron.exe","2026/8/5 19:06:46","0.141","88.7","""C:\Program Files\Blackmagic Design\DaVinci Resolve\Electron\electron.exe"" --type=renderer --user-data-dir=""C:\Users\Administrator\AppData\Roaming\Clackly Workflow Plugin"" --app-path=""C:\ProgramData\Blackmagic Design\DaVinci Resolve\Support\Workflow Integration Plugins\com.wutpeach.clackly\workflow-plugin"" --no-sandbox --no-zygote --video-capture-use-gpu-memory-buffer --lang=zh-CN --device-scale-factor=1 --num-raster-threads=4 --enable-main-frame-before-activation --renderer-client-id=4 --time-ticks-at-unix-epoch=-1785918640205991 --launch-time-ticks=9366284582 --field-trial-handle=2044,i,8528152345874284265,13457465882528845703,262144 --enable-features=PdfUseShowSaveFilePicker --disable-features=SpareRendererForSitePerProcess,WinDelaySpellcheckServiceInit --variations-seed-version --mojo-platform-channel-handle=3280 /prefetch:1","localhost","ea7bfcc2-2263-4c1b-91c4-7992054991fb","False","df34afb5-1e8a-4880-8a28-6e0722507204"
"2026-08-05T19:10:32.5714510+08:00","176.112","17944","13664","Resolve.exe","2026/8/5 19:06:28","47.969","2495.7","""C:\Program Files\Blackmagic Design\DaVinci Resolve\Resolve.exe"" ","localhost","ea7bfcc2-2263-4c1b-91c4-7992054991fb","False","df34afb5-1e8a-4880-8a28-6e0722507204"
"2026-08-05T19:10:32.5714510+08:00","176.112","3496","17944","electron.exe","2026/8/5 19:06:46","0.516","105.5","""C:/Program Files/Blackmagic Design/DaVinci Resolve\Electron\electron.exe"" ""C:\ProgramData\Blackmagic Design\DaVinci Resolve\Support\Workflow Integration Plugins\com.wutpeach.clackly\workflow-plugin/main.js"" --plugin-id=com.wutpeach.clackly","localhost","ea7bfcc2-2263-4c1b-91c4-7992054991fb","False","df34afb5-1e8a-4880-8a28-6e0722507204"
"2026-08-05T19:10:32.5714510+08:00","176.112","10124","3496","electron.exe","2026/8/5 19:06:46","0.797","111.4","""C:\Program Files\Blackmagic Design\DaVinci Resolve\Electron\electron.exe"" --type=gpu-process --user-data-dir=""C:\Users\Administrator\AppData\Roaming\Clackly Workflow Plugin"" --gpu-preferences=UAAAAAAAAADgAAAEAAAAAAAAAAAAAAAAAABgAAEAAAAAAAAAAAAAAAAAAAACAAAAAAAAAAAAAAAAAAAAAAAAABAAAAAAAAAAEAAAAAAAAAAIAAAAAAAAAAgAAAAAAAAA --field-trial-handle=2044,i,8528152345874284265,13457465882528845703,262144 --enable-features=PdfUseShowSaveFilePicker --disable-features=SpareRendererForSitePerProcess,WinDelaySpellcheckServiceInit --variations-seed-version --mojo-platform-channel-handle=2032 /prefetch:2","localhost","ea7bfcc2-2263-4c1b-91c4-7992054991fb","False","df34afb5-1e8a-4880-8a28-6e0722507204"
"2026-08-05T19:10:32.5714510+08:00","176.112","37640","3496","electron.exe","2026/8/5 19:06:46","0.156","51.5","""C:\Program Files\Blackmagic Design\DaVinci Resolve\Electron\electron.exe"" --type=utility --utility-sub-type=network.mojom.NetworkService --lang=zh-CN --service-sandbox-type=none --user-data-dir=""C:\Users\Administrator\AppData\Roaming\Clackly Workflow Plugin"" --field-trial-handle=2044,i,8528152345874284265,13457465882528845703,262144 --enable-features=PdfUseShowSaveFilePicker --disable-features=SpareRendererForSitePerProcess,WinDelaySpellcheckServiceInit --variations-seed-version --mojo-platform-channel-handle=2232 /prefetch:11","localhost","ea7bfcc2-2263-4c1b-91c4-7992054991fb","False","df34afb5-1e8a-4880-8a28-6e0722507204"
"2026-08-05T19:10:32.5714510+08:00","176.112","15532","3496","electron.exe","2026/8/5 19:06:46","0.141","88.7","""C:\Program Files\Blackmagic Design\DaVinci Resolve\Electron\electron.exe"" --type=renderer --user-data-dir=""C:\Users\Administrator\AppData\Roaming\Clackly Workflow Plugin"" --app-path=""C:\ProgramData\Blackmagic Design\DaVinci Resolve\Support\Workflow Integration Plugins\com.wutpeach.clackly\workflow-plugin"" --no-sandbox --no-zygote --video-capture-use-gpu-memory-buffer --lang=zh-CN --device-scale-factor=1 --num-raster-threads=4 --enable-main-frame-before-activation --renderer-client-id=4 --time-ticks-at-unix-epoch=-1785918640205991 --launch-time-ticks=9366284582 --field-trial-handle=2044,i,8528152345874284265,13457465882528845703,262144 --enable-features=PdfUseShowSaveFilePicker --disable-features=SpareRendererForSitePerProcess,WinDelaySpellcheckServiceInit --variations-seed-version --mojo-platform-channel-handle=3280 /prefetch:1","localhost","ea7bfcc2-2263-4c1b-91c4-7992054991fb","False","df34afb5-1e8a-4880-8a28-6e0722507204"
"2026-08-05T19:10:34.5838586+08:00","180.348","17944","13664","Resolve.exe","2026/8/5 19:06:28","48.109","2495.7","""C:\Program Files\Blackmagic Design\DaVinci Resolve\Resolve.exe"" ","localhost","ea7bfcc2-2263-4c1b-91c4-7992054991fb","False","df34afb5-1e8a-4880-8a28-6e0722507204"
"2026-08-05T19:10:34.5838586+08:00","180.348","3496","17944","electron.exe","2026/8/5 19:06:46","0.516","105.5","""C:/Program Files/Blackmagic Design/DaVinci Resolve\Electron\electron.exe"" ""C:\ProgramData\Blackmagic Design\DaVinci Resolve\Support\Workflow Integration Plugins\com.wutpeach.clackly\workflow-plugin/main.js"" --plugin-id=com.wutpeach.clackly","localhost","ea7bfcc2-2263-4c1b-91c4-7992054991fb","False","df34afb5-1e8a-4880-8a28-6e0722507204"
"2026-08-05T19:10:34.5838586+08:00","180.348","10124","3496","electron.exe","2026/8/5 19:06:46","0.797","111.4","""C:\Program Files\Blackmagic Design\DaVinci Resolve\Electron\electron.exe"" --type=gpu-process --user-data-dir=""C:\Users\Administrator\AppData\Roaming\Clackly Workflow Plugin"" --gpu-preferences=UAAAAAAAAADgAAAEAAAAAAAAAAAAAAAAAABgAAEAAAAAAAAAAAAAAAAAAAACAAAAAAAAAAAAAAAAAAAAAAAAABAAAAAAAAAAEAAAAAAAAAAIAAAAAAAAAAgAAAAAAAAA --field-trial-handle=2044,i,8528152345874284265,13457465882528845703,262144 --enable-features=PdfUseShowSaveFilePicker --disable-features=SpareRendererForSitePerProcess,WinDelaySpellcheckServiceInit --variations-seed-version --mojo-platform-channel-handle=2032 /prefetch:2","localhost","ea7bfcc2-2263-4c1b-91c4-7992054991fb","False","df34afb5-1e8a-4880-8a28-6e0722507204"
"2026-08-05T19:10:34.5838586+08:00","180.348","37640","3496","electron.exe","2026/8/5 19:06:46","0.156","51.5","""C:\Program Files\Blackmagic Design\DaVinci Resolve\Electron\electron.exe"" --type=utility --utility-sub-type=network.mojom.NetworkService --lang=zh-CN --service-sandbox-type=none --user-data-dir=""C:\Users\Administrator\AppData\Roaming\Clackly Workflow Plugin"" --field-trial-handle=2044,i,8528152345874284265,13457465882528845703,262144 --enable-features=PdfUseShowSaveFilePicker --disable-features=SpareRendererForSitePerProcess,WinDelaySpellcheckServiceInit --variations-seed-version --mojo-platform-channel-handle=2232 /prefetch:11","localhost","ea7bfcc2-2263-4c1b-91c4-7992054991fb","False","df34afb5-1e8a-4880-8a28-6e0722507204"
"2026-08-05T19:10:34.5838586+08:00","180.348","15532","3496","electron.exe","2026/8/5 19:06:46","0.141","88.7","""C:\Program Files\Blackmagic Design\DaVinci Resolve\Electron\electron.exe"" --type=renderer --user-data-dir=""C:\Users\Administrator\AppData\Roaming\Clackly Workflow Plugin"" --app-path=""C:\ProgramData\Blackmagic Design\DaVinci Resolve\Support\Workflow Integration Plugins\com.wutpeach.clackly\workflow-plugin"" --no-sandbox --no-zygote --video-capture-use-gpu-memory-buffer --lang=zh-CN --device-scale-factor=1 --num-raster-threads=4 --enable-main-frame-before-activation --renderer-client-id=4 --time-ticks-at-unix-epoch=-1785918640205991 --launch-time-ticks=9366284582 --field-trial-handle=2044,i,8528152345874284265,13457465882528845703,262144 --enable-features=PdfUseShowSaveFilePicker --disable-features=SpareRendererForSitePerProcess,WinDelaySpellcheckServiceInit --variations-seed-version --mojo-platform-channel-handle=3280 /prefetch:1","localhost","ea7bfcc2-2263-4c1b-91c4-7992054991fb","False","df34afb5-1e8a-4880-8a28-6e0722507204"
"2026-08-05T19:10:36.5869940+08:00","191.453","17944","13664","Resolve.exe","2026/8/5 19:06:28","48.234","2495.7","""C:\Program Files\Blackmagic Design\DaVinci Resolve\Resolve.exe"" ","localhost","ea7bfcc2-2263-4c1b-91c4-7992054991fb","False","df34afb5-1e8a-4880-8a28-6e0722507204"
"2026-08-05T19:10:36.5869940+08:00","191.453","3496","17944","electron.exe","2026/8/5 19:06:46","0.516","105.5","""C:/Program Files/Blackmagic Design/DaVinci Resolve\Electron\electron.exe"" ""C:\ProgramData\Blackmagic Design\DaVinci Resolve\Support\Workflow Integration Plugins\com.wutpeach.clackly\workflow-plugin/main.js"" --plugin-id=com.wutpeach.clackly","localhost","ea7bfcc2-2263-4c1b-91c4-7992054991fb","False","df34afb5-1e8a-4880-8a28-6e0722507204"
"2026-08-05T19:10:36.5869940+08:00","191.453","10124","3496","electron.exe","2026/8/5 19:06:46","0.797","111.4","""C:\Program Files\Blackmagic Design\DaVinci Resolve\Electron\electron.exe"" --type=gpu-process --user-data-dir=""C:\Users\Administrator\AppData\Roaming\Clackly Workflow Plugin"" --gpu-preferences=UAAAAAAAAADgAAAEAAAAAAAAAAAAAAAAAABgAAEAAAAAAAAAAAAAAAAAAAACAAAAAAAAAAAAAAAAAAAAAAAAABAAAAAAAAAAEAAAAAAAAAAIAAAAAAAAAAgAAAAAAAAA --field-trial-handle=2044,i,8528152345874284265,13457465882528845703,262144 --enable-features=PdfUseShowSaveFilePicker --disable-features=SpareRendererForSitePerProcess,WinDelaySpellcheckServiceInit --variations-seed-version --mojo-platform-channel-handle=2032 /prefetch:2","localhost","ea7bfcc2-2263-4c1b-91c4-7992054991fb","False","df34afb5-1e8a-4880-8a28-6e0722507204"
"2026-08-05T19:10:36.5869940+08:00","191.453","37640","3496","electron.exe","2026/8/5 19:06:46","0.156","51.5","""C:\Program Files\Blackmagic Design\DaVinci Resolve\Electron\electron.exe"" --type=utility --utility-sub-type=network.mojom.NetworkService --lang=zh-CN --service-sandbox-type=none --user-data-dir=""C:\Users\Administrator\AppData\Roaming\Clackly Workflow Plugin"" --field-trial-handle=2044,i,8528152345874284265,13457465882528845703,262144 --enable-features=PdfUseShowSaveFilePicker --disable-features=SpareRendererForSitePerProcess,WinDelaySpellcheckServiceInit --variations-seed-version --mojo-platform-channel-handle=2232 /prefetch:11","localhost","ea7bfcc2-2263-4c1b-91c4-7992054991fb","False","df34afb5-1e8a-4880-8a28-6e0722507204"
"2026-08-05T19:10:36.5869940+08:00","191.453","15532","3496","electron.exe","2026/8/5 19:06:46","0.141","88.7","""C:\Program Files\Blackmagic Design\DaVinci Resolve\Electron\electron.exe"" --type=renderer --user-data-dir=""C:\Users\Administrator\AppData\Roaming\Clackly Workflow Plugin"" --app-path=""C:\ProgramData\Blackmagic Design\DaVinci Resolve\Support\Workflow Integration Plugins\com.wutpeach.clackly\workflow-plugin"" --no-sandbox --no-zygote --video-capture-use-gpu-memory-buffer --lang=zh-CN --device-scale-factor=1 --num-raster-threads=4 --enable-main-frame-before-activation --renderer-client-id=4 --time-ticks-at-unix-epoch=-1785918640205991 --launch-time-ticks=9366284582 --field-trial-handle=2044,i,8528152345874284265,13457465882528845703,262144 --enable-features=PdfUseShowSaveFilePicker --disable-features=SpareRendererForSitePerProcess,WinDelaySpellcheckServiceInit --variations-seed-version --mojo-platform-channel-handle=3280 /prefetch:1","localhost","ea7bfcc2-2263-4c1b-91c4-7992054991fb","False","df34afb5-1e8a-4880-8a28-6e0722507204"
"2026-08-05T19:10:38.5945595+08:00","185.256","17944","13664","Resolve.exe","2026/8/5 19:06:28","48.375","2495.7","""C:\Program Files\Blackmagic Design\DaVinci Resolve\Resolve.exe"" ","localhost","ea7bfcc2-2263-4c1b-91c4-7992054991fb","False","df34afb5-1e8a-4880-8a28-6e0722507204"
"2026-08-05T19:10:38.5945595+08:00","185.256","3496","17944","electron.exe","2026/8/5 19:06:46","0.531","105.5","""C:/Program Files/Blackmagic Design/DaVinci Resolve\Electron\electron.exe"" ""C:\ProgramData\Blackmagic Design\DaVinci Resolve\Support\Workflow Integration Plugins\com.wutpeach.clackly\workflow-plugin/main.js"" --plugin-id=com.wutpeach.clackly","localhost","ea7bfcc2-2263-4c1b-91c4-7992054991fb","False","df34afb5-1e8a-4880-8a28-6e0722507204"
"2026-08-05T19:10:38.5945595+08:00","185.256","10124","3496","electron.exe","2026/8/5 19:06:46","0.797","111.4","""C:\Program Files\Blackmagic Design\DaVinci Resolve\Electron\electron.exe"" --type=gpu-process --user-data-dir=""C:\Users\Administrator\AppData\Roaming\Clackly Workflow Plugin"" --gpu-preferences=UAAAAAAAAADgAAAEAAAAAAAAAAAAAAAAAABgAAEAAAAAAAAAAAAAAAAAAAACAAAAAAAAAAAAAAAAAAAAAAAAABAAAAAAAAAAEAAAAAAAAAAIAAAAAAAAAAgAAAAAAAAA --field-trial-handle=2044,i,8528152345874284265,13457465882528845703,262144 --enable-features=PdfUseShowSaveFilePicker --disable-features=SpareRendererForSitePerProcess,WinDelaySpellcheckServiceInit --variations-seed-version --mojo-platform-channel-handle=2032 /prefetch:2","localhost","ea7bfcc2-2263-4c1b-91c4-7992054991fb","False","df34afb5-1e8a-4880-8a28-6e0722507204"
"2026-08-05T19:10:38.5945595+08:00","185.256","37640","3496","electron.exe","2026/8/5 19:06:46","0.156","51.5","""C:\Program Files\Blackmagic Design\DaVinci Resolve\Electron\electron.exe"" --type=utility --utility-sub-type=network.mojom.NetworkService --lang=zh-CN --service-sandbox-type=none --user-data-dir=""C:\Users\Administrator\AppData\Roaming\Clackly Workflow Plugin"" --field-trial-handle=2044,i,8528152345874284265,13457465882528845703,262144 --enable-features=PdfUseShowSaveFilePicker --disable-features=SpareRendererForSitePerProcess,WinDelaySpellcheckServiceInit --variations-seed-version --mojo-platform-channel-handle=2232 /prefetch:11","localhost","ea7bfcc2-2263-4c1b-91c4-7992054991fb","False","df34afb5-1e8a-4880-8a28-6e0722507204"
"2026-08-05T19:10:38.5945595+08:00","185.256","15532","3496","electron.exe","2026/8/5 19:06:46","0.141","88.7","""C:\Program Files\Blackmagic Design\DaVinci Resolve\Electron\electron.exe"" --type=renderer --user-data-dir=""C:\Users\Administrator\AppData\Roaming\Clackly Workflow Plugin"" --app-path=""C:\ProgramData\Blackmagic Design\DaVinci Resolve\Support\Workflow Integration Plugins\com.wutpeach.clackly\workflow-plugin"" --no-sandbox --no-zygote --video-capture-use-gpu-memory-buffer --lang=zh-CN --device-scale-factor=1 --num-raster-threads=4 --enable-main-frame-before-activation --renderer-client-id=4 --time-ticks-at-unix-epoch=-1785918640205991 --launch-time-ticks=9366284582 --field-trial-handle=2044,i,8528152345874284265,13457465882528845703,262144 --enable-features=PdfUseShowSaveFilePicker --disable-features=SpareRendererForSitePerProcess,WinDelaySpellcheckServiceInit --variations-seed-version --mojo-platform-channel-handle=3280 /prefetch:1","localhost","ea7bfcc2-2263-4c1b-91c4-7992054991fb","False","df34afb5-1e8a-4880-8a28-6e0722507204"
"2026-08-05T19:10:40.6026845+08:00","243.596","17944","13664","Resolve.exe","2026/8/5 19:06:28","48.547","2495.7","""C:\Program Files\Blackmagic Design\DaVinci Resolve\Resolve.exe"" ","localhost","ea7bfcc2-2263-4c1b-91c4-7992054991fb","False","df34afb5-1e8a-4880-8a28-6e0722507204"
"2026-08-05T19:10:40.6026845+08:00","243.596","3496","17944","electron.exe","2026/8/5 19:06:46","0.547","105.5","""C:/Program Files/Blackmagic Design/DaVinci Resolve\Electron\electron.exe"" ""C:\ProgramData\Blackmagic Design\DaVinci Resolve\Support\Workflow Integration Plugins\com.wutpeach.clackly\workflow-plugin/main.js"" --plugin-id=com.wutpeach.clackly","localhost","ea7bfcc2-2263-4c1b-91c4-7992054991fb","False","df34afb5-1e8a-4880-8a28-6e0722507204"
"2026-08-05T19:10:40.6026845+08:00","243.596","10124","3496","electron.exe","2026/8/5 19:06:46","0.797","111.4","""C:\Program Files\Blackmagic Design\DaVinci Resolve\Electron\electron.exe"" --type=gpu-process --user-data-dir=""C:\Users\Administrator\AppData\Roaming\Clackly Workflow Plugin"" --gpu-preferences=UAAAAAAAAADgAAAEAAAAAAAAAAAAAAAAAABgAAEAAAAAAAAAAAAAAAAAAAACAAAAAAAAAAAAAAAAAAAAAAAAABAAAAAAAAAAEAAAAAAAAAAIAAAAAAAAAAgAAAAAAAAA --field-trial-handle=2044,i,8528152345874284265,13457465882528845703,262144 --enable-features=PdfUseShowSaveFilePicker --disable-features=SpareRendererForSitePerProcess,WinDelaySpellcheckServiceInit --variations-seed-version --mojo-platform-channel-handle=2032 /prefetch:2","localhost","ea7bfcc2-2263-4c1b-91c4-7992054991fb","False","df34afb5-1e8a-4880-8a28-6e0722507204"
"2026-08-05T19:10:40.6026845+08:00","244.598","37640","3496","electron.exe","2026/8/5 19:06:46","0.156","51.5","""C:\Program Files\Blackmagic Design\DaVinci Resolve\Electron\electron.exe"" --type=utility --utility-sub-type=network.mojom.NetworkService --lang=zh-CN --service-sandbox-type=none --user-data-dir=""C:\Users\Administrator\AppData\Roaming\Clackly Workflow Plugin"" --field-trial-handle=2044,i,8528152345874284265,13457465882528845703,262144 --enable-features=PdfUseShowSaveFilePicker --disable-features=SpareRendererForSitePerProcess,WinDelaySpellcheckServiceInit --variations-seed-version --mojo-platform-channel-handle=2232 /prefetch:11","localhost","ea7bfcc2-2263-4c1b-91c4-7992054991fb","False","df34afb5-1e8a-4880-8a28-6e0722507204"
"2026-08-05T19:10:40.6026845+08:00","244.598","15532","3496","electron.exe","2026/8/5 19:06:46","0.141","88.7","""C:\Program Files\Blackmagic Design\DaVinci Resolve\Electron\electron.exe"" --type=renderer --user-data-dir=""C:\Users\Administrator\AppData\Roaming\Clackly Workflow Plugin"" --app-path=""C:\ProgramData\Blackmagic Design\DaVinci Resolve\Support\Workflow Integration Plugins\com.wutpeach.clackly\workflow-plugin"" --no-sandbox --no-zygote --video-capture-use-gpu-memory-buffer --lang=zh-CN --device-scale-factor=1 --num-raster-threads=4 --enable-main-frame-before-activation --renderer-client-id=4 --time-ticks-at-unix-epoch=-1785918640205991 --launch-time-ticks=9366284582 --field-trial-handle=2044,i,8528152345874284265,13457465882528845703,262144 --enable-features=PdfUseShowSaveFilePicker --disable-features=SpareRendererForSitePerProcess,WinDelaySpellcheckServiceInit --variations-seed-version --mojo-platform-channel-handle=3280 /prefetch:1","localhost","ea7bfcc2-2263-4c1b-91c4-7992054991fb","False","df34afb5-1e8a-4880-8a28-6e0722507204"
"2026-08-05T19:10:42.6177641+08:00","188.012","17944","13664","Resolve.exe","2026/8/5 19:06:28","48.781","2495.7","""C:\Program Files\Blackmagic Design\DaVinci Resolve\Resolve.exe"" ","localhost","ea7bfcc2-2263-4c1b-91c4-7992054991fb","False","df34afb5-1e8a-4880-8a28-6e0722507204"
"2026-08-05T19:10:42.6177641+08:00","188.012","3496","17944","electron.exe","2026/8/5 19:06:46","0.547","105.5","""C:/Program Files/Blackmagic Design/DaVinci Resolve\Electron\electron.exe"" ""C:\ProgramData\Blackmagic Design\DaVinci Resolve\Support\Workflow Integration Plugins\com.wutpeach.clackly\workflow-plugin/main.js"" --plugin-id=com.wutpeach.clackly","localhost","ea7bfcc2-2263-4c1b-91c4-7992054991fb","False","df34afb5-1e8a-4880-8a28-6e0722507204"
"2026-08-05T19:10:42.6177641+08:00","188.012","10124","3496","electron.exe","2026/8/5 19:06:46","0.797","111.4","""C:\Program Files\Blackmagic Design\DaVinci Resolve\Electron\electron.exe"" --type=gpu-process --user-data-dir=""C:\Users\Administrator\AppData\Roaming\Clackly Workflow Plugin"" --gpu-preferences=UAAAAAAAAADgAAAEAAAAAAAAAAAAAAAAAABgAAEAAAAAAAAAAAAAAAAAAAACAAAAAAAAAAAAAAAAAAAAAAAAABAAAAAAAAAAEAAAAAAAAAAIAAAAAAAAAAgAAAAAAAAA --field-trial-handle=2044,i,8528152345874284265,13457465882528845703,262144 --enable-features=PdfUseShowSaveFilePicker --disable-features=SpareRendererForSitePerProcess,WinDelaySpellcheckServiceInit --variations-seed-version --mojo-platform-channel-handle=2032 /prefetch:2","localhost","ea7bfcc2-2263-4c1b-91c4-7992054991fb","False","df34afb5-1e8a-4880-8a28-6e0722507204"
"2026-08-05T19:10:42.6177641+08:00","188.012","37640","3496","electron.exe","2026/8/5 19:06:46","0.156","51.5","""C:\Program Files\Blackmagic Design\DaVinci Resolve\Electron\electron.exe"" --type=utility --utility-sub-type=network.mojom.NetworkService --lang=zh-CN --service-sandbox-type=none --user-data-dir=""C:\Users\Administrator\AppData\Roaming\Clackly Workflow Plugin"" --field-trial-handle=2044,i,8528152345874284265,13457465882528845703,262144 --enable-features=PdfUseShowSaveFilePicker --disable-features=SpareRendererForSitePerProcess,WinDelaySpellcheckServiceInit --variations-seed-version --mojo-platform-channel-handle=2232 /prefetch:11","localhost","ea7bfcc2-2263-4c1b-91c4-7992054991fb","False","df34afb5-1e8a-4880-8a28-6e0722507204"
"2026-08-05T19:10:42.6177641+08:00","188.012","15532","3496","electron.exe","2026/8/5 19:06:46","0.141","88.7","""C:\Program Files\Blackmagic Design\DaVinci Resolve\Electron\electron.exe"" --type=renderer --user-data-dir=""C:\Users\Administrator\AppData\Roaming\Clackly Workflow Plugin"" --app-path=""C:\ProgramData\Blackmagic Design\DaVinci Resolve\Support\Workflow Integration Plugins\com.wutpeach.clackly\workflow-plugin"" --no-sandbox --no-zygote --video-capture-use-gpu-memory-buffer --lang=zh-CN --device-scale-factor=1 --num-raster-threads=4 --enable-main-frame-before-activation --renderer-client-id=4 --time-ticks-at-unix-epoch=-1785918640205991 --launch-time-ticks=9366284582 --field-trial-handle=2044,i,8528152345874284265,13457465882528845703,262144 --enable-features=PdfUseShowSaveFilePicker --disable-features=SpareRendererForSitePerProcess,WinDelaySpellcheckServiceInit --variations-seed-version --mojo-platform-channel-handle=3280 /prefetch:1","localhost","ea7bfcc2-2263-4c1b-91c4-7992054991fb","False","df34afb5-1e8a-4880-8a28-6e0722507204"
"2026-08-05T19:10:44.6240981+08:00","232.896","17944","13664","Resolve.exe","2026/8/5 19:06:28","49.109","2561.2","""C:\Program Files\Blackmagic Design\DaVinci Resolve\Resolve.exe"" ","localhost","ea7bfcc2-2263-4c1b-91c4-7992054991fb","False","df34afb5-1e8a-4880-8a28-6e0722507204"
"2026-08-05T19:10:44.6240981+08:00","232.896","3496","17944","electron.exe","2026/8/5 19:06:46","0.562","105.5","""C:/Program Files/Blackmagic Design/DaVinci Resolve\Electron\electron.exe"" ""C:\ProgramData\Blackmagic Design\DaVinci Resolve\Support\Workflow Integration Plugins\com.wutpeach.clackly\workflow-plugin/main.js"" --plugin-id=com.wutpeach.clackly","localhost","ea7bfcc2-2263-4c1b-91c4-7992054991fb","False","df34afb5-1e8a-4880-8a28-6e0722507204"
"2026-08-05T19:10:44.6240981+08:00","232.896","10124","3496","electron.exe","2026/8/5 19:06:46","0.797","111.4","""C:\Program Files\Blackmagic Design\DaVinci Resolve\Electron\electron.exe"" --type=gpu-process --user-data-dir=""C:\Users\Administrator\AppData\Roaming\Clackly Workflow Plugin"" --gpu-preferences=UAAAAAAAAADgAAAEAAAAAAAAAAAAAAAAAABgAAEAAAAAAAAAAAAAAAAAAAACAAAAAAAAAAAAAAAAAAAAAAAAABAAAAAAAAAAEAAAAAAAAAAIAAAAAAAAAAgAAAAAAAAA --field-trial-handle=2044,i,8528152345874284265,13457465882528845703,262144 --enable-features=PdfUseShowSaveFilePicker --disable-features=SpareRendererForSitePerProcess,WinDelaySpellcheckServiceInit --variations-seed-version --mojo-platform-channel-handle=2032 /prefetch:2","localhost","ea7bfcc2-2263-4c1b-91c4-7992054991fb","False","df34afb5-1e8a-4880-8a28-6e0722507204"
"2026-08-05T19:10:44.6240981+08:00","232.896","37640","3496","electron.exe","2026/8/5 19:06:46","0.156","51.5","""C:\Program Files\Blackmagic Design\DaVinci Resolve\Electron\electron.exe"" --type=utility --utility-sub-type=network.mojom.NetworkService --lang=zh-CN --service-sandbox-type=none --user-data-dir=""C:\Users\Administrator\AppData\Roaming\Clackly Workflow Plugin"" --field-trial-handle=2044,i,8528152345874284265,13457465882528845703,262144 --enable-features=PdfUseShowSaveFilePicker --disable-features=SpareRendererForSitePerProcess,WinDelaySpellcheckServiceInit --variations-seed-version --mojo-platform-channel-handle=2232 /prefetch:11","localhost","ea7bfcc2-2263-4c1b-91c4-7992054991fb","False","df34afb5-1e8a-4880-8a28-6e0722507204"
"2026-08-05T19:10:44.6240981+08:00","232.896","15532","3496","electron.exe","2026/8/5 19:06:46","0.141","88.7","""C:\Program Files\Blackmagic Design\DaVinci Resolve\Electron\electron.exe"" --type=renderer --user-data-dir=""C:\Users\Administrator\AppData\Roaming\Clackly Workflow Plugin"" --app-path=""C:\ProgramData\Blackmagic Design\DaVinci Resolve\Support\Workflow Integration Plugins\com.wutpeach.clackly\workflow-plugin"" --no-sandbox --no-zygote --video-capture-use-gpu-memory-buffer --lang=zh-CN --device-scale-factor=1 --num-raster-threads=4 --enable-main-frame-before-activation --renderer-client-id=4 --time-ticks-at-unix-epoch=-1785918640205991 --launch-time-ticks=9366284582 --field-trial-handle=2044,i,8528152345874284265,13457465882528845703,262144 --enable-features=PdfUseShowSaveFilePicker --disable-features=SpareRendererForSitePerProcess,WinDelaySpellcheckServiceInit --variations-seed-version --mojo-platform-channel-handle=3280 /prefetch:1","localhost","ea7bfcc2-2263-4c1b-91c4-7992054991fb","False","df34afb5-1e8a-4880-8a28-6e0722507204"
"2026-08-05T19:10:46.6305600+08:00","249.984","17944","13664","Resolve.exe","2026/8/5 19:06:28","50.109","2574.2","""C:\Program Files\Blackmagic Design\DaVinci Resolve\Resolve.exe"" ","localhost","ea7bfcc2-2263-4c1b-91c4-7992054991fb","False","df34afb5-1e8a-4880-8a28-6e0722507204"
"2026-08-05T19:10:46.6305600+08:00","250.984","3496","17944","electron.exe","2026/8/5 19:06:46","0.562","105.5","""C:/Program Files/Blackmagic Design/DaVinci Resolve\Electron\electron.exe"" ""C:\ProgramData\Blackmagic Design\DaVinci Resolve\Support\Workflow Integration Plugins\com.wutpeach.clackly\workflow-plugin/main.js"" --plugin-id=com.wutpeach.clackly","localhost","ea7bfcc2-2263-4c1b-91c4-7992054991fb","False","df34afb5-1e8a-4880-8a28-6e0722507204"
"2026-08-05T19:10:46.6305600+08:00","250.984","10124","3496","electron.exe","2026/8/5 19:06:46","0.797","111.4","""C:\Program Files\Blackmagic Design\DaVinci Resolve\Electron\electron.exe"" --type=gpu-process --user-data-dir=""C:\Users\Administrator\AppData\Roaming\Clackly Workflow Plugin"" --gpu-preferences=UAAAAAAAAADgAAAEAAAAAAAAAAAAAAAAAABgAAEAAAAAAAAAAAAAAAAAAAACAAAAAAAAAAAAAAAAAAAAAAAAABAAAAAAAAAAEAAAAAAAAAAIAAAAAAAAAAgAAAAAAAAA --field-trial-handle=2044,i,8528152345874284265,13457465882528845703,262144 --enable-features=PdfUseShowSaveFilePicker --disable-features=SpareRendererForSitePerProcess,WinDelaySpellcheckServiceInit --variations-seed-version --mojo-platform-channel-handle=2032 /prefetch:2","localhost","ea7bfcc2-2263-4c1b-91c4-7992054991fb","False","df34afb5-1e8a-4880-8a28-6e0722507204"
"2026-08-05T19:10:46.6305600+08:00","250.984","37640","3496","electron.exe","2026/8/5 19:06:46","0.156","51.6","""C:\Program Files\Blackmagic Design\DaVinci Resolve\Electron\electron.exe"" --type=utility --utility-sub-type=network.mojom.NetworkService --lang=zh-CN --service-sandbox-type=none --user-data-dir=""C:\Users\Administrator\AppData\Roaming\Clackly Workflow Plugin"" --field-trial-handle=2044,i,8528152345874284265,13457465882528845703,262144 --enable-features=PdfUseShowSaveFilePicker --disable-features=SpareRendererForSitePerProcess,WinDelaySpellcheckServiceInit --variations-seed-version --mojo-platform-channel-handle=2232 /prefetch:11","localhost","ea7bfcc2-2263-4c1b-91c4-7992054991fb","False","df34afb5-1e8a-4880-8a28-6e0722507204"
"2026-08-05T19:10:46.6305600+08:00","250.984","15532","3496","electron.exe","2026/8/5 19:06:46","0.141","88.7","""C:\Program Files\Blackmagic Design\DaVinci Resolve\Electron\electron.exe"" --type=renderer --user-data-dir=""C:\Users\Administrator\AppData\Roaming\Clackly Workflow Plugin"" --app-path=""C:\ProgramData\Blackmagic Design\DaVinci Resolve\Support\Workflow Integration Plugins\com.wutpeach.clackly\workflow-plugin"" --no-sandbox --no-zygote --video-capture-use-gpu-memory-buffer --lang=zh-CN --device-scale-factor=1 --num-raster-threads=4 --enable-main-frame-before-activation --renderer-client-id=4 --time-ticks-at-unix-epoch=-1785918640205991 --launch-time-ticks=9366284582 --field-trial-handle=2044,i,8528152345874284265,13457465882528845703,262144 --enable-features=PdfUseShowSaveFilePicker --disable-features=SpareRendererForSitePerProcess,WinDelaySpellcheckServiceInit --variations-seed-version --mojo-platform-channel-handle=3280 /prefetch:1","localhost","ea7bfcc2-2263-4c1b-91c4-7992054991fb","False","df34afb5-1e8a-4880-8a28-6e0722507204"
"2026-08-05T19:10:48.6413251+08:00","255.216","17944","13664","Resolve.exe","2026/8/5 19:06:28","51.359","2575.8","""C:\Program Files\Blackmagic Design\DaVinci Resolve\Resolve.exe"" ","localhost","ea7bfcc2-2263-4c1b-91c4-7992054991fb","False","df34afb5-1e8a-4880-8a28-6e0722507204"
"2026-08-05T19:10:48.6413251+08:00","255.216","3496","17944","electron.exe","2026/8/5 19:06:46","0.562","105.5","""C:/Program Files/Blackmagic Design/DaVinci Resolve\Electron\electron.exe"" ""C:\ProgramData\Blackmagic Design\DaVinci Resolve\Support\Workflow Integration Plugins\com.wutpeach.clackly\workflow-plugin/main.js"" --plugin-id=com.wutpeach.clackly","localhost","ea7bfcc2-2263-4c1b-91c4-7992054991fb","False","df34afb5-1e8a-4880-8a28-6e0722507204"
"2026-08-05T19:10:48.6413251+08:00","255.216","10124","3496","electron.exe","2026/8/5 19:06:46","0.797","111.4","""C:\Program Files\Blackmagic Design\DaVinci Resolve\Electron\electron.exe"" --type=gpu-process --user-data-dir=""C:\Users\Administrator\AppData\Roaming\Clackly Workflow Plugin"" --gpu-preferences=UAAAAAAAAADgAAAEAAAAAAAAAAAAAAAAAABgAAEAAAAAAAAAAAAAAAAAAAACAAAAAAAAAAAAAAAAAAAAAAAAABAAAAAAAAAAEAAAAAAAAAAIAAAAAAAAAAgAAAAAAAAA --field-trial-handle=2044,i,8528152345874284265,13457465882528845703,262144 --enable-features=PdfUseShowSaveFilePicker --disable-features=SpareRendererForSitePerProcess,WinDelaySpellcheckServiceInit --variations-seed-version --mojo-platform-channel-handle=2032 /prefetch:2","localhost","ea7bfcc2-2263-4c1b-91c4-7992054991fb","False","df34afb5-1e8a-4880-8a28-6e0722507204"
"2026-08-05T19:10:48.6413251+08:00","255.216","37640","3496","electron.exe","2026/8/5 19:06:46","0.156","51.6","""C:\Program Files\Blackmagic Design\DaVinci Resolve\Electron\electron.exe"" --type=utility --utility-sub-type=network.mojom.NetworkService --lang=zh-CN --service-sandbox-type=none --user-data-dir=""C:\Users\Administrator\AppData\Roaming\Clackly Workflow Plugin"" --field-trial-handle=2044,i,8528152345874284265,13457465882528845703,262144 --enable-features=PdfUseShowSaveFilePicker --disable-features=SpareRendererForSitePerProcess,WinDelaySpellcheckServiceInit --variations-seed-version --mojo-platform-channel-handle=2232 /prefetch:11","localhost","ea7bfcc2-2263-4c1b-91c4-7992054991fb","False","df34afb5-1e8a-4880-8a28-6e0722507204"
"2026-08-05T19:10:48.6413251+08:00","255.216","15532","3496","electron.exe","2026/8/5 19:06:46","0.141","88.7","""C:\Program Files\Blackmagic Design\DaVinci Resolve\Electron\electron.exe"" --type=renderer --user-data-dir=""C:\Users\Administrator\AppData\Roaming\Clackly Workflow Plugin"" --app-path=""C:\ProgramData\Blackmagic Design\DaVinci Resolve\Support\Workflow Integration Plugins\com.wutpeach.clackly\workflow-plugin"" --no-sandbox --no-zygote --video-capture-use-gpu-memory-buffer --lang=zh-CN --device-scale-factor=1 --num-raster-threads=4 --enable-main-frame-before-activation --renderer-client-id=4 --time-ticks-at-unix-epoch=-1785918640205991 --launch-time-ticks=9366284582 --field-trial-handle=2044,i,8528152345874284265,13457465882528845703,262144 --enable-features=PdfUseShowSaveFilePicker --disable-features=SpareRendererForSitePerProcess,WinDelaySpellcheckServiceInit --variations-seed-version --mojo-platform-channel-handle=3280 /prefetch:1","localhost","ea7bfcc2-2263-4c1b-91c4-7992054991fb","False","df34afb5-1e8a-4880-8a28-6e0722507204"
"2026-08-05T19:10:50.6555231+08:00","201.046","17944","13664","Resolve.exe","2026/8/5 19:06:28","52.891","2586.3","""C:\Program Files\Blackmagic Design\DaVinci Resolve\Resolve.exe"" ","localhost","ea7bfcc2-2263-4c1b-91c4-7992054991fb","False","df34afb5-1e8a-4880-8a28-6e0722507204"
"2026-08-05T19:10:50.6555231+08:00","201.046","3496","17944","electron.exe","2026/8/5 19:06:46","0.562","105.5","""C:/Program Files/Blackmagic Design/DaVinci Resolve\Electron\electron.exe"" ""C:\ProgramData\Blackmagic Design\DaVinci Resolve\Support\Workflow Integration Plugins\com.wutpeach.clackly\workflow-plugin/main.js"" --plugin-id=com.wutpeach.clackly","localhost","ea7bfcc2-2263-4c1b-91c4-7992054991fb","False","df34afb5-1e8a-4880-8a28-6e0722507204"
"2026-08-05T19:10:50.6555231+08:00","201.046","10124","3496","electron.exe","2026/8/5 19:06:46","0.812","111.4","""C:\Program Files\Blackmagic Design\DaVinci Resolve\Electron\electron.exe"" --type=gpu-process --user-data-dir=""C:\Users\Administrator\AppData\Roaming\Clackly Workflow Plugin"" --gpu-preferences=UAAAAAAAAADgAAAEAAAAAAAAAAAAAAAAAABgAAEAAAAAAAAAAAAAAAAAAAACAAAAAAAAAAAAAAAAAAAAAAAAABAAAAAAAAAAEAAAAAAAAAAIAAAAAAAAAAgAAAAAAAAA --field-trial-handle=2044,i,8528152345874284265,13457465882528845703,262144 --enable-features=PdfUseShowSaveFilePicker --disable-features=SpareRendererForSitePerProcess,WinDelaySpellcheckServiceInit --variations-seed-version --mojo-platform-channel-handle=2032 /prefetch:2","localhost","ea7bfcc2-2263-4c1b-91c4-7992054991fb","False","df34afb5-1e8a-4880-8a28-6e0722507204"
"2026-08-05T19:10:50.6555231+08:00","201.046","37640","3496","electron.exe","2026/8/5 19:06:46","0.156","51.6","""C:\Program Files\Blackmagic Design\DaVinci Resolve\Electron\electron.exe"" --type=utility --utility-sub-type=network.mojom.NetworkService --lang=zh-CN --service-sandbox-type=none --user-data-dir=""C:\Users\Administrator\AppData\Roaming\Clackly Workflow Plugin"" --field-trial-handle=2044,i,8528152345874284265,13457465882528845703,262144 --enable-features=PdfUseShowSaveFilePicker --disable-features=SpareRendererForSitePerProcess,WinDelaySpellcheckServiceInit --variations-seed-version --mojo-platform-channel-handle=2232 /prefetch:11","localhost","ea7bfcc2-2263-4c1b-91c4-7992054991fb","False","df34afb5-1e8a-4880-8a28-6e0722507204"
"2026-08-05T19:10:50.6555231+08:00","201.046","15532","3496","electron.exe","2026/8/5 19:06:46","0.141","88.7","""C:\Program Files\Blackmagic Design\DaVinci Resolve\Electron\electron.exe"" --type=renderer --user-data-dir=""C:\Users\Administrator\AppData\Roaming\Clackly Workflow Plugin"" --app-path=""C:\ProgramData\Blackmagic Design\DaVinci Resolve\Support\Workflow Integration Plugins\com.wutpeach.clackly\workflow-plugin"" --no-sandbox --no-zygote --video-capture-use-gpu-memory-buffer --lang=zh-CN --device-scale-factor=1 --num-raster-threads=4 --enable-main-frame-before-activation --renderer-client-id=4 --time-ticks-at-unix-epoch=-1785918640205991 --launch-time-ticks=9366284582 --field-trial-handle=2044,i,8528152345874284265,13457465882528845703,262144 --enable-features=PdfUseShowSaveFilePicker --disable-features=SpareRendererForSitePerProcess,WinDelaySpellcheckServiceInit --variations-seed-version --mojo-platform-channel-handle=3280 /prefetch:1","localhost","ea7bfcc2-2263-4c1b-91c4-7992054991fb","False","df34afb5-1e8a-4880-8a28-6e0722507204"
"2026-08-05T19:10:52.6574479+08:00","202.789","17944","13664","Resolve.exe","2026/8/5 19:06:28","54.031","2589.4","""C:\Program Files\Blackmagic Design\DaVinci Resolve\Resolve.exe"" ","localhost","ea7bfcc2-2263-4c1b-91c4-7992054991fb","False","df34afb5-1e8a-4880-8a28-6e0722507204"
"2026-08-05T19:10:52.6574479+08:00","203.79","3496","17944","electron.exe","2026/8/5 19:06:46","0.562","105.5","""C:/Program Files/Blackmagic Design/DaVinci Resolve\Electron\electron.exe"" ""C:\ProgramData\Blackmagic Design\DaVinci Resolve\Support\Workflow Integration Plugins\com.wutpeach.clackly\workflow-plugin/main.js"" --plugin-id=com.wutpeach.clackly","localhost","ea7bfcc2-2263-4c1b-91c4-7992054991fb","False","df34afb5-1e8a-4880-8a28-6e0722507204"
"2026-08-05T19:10:52.6574479+08:00","203.79","10124","3496","electron.exe","2026/8/5 19:06:46","0.812","111.4","""C:\Program Files\Blackmagic Design\DaVinci Resolve\Electron\electron.exe"" --type=gpu-process --user-data-dir=""C:\Users\Administrator\AppData\Roaming\Clackly Workflow Plugin"" --gpu-preferences=UAAAAAAAAADgAAAEAAAAAAAAAAAAAAAAAABgAAEAAAAAAAAAAAAAAAAAAAACAAAAAAAAAAAAAAAAAAAAAAAAABAAAAAAAAAAEAAAAAAAAAAIAAAAAAAAAAgAAAAAAAAA --field-trial-handle=2044,i,8528152345874284265,13457465882528845703,262144 --enable-features=PdfUseShowSaveFilePicker --disable-features=SpareRendererForSitePerProcess,WinDelaySpellcheckServiceInit --variations-seed-version --mojo-platform-channel-handle=2032 /prefetch:2","localhost","ea7bfcc2-2263-4c1b-91c4-7992054991fb","False","df34afb5-1e8a-4880-8a28-6e0722507204"
"2026-08-05T19:10:52.6574479+08:00","203.79","37640","3496","electron.exe","2026/8/5 19:06:46","0.156","51.6","""C:\Program Files\Blackmagic Design\DaVinci Resolve\Electron\electron.exe"" --type=utility --utility-sub-type=network.mojom.NetworkService --lang=zh-CN --service-sandbox-type=none --user-data-dir=""C:\Users\Administrator\AppData\Roaming\Clackly Workflow Plugin"" --field-trial-handle=2044,i,8528152345874284265,13457465882528845703,262144 --enable-features=PdfUseShowSaveFilePicker --disable-features=SpareRendererForSitePerProcess,WinDelaySpellcheckServiceInit --variations-seed-version --mojo-platform-channel-handle=2232 /prefetch:11","localhost","ea7bfcc2-2263-4c1b-91c4-7992054991fb","False","df34afb5-1e8a-4880-8a28-6e0722507204"
"2026-08-05T19:10:52.6574479+08:00","203.79","15532","3496","electron.exe","2026/8/5 19:06:46","0.141","88.7","""C:\Program Files\Blackmagic Design\DaVinci Resolve\Electron\electron.exe"" --type=renderer --user-data-dir=""C:\Users\Administrator\AppData\Roaming\Clackly Workflow Plugin"" --app-path=""C:\ProgramData\Blackmagic Design\DaVinci Resolve\Support\Workflow Integration Plugins\com.wutpeach.clackly\workflow-plugin"" --no-sandbox --no-zygote --video-capture-use-gpu-memory-buffer --lang=zh-CN --device-scale-factor=1 --num-raster-threads=4 --enable-main-frame-before-activation --renderer-client-id=4 --time-ticks-at-unix-epoch=-1785918640205991 --launch-time-ticks=9366284582 --field-trial-handle=2044,i,8528152345874284265,13457465882528845703,262144 --enable-features=PdfUseShowSaveFilePicker --disable-features=SpareRendererForSitePerProcess,WinDelaySpellcheckServiceInit --variations-seed-version --mojo-platform-channel-handle=3280 /prefetch:1","localhost","ea7bfcc2-2263-4c1b-91c4-7992054991fb","False","df34afb5-1e8a-4880-8a28-6e0722507204"
"2026-08-05T19:10:54.6636996+08:00","214.31","17944","13664","Resolve.exe","2026/8/5 19:06:28","54.953","2590.5","""C:\Program Files\Blackmagic Design\DaVinci Resolve\Resolve.exe"" ","localhost","ea7bfcc2-2263-4c1b-91c4-7992054991fb","False","df34afb5-1e8a-4880-8a28-6e0722507204"
"2026-08-05T19:10:54.6636996+08:00","214.31","3496","17944","electron.exe","2026/8/5 19:06:46","0.562","105.5","""C:/Program Files/Blackmagic Design/DaVinci Resolve\Electron\electron.exe"" ""C:\ProgramData\Blackmagic Design\DaVinci Resolve\Support\Workflow Integration Plugins\com.wutpeach.clackly\workflow-plugin/main.js"" --plugin-id=com.wutpeach.clackly","localhost","ea7bfcc2-2263-4c1b-91c4-7992054991fb","False","df34afb5-1e8a-4880-8a28-6e0722507204"
"2026-08-05T19:10:54.6636996+08:00","214.31","10124","3496","electron.exe","2026/8/5 19:06:46","0.812","111.4","""C:\Program Files\Blackmagic Design\DaVinci Resolve\Electron\electron.exe"" --type=gpu-process --user-data-dir=""C:\Users\Administrator\AppData\Roaming\Clackly Workflow Plugin"" --gpu-preferences=UAAAAAAAAADgAAAEAAAAAAAAAAAAAAAAAABgAAEAAAAAAAAAAAAAAAAAAAACAAAAAAAAAAAAAAAAAAAAAAAAABAAAAAAAAAAEAAAAAAAAAAIAAAAAAAAAAgAAAAAAAAA --field-trial-handle=2044,i,8528152345874284265,13457465882528845703,262144 --enable-features=PdfUseShowSaveFilePicker --disable-features=SpareRendererForSitePerProcess,WinDelaySpellcheckServiceInit --variations-seed-version --mojo-platform-channel-handle=2032 /prefetch:2","localhost","ea7bfcc2-2263-4c1b-91c4-7992054991fb","False","df34afb5-1e8a-4880-8a28-6e0722507204"
"2026-08-05T19:10:54.6636996+08:00","214.31","37640","3496","electron.exe","2026/8/5 19:06:46","0.156","51.6","""C:\Program Files\Blackmagic Design\DaVinci Resolve\Electron\electron.exe"" --type=utility --utility-sub-type=network.mojom.NetworkService --lang=zh-CN --service-sandbox-type=none --user-data-dir=""C:\Users\Administrator\AppData\Roaming\Clackly Workflow Plugin"" --field-trial-handle=2044,i,8528152345874284265,13457465882528845703,262144 --enable-features=PdfUseShowSaveFilePicker --disable-features=SpareRendererForSitePerProcess,WinDelaySpellcheckServiceInit --variations-seed-version --mojo-platform-channel-handle=2232 /prefetch:11","localhost","ea7bfcc2-2263-4c1b-91c4-7992054991fb","False","df34afb5-1e8a-4880-8a28-6e0722507204"
"2026-08-05T19:10:54.6636996+08:00","214.31","15532","3496","electron.exe","2026/8/5 19:06:46","0.141","88.7","""C:\Program Files\Blackmagic Design\DaVinci Resolve\Electron\electron.exe"" --type=renderer --user-data-dir=""C:\Users\Administrator\AppData\Roaming\Clackly Workflow Plugin"" --app-path=""C:\ProgramData\Blackmagic Design\DaVinci Resolve\Support\Workflow Integration Plugins\com.wutpeach.clackly\workflow-plugin"" --no-sandbox --no-zygote --video-capture-use-gpu-memory-buffer --lang=zh-CN --device-scale-factor=1 --num-raster-threads=4 --enable-main-frame-before-activation --renderer-client-id=4 --time-ticks-at-unix-epoch=-1785918640205991 --launch-time-ticks=9366284582 --field-trial-handle=2044,i,8528152345874284265,13457465882528845703,262144 --enable-features=PdfUseShowSaveFilePicker --disable-features=SpareRendererForSitePerProcess,WinDelaySpellcheckServiceInit --variations-seed-version --mojo-platform-channel-handle=3280 /prefetch:1","localhost","ea7bfcc2-2263-4c1b-91c4-7992054991fb","False","df34afb5-1e8a-4880-8a28-6e0722507204"
"2026-08-05T19:10:56.6653863+08:00","239.738","17944","13664","Resolve.exe","2026/8/5 19:06:28","55.641","2589.7","""C:\Program Files\Blackmagic Design\DaVinci Resolve\Resolve.exe"" ","localhost","ea7bfcc2-2263-4c1b-91c4-7992054991fb","False","df34afb5-1e8a-4880-8a28-6e0722507204"
"2026-08-05T19:10:56.6653863+08:00","239.738","3496","17944","electron.exe","2026/8/5 19:06:46","0.562","105.5","""C:/Program Files/Blackmagic Design/DaVinci Resolve\Electron\electron.exe"" ""C:\ProgramData\Blackmagic Design\DaVinci Resolve\Support\Workflow Integration Plugins\com.wutpeach.clackly\workflow-plugin/main.js"" --plugin-id=com.wutpeach.clackly","localhost","ea7bfcc2-2263-4c1b-91c4-7992054991fb","False","df34afb5-1e8a-4880-8a28-6e0722507204"
"2026-08-05T19:10:56.6653863+08:00","239.738","10124","3496","electron.exe","2026/8/5 19:06:46","0.812","111.4","""C:\Program Files\Blackmagic Design\DaVinci Resolve\Electron\electron.exe"" --type=gpu-process --user-data-dir=""C:\Users\Administrator\AppData\Roaming\Clackly Workflow Plugin"" --gpu-preferences=UAAAAAAAAADgAAAEAAAAAAAAAAAAAAAAAABgAAEAAAAAAAAAAAAAAAAAAAACAAAAAAAAAAAAAAAAAAAAAAAAABAAAAAAAAAAEAAAAAAAAAAIAAAAAAAAAAgAAAAAAAAA --field-trial-handle=2044,i,8528152345874284265,13457465882528845703,262144 --enable-features=PdfUseShowSaveFilePicker --disable-features=SpareRendererForSitePerProcess,WinDelaySpellcheckServiceInit --variations-seed-version --mojo-platform-channel-handle=2032 /prefetch:2","localhost","ea7bfcc2-2263-4c1b-91c4-7992054991fb","False","df34afb5-1e8a-4880-8a28-6e0722507204"
"2026-08-05T19:10:56.6653863+08:00","239.738","37640","3496","electron.exe","2026/8/5 19:06:46","0.156","51.6","""C:\Program Files\Blackmagic Design\DaVinci Resolve\Electron\electron.exe"" --type=utility --utility-sub-type=network.mojom.NetworkService --lang=zh-CN --service-sandbox-type=none --user-data-dir=""C:\Users\Administrator\AppData\Roaming\Clackly Workflow Plugin"" --field-trial-handle=2044,i,8528152345874284265,13457465882528845703,262144 --enable-features=PdfUseShowSaveFilePicker --disable-features=SpareRendererForSitePerProcess,WinDelaySpellcheckServiceInit --variations-seed-version --mojo-platform-channel-handle=2232 /prefetch:11","localhost","ea7bfcc2-2263-4c1b-91c4-7992054991fb","False","df34afb5-1e8a-4880-8a28-6e0722507204"
"2026-08-05T19:10:56.6653863+08:00","239.738","15532","3496","electron.exe","2026/8/5 19:06:46","0.141","88.7","""C:\Program Files\Blackmagic Design\DaVinci Resolve\Electron\electron.exe"" --type=renderer --user-data-dir=""C:\Users\Administrator\AppData\Roaming\Clackly Workflow Plugin"" --app-path=""C:\ProgramData\Blackmagic Design\DaVinci Resolve\Support\Workflow Integration Plugins\com.wutpeach.clackly\workflow-plugin"" --no-sandbox --no-zygote --video-capture-use-gpu-memory-buffer --lang=zh-CN --device-scale-factor=1 --num-raster-threads=4 --enable-main-frame-before-activation --renderer-client-id=4 --time-ticks-at-unix-epoch=-1785918640205991 --launch-time-ticks=9366284582 --field-trial-handle=2044,i,8528152345874284265,13457465882528845703,262144 --enable-features=PdfUseShowSaveFilePicker --disable-features=SpareRendererForSitePerProcess,WinDelaySpellcheckServiceInit --variations-seed-version --mojo-platform-channel-handle=3280 /prefetch:1","localhost","ea7bfcc2-2263-4c1b-91c4-7992054991fb","False","df34afb5-1e8a-4880-8a28-6e0722507204"
"2026-08-05T19:10:58.6755185+08:00","194.714","17944","13664","Resolve.exe","2026/8/5 19:06:28","55.922","2525.9","""C:\Program Files\Blackmagic Design\DaVinci Resolve\Resolve.exe"" ","localhost","ea7bfcc2-2263-4c1b-91c4-7992054991fb","False","df34afb5-1e8a-4880-8a28-6e0722507204"
"2026-08-05T19:10:58.6755185+08:00","194.714","3496","17944","electron.exe","2026/8/5 19:06:46","0.562","105.5","""C:/Program Files/Blackmagic Design/DaVinci Resolve\Electron\electron.exe"" ""C:\ProgramData\Blackmagic Design\DaVinci Resolve\Support\Workflow Integration Plugins\com.wutpeach.clackly\workflow-plugin/main.js"" --plugin-id=com.wutpeach.clackly","localhost","ea7bfcc2-2263-4c1b-91c4-7992054991fb","False","df34afb5-1e8a-4880-8a28-6e0722507204"
"2026-08-05T19:10:58.6755185+08:00","194.714","10124","3496","electron.exe","2026/8/5 19:06:46","0.812","111.4","""C:\Program Files\Blackmagic Design\DaVinci Resolve\Electron\electron.exe"" --type=gpu-process --user-data-dir=""C:\Users\Administrator\AppData\Roaming\Clackly Workflow Plugin"" --gpu-preferences=UAAAAAAAAADgAAAEAAAAAAAAAAAAAAAAAABgAAEAAAAAAAAAAAAAAAAAAAACAAAAAAAAAAAAAAAAAAAAAAAAABAAAAAAAAAAEAAAAAAAAAAIAAAAAAAAAAgAAAAAAAAA --field-trial-handle=2044,i,8528152345874284265,13457465882528845703,262144 --enable-features=PdfUseShowSaveFilePicker --disable-features=SpareRendererForSitePerProcess,WinDelaySpellcheckServiceInit --variations-seed-version --mojo-platform-channel-handle=2032 /prefetch:2","localhost","ea7bfcc2-2263-4c1b-91c4-7992054991fb","False","df34afb5-1e8a-4880-8a28-6e0722507204"
"2026-08-05T19:10:58.6755185+08:00","194.714","37640","3496","electron.exe","2026/8/5 19:06:46","0.156","51.6","""C:\Program Files\Blackmagic Design\DaVinci Resolve\Electron\electron.exe"" --type=utility --utility-sub-type=network.mojom.NetworkService --lang=zh-CN --service-sandbox-type=none --user-data-dir=""C:\Users\Administrator\AppData\Roaming\Clackly Workflow Plugin"" --field-trial-handle=2044,i,8528152345874284265,13457465882528845703,262144 --enable-features=PdfUseShowSaveFilePicker --disable-features=SpareRendererForSitePerProcess,WinDelaySpellcheckServiceInit --variations-seed-version --mojo-platform-channel-handle=2232 /prefetch:11","localhost","ea7bfcc2-2263-4c1b-91c4-7992054991fb","False","df34afb5-1e8a-4880-8a28-6e0722507204"
"2026-08-05T19:10:58.6755185+08:00","194.714","15532","3496","electron.exe","2026/8/5 19:06:46","0.141","88.7","""C:\Program Files\Blackmagic Design\DaVinci Resolve\Electron\electron.exe"" --type=renderer --user-data-dir=""C:\Users\Administrator\AppData\Roaming\Clackly Workflow Plugin"" --app-path=""C:\ProgramData\Blackmagic Design\DaVinci Resolve\Support\Workflow Integration Plugins\com.wutpeach.clackly\workflow-plugin"" --no-sandbox --no-zygote --video-capture-use-gpu-memory-buffer --lang=zh-CN --device-scale-factor=1 --num-raster-threads=4 --enable-main-frame-before-activation --renderer-client-id=4 --time-ticks-at-unix-epoch=-1785918640205991 --launch-time-ticks=9366284582 --field-trial-handle=2044,i,8528152345874284265,13457465882528845703,262144 --enable-features=PdfUseShowSaveFilePicker --disable-features=SpareRendererForSitePerProcess,WinDelaySpellcheckServiceInit --variations-seed-version --mojo-platform-channel-handle=3280 /prefetch:1","localhost","ea7bfcc2-2263-4c1b-91c4-7992054991fb","False","df34afb5-1e8a-4880-8a28-6e0722507204"
"2026-08-05T19:11:00.6883920+08:00","215.287","17944","13664","Resolve.exe","2026/8/5 19:06:28","56.188","2525.9","""C:\Program Files\Blackmagic Design\DaVinci Resolve\Resolve.exe"" ","localhost","ea7bfcc2-2263-4c1b-91c4-7992054991fb","False","df34afb5-1e8a-4880-8a28-6e0722507204"
"2026-08-05T19:11:00.6883920+08:00","215.287","3496","17944","electron.exe","2026/8/5 19:06:46","0.562","105.5","""C:/Program Files/Blackmagic Design/DaVinci Resolve\Electron\electron.exe"" ""C:\ProgramData\Blackmagic Design\DaVinci Resolve\Support\Workflow Integration Plugins\com.wutpeach.clackly\workflow-plugin/main.js"" --plugin-id=com.wutpeach.clackly","localhost","ea7bfcc2-2263-4c1b-91c4-7992054991fb","False","df34afb5-1e8a-4880-8a28-6e0722507204"
"2026-08-05T19:11:00.6883920+08:00","215.287","10124","3496","electron.exe","2026/8/5 19:06:46","0.812","111.4","""C:\Program Files\Blackmagic Design\DaVinci Resolve\Electron\electron.exe"" --type=gpu-process --user-data-dir=""C:\Users\Administrator\AppData\Roaming\Clackly Workflow Plugin"" --gpu-preferences=UAAAAAAAAADgAAAEAAAAAAAAAAAAAAAAAABgAAEAAAAAAAAAAAAAAAAAAAACAAAAAAAAAAAAAAAAAAAAAAAAABAAAAAAAAAAEAAAAAAAAAAIAAAAAAAAAAgAAAAAAAAA --field-trial-handle=2044,i,8528152345874284265,13457465882528845703,262144 --enable-features=PdfUseShowSaveFilePicker --disable-features=SpareRendererForSitePerProcess,WinDelaySpellcheckServiceInit --variations-seed-version --mojo-platform-channel-handle=2032 /prefetch:2","localhost","ea7bfcc2-2263-4c1b-91c4-7992054991fb","False","df34afb5-1e8a-4880-8a28-6e0722507204"
"2026-08-05T19:11:00.6883920+08:00","215.287","37640","3496","electron.exe","2026/8/5 19:06:46","0.156","51.6","""C:\Program Files\Blackmagic Design\DaVinci Resolve\Electron\electron.exe"" --type=utility --utility-sub-type=network.mojom.NetworkService --lang=zh-CN --service-sandbox-type=none --user-data-dir=""C:\Users\Administrator\AppData\Roaming\Clackly Workflow Plugin"" --field-trial-handle=2044,i,8528152345874284265,13457465882528845703,262144 --enable-features=PdfUseShowSaveFilePicker --disable-features=SpareRendererForSitePerProcess,WinDelaySpellcheckServiceInit --variations-seed-version --mojo-platform-channel-handle=2232 /prefetch:11","localhost","ea7bfcc2-2263-4c1b-91c4-7992054991fb","False","df34afb5-1e8a-4880-8a28-6e0722507204"
"2026-08-05T19:11:00.6883920+08:00","215.287","15532","3496","electron.exe","2026/8/5 19:06:46","0.141","88.7","""C:\Program Files\Blackmagic Design\DaVinci Resolve\Electron\electron.exe"" --type=renderer --user-data-dir=""C:\Users\Administrator\AppData\Roaming\Clackly Workflow Plugin"" --app-path=""C:\ProgramData\Blackmagic Design\DaVinci Resolve\Support\Workflow Integration Plugins\com.wutpeach.clackly\workflow-plugin"" --no-sandbox --no-zygote --video-capture-use-gpu-memory-buffer --lang=zh-CN --device-scale-factor=1 --num-raster-threads=4 --enable-main-frame-before-activation --renderer-client-id=4 --time-ticks-at-unix-epoch=-1785918640205991 --launch-time-ticks=9366284582 --field-trial-handle=2044,i,8528152345874284265,13457465882528845703,262144 --enable-features=PdfUseShowSaveFilePicker --disable-features=SpareRendererForSitePerProcess,WinDelaySpellcheckServiceInit --variations-seed-version --mojo-platform-channel-handle=3280 /prefetch:1","localhost","ea7bfcc2-2263-4c1b-91c4-7992054991fb","False","df34afb5-1e8a-4880-8a28-6e0722507204"
"2026-08-05T19:11:02.6994819+08:00","151.653","17944","13664","Resolve.exe","2026/8/5 19:06:28","56.656","2525.8","""C:\Program Files\Blackmagic Design\DaVinci Resolve\Resolve.exe"" ","localhost","ea7bfcc2-2263-4c1b-91c4-7992054991fb","False","df34afb5-1e8a-4880-8a28-6e0722507204"
"2026-08-05T19:11:02.6994819+08:00","151.653","3496","17944","electron.exe","2026/8/5 19:06:46","0.562","105.5","""C:/Program Files/Blackmagic Design/DaVinci Resolve\Electron\electron.exe"" ""C:\ProgramData\Blackmagic Design\DaVinci Resolve\Support\Workflow Integration Plugins\com.wutpeach.clackly\workflow-plugin/main.js"" --plugin-id=com.wutpeach.clackly","localhost","ea7bfcc2-2263-4c1b-91c4-7992054991fb","False","df34afb5-1e8a-4880-8a28-6e0722507204"
"2026-08-05T19:11:02.6994819+08:00","151.653","10124","3496","electron.exe","2026/8/5 19:06:46","0.812","111.4","""C:\Program Files\Blackmagic Design\DaVinci Resolve\Electron\electron.exe"" --type=gpu-process --user-data-dir=""C:\Users\Administrator\AppData\Roaming\Clackly Workflow Plugin"" --gpu-preferences=UAAAAAAAAADgAAAEAAAAAAAAAAAAAAAAAABgAAEAAAAAAAAAAAAAAAAAAAACAAAAAAAAAAAAAAAAAAAAAAAAABAAAAAAAAAAEAAAAAAAAAAIAAAAAAAAAAgAAAAAAAAA --field-trial-handle=2044,i,8528152345874284265,13457465882528845703,262144 --enable-features=PdfUseShowSaveFilePicker --disable-features=SpareRendererForSitePerProcess,WinDelaySpellcheckServiceInit --variations-seed-version --mojo-platform-channel-handle=2032 /prefetch:2","localhost","ea7bfcc2-2263-4c1b-91c4-7992054991fb","False","df34afb5-1e8a-4880-8a28-6e0722507204"
"2026-08-05T19:11:02.6994819+08:00","151.653","37640","3496","electron.exe","2026/8/5 19:06:46","0.156","51.6","""C:\Program Files\Blackmagic Design\DaVinci Resolve\Electron\electron.exe"" --type=utility --utility-sub-type=network.mojom.NetworkService --lang=zh-CN --service-sandbox-type=none --user-data-dir=""C:\Users\Administrator\AppData\Roaming\Clackly Workflow Plugin"" --field-trial-handle=2044,i,8528152345874284265,13457465882528845703,262144 --enable-features=PdfUseShowSaveFilePicker --disable-features=SpareRendererForSitePerProcess,WinDelaySpellcheckServiceInit --variations-seed-version --mojo-platform-channel-handle=2232 /prefetch:11","localhost","ea7bfcc2-2263-4c1b-91c4-7992054991fb","False","df34afb5-1e8a-4880-8a28-6e0722507204"
"2026-08-05T19:11:02.6994819+08:00","151.653","15532","3496","electron.exe","2026/8/5 19:06:46","0.141","88.7","""C:\Program Files\Blackmagic Design\DaVinci Resolve\Electron\electron.exe"" --type=renderer --user-data-dir=""C:\Users\Administrator\AppData\Roaming\Clackly Workflow Plugin"" --app-path=""C:\ProgramData\Blackmagic Design\DaVinci Resolve\Support\Workflow Integration Plugins\com.wutpeach.clackly\workflow-plugin"" --no-sandbox --no-zygote --video-capture-use-gpu-memory-buffer --lang=zh-CN --device-scale-factor=1 --num-raster-threads=4 --enable-main-frame-before-activation --renderer-client-id=4 --time-ticks-at-unix-epoch=-1785918640205991 --launch-time-ticks=9366284582 --field-trial-handle=2044,i,8528152345874284265,13457465882528845703,262144 --enable-features=PdfUseShowSaveFilePicker --disable-features=SpareRendererForSitePerProcess,WinDelaySpellcheckServiceInit --variations-seed-version --mojo-platform-channel-handle=3280 /prefetch:1","localhost","ea7bfcc2-2263-4c1b-91c4-7992054991fb","False","df34afb5-1e8a-4880-8a28-6e0722507204"
"2026-08-05T19:11:04.7103640+08:00","205.115","17944","13664","Resolve.exe","2026/8/5 19:06:28","57.234","2593.3","""C:\Program Files\Blackmagic Design\DaVinci Resolve\Resolve.exe"" ","localhost","ea7bfcc2-2263-4c1b-91c4-7992054991fb","False","df34afb5-1e8a-4880-8a28-6e0722507204"
"2026-08-05T19:11:04.7103640+08:00","205.115","3496","17944","electron.exe","2026/8/5 19:06:46","0.562","105.5","""C:/Program Files/Blackmagic Design/DaVinci Resolve\Electron\electron.exe"" ""C:\ProgramData\Blackmagic Design\DaVinci Resolve\Support\Workflow Integration Plugins\com.wutpeach.clackly\workflow-plugin/main.js"" --plugin-id=com.wutpeach.clackly","localhost","ea7bfcc2-2263-4c1b-91c4-7992054991fb","False","df34afb5-1e8a-4880-8a28-6e0722507204"
"2026-08-05T19:11:04.7103640+08:00","205.115","10124","3496","electron.exe","2026/8/5 19:06:46","0.812","111.4","""C:\Program Files\Blackmagic Design\DaVinci Resolve\Electron\electron.exe"" --type=gpu-process --user-data-dir=""C:\Users\Administrator\AppData\Roaming\Clackly Workflow Plugin"" --gpu-preferences=UAAAAAAAAADgAAAEAAAAAAAAAAAAAAAAAABgAAEAAAAAAAAAAAAAAAAAAAACAAAAAAAAAAAAAAAAAAAAAAAAABAAAAAAAAAAEAAAAAAAAAAIAAAAAAAAAAgAAAAAAAAA --field-trial-handle=2044,i,8528152345874284265,13457465882528845703,262144 --enable-features=PdfUseShowSaveFilePicker --disable-features=SpareRendererForSitePerProcess,WinDelaySpellcheckServiceInit --variations-seed-version --mojo-platform-channel-handle=2032 /prefetch:2","localhost","ea7bfcc2-2263-4c1b-91c4-7992054991fb","False","df34afb5-1e8a-4880-8a28-6e0722507204"
"2026-08-05T19:11:04.7103640+08:00","205.115","37640","3496","electron.exe","2026/8/5 19:06:46","0.156","51.6","""C:\Program Files\Blackmagic Design\DaVinci Resolve\Electron\electron.exe"" --type=utility --utility-sub-type=network.mojom.NetworkService --lang=zh-CN --service-sandbox-type=none --user-data-dir=""C:\Users\Administrator\AppData\Roaming\Clackly Workflow Plugin"" --field-trial-handle=2044,i,8528152345874284265,13457465882528845703,262144 --enable-features=PdfUseShowSaveFilePicker --disable-features=SpareRendererForSitePerProcess,WinDelaySpellcheckServiceInit --variations-seed-version --mojo-platform-channel-handle=2232 /prefetch:11","localhost","ea7bfcc2-2263-4c1b-91c4-7992054991fb","False","df34afb5-1e8a-4880-8a28-6e0722507204"
"2026-08-05T19:11:04.7103640+08:00","205.115","15532","3496","electron.exe","2026/8/5 19:06:46","0.141","88.7","""C:\Program Files\Blackmagic Design\DaVinci Resolve\Electron\electron.exe"" --type=renderer --user-data-dir=""C:\Users\Administrator\AppData\Roaming\Clackly Workflow Plugin"" --app-path=""C:\ProgramData\Blackmagic Design\DaVinci Resolve\Support\Workflow Integration Plugins\com.wutpeach.clackly\workflow-plugin"" --no-sandbox --no-zygote --video-capture-use-gpu-memory-buffer --lang=zh-CN --device-scale-factor=1 --num-raster-threads=4 --enable-main-frame-before-activation --renderer-client-id=4 --time-ticks-at-unix-epoch=-1785918640205991 --launch-time-ticks=9366284582 --field-trial-handle=2044,i,8528152345874284265,13457465882528845703,262144 --enable-features=PdfUseShowSaveFilePicker --disable-features=SpareRendererForSitePerProcess,WinDelaySpellcheckServiceInit --variations-seed-version --mojo-platform-channel-handle=3280 /prefetch:1","localhost","ea7bfcc2-2263-4c1b-91c4-7992054991fb","False","df34afb5-1e8a-4880-8a28-6e0722507204"
"2026-08-05T19:11:06.7219858+08:00","207.039","17944","13664","Resolve.exe","2026/8/5 19:06:28","57.828","2593.5","""C:\Program Files\Blackmagic Design\DaVinci Resolve\Resolve.exe"" ","localhost","ea7bfcc2-2263-4c1b-91c4-7992054991fb","False","df34afb5-1e8a-4880-8a28-6e0722507204"
"2026-08-05T19:11:06.7219858+08:00","207.039","3496","17944","electron.exe","2026/8/5 19:06:46","0.562","105.5","""C:/Program Files/Blackmagic Design/DaVinci Resolve\Electron\electron.exe"" ""C:\ProgramData\Blackmagic Design\DaVinci Resolve\Support\Workflow Integration Plugins\com.wutpeach.clackly\workflow-plugin/main.js"" --plugin-id=com.wutpeach.clackly","localhost","ea7bfcc2-2263-4c1b-91c4-7992054991fb","False","df34afb5-1e8a-4880-8a28-6e0722507204"
"2026-08-05T19:11:06.7219858+08:00","207.039","10124","3496","electron.exe","2026/8/5 19:06:46","0.812","111.4","""C:\Program Files\Blackmagic Design\DaVinci Resolve\Electron\electron.exe"" --type=gpu-process --user-data-dir=""C:\Users\Administrator\AppData\Roaming\Clackly Workflow Plugin"" --gpu-preferences=UAAAAAAAAADgAAAEAAAAAAAAAAAAAAAAAABgAAEAAAAAAAAAAAAAAAAAAAACAAAAAAAAAAAAAAAAAAAAAAAAABAAAAAAAAAAEAAAAAAAAAAIAAAAAAAAAAgAAAAAAAAA --field-trial-handle=2044,i,8528152345874284265,13457465882528845703,262144 --enable-features=PdfUseShowSaveFilePicker --disable-features=SpareRendererForSitePerProcess,WinDelaySpellcheckServiceInit --variations-seed-version --mojo-platform-channel-handle=2032 /prefetch:2","localhost","ea7bfcc2-2263-4c1b-91c4-7992054991fb","False","df34afb5-1e8a-4880-8a28-6e0722507204"
"2026-08-05T19:11:06.7219858+08:00","207.039","37640","3496","electron.exe","2026/8/5 19:06:46","0.156","51.6","""C:\Program Files\Blackmagic Design\DaVinci Resolve\Electron\electron.exe"" --type=utility --utility-sub-type=network.mojom.NetworkService --lang=zh-CN --service-sandbox-type=none --user-data-dir=""C:\Users\Administrator\AppData\Roaming\Clackly Workflow Plugin"" --field-trial-handle=2044,i,8528152345874284265,13457465882528845703,262144 --enable-features=PdfUseShowSaveFilePicker --disable-features=SpareRendererForSitePerProcess,WinDelaySpellcheckServiceInit --variations-seed-version --mojo-platform-channel-handle=2232 /prefetch:11","localhost","ea7bfcc2-2263-4c1b-91c4-7992054991fb","False","df34afb5-1e8a-4880-8a28-6e0722507204"
"2026-08-05T19:11:06.7219858+08:00","208.039","15532","3496","electron.exe","2026/8/5 19:06:46","0.141","88.7","""C:\Program Files\Blackmagic Design\DaVinci Resolve\Electron\electron.exe"" --type=renderer --user-data-dir=""C:\Users\Administrator\AppData\Roaming\Clackly Workflow Plugin"" --app-path=""C:\ProgramData\Blackmagic Design\DaVinci Resolve\Support\Workflow Integration Plugins\com.wutpeach.clackly\workflow-plugin"" --no-sandbox --no-zygote --video-capture-use-gpu-memory-buffer --lang=zh-CN --device-scale-factor=1 --num-raster-threads=4 --enable-main-frame-before-activation --renderer-client-id=4 --time-ticks-at-unix-epoch=-1785918640205991 --launch-time-ticks=9366284582 --field-trial-handle=2044,i,8528152345874284265,13457465882528845703,262144 --enable-features=PdfUseShowSaveFilePicker --disable-features=SpareRendererForSitePerProcess,WinDelaySpellcheckServiceInit --variations-seed-version --mojo-platform-channel-handle=3280 /prefetch:1","localhost","ea7bfcc2-2263-4c1b-91c4-7992054991fb","False","df34afb5-1e8a-4880-8a28-6e0722507204"
"2026-08-05T19:11:08.7318107+08:00","200.624","17944","13664","Resolve.exe","2026/8/5 19:06:28","58.766","2593.6","""C:\Program Files\Blackmagic Design\DaVinci Resolve\Resolve.exe"" ","localhost","ea7bfcc2-2263-4c1b-91c4-7992054991fb","False","df34afb5-1e8a-4880-8a28-6e0722507204"
"2026-08-05T19:11:08.7318107+08:00","200.624","3496","17944","electron.exe","2026/8/5 19:06:46","0.562","105.5","""C:/Program Files/Blackmagic Design/DaVinci Resolve\Electron\electron.exe"" ""C:\ProgramData\Blackmagic Design\DaVinci Resolve\Support\Workflow Integration Plugins\com.wutpeach.clackly\workflow-plugin/main.js"" --plugin-id=com.wutpeach.clackly","localhost","ea7bfcc2-2263-4c1b-91c4-7992054991fb","False","df34afb5-1e8a-4880-8a28-6e0722507204"
"2026-08-05T19:11:08.7318107+08:00","200.624","10124","3496","electron.exe","2026/8/5 19:06:46","0.812","111.4","""C:\Program Files\Blackmagic Design\DaVinci Resolve\Electron\electron.exe"" --type=gpu-process --user-data-dir=""C:\Users\Administrator\AppData\Roaming\Clackly Workflow Plugin"" --gpu-preferences=UAAAAAAAAADgAAAEAAAAAAAAAAAAAAAAAABgAAEAAAAAAAAAAAAAAAAAAAACAAAAAAAAAAAAAAAAAAAAAAAAABAAAAAAAAAAEAAAAAAAAAAIAAAAAAAAAAgAAAAAAAAA --field-trial-handle=2044,i,8528152345874284265,13457465882528845703,262144 --enable-features=PdfUseShowSaveFilePicker --disable-features=SpareRendererForSitePerProcess,WinDelaySpellcheckServiceInit --variations-seed-version --mojo-platform-channel-handle=2032 /prefetch:2","localhost","ea7bfcc2-2263-4c1b-91c4-7992054991fb","False","df34afb5-1e8a-4880-8a28-6e0722507204"
"2026-08-05T19:11:08.7318107+08:00","200.624","37640","3496","electron.exe","2026/8/5 19:06:46","0.156","51.6","""C:\Program Files\Blackmagic Design\DaVinci Resolve\Electron\electron.exe"" --type=utility --utility-sub-type=network.mojom.NetworkService --lang=zh-CN --service-sandbox-type=none --user-data-dir=""C:\Users\Administrator\AppData\Roaming\Clackly Workflow Plugin"" --field-trial-handle=2044,i,8528152345874284265,13457465882528845703,262144 --enable-features=PdfUseShowSaveFilePicker --disable-features=SpareRendererForSitePerProcess,WinDelaySpellcheckServiceInit --variations-seed-version --mojo-platform-channel-handle=2232 /prefetch:11","localhost","ea7bfcc2-2263-4c1b-91c4-7992054991fb","False","df34afb5-1e8a-4880-8a28-6e0722507204"
"2026-08-05T19:11:08.7318107+08:00","200.624","15532","3496","electron.exe","2026/8/5 19:06:46","0.141","88.7","""C:\Program Files\Blackmagic Design\DaVinci Resolve\Electron\electron.exe"" --type=renderer --user-data-dir=""C:\Users\Administrator\AppData\Roaming\Clackly Workflow Plugin"" --app-path=""C:\ProgramData\Blackmagic Design\DaVinci Resolve\Support\Workflow Integration Plugins\com.wutpeach.clackly\workflow-plugin"" --no-sandbox --no-zygote --video-capture-use-gpu-memory-buffer --lang=zh-CN --device-scale-factor=1 --num-raster-threads=4 --enable-main-frame-before-activation --renderer-client-id=4 --time-ticks-at-unix-epoch=-1785918640205991 --launch-time-ticks=9366284582 --field-trial-handle=2044,i,8528152345874284265,13457465882528845703,262144 --enable-features=PdfUseShowSaveFilePicker --disable-features=SpareRendererForSitePerProcess,WinDelaySpellcheckServiceInit --variations-seed-version --mojo-platform-channel-handle=3280 /prefetch:1","localhost","ea7bfcc2-2263-4c1b-91c4-7992054991fb","False","df34afb5-1e8a-4880-8a28-6e0722507204"
"2026-08-05T19:11:10.7406677+08:00","214.151","17944","13664","Resolve.exe","2026/8/5 19:06:28","59.625","2593.6","""C:\Program Files\Blackmagic Design\DaVinci Resolve\Resolve.exe"" ","localhost","ea7bfcc2-2263-4c1b-91c4-7992054991fb","False","df34afb5-1e8a-4880-8a28-6e0722507204"
"2026-08-05T19:11:10.7406677+08:00","215.153","3496","17944","electron.exe","2026/8/5 19:06:46","0.562","105.5","""C:/Program Files/Blackmagic Design/DaVinci Resolve\Electron\electron.exe"" ""C:\ProgramData\Blackmagic Design\DaVinci Resolve\Support\Workflow Integration Plugins\com.wutpeach.clackly\workflow-plugin/main.js"" --plugin-id=com.wutpeach.clackly","localhost","ea7bfcc2-2263-4c1b-91c4-7992054991fb","False","df34afb5-1e8a-4880-8a28-6e0722507204"
"2026-08-05T19:11:10.7406677+08:00","215.153","10124","3496","electron.exe","2026/8/5 19:06:46","0.812","111.4","""C:\Program Files\Blackmagic Design\DaVinci Resolve\Electron\electron.exe"" --type=gpu-process --user-data-dir=""C:\Users\Administrator\AppData\Roaming\Clackly Workflow Plugin"" --gpu-preferences=UAAAAAAAAADgAAAEAAAAAAAAAAAAAAAAAABgAAEAAAAAAAAAAAAAAAAAAAACAAAAAAAAAAAAAAAAAAAAAAAAABAAAAAAAAAAEAAAAAAAAAAIAAAAAAAAAAgAAAAAAAAA --field-trial-handle=2044,i,8528152345874284265,13457465882528845703,262144 --enable-features=PdfUseShowSaveFilePicker --disable-features=SpareRendererForSitePerProcess,WinDelaySpellcheckServiceInit --variations-seed-version --mojo-platform-channel-handle=2032 /prefetch:2","localhost","ea7bfcc2-2263-4c1b-91c4-7992054991fb","False","df34afb5-1e8a-4880-8a28-6e0722507204"
"2026-08-05T19:11:10.7406677+08:00","215.153","37640","3496","electron.exe","2026/8/5 19:06:46","0.156","51.6","""C:\Program Files\Blackmagic Design\DaVinci Resolve\Electron\electron.exe"" --type=utility --utility-sub-type=network.mojom.NetworkService --lang=zh-CN --service-sandbox-type=none --user-data-dir=""C:\Users\Administrator\AppData\Roaming\Clackly Workflow Plugin"" --field-trial-handle=2044,i,8528152345874284265,13457465882528845703,262144 --enable-features=PdfUseShowSaveFilePicker --disable-features=SpareRendererForSitePerProcess,WinDelaySpellcheckServiceInit --variations-seed-version --mojo-platform-channel-handle=2232 /prefetch:11","localhost","ea7bfcc2-2263-4c1b-91c4-7992054991fb","False","df34afb5-1e8a-4880-8a28-6e0722507204"
"2026-08-05T19:11:10.7406677+08:00","215.153","15532","3496","electron.exe","2026/8/5 19:06:46","0.141","88.7","""C:\Program Files\Blackmagic Design\DaVinci Resolve\Electron\electron.exe"" --type=renderer --user-data-dir=""C:\Users\Administrator\AppData\Roaming\Clackly Workflow Plugin"" --app-path=""C:\ProgramData\Blackmagic Design\DaVinci Resolve\Support\Workflow Integration Plugins\com.wutpeach.clackly\workflow-plugin"" --no-sandbox --no-zygote --video-capture-use-gpu-memory-buffer --lang=zh-CN --device-scale-factor=1 --num-raster-threads=4 --enable-main-frame-before-activation --renderer-client-id=4 --time-ticks-at-unix-epoch=-1785918640205991 --launch-time-ticks=9366284582 --field-trial-handle=2044,i,8528152345874284265,13457465882528845703,262144 --enable-features=PdfUseShowSaveFilePicker --disable-features=SpareRendererForSitePerProcess,WinDelaySpellcheckServiceInit --variations-seed-version --mojo-platform-channel-handle=3280 /prefetch:1","localhost","ea7bfcc2-2263-4c1b-91c4-7992054991fb","False","df34afb5-1e8a-4880-8a28-6e0722507204"
"2026-08-05T19:11:12.7529160+08:00","239.497","17944","13664","Resolve.exe","2026/8/5 19:06:28","60.344","2593.6","""C:\Program Files\Blackmagic Design\DaVinci Resolve\Resolve.exe"" ","localhost","ea7bfcc2-2263-4c1b-91c4-7992054991fb","False","df34afb5-1e8a-4880-8a28-6e0722507204"
"2026-08-05T19:11:12.7529160+08:00","239.497","3496","17944","electron.exe","2026/8/5 19:06:46","0.562","105.5","""C:/Program Files/Blackmagic Design/DaVinci Resolve\Electron\electron.exe"" ""C:\ProgramData\Blackmagic Design\DaVinci Resolve\Support\Workflow Integration Plugins\com.wutpeach.clackly\workflow-plugin/main.js"" --plugin-id=com.wutpeach.clackly","localhost","ea7bfcc2-2263-4c1b-91c4-7992054991fb","False","df34afb5-1e8a-4880-8a28-6e0722507204"
"2026-08-05T19:11:12.7529160+08:00","240.497","10124","3496","electron.exe","2026/8/5 19:06:46","0.812","111.4","""C:\Program Files\Blackmagic Design\DaVinci Resolve\Electron\electron.exe"" --type=gpu-process --user-data-dir=""C:\Users\Administrator\AppData\Roaming\Clackly Workflow Plugin"" --gpu-preferences=UAAAAAAAAADgAAAEAAAAAAAAAAAAAAAAAABgAAEAAAAAAAAAAAAAAAAAAAACAAAAAAAAAAAAAAAAAAAAAAAAABAAAAAAAAAAEAAAAAAAAAAIAAAAAAAAAAgAAAAAAAAA --field-trial-handle=2044,i,8528152345874284265,13457465882528845703,262144 --enable-features=PdfUseShowSaveFilePicker --disable-features=SpareRendererForSitePerProcess,WinDelaySpellcheckServiceInit --variations-seed-version --mojo-platform-channel-handle=2032 /prefetch:2","localhost","ea7bfcc2-2263-4c1b-91c4-7992054991fb","False","df34afb5-1e8a-4880-8a28-6e0722507204"
"2026-08-05T19:11:12.7529160+08:00","240.497","37640","3496","electron.exe","2026/8/5 19:06:46","0.156","51.6","""C:\Program Files\Blackmagic Design\DaVinci Resolve\Electron\electron.exe"" --type=utility --utility-sub-type=network.mojom.NetworkService --lang=zh-CN --service-sandbox-type=none --user-data-dir=""C:\Users\Administrator\AppData\Roaming\Clackly Workflow Plugin"" --field-trial-handle=2044,i,8528152345874284265,13457465882528845703,262144 --enable-features=PdfUseShowSaveFilePicker --disable-features=SpareRendererForSitePerProcess,WinDelaySpellcheckServiceInit --variations-seed-version --mojo-platform-channel-handle=2232 /prefetch:11","localhost","ea7bfcc2-2263-4c1b-91c4-7992054991fb","False","df34afb5-1e8a-4880-8a28-6e0722507204"
"2026-08-05T19:11:12.7529160+08:00","240.497","15532","3496","electron.exe","2026/8/5 19:06:46","0.141","88.7","""C:\Program Files\Blackmagic Design\DaVinci Resolve\Electron\electron.exe"" --type=renderer --user-data-dir=""C:\Users\Administrator\AppData\Roaming\Clackly Workflow Plugin"" --app-path=""C:\ProgramData\Blackmagic Design\DaVinci Resolve\Support\Workflow Integration Plugins\com.wutpeach.clackly\workflow-plugin"" --no-sandbox --no-zygote --video-capture-use-gpu-memory-buffer --lang=zh-CN --device-scale-factor=1 --num-raster-threads=4 --enable-main-frame-before-activation --renderer-client-id=4 --time-ticks-at-unix-epoch=-1785918640205991 --launch-time-ticks=9366284582 --field-trial-handle=2044,i,8528152345874284265,13457465882528845703,262144 --enable-features=PdfUseShowSaveFilePicker --disable-features=SpareRendererForSitePerProcess,WinDelaySpellcheckServiceInit --variations-seed-version --mojo-platform-channel-handle=3280 /prefetch:1","localhost","ea7bfcc2-2263-4c1b-91c4-7992054991fb","False","df34afb5-1e8a-4880-8a28-6e0722507204"
"2026-08-05T19:11:14.7540378+08:00","193.709","17944","13664","Resolve.exe","2026/8/5 19:06:28","61.203","2593.6","""C:\Program Files\Blackmagic Design\DaVinci Resolve\Resolve.exe"" ","localhost","ea7bfcc2-2263-4c1b-91c4-7992054991fb","False","df34afb5-1e8a-4880-8a28-6e0722507204"
"2026-08-05T19:11:14.7540378+08:00","193.709","3496","17944","electron.exe","2026/8/5 19:06:46","0.562","105.5","""C:/Program Files/Blackmagic Design/DaVinci Resolve\Electron\electron.exe"" ""C:\ProgramData\Blackmagic Design\DaVinci Resolve\Support\Workflow Integration Plugins\com.wutpeach.clackly\workflow-plugin/main.js"" --plugin-id=com.wutpeach.clackly","localhost","ea7bfcc2-2263-4c1b-91c4-7992054991fb","False","df34afb5-1e8a-4880-8a28-6e0722507204"
"2026-08-05T19:11:14.7540378+08:00","193.709","10124","3496","electron.exe","2026/8/5 19:06:46","0.812","111.4","""C:\Program Files\Blackmagic Design\DaVinci Resolve\Electron\electron.exe"" --type=gpu-process --user-data-dir=""C:\Users\Administrator\AppData\Roaming\Clackly Workflow Plugin"" --gpu-preferences=UAAAAAAAAADgAAAEAAAAAAAAAAAAAAAAAABgAAEAAAAAAAAAAAAAAAAAAAACAAAAAAAAAAAAAAAAAAAAAAAAABAAAAAAAAAAEAAAAAAAAAAIAAAAAAAAAAgAAAAAAAAA --field-trial-handle=2044,i,8528152345874284265,13457465882528845703,262144 --enable-features=PdfUseShowSaveFilePicker --disable-features=SpareRendererForSitePerProcess,WinDelaySpellcheckServiceInit --variations-seed-version --mojo-platform-channel-handle=2032 /prefetch:2","localhost","ea7bfcc2-2263-4c1b-91c4-7992054991fb","False","df34afb5-1e8a-4880-8a28-6e0722507204"
"2026-08-05T19:11:14.7540378+08:00","194.709","37640","3496","electron.exe","2026/8/5 19:06:46","0.156","51.6","""C:\Program Files\Blackmagic Design\DaVinci Resolve\Electron\electron.exe"" --type=utility --utility-sub-type=network.mojom.NetworkService --lang=zh-CN --service-sandbox-type=none --user-data-dir=""C:\Users\Administrator\AppData\Roaming\Clackly Workflow Plugin"" --field-trial-handle=2044,i,8528152345874284265,13457465882528845703,262144 --enable-features=PdfUseShowSaveFilePicker --disable-features=SpareRendererForSitePerProcess,WinDelaySpellcheckServiceInit --variations-seed-version --mojo-platform-channel-handle=2232 /prefetch:11","localhost","ea7bfcc2-2263-4c1b-91c4-7992054991fb","False","df34afb5-1e8a-4880-8a28-6e0722507204"
"2026-08-05T19:11:14.7540378+08:00","194.709","15532","3496","electron.exe","2026/8/5 19:06:46","0.141","88.7","""C:\Program Files\Blackmagic Design\DaVinci Resolve\Electron\electron.exe"" --type=renderer --user-data-dir=""C:\Users\Administrator\AppData\Roaming\Clackly Workflow Plugin"" --app-path=""C:\ProgramData\Blackmagic Design\DaVinci Resolve\Support\Workflow Integration Plugins\com.wutpeach.clackly\workflow-plugin"" --no-sandbox --no-zygote --video-capture-use-gpu-memory-buffer --lang=zh-CN --device-scale-factor=1 --num-raster-threads=4 --enable-main-frame-before-activation --renderer-client-id=4 --time-ticks-at-unix-epoch=-1785918640205991 --launch-time-ticks=9366284582 --field-trial-handle=2044,i,8528152345874284265,13457465882528845703,262144 --enable-features=PdfUseShowSaveFilePicker --disable-features=SpareRendererForSitePerProcess,WinDelaySpellcheckServiceInit --variations-seed-version --mojo-platform-channel-handle=3280 /prefetch:1","localhost","ea7bfcc2-2263-4c1b-91c4-7992054991fb","False","df34afb5-1e8a-4880-8a28-6e0722507204"
"2026-08-05T19:11:16.7660646+08:00","232.898","17944","13664","Resolve.exe","2026/8/5 19:06:28","62.125","2593.6","""C:\Program Files\Blackmagic Design\DaVinci Resolve\Resolve.exe"" ","localhost","ea7bfcc2-2263-4c1b-91c4-7992054991fb","False","df34afb5-1e8a-4880-8a28-6e0722507204"
"2026-08-05T19:11:16.7660646+08:00","232.898","3496","17944","electron.exe","2026/8/5 19:06:46","0.562","105.5","""C:/Program Files/Blackmagic Design/DaVinci Resolve\Electron\electron.exe"" ""C:\ProgramData\Blackmagic Design\DaVinci Resolve\Support\Workflow Integration Plugins\com.wutpeach.clackly\workflow-plugin/main.js"" --plugin-id=com.wutpeach.clackly","localhost","ea7bfcc2-2263-4c1b-91c4-7992054991fb","False","df34afb5-1e8a-4880-8a28-6e0722507204"
"2026-08-05T19:11:16.7660646+08:00","232.898","10124","3496","electron.exe","2026/8/5 19:06:46","0.812","111.4","""C:\Program Files\Blackmagic Design\DaVinci Resolve\Electron\electron.exe"" --type=gpu-process --user-data-dir=""C:\Users\Administrator\AppData\Roaming\Clackly Workflow Plugin"" --gpu-preferences=UAAAAAAAAADgAAAEAAAAAAAAAAAAAAAAAABgAAEAAAAAAAAAAAAAAAAAAAACAAAAAAAAAAAAAAAAAAAAAAAAABAAAAAAAAAAEAAAAAAAAAAIAAAAAAAAAAgAAAAAAAAA --field-trial-handle=2044,i,8528152345874284265,13457465882528845703,262144 --enable-features=PdfUseShowSaveFilePicker --disable-features=SpareRendererForSitePerProcess,WinDelaySpellcheckServiceInit --variations-seed-version --mojo-platform-channel-handle=2032 /prefetch:2","localhost","ea7bfcc2-2263-4c1b-91c4-7992054991fb","False","df34afb5-1e8a-4880-8a28-6e0722507204"
"2026-08-05T19:11:16.7660646+08:00","232.898","37640","3496","electron.exe","2026/8/5 19:06:46","0.156","51.6","""C:\Program Files\Blackmagic Design\DaVinci Resolve\Electron\electron.exe"" --type=utility --utility-sub-type=network.mojom.NetworkService --lang=zh-CN --service-sandbox-type=none --user-data-dir=""C:\Users\Administrator\AppData\Roaming\Clackly Workflow Plugin"" --field-trial-handle=2044,i,8528152345874284265,13457465882528845703,262144 --enable-features=PdfUseShowSaveFilePicker --disable-features=SpareRendererForSitePerProcess,WinDelaySpellcheckServiceInit --variations-seed-version --mojo-platform-channel-handle=2232 /prefetch:11","localhost","ea7bfcc2-2263-4c1b-91c4-7992054991fb","False","df34afb5-1e8a-4880-8a28-6e0722507204"
"2026-08-05T19:11:16.7660646+08:00","233.898","15532","3496","electron.exe","2026/8/5 19:06:46","0.141","88.7","""C:\Program Files\Blackmagic Design\DaVinci Resolve\Electron\electron.exe"" --type=renderer --user-data-dir=""C:\Users\Administrator\AppData\Roaming\Clackly Workflow Plugin"" --app-path=""C:\ProgramData\Blackmagic Design\DaVinci Resolve\Support\Workflow Integration Plugins\com.wutpeach.clackly\workflow-plugin"" --no-sandbox --no-zygote --video-capture-use-gpu-memory-buffer --lang=zh-CN --device-scale-factor=1 --num-raster-threads=4 --enable-main-frame-before-activation --renderer-client-id=4 --time-ticks-at-unix-epoch=-1785918640205991 --launch-time-ticks=9366284582 --field-trial-handle=2044,i,8528152345874284265,13457465882528845703,262144 --enable-features=PdfUseShowSaveFilePicker --disable-features=SpareRendererForSitePerProcess,WinDelaySpellcheckServiceInit --variations-seed-version --mojo-platform-channel-handle=3280 /prefetch:1","localhost","ea7bfcc2-2263-4c1b-91c4-7992054991fb","False","df34afb5-1e8a-4880-8a28-6e0722507204"
"2026-08-05T19:11:18.7756634+08:00","192.163","17944","13664","Resolve.exe","2026/8/5 19:06:28","63.047","2593.6","""C:\Program Files\Blackmagic Design\DaVinci Resolve\Resolve.exe"" ","localhost","ea7bfcc2-2263-4c1b-91c4-7992054991fb","False","df34afb5-1e8a-4880-8a28-6e0722507204"
"2026-08-05T19:11:18.7756634+08:00","192.163","3496","17944","electron.exe","2026/8/5 19:06:46","0.578","105.5","""C:/Program Files/Blackmagic Design/DaVinci Resolve\Electron\electron.exe"" ""C:\ProgramData\Blackmagic Design\DaVinci Resolve\Support\Workflow Integration Plugins\com.wutpeach.clackly\workflow-plugin/main.js"" --plugin-id=com.wutpeach.clackly","localhost","ea7bfcc2-2263-4c1b-91c4-7992054991fb","False","df34afb5-1e8a-4880-8a28-6e0722507204"
"2026-08-05T19:11:18.7756634+08:00","192.163","10124","3496","electron.exe","2026/8/5 19:06:46","0.812","111.4","""C:\Program Files\Blackmagic Design\DaVinci Resolve\Electron\electron.exe"" --type=gpu-process --user-data-dir=""C:\Users\Administrator\AppData\Roaming\Clackly Workflow Plugin"" --gpu-preferences=UAAAAAAAAADgAAAEAAAAAAAAAAAAAAAAAABgAAEAAAAAAAAAAAAAAAAAAAACAAAAAAAAAAAAAAAAAAAAAAAAABAAAAAAAAAAEAAAAAAAAAAIAAAAAAAAAAgAAAAAAAAA --field-trial-handle=2044,i,8528152345874284265,13457465882528845703,262144 --enable-features=PdfUseShowSaveFilePicker --disable-features=SpareRendererForSitePerProcess,WinDelaySpellcheckServiceInit --variations-seed-version --mojo-platform-channel-handle=2032 /prefetch:2","localhost","ea7bfcc2-2263-4c1b-91c4-7992054991fb","False","df34afb5-1e8a-4880-8a28-6e0722507204"
"2026-08-05T19:11:18.7756634+08:00","192.163","37640","3496","electron.exe","2026/8/5 19:06:46","0.156","51.6","""C:\Program Files\Blackmagic Design\DaVinci Resolve\Electron\electron.exe"" --type=utility --utility-sub-type=network.mojom.NetworkService --lang=zh-CN --service-sandbox-type=none --user-data-dir=""C:\Users\Administrator\AppData\Roaming\Clackly Workflow Plugin"" --field-trial-handle=2044,i,8528152345874284265,13457465882528845703,262144 --enable-features=PdfUseShowSaveFilePicker --disable-features=SpareRendererForSitePerProcess,WinDelaySpellcheckServiceInit --variations-seed-version --mojo-platform-channel-handle=2232 /prefetch:11","localhost","ea7bfcc2-2263-4c1b-91c4-7992054991fb","False","df34afb5-1e8a-4880-8a28-6e0722507204"
"2026-08-05T19:11:18.7756634+08:00","192.163","15532","3496","electron.exe","2026/8/5 19:06:46","0.141","88.7","""C:\Program Files\Blackmagic Design\DaVinci Resolve\Electron\electron.exe"" --type=renderer --user-data-dir=""C:\Users\Administrator\AppData\Roaming\Clackly Workflow Plugin"" --app-path=""C:\ProgramData\Blackmagic Design\DaVinci Resolve\Support\Workflow Integration Plugins\com.wutpeach.clackly\workflow-plugin"" --no-sandbox --no-zygote --video-capture-use-gpu-memory-buffer --lang=zh-CN --device-scale-factor=1 --num-raster-threads=4 --enable-main-frame-before-activation --renderer-client-id=4 --time-ticks-at-unix-epoch=-1785918640205991 --launch-time-ticks=9366284582 --field-trial-handle=2044,i,8528152345874284265,13457465882528845703,262144 --enable-features=PdfUseShowSaveFilePicker --disable-features=SpareRendererForSitePerProcess,WinDelaySpellcheckServiceInit --variations-seed-version --mojo-platform-channel-handle=3280 /prefetch:1","localhost","ea7bfcc2-2263-4c1b-91c4-7992054991fb","False","df34afb5-1e8a-4880-8a28-6e0722507204"
"2026-08-05T19:11:20.7759383+08:00","215.802","17944","13664","Resolve.exe","2026/8/5 19:06:28","64.281","2593.6","""C:\Program Files\Blackmagic Design\DaVinci Resolve\Resolve.exe"" ","localhost","ea7bfcc2-2263-4c1b-91c4-7992054991fb","False","df34afb5-1e8a-4880-8a28-6e0722507204"
"2026-08-05T19:11:20.7759383+08:00","215.802","3496","17944","electron.exe","2026/8/5 19:06:46","0.578","105.5","""C:/Program Files/Blackmagic Design/DaVinci Resolve\Electron\electron.exe"" ""C:\ProgramData\Blackmagic Design\DaVinci Resolve\Support\Workflow Integration Plugins\com.wutpeach.clackly\workflow-plugin/main.js"" --plugin-id=com.wutpeach.clackly","localhost","ea7bfcc2-2263-4c1b-91c4-7992054991fb","False","df34afb5-1e8a-4880-8a28-6e0722507204"
"2026-08-05T19:11:20.7759383+08:00","215.802","10124","3496","electron.exe","2026/8/5 19:06:46","0.812","111.4","""C:\Program Files\Blackmagic Design\DaVinci Resolve\Electron\electron.exe"" --type=gpu-process --user-data-dir=""C:\Users\Administrator\AppData\Roaming\Clackly Workflow Plugin"" --gpu-preferences=UAAAAAAAAADgAAAEAAAAAAAAAAAAAAAAAABgAAEAAAAAAAAAAAAAAAAAAAACAAAAAAAAAAAAAAAAAAAAAAAAABAAAAAAAAAAEAAAAAAAAAAIAAAAAAAAAAgAAAAAAAAA --field-trial-handle=2044,i,8528152345874284265,13457465882528845703,262144 --enable-features=PdfUseShowSaveFilePicker --disable-features=SpareRendererForSitePerProcess,WinDelaySpellcheckServiceInit --variations-seed-version --mojo-platform-channel-handle=2032 /prefetch:2","localhost","ea7bfcc2-2263-4c1b-91c4-7992054991fb","False","df34afb5-1e8a-4880-8a28-6e0722507204"
"2026-08-05T19:11:20.7759383+08:00","216.802","37640","3496","electron.exe","2026/8/5 19:06:46","0.156","51.6","""C:\Program Files\Blackmagic Design\DaVinci Resolve\Electron\electron.exe"" --type=utility --utility-sub-type=network.mojom.NetworkService --lang=zh-CN --service-sandbox-type=none --user-data-dir=""C:\Users\Administrator\AppData\Roaming\Clackly Workflow Plugin"" --field-trial-handle=2044,i,8528152345874284265,13457465882528845703,262144 --enable-features=PdfUseShowSaveFilePicker --disable-features=SpareRendererForSitePerProcess,WinDelaySpellcheckServiceInit --variations-seed-version --mojo-platform-channel-handle=2232 /prefetch:11","localhost","ea7bfcc2-2263-4c1b-91c4-7992054991fb","False","df34afb5-1e8a-4880-8a28-6e0722507204"
"2026-08-05T19:11:20.7759383+08:00","216.802","15532","3496","electron.exe","2026/8/5 19:06:46","0.141","88.7","""C:\Program Files\Blackmagic Design\DaVinci Resolve\Electron\electron.exe"" --type=renderer --user-data-dir=""C:\Users\Administrator\AppData\Roaming\Clackly Workflow Plugin"" --app-path=""C:\ProgramData\Blackmagic Design\DaVinci Resolve\Support\Workflow Integration Plugins\com.wutpeach.clackly\workflow-plugin"" --no-sandbox --no-zygote --video-capture-use-gpu-memory-buffer --lang=zh-CN --device-scale-factor=1 --num-raster-threads=4 --enable-main-frame-before-activation --renderer-client-id=4 --time-ticks-at-unix-epoch=-1785918640205991 --launch-time-ticks=9366284582 --field-trial-handle=2044,i,8528152345874284265,13457465882528845703,262144 --enable-features=PdfUseShowSaveFilePicker --disable-features=SpareRendererForSitePerProcess,WinDelaySpellcheckServiceInit --variations-seed-version --mojo-platform-channel-handle=3280 /prefetch:1","localhost","ea7bfcc2-2263-4c1b-91c4-7992054991fb","False","df34afb5-1e8a-4880-8a28-6e0722507204"
"2026-08-05T19:11:22.7838661+08:00","189.198","17944","13664","Resolve.exe","2026/8/5 19:06:28","65.891","2593.6","""C:\Program Files\Blackmagic Design\DaVinci Resolve\Resolve.exe"" ","localhost","ea7bfcc2-2263-4c1b-91c4-7992054991fb","False","df34afb5-1e8a-4880-8a28-6e0722507204"
"2026-08-05T19:11:22.7838661+08:00","189.198","3496","17944","electron.exe","2026/8/5 19:06:46","0.578","105.5","""C:/Program Files/Blackmagic Design/DaVinci Resolve\Electron\electron.exe"" ""C:\ProgramData\Blackmagic Design\DaVinci Resolve\Support\Workflow Integration Plugins\com.wutpeach.clackly\workflow-plugin/main.js"" --plugin-id=com.wutpeach.clackly","localhost","ea7bfcc2-2263-4c1b-91c4-7992054991fb","False","df34afb5-1e8a-4880-8a28-6e0722507204"
"2026-08-05T19:11:22.7838661+08:00","189.198","10124","3496","electron.exe","2026/8/5 19:06:46","0.812","111.4","""C:\Program Files\Blackmagic Design\DaVinci Resolve\Electron\electron.exe"" --type=gpu-process --user-data-dir=""C:\Users\Administrator\AppData\Roaming\Clackly Workflow Plugin"" --gpu-preferences=UAAAAAAAAADgAAAEAAAAAAAAAAAAAAAAAABgAAEAAAAAAAAAAAAAAAAAAAACAAAAAAAAAAAAAAAAAAAAAAAAABAAAAAAAAAAEAAAAAAAAAAIAAAAAAAAAAgAAAAAAAAA --field-trial-handle=2044,i,8528152345874284265,13457465882528845703,262144 --enable-features=PdfUseShowSaveFilePicker --disable-features=SpareRendererForSitePerProcess,WinDelaySpellcheckServiceInit --variations-seed-version --mojo-platform-channel-handle=2032 /prefetch:2","localhost","ea7bfcc2-2263-4c1b-91c4-7992054991fb","False","df34afb5-1e8a-4880-8a28-6e0722507204"
"2026-08-05T19:11:22.7838661+08:00","189.198","37640","3496","electron.exe","2026/8/5 19:06:46","0.156","51.6","""C:\Program Files\Blackmagic Design\DaVinci Resolve\Electron\electron.exe"" --type=utility --utility-sub-type=network.mojom.NetworkService --lang=zh-CN --service-sandbox-type=none --user-data-dir=""C:\Users\Administrator\AppData\Roaming\Clackly Workflow Plugin"" --field-trial-handle=2044,i,8528152345874284265,13457465882528845703,262144 --enable-features=PdfUseShowSaveFilePicker --disable-features=SpareRendererForSitePerProcess,WinDelaySpellcheckServiceInit --variations-seed-version --mojo-platform-channel-handle=2232 /prefetch:11","localhost","ea7bfcc2-2263-4c1b-91c4-7992054991fb","False","df34afb5-1e8a-4880-8a28-6e0722507204"
"2026-08-05T19:11:22.7838661+08:00","189.198","15532","3496","electron.exe","2026/8/5 19:06:46","0.141","88.7","""C:\Program Files\Blackmagic Design\DaVinci Resolve\Electron\electron.exe"" --type=renderer --user-data-dir=""C:\Users\Administrator\AppData\Roaming\Clackly Workflow Plugin"" --app-path=""C:\ProgramData\Blackmagic Design\DaVinci Resolve\Support\Workflow Integration Plugins\com.wutpeach.clackly\workflow-plugin"" --no-sandbox --no-zygote --video-capture-use-gpu-memory-buffer --lang=zh-CN --device-scale-factor=1 --num-raster-threads=4 --enable-main-frame-before-activation --renderer-client-id=4 --time-ticks-at-unix-epoch=-1785918640205991 --launch-time-ticks=9366284582 --field-trial-handle=2044,i,8528152345874284265,13457465882528845703,262144 --enable-features=PdfUseShowSaveFilePicker --disable-features=SpareRendererForSitePerProcess,WinDelaySpellcheckServiceInit --variations-seed-version --mojo-platform-channel-handle=3280 /prefetch:1","localhost","ea7bfcc2-2263-4c1b-91c4-7992054991fb","False","df34afb5-1e8a-4880-8a28-6e0722507204"
"2026-08-05T19:11:24.7967504+08:00","218.795","17944","13664","Resolve.exe","2026/8/5 19:06:28","67.266","2593.7","""C:\Program Files\Blackmagic Design\DaVinci Resolve\Resolve.exe"" ","localhost","ea7bfcc2-2263-4c1b-91c4-7992054991fb","False","df34afb5-1e8a-4880-8a28-6e0722507204"
"2026-08-05T19:11:24.7967504+08:00","218.795","3496","17944","electron.exe","2026/8/5 19:06:46","0.578","105.5","""C:/Program Files/Blackmagic Design/DaVinci Resolve\Electron\electron.exe"" ""C:\ProgramData\Blackmagic Design\DaVinci Resolve\Support\Workflow Integration Plugins\com.wutpeach.clackly\workflow-plugin/main.js"" --plugin-id=com.wutpeach.clackly","localhost","ea7bfcc2-2263-4c1b-91c4-7992054991fb","False","df34afb5-1e8a-4880-8a28-6e0722507204"
"2026-08-05T19:11:24.7967504+08:00","218.795","10124","3496","electron.exe","2026/8/5 19:06:46","0.812","111.4","""C:\Program Files\Blackmagic Design\DaVinci Resolve\Electron\electron.exe"" --type=gpu-process --user-data-dir=""C:\Users\Administrator\AppData\Roaming\Clackly Workflow Plugin"" --gpu-preferences=UAAAAAAAAADgAAAEAAAAAAAAAAAAAAAAAABgAAEAAAAAAAAAAAAAAAAAAAACAAAAAAAAAAAAAAAAAAAAAAAAABAAAAAAAAAAEAAAAAAAAAAIAAAAAAAAAAgAAAAAAAAA --field-trial-handle=2044,i,8528152345874284265,13457465882528845703,262144 --enable-features=PdfUseShowSaveFilePicker --disable-features=SpareRendererForSitePerProcess,WinDelaySpellcheckServiceInit --variations-seed-version --mojo-platform-channel-handle=2032 /prefetch:2","localhost","ea7bfcc2-2263-4c1b-91c4-7992054991fb","False","df34afb5-1e8a-4880-8a28-6e0722507204"
"2026-08-05T19:11:24.7967504+08:00","218.795","37640","3496","electron.exe","2026/8/5 19:06:46","0.156","51.6","""C:\Program Files\Blackmagic Design\DaVinci Resolve\Electron\electron.exe"" --type=utility --utility-sub-type=network.mojom.NetworkService --lang=zh-CN --service-sandbox-type=none --user-data-dir=""C:\Users\Administrator\AppData\Roaming\Clackly Workflow Plugin"" --field-trial-handle=2044,i,8528152345874284265,13457465882528845703,262144 --enable-features=PdfUseShowSaveFilePicker --disable-features=SpareRendererForSitePerProcess,WinDelaySpellcheckServiceInit --variations-seed-version --mojo-platform-channel-handle=2232 /prefetch:11","localhost","ea7bfcc2-2263-4c1b-91c4-7992054991fb","False","df34afb5-1e8a-4880-8a28-6e0722507204"
"2026-08-05T19:11:24.7967504+08:00","218.795","15532","3496","electron.exe","2026/8/5 19:06:46","0.141","88.7","""C:\Program Files\Blackmagic Design\DaVinci Resolve\Electron\electron.exe"" --type=renderer --user-data-dir=""C:\Users\Administrator\AppData\Roaming\Clackly Workflow Plugin"" --app-path=""C:\ProgramData\Blackmagic Design\DaVinci Resolve\Support\Workflow Integration Plugins\com.wutpeach.clackly\workflow-plugin"" --no-sandbox --no-zygote --video-capture-use-gpu-memory-buffer --lang=zh-CN --device-scale-factor=1 --num-raster-threads=4 --enable-main-frame-before-activation --renderer-client-id=4 --time-ticks-at-unix-epoch=-1785918640205991 --launch-time-ticks=9366284582 --field-trial-handle=2044,i,8528152345874284265,13457465882528845703,262144 --enable-features=PdfUseShowSaveFilePicker --disable-features=SpareRendererForSitePerProcess,WinDelaySpellcheckServiceInit --variations-seed-version --mojo-platform-channel-handle=3280 /prefetch:1","localhost","ea7bfcc2-2263-4c1b-91c4-7992054991fb","False","df34afb5-1e8a-4880-8a28-6e0722507204"
"2026-08-05T19:11:26.8044736+08:00","186.992","17944","13664","Resolve.exe","2026/8/5 19:06:28","68.281","2593.7","""C:\Program Files\Blackmagic Design\DaVinci Resolve\Resolve.exe"" ","localhost","ea7bfcc2-2263-4c1b-91c4-7992054991fb","False","df34afb5-1e8a-4880-8a28-6e0722507204"
"2026-08-05T19:11:26.8044736+08:00","187.992","3496","17944","electron.exe","2026/8/5 19:06:46","0.578","105.5","""C:/Program Files/Blackmagic Design/DaVinci Resolve\Electron\electron.exe"" ""C:\ProgramData\Blackmagic Design\DaVinci Resolve\Support\Workflow Integration Plugins\com.wutpeach.clackly\workflow-plugin/main.js"" --plugin-id=com.wutpeach.clackly","localhost","ea7bfcc2-2263-4c1b-91c4-7992054991fb","False","df34afb5-1e8a-4880-8a28-6e0722507204"
"2026-08-05T19:11:26.8044736+08:00","187.992","10124","3496","electron.exe","2026/8/5 19:06:46","0.812","111.4","""C:\Program Files\Blackmagic Design\DaVinci Resolve\Electron\electron.exe"" --type=gpu-process --user-data-dir=""C:\Users\Administrator\AppData\Roaming\Clackly Workflow Plugin"" --gpu-preferences=UAAAAAAAAADgAAAEAAAAAAAAAAAAAAAAAABgAAEAAAAAAAAAAAAAAAAAAAACAAAAAAAAAAAAAAAAAAAAAAAAABAAAAAAAAAAEAAAAAAAAAAIAAAAAAAAAAgAAAAAAAAA --field-trial-handle=2044,i,8528152345874284265,13457465882528845703,262144 --enable-features=PdfUseShowSaveFilePicker --disable-features=SpareRendererForSitePerProcess,WinDelaySpellcheckServiceInit --variations-seed-version --mojo-platform-channel-handle=2032 /prefetch:2","localhost","ea7bfcc2-2263-4c1b-91c4-7992054991fb","False","df34afb5-1e8a-4880-8a28-6e0722507204"
"2026-08-05T19:11:26.8044736+08:00","187.992","37640","3496","electron.exe","2026/8/5 19:06:46","0.156","51.6","""C:\Program Files\Blackmagic Design\DaVinci Resolve\Electron\electron.exe"" --type=utility --utility-sub-type=network.mojom.NetworkService --lang=zh-CN --service-sandbox-type=none --user-data-dir=""C:\Users\Administrator\AppData\Roaming\Clackly Workflow Plugin"" --field-trial-handle=2044,i,8528152345874284265,13457465882528845703,262144 --enable-features=PdfUseShowSaveFilePicker --disable-features=SpareRendererForSitePerProcess,WinDelaySpellcheckServiceInit --variations-seed-version --mojo-platform-channel-handle=2232 /prefetch:11","localhost","ea7bfcc2-2263-4c1b-91c4-7992054991fb","False","df34afb5-1e8a-4880-8a28-6e0722507204"
"2026-08-05T19:11:26.8044736+08:00","187.992","15532","3496","electron.exe","2026/8/5 19:06:46","0.141","88.7","""C:\Program Files\Blackmagic Design\DaVinci Resolve\Electron\electron.exe"" --type=renderer --user-data-dir=""C:\Users\Administrator\AppData\Roaming\Clackly Workflow Plugin"" --app-path=""C:\ProgramData\Blackmagic Design\DaVinci Resolve\Support\Workflow Integration Plugins\com.wutpeach.clackly\workflow-plugin"" --no-sandbox --no-zygote --video-capture-use-gpu-memory-buffer --lang=zh-CN --device-scale-factor=1 --num-raster-threads=4 --enable-main-frame-before-activation --renderer-client-id=4 --time-ticks-at-unix-epoch=-1785918640205991 --launch-time-ticks=9366284582 --field-trial-handle=2044,i,8528152345874284265,13457465882528845703,262144 --enable-features=PdfUseShowSaveFilePicker --disable-features=SpareRendererForSitePerProcess,WinDelaySpellcheckServiceInit --variations-seed-version --mojo-platform-channel-handle=3280 /prefetch:1","localhost","ea7bfcc2-2263-4c1b-91c4-7992054991fb","False","df34afb5-1e8a-4880-8a28-6e0722507204"
