"Timestamp","ProcessId","Responding","CpuSeconds","WorkingSetMB","Exited","IdentityMismatch"
"2026-08-05T19:06:28.5506493+08:00","17944","True","0.812","280.6","False","False"
"2026-08-05T19:06:28.6527795+08:00","17944","True","1","288.5","False","False"
"2026-08-05T19:06:28.7632875+08:00","17944","True","1.219","298.4","False","False"
"2026-08-05T19:06:28.8573854+08:00","17944","True","1.422","311.2","False","False"
"2026-08-05T19:06:28.9524212+08:00","17944","True","1.594","326.5","False","False"
"2026-08-05T19:06:29.0629873+08:00","17944","True","1.719","334.4","False","False"
"2026-08-05T19:06:29.1584406+08:00","17944","True","1.891","343.9","False","False"
"2026-08-05T19:06:29.2544452+08:00","17944","True","2.031","351.7","False","False"
"2026-08-05T19:06:29.3645551+08:00","17944","True","2.188","357.5","False","False"
"2026-08-05T19:06:29.4734719+08:00","17944","True","2.281","360.7","False","False"
"2026-08-05T19:06:29.5544722+08:00","17944","True","2.359","370","False","False"
"2026-08-05T19:06:29.6644711+08:00","17944","True","2.469","373.3","False","False"
"2026-08-05T19:06:29.7587720+08:00","17944","True","2.562","385.1","False","False"
"2026-08-05T19:06:29.8537768+08:00","17944","True","2.656","382.4","False","False"
"2026-08-05T19:06:29.9652866+08:00","17944","True","2.766","403.9","False","False"
"2026-08-05T19:06:30.0604532+08:00","17944","True","2.859","491.5","False","False"
"2026-08-05T19:06:30.1549621+08:00","17944","True","3","579","False","False"
"2026-08-05T19:06:30.2504833+08:00","17944","True","3.188","691.7","False","False"
"2026-08-05T19:06:30.3614000+08:00","17944","True","3.312","714.6","False","False"
"2026-08-05T19:06:30.4552416+08:00","17944","True","3.375","721.9","False","False"
"2026-08-05T19:06:30.6591817+08:00","17944","True","3.391","725.1","False","False"
"2026-08-05T19:06:30.6641821+08:00","17944","True","3.562","725.3","False","False"
"2026-08-05T19:06:30.8432695+08:00","17944","True","3.75","800.6","False","False"
"2026-08-05T19:06:30.9009323+08:00","17944","True","3.75","861.9","False","False"
"2026-08-05T19:06:30.9580381+08:00","17944","True","4.172","870.1","False","False"
"2026-08-05T19:06:31.0683836+08:00","17944","True","5","945.4","False","False"
"2026-08-05T19:06:31.3405148+08:00","17944","True","6.734","970.8","False","False"
"2026-08-05T19:06:34.7905566+08:00","17944","True","7.578","1603.3","False","False"
"2026-08-05T19:06:35.5563059+08:00","17944","True","8.406","1725.4","False","False"
"2026-08-05T19:06:36.4106266+08:00","17944","True","8.875","1771.2","False","False"
"2026-08-05T19:06:36.8416314+08:00","17944","True","9.203","1814.3","False","False"
"2026-08-05T19:06:37.1874316+08:00","17944","True","9.266","1855.9","False","False"
"2026-08-05T19:06:37.2381300+08:00","17944","True","9.281","1860.7","False","False"
"2026-08-05T19:06:37.2551512+08:00","17944","True","9.547","1863.3","False","False"
"2026-08-05T19:06:37.5250803+08:00","17944","True","11.359","1882.4","False","False"
"2026-08-05T19:06:39.3739940+08:00","17944","True","11.453","1968.2","False","False"
"2026-08-05T19:06:39.5472653+08:00","17944","True","12.094","1976.2","False","False"
"2026-08-05T19:06:40.4296173+08:00","17944","True","12.984","1990.7","False","False"
"2026-08-05T19:06:41.2592852+08:00","17944","True","13.359","2010","False","False"
"2026-08-05T19:06:41.8758052+08:00","17944","True","13.375","2050.4","False","False"
"2026-08-05T19:06:41.8893169+08:00","17944","True","13.391","2047.1","False","False"
"2026-08-05T19:06:41.8948231+08:00","17944","True","13.391","2045.7","False","False"
"2026-08-05T19:06:41.9068361+08:00","17944","True","13.812","2046.5","False","False"
"2026-08-05T19:06:42.1187969+08:00","17944","True","13.812","2115.8","False","False"
"2026-08-05T19:06:42.1249471+08:00","17944","True","13.891","2116.4","False","False"
"2026-08-05T19:06:42.1319469+08:00","17944","True","13.891","2116.5","False","False"
"2026-08-05T19:06:42.1370417+08:00","17944","True","13.891","2116.7","False","False"
"2026-08-05T19:06:42.1415446+08:00","17944","True","13.938","2116.7","False","False"
"2026-08-05T19:06:42.1465488+08:00","17944","True","13.938","2116.8","False","False"
"2026-08-05T19:06:42.1505480+08:00","17944","True","13.938","2116.8","False","False"
"2026-08-05T19:06:42.1546278+08:00","17944","True","13.938","2116.8","False","False"
"2026-08-05T19:06:42.1586285+08:00","17944","True","13.938","2116.9","False","False"
"2026-08-05T19:06:42.1626762+08:00","17944","True","13.938","2116.9","False","False"
"2026-08-05T19:06:42.1666765+08:00","17944","True","13.938","2116.9","False","False"
"2026-08-05T19:06:42.1706762+08:00","17944","True","14","2115.6","False","False"
"2026-08-05T19:06:42.1900083+08:00","17944","True","14.109","2115.4","False","False"
"2026-08-05T19:06:42.7225940+08:00","17944","True","14.109","2105.1","False","False"
"2026-08-05T19:06:42.7285940+08:00","17944","True","14.109","2105.1","False","False"
"2026-08-05T19:06:42.7326538+08:00","17944","True","14.109","2105.1","False","False"
"2026-08-05T19:06:42.7376538+08:00","17944","True","14.125","2105.1","False","False"
"2026-08-05T19:06:42.7416541+08:00","17944","True","14.125","2105.1","False","False"
"2026-08-05T19:06:42.7456853+08:00","17944","True","14.125","2105.1","False","False"
"2026-08-05T19:06:42.7506848+08:00","17944","True","14.141","2105.1","False","False"
"2026-08-05T19:06:42.7546944+08:00","17944","True","14.141","2105.1","False","False"
"2026-08-05T19:06:42.7586945+08:00","17944","True","14.141","2105.1","False","False"
"2026-08-05T19:06:42.7637459+08:00","17944","True","14.141","2105.1","False","False"
"2026-08-05T19:06:42.7677457+08:00","17944","True","14.156","2105.1","False","False"
"2026-08-05T19:06:42.7717456+08:00","17944","True","14.156","2105.1","False","False"
"2026-08-05T19:06:42.7760801+08:00","17944","True","14.156","2105.1","False","False"
"2026-08-05T19:06:42.7800805+08:00","17944","True","14.156","2105.1","False","False"
"2026-08-05T19:06:42.7845853+08:00","17944","True","14.172","2105.1","False","False"
"2026-08-05T19:06:42.7885853+08:00","17944","True","14.172","2105.1","False","False"
"2026-08-05T19:06:42.7926489+08:00","17944","True","14.172","2105.1","False","False"
"2026-08-05T19:06:42.7971503+08:00","17944","True","14.188","2105.1","False","False"
"2026-08-05T19:06:42.8016557+08:00","17944","True","14.188","2105.1","False","False"
"2026-08-05T19:06:42.8056584+08:00","17944","True","14.188","2105.1","False","False"
"2026-08-05T19:06:42.8106597+08:00","17944","True","14.188","2105.1","False","False"
"2026-08-05T19:06:42.8147831+08:00","17944","True","14.203","2105.1","False","False"
"2026-08-05T19:06:42.8187841+08:00","17944","True","14.203","2105.1","False","False"
"2026-08-05T19:06:42.8229219+08:00","17944","True","14.203","2105.1","False","False"
"2026-08-05T19:06:42.8279222+08:00","17944","True","14.203","2105.1","False","False"
"2026-08-05T19:06:42.8319215+08:00","17944","True","14.219","2105.1","False","False"
"2026-08-05T19:06:42.8359407+08:00","17944","True","14.219","2105.1","False","False"
"2026-08-05T19:06:42.8404517+08:00","17944","True","14.219","2105.1","False","False"
"2026-08-05T19:06:42.8444627+08:00","17944","True","14.25","2105.1","False","False"
"2026-08-05T19:06:42.8494625+08:00","17944","True","14.25","2105.1","False","False"
"2026-08-05T19:06:42.8535679+08:00","17944","True","14.25","2105.1","False","False"
"2026-08-05T19:06:42.8575679+08:00","17944","True","14.25","2105.1","False","False"
"2026-08-05T19:06:42.8615675+08:00","17944","True","14.266","2105.1","False","False"
"2026-08-05T19:06:42.8666414+08:00","17944","True","14.266","2105.1","False","False"
"2026-08-05T19:06:42.8706413+08:00","17944","True","14.266","2105.2","False","False"
"2026-08-05T19:06:42.8757829+08:00","17944","True","14.297","2105.2","False","False"
"2026-08-05T19:06:42.8808449+08:00","17944","True","14.297","2105.2","False","False"
"2026-08-05T19:06:42.8849630+08:00","17944","True","14.297","2105.2","False","False"
"2026-08-05T19:06:42.8889668+08:00","17944","True","14.312","2105.2","False","False"
"2026-08-05T19:06:42.8935137+08:00","17944","True","14.328","2105.2","False","False"
"2026-08-05T19:06:42.8980196+08:00","17944","True","14.328","2105.2","False","False"
"2026-08-05T19:06:42.9025290+08:00","17944","True","14.328","2105.2","False","False"
"2026-08-05T19:06:42.9065287+08:00","17944","True","14.359","2105.2","False","False"
"2026-08-05T19:06:42.9110342+08:00","17944","True","14.359","2105.2","False","False"
"2026-08-05T19:06:42.9155530+08:00","17944","True","14.359","2105.2","False","False"
"2026-08-05T19:06:42.9192515+08:00","17944","True","14.375","2105.2","False","False"
"2026-08-05T19:06:42.9267565+08:00","17944","True","14.375","2105.2","False","False"
"2026-08-05T19:06:42.9307565+08:00","17944","True","14.375","2105.2","False","False"
"2026-08-05T19:06:42.9351478+08:00","17944","True","14.375","2105.2","False","False"
"2026-08-05T19:06:42.9391507+08:00","17944","True","14.391","2105.2","False","False"
"2026-08-05T19:06:42.9436568+08:00","17944","True","14.391","2105.2","False","False"
"2026-08-05T19:06:42.9476565+08:00","17944","True","14.391","2105.2","False","False"
"2026-08-05T19:06:42.9516559+08:00","17944","True","14.422","2105.2","False","False"
"2026-08-05T19:06:42.9560921+08:00","17944","True","14.422","2105.2","False","False"
"2026-08-05T19:06:42.9607138+08:00","17944","True","14.422","2105.2","False","False"
"2026-08-05T19:06:42.9648484+08:00","17944","True","14.422","2105.2","False","False"
"2026-08-05T19:06:42.9691226+08:00","17944","True","14.438","2105.2","False","False"
"2026-08-05T19:06:42.9736299+08:00","17944","True","14.438","2105.2","False","False"
"2026-08-05T19:06:42.9776306+08:00","17944","True","14.438","2105.2","False","False"
"2026-08-05T19:06:42.9821339+08:00","17944","True","14.438","2105.2","False","False"
"2026-08-05T19:06:42.9861367+08:00","17944","True","14.453","2105.2","False","False"
"2026-08-05T19:06:42.9896387+08:00","17944","True","14.453","2105.2","False","False"
"2026-08-05T19:06:42.9947851+08:00","17944","True","14.453","2105.2","False","False"
"2026-08-05T19:06:42.9992900+08:00","17944","True","14.469","2105.2","False","False"
"2026-08-05T19:06:43.0027943+08:00","17944","True","14.484","2105.2","False","False"
"2026-08-05T19:06:43.0071226+08:00","17944","True","14.484","2105.2","False","False"
"2026-08-05T19:06:43.0116277+08:00","17944","True","14.484","2105.2","False","False"
"2026-08-05T19:06:43.0159031+08:00","17944","True","14.5","2105.2","False","False"
"2026-08-05T19:06:43.0199029+08:00","17944","True","14.5","2105.2","False","False"
"2026-08-05T19:06:43.0234082+08:00","17944","True","14.5","2105.2","False","False"
"2026-08-05T19:06:43.0284115+08:00","17944","True","14.5","2105.2","False","False"
"2026-08-05T19:06:43.0319136+08:00","17944","True","14.531","2105.2","False","False"
"2026-08-05T19:06:43.0369166+08:00","17944","True","14.531","2105.2","False","False"
"2026-08-05T19:06:43.0409165+08:00","17944","True","14.531","2105.2","False","False"
"2026-08-05T19:06:43.0450294+08:00","17944","True","14.531","2105.2","False","False"
"2026-08-05T19:06:43.0490292+08:00","17944","True","14.547","2105.2","False","False"
"2026-08-05T19:06:43.0535346+08:00","17944","True","14.547","2105.2","False","False"
"2026-08-05T19:06:43.0575359+08:00","17944","True","14.547","2105.2","False","False"
"2026-08-05T19:06:43.0615351+08:00","17944","True","14.562","2105.2","False","False"
"2026-08-05T19:06:43.0655679+08:00","17944","True","14.562","2105.2","False","False"
"2026-08-05T19:06:43.0695673+08:00","17944","True","14.562","2105.2","False","False"
"2026-08-05T19:06:43.0737622+08:00","17944","True","14.562","2105.2","False","False"
"2026-08-05T19:06:43.0787630+08:00","17944","True","14.594","2105.2","False","False"
"2026-08-05T19:06:43.0832680+08:00","17944","True","14.594","2105.2","False","False"
"2026-08-05T19:06:43.0872665+08:00","17944","True","14.594","2105.2","False","False"
"2026-08-05T19:06:43.0902660+08:00","17944","True","14.594","2105.2","False","False"
"2026-08-05T19:06:43.0947711+08:00","17944","True","14.609","2105.2","False","False"
"2026-08-05T19:06:43.0992765+08:00","17944","True","14.609","2105.2","False","False"
"2026-08-05T19:06:43.1037812+08:00","17944","True","14.609","2105.2","False","False"
"2026-08-05T19:06:43.1072836+08:00","17944","True","14.609","2105.2","False","False"
"2026-08-05T19:06:43.1509355+08:00","17944","True","14.672","2105.2","False","False"
"2026-08-05T19:06:43.2594524+08:00","17944","True","14.828","2105.3","False","False"
"2026-08-05T19:06:43.3528410+08:00","17944","True","14.984","2105.4","False","False"
"2026-08-05T19:06:43.4628440+08:00","17944","True","15.125","2105.4","False","False"
"2026-08-05T19:06:43.5565491+08:00","17944","True","15.219","2105.4","False","False"
"2026-08-05T19:06:43.6644678+08:00","17944","True","15.344","2105.4","False","False"
"2026-08-05T19:06:43.7584900+08:00","17944","True","15.438","2105.4","False","False"
"2026-08-05T19:06:43.8522425+08:00","17944","True","16.406","2059.2","False","False"
"2026-08-05T19:06:44.3356144+08:00","17944","True","16.516","2063.3","False","False"
"2026-08-05T19:06:44.4858911+08:00","17944","True","16.531","2064.4","False","False"
"2026-08-05T19:06:44.4908922+08:00","17944","True","16.531","2064.4","False","False"
"2026-08-05T19:06:44.4949824+08:00","17944","True","16.531","2064.4","False","False"
"2026-08-05T19:06:44.4994855+08:00","17944","True","16.531","2064.4","False","False"
"2026-08-05T19:06:44.5039947+08:00","17944","True","16.531","2064.4","False","False"
"2026-08-05T19:06:44.5696987+08:00","17944","True","16.531","2064.4","False","False"
"2026-08-05T19:06:44.6618197+08:00","17944","True","16.531","2064.4","False","False"
"2026-08-05T19:06:44.7727228+08:00","17944","True","16.562","2064.4","False","False"
"2026-08-05T19:06:44.8520148+08:00","17944","True","16.578","2064.4","False","False"
"2026-08-05T19:06:44.9601154+08:00","17944","True","16.578","2064.4","False","False"
"2026-08-05T19:06:45.0678523+08:00","17944","True","16.703","2067.3","False","False"
"2026-08-05T19:06:45.1614074+08:00","17944","True","16.703","2070.9","False","False"
"2026-08-05T19:06:45.2714622+08:00","17944","True","17.094","2073.5","False","False"
"2026-08-05T19:06:45.6574976+08:00","17944","True","17.906","2296.7","False","False"
"2026-08-05T19:06:46.3002675+08:00","17944","True","18.016","2401.9","False","False"
"2026-08-05T19:06:46.3745345+08:00","17944","True","18.031","2461.8","False","False"
"2026-08-05T19:06:46.3805339+08:00","17944","True","18.031","2471.9","False","False"
"2026-08-05T19:06:46.3905757+08:00","17944","True","18.047","2474.5","False","False"
"2026-08-05T19:06:46.3983390+08:00","17944","True","18.234","2475.1","False","False"
"2026-08-05T19:06:46.5488840+08:00","17944","True","18.25","2478.1","False","False"
"2026-08-05T19:06:46.5577233+08:00","17944","True","18.25","2478.1","False","False"
"2026-08-05T19:06:46.5619749+08:00","17944","True","18.25","2478.1","False","False"
"2026-08-05T19:06:46.5669819+08:00","17944","True","18.25","2478.1","False","False"
"2026-08-05T19:06:46.5754859+08:00","17944","True","18.25","2478.1","False","False"
"2026-08-05T19:06:46.5804869+08:00","17944","True","18.25","2478.1","False","False"
"2026-08-05T19:06:46.5849928+08:00","17944","True","18.25","2478.1","False","False"
"2026-08-05T19:06:46.6575092+08:00","17944","True","18.297","2478.2","False","False"
"2026-08-05T19:06:46.7496656+08:00","17944","True","18.297","2478.2","False","False"
"2026-08-05T19:06:46.8593245+08:00","17944","True","18.297","2478.2","False","False"
"2026-08-05T19:06:46.9523254+08:00","17944","True","18.297","2478.2","False","False"
"2026-08-05T19:06:47.0616968+08:00","17944","True","18.297","2478.2","False","False"
"2026-08-05T19:06:47.1547180+08:00","17944","True","18.312","2478.2","False","False"
"2026-08-05T19:06:47.2638362+08:00","17944","True","18.391","2478.2","False","False"
"2026-08-05T19:06:47.3564567+08:00","17944","True","18.453","2478.2","False","False"
"2026-08-05T19:06:47.4504372+08:00","17944","True","18.5","2478.2","False","False"
"2026-08-05T19:06:47.5623809+08:00","17944","True","18.516","2478.5","False","False"
"2026-08-05T19:06:47.6556161+08:00","17944","True","18.531","2478.5","False","False"
"2026-08-05T19:06:47.7497936+08:00","17944","True","18.547","2478.5","False","False"
"2026-08-05T19:06:47.8587430+08:00","17944","True","18.562","2478.5","False","False"
"2026-08-05T19:06:47.9543741+08:00","17944","True","18.562","2478.5","False","False"
"2026-08-05T19:06:48.0644386+08:00","17944","True","18.594","2478.5","False","False"
"2026-08-05T19:06:48.1733649+08:00","17944","True","18.609","2478.5","False","False"
"2026-08-05T19:06:48.2520040+08:00","17944","True","18.625","2478.5","False","False"
"2026-08-05T19:06:48.3624578+08:00","17944","True","18.672","2478.5","False","False"
"2026-08-05T19:06:48.4715975+08:00","17944","True","18.688","2478.5","False","False"
"2026-08-05T19:06:48.5658298+08:00","17944","True","18.688","2478.5","False","False"
"2026-08-05T19:06:48.6747250+08:00","17944","True","18.688","2478.5","False","False"
"2026-08-05T19:06:48.7687774+08:00","17944","True","18.688","2478.5","False","False"
"2026-08-05T19:06:48.8617726+08:00","17944","True","18.688","2478.5","False","False"
"2026-08-05T19:06:48.9727499+08:00","17944","True","18.703","2478.5","False","False"
"2026-08-05T19:06:49.0671113+08:00","17944","True","18.703","2478.5","False","False"
"2026-08-05T19:06:49.1605005+08:00","17944","True","18.812","2504.5","False","False"
"2026-08-05T19:06:49.2707413+08:00","17944","True","19.516","2519.9","False","False"
"2026-08-05T19:06:49.6396807+08:00","17944","True","19.578","2512.5","False","False"
"2026-08-05T19:06:49.6527504+08:00","17944","True","19.578","2512.6","False","False"
"2026-08-05T19:06:49.6617507+08:00","17944","True","19.609","2512.9","False","False"
"2026-08-05T19:06:49.6788143+08:00","17944","True","19.734","2512.9","False","False"
"2026-08-05T19:06:49.8488678+08:00","17944","True","19.734","2524.8","False","False"
"2026-08-05T19:06:49.8603727+08:00","17944","True","19.766","2524.8","False","False"
"2026-08-05T19:06:49.9577883+08:00","17944","True","19.922","2533.6","False","False"
"2026-08-05T19:06:50.0666357+08:00","17944","True","19.984","2535.8","False","False"
"2026-08-05T19:06:50.1593869+08:00","17944","True","19.984","2535.8","False","False"
"2026-08-05T19:06:50.2674127+08:00","17944","True","20.016","2535.7","False","False"
"2026-08-05T19:06:50.3588281+08:00","17944","True","20.109","2535.8","False","False"
"2026-08-05T19:06:50.4524047+08:00","17944","True","20.266","2544.3","False","False"
"2026-08-05T19:06:50.5614146+08:00","17944","True","20.469","2544.3","False","False"
"2026-08-05T19:06:50.6552915+08:00","17944","True","20.625","2544.8","False","False"
"2026-08-05T19:06:50.7512686+08:00","17944","True","20.719","2544.5","False","False"
"2026-08-05T19:06:50.8603385+08:00","17944","True","20.766","2551.7","False","False"
"2026-08-05T19:06:50.9534820+08:00","17944","True","20.812","2560.4","False","False"
"2026-08-05T19:06:51.0628101+08:00","17944","True","20.828","2560.4","False","False"
"2026-08-05T19:06:51.1556105+08:00","17944","True","20.953","2560.4","False","False"
"2026-08-05T19:06:51.2502004+08:00","17944","True","21.094","2560.6","False","False"
"2026-08-05T19:06:51.3595481+08:00","17944","True","21.172","2560.6","False","False"
"2026-08-05T19:06:51.4544365+08:00","17944","True","21.234","2562","False","False"
"2026-08-05T19:06:51.5622977+08:00","17944","True","21.312","2562.2","False","False"
"2026-08-05T19:06:51.6532481+08:00","17944","True","21.391","2562.2","False","False"
"2026-08-05T19:06:51.7613947+08:00","17944","True","21.5","2562.2","False","False"
"2026-08-05T19:06:51.8543329+08:00","17944","True","21.516","2562.2","False","False"
"2026-08-05T19:06:51.9645070+08:00","17944","True","21.531","2562.2","False","False"
"2026-08-05T19:06:52.0597473+08:00","17944","True","21.531","2562.2","False","False"
"2026-08-05T19:06:52.1534105+08:00","17944","True","21.531","2562.2","False","False"
"2026-08-05T19:06:52.2617120+08:00","17944","True","21.625","2562.2","False","False"
"2026-08-05T19:06:52.3533927+08:00","17944","True","21.719","2562.2","False","False"
"2026-08-05T19:06:52.4634816+08:00","17944","True","21.922","2562.3","False","False"
"2026-08-05T19:06:52.5573519+08:00","17944","True","22.094","2562.4","False","False"
"2026-08-05T19:06:52.6525413+08:00","17944","True","22.281","2562.1","False","False"
"2026-08-05T19:06:52.7612715+08:00","17944","True","22.328","2562.1","False","False"
"2026-08-05T19:06:52.8555476+08:00","17944","True","22.469","2559.2","False","False"
"2026-08-05T19:06:52.9498654+08:00","17944","True","22.531","2562.6","False","False"
"2026-08-05T19:06:53.0570321+08:00","17944","True","22.594","2562.7","False","False"
"2026-08-05T19:06:53.1642266+08:00","17944","True","22.703","2562.7","False","False"
"2026-08-05T19:06:53.2584442+08:00","17944","True","22.766","2562.7","False","False"
"2026-08-05T19:06:53.3526594+08:00","17944","True","22.875","2562.7","False","False"
"2026-08-05T19:06:53.4597237+08:00","17944","True","22.984","2562.7","False","False"
"2026-08-05T19:06:53.5543965+08:00","17944","True","23","2562.7","False","False"
"2026-08-05T19:06:53.6622257+08:00","17944","True","23.031","2562.7","False","False"
"2026-08-05T19:06:53.7700744+08:00","17944","True","23.172","2562.8","False","False"
"2026-08-05T19:06:53.8635725+08:00","17944","True","23.344","2562.8","False","False"
"2026-08-05T19:06:53.9576753+08:00","17944","True","26.984","2562.5","False","False"
"2026-08-05T19:06:55.2995399+08:00","17944","True","31.672","2562.6","False","False"
"2026-08-05T19:06:59.8385084+08:00","17944","True","31.719","2563","False","False"
"2026-08-05T19:06:59.8913442+08:00","17944","True","31.734","2563","False","False"
"2026-08-05T19:06:59.9022875+08:00","17944","True","31.734","2563","False","False"
"2026-08-05T19:06:59.9072881+08:00","17944","True","31.75","2563","False","False"
"2026-08-05T19:06:59.9117900+08:00","17944","True","31.75","2563","False","False"
"2026-08-05T19:06:59.9167933+08:00","17944","True","31.75","2563","False","False"
"2026-08-05T19:06:59.9197933+08:00","17944","True","31.75","2563","False","False"
"2026-08-05T19:06:59.9242997+08:00","17944","True","31.75","2563","False","False"
"2026-08-05T19:06:59.9282995+08:00","17944","True","31.75","2563","False","False"
"2026-08-05T19:06:59.9325143+08:00","17944","True","31.75","2563","False","False"
"2026-08-05T19:06:59.9365137+08:00","17944","True","31.75","2563","False","False"
"2026-08-05T19:06:59.9405134+08:00","17944","True","31.75","2563","False","False"
"2026-08-05T19:06:59.9445332+08:00","17944","True","31.75","2563","False","False"
"2026-08-05T19:06:59.9490391+08:00","17944","True","31.75","2563","False","False"
"2026-08-05T19:06:59.9525446+08:00","17944","True","31.797","2563","False","False"
"2026-08-05T19:06:59.9565453+08:00","17944","True","31.797","2563","False","False"
"2026-08-05T19:06:59.9610481+08:00","17944","True","31.797","2563","False","False"
"2026-08-05T19:06:59.9660515+08:00","17944","True","31.797","2563","False","False"
"2026-08-05T19:06:59.9700512+08:00","17944","True","31.859","2563","False","False"
"2026-08-05T19:06:59.9745601+08:00","17944","True","31.859","2563","False","False"
"2026-08-05T19:06:59.9795605+08:00","17944","True","31.859","2563","False","False"
"2026-08-05T19:06:59.9830669+08:00","17944","True","31.859","2563","False","False"
"2026-08-05T19:06:59.9876103+08:00","17944","True","31.859","2563","False","False"
"2026-08-05T19:06:59.9916205+08:00","17944","True","31.859","2563","False","False"
"2026-08-05T19:06:59.9956218+08:00","17944","True","31.859","2563","False","False"
"2026-08-05T19:06:59.9996212+08:00","17944","True","31.859","2563","False","False"
"2026-08-05T19:07:00.0041316+08:00","17944","True","31.859","2563","False","False"
"2026-08-05T19:07:00.0071319+08:00","17944","True","31.859","2563","False","False"
"2026-08-05T19:07:00.0116377+08:00","17944","True","31.859","2563","False","False"
"2026-08-05T19:07:00.0161407+08:00","17944","True","31.875","2563","False","False"
"2026-08-05T19:07:00.0201436+08:00","17944","True","31.875","2563","False","False"
"2026-08-05T19:07:00.0279466+08:00","17944","True","31.875","2563","False","False"
"2026-08-05T19:07:00.0324517+08:00","17944","True","31.875","2563","False","False"
"2026-08-05T19:07:00.0364516+08:00","17944","True","31.875","2563","False","False"
"2026-08-05T19:07:00.0404519+08:00","17944","True","31.875","2563","False","False"
"2026-08-05T19:07:00.0445939+08:00","17944","True","31.875","2563","False","False"
"2026-08-05T19:07:00.0480981+08:00","17944","True","31.875","2563","False","False"
"2026-08-05T19:07:00.0516022+08:00","17944","True","31.875","2563","False","False"
"2026-08-05T19:07:00.0556038+08:00","17944","True","31.875","2563","False","False"
"2026-08-05T19:07:00.0596030+08:00","17944","True","31.875","2563","False","False"
"2026-08-05T19:07:00.0631096+08:00","17944","True","31.875","2563","False","False"
"2026-08-05T19:07:00.0671104+08:00","17944","True","31.875","2563","False","False"
"2026-08-05T19:07:00.0711099+08:00","17944","True","31.875","2563","False","False"
"2026-08-05T19:07:00.0751506+08:00","17944","True","31.875","2563","False","False"
"2026-08-05T19:07:00.0781514+08:00","17944","True","31.875","2563","False","False"
"2026-08-05T19:07:00.0826557+08:00","17944","True","31.875","2563","False","False"
"2026-08-05T19:07:00.0866587+08:00","17944","True","31.875","2563","False","False"
"2026-08-05T19:07:00.0896579+08:00","17944","True","31.875","2563","False","False"
"2026-08-05T19:07:00.0941652+08:00","17944","True","31.875","2563","False","False"
"2026-08-05T19:07:00.0981644+08:00","17944","True","31.875","2563","False","False"
"2026-08-05T19:07:00.1025763+08:00","17944","True","31.875","2563","False","False"
"2026-08-05T19:07:00.1055747+08:00","17944","True","31.875","2563","False","False"
"2026-08-05T19:07:00.1100797+08:00","17944","True","31.891","2563","False","False"
"2026-08-05T19:07:00.1135856+08:00","17944","True","31.891","2563","False","False"
"2026-08-05T19:07:00.1172996+08:00","17944","True","31.891","2563","False","False"
"2026-08-05T19:07:00.1213128+08:00","17944","True","31.891","2563","False","False"
"2026-08-05T19:07:00.1263154+08:00","17944","True","31.891","2563","False","False"
"2026-08-05T19:07:00.1303160+08:00","17944","True","31.891","2563","False","False"
"2026-08-05T19:07:00.1338239+08:00","17944","True","31.891","2563","False","False"
"2026-08-05T19:07:00.1378242+08:00","17944","True","31.891","2563","False","False"
"2026-08-05T19:07:00.1631537+08:00","17944","True","31.891","2563","False","False"
"2026-08-05T19:07:00.2580734+08:00","17944","True","31.891","2563","False","False"
"2026-08-05T19:07:00.3522018+08:00","17944","True","32","2563","False","False"
"2026-08-05T19:07:00.4613911+08:00","17944","True","32.094","2563","False","False"
"2026-08-05T19:07:00.5553836+08:00","17944","True","32.219","2563.3","False","False"
"2026-08-05T19:07:00.6643341+08:00","17944","True","32.266","2563.3","False","False"
"2026-08-05T19:07:00.7573799+08:00","17944","True","32.281","2563.3","False","False"
"2026-08-05T19:07:00.8515772+08:00","17944","True","32.328","2563.3","False","False"
"2026-08-05T19:07:00.9619253+08:00","17944","True","32.359","2563.3","False","False"
"2026-08-05T19:07:01.0543916+08:00","17944","True","32.359","2563.3","False","False"
"2026-08-05T19:07:01.1653156+08:00","17944","True","32.391","2563.3","False","False"
"2026-08-05T19:07:01.2712715+08:00","17944","True","32.391","2563.3","False","False"
"2026-08-05T19:07:01.3654445+08:00","17944","True","32.391","2563.3","False","False"
"2026-08-05T19:07:01.4757326+08:00","17944","True","32.391","2563.3","False","False"
"2026-08-05T19:07:01.5684368+08:00","17944","True","32.406","2563.3","False","False"
"2026-08-05T19:07:01.6610266+08:00","17944","True","32.406","2563.3","False","False"
"2026-08-05T19:07:01.7689148+08:00","17944","True","32.406","2563.3","False","False"
"2026-08-05T19:07:01.8624033+08:00","17944","True","32.406","2563.3","False","False"
"2026-08-05T19:07:01.9725401+08:00","17944","True","32.422","2563.3","False","False"
"2026-08-05T19:07:02.0674702+08:00","17944","True","32.422","2563.3","False","False"
"2026-08-05T19:07:02.1613224+08:00","17944","True","32.422","2563.3","False","False"
"2026-08-05T19:07:02.2703708+08:00","17944","True","32.422","2563.3","False","False"
"2026-08-05T19:07:02.3645829+08:00","17944","True","32.438","2563.3","False","False"
"2026-08-05T19:07:02.4734516+08:00","17944","True","32.453","2563.3","False","False"
"2026-08-05T19:07:02.5674015+08:00","17944","True","32.453","2563.3","False","False"
"2026-08-05T19:07:02.6610447+08:00","17944","True","32.469","2563.3","False","False"
"2026-08-05T19:07:02.7690905+08:00","17944","True","32.469","2563.3","False","False"
"2026-08-05T19:07:02.8630173+08:00","17944","True","32.469","2563.3","False","False"
"2026-08-05T19:07:02.9729922+08:00","17944","True","32.469","2563.3","False","False"
"2026-08-05T19:07:03.0664642+08:00","17944","True","32.469","2563.3","False","False"
"2026-08-05T19:07:03.1609787+08:00","17944","True","32.547","2563.3","False","False"
"2026-08-05T19:07:03.2700266+08:00","17944","True","32.547","2563.3","False","False"
"2026-08-05T19:07:03.3634358+08:00","17944","True","32.578","2563.3","False","False"
"2026-08-05T19:07:03.4729897+08:00","17944","True","32.578","2563.3","False","False"
"2026-08-05T19:07:03.5692668+08:00","17944","True","32.578","2563.3","False","False"
"2026-08-05T19:07:03.6620734+08:00","17944","True","32.594","2563.3","False","False"
"2026-08-05T19:07:03.7711237+08:00","17944","True","32.625","2563.3","False","False"
"2026-08-05T19:07:03.8651267+08:00","17944","True","32.625","2561.7","False","False"
"2026-08-05T19:07:03.9733961+08:00","17944","True","32.625","2561.7","False","False"
"2026-08-05T19:07:04.0661968+08:00","17944","True","32.625","2561.7","False","False"
"2026-08-05T19:07:04.1610135+08:00","17944","True","32.672","2561.7","False","False"
"2026-08-05T19:07:04.2709365+08:00","17944","True","32.672","2561.7","False","False"
"2026-08-05T19:07:04.3620310+08:00","17944","True","32.703","2561.7","False","False"
"2026-08-05T19:07:04.4698136+08:00","17944","True","32.703","2561.7","False","False"
"2026-08-05T19:07:04.5632693+08:00","17944","True","32.703","2561.7","False","False"
"2026-08-05T19:07:04.6552226+08:00","17944","True","32.703","2561.7","False","False"
"2026-08-05T19:07:04.7644398+08:00","17944","True","32.703","2561.7","False","False"
"2026-08-05T19:07:04.8580000+08:00","17944","True","32.75","2561.7","False","False"
"2026-08-05T19:07:04.9524022+08:00","17944","True","32.75","2561.7","False","False"
"2026-08-05T19:07:05.0612756+08:00","17944","True","32.75","2561.7","False","False"
"2026-08-05T19:07:05.1555873+08:00","17944","True","32.75","2561.7","False","False"
"2026-08-05T19:07:05.2491388+08:00","17944","True","32.875","2561.7","False","False"
"2026-08-05T19:07:05.3564001+08:00","17944","True","32.875","2561.7","False","False"
"2026-08-05T19:07:05.4509205+08:00","17944","True","32.875","2561.7","False","False"
"2026-08-05T19:07:05.5596545+08:00","17944","True","32.875","2561.7","False","False"
"2026-08-05T19:07:05.6519116+08:00","17944","True","32.875","2561.7","False","False"
"2026-08-05T19:07:05.7622698+08:00","17944","True","32.875","2561.7","False","False"
"2026-08-05T19:07:05.8567700+08:00","17944","True","32.891","2561.7","False","False"
"2026-08-05T19:07:05.9503206+08:00","17944","True","32.891","2561.7","False","False"
"2026-08-05T19:07:06.0581030+08:00","17944","True","32.891","2561.7","False","False"
"2026-08-05T19:07:06.1515879+08:00","17944","True","32.906","2561.7","False","False"
"2026-08-05T19:07:06.2600481+08:00","17944","True","32.938","2561.7","False","False"
"2026-08-05T19:07:06.3531249+08:00","17944","True","32.938","2561.7","False","False"
"2026-08-05T19:07:06.4650123+08:00","17944","True","32.938","2561.7","False","False"
"2026-08-05T19:07:06.5582735+08:00","17944","True","32.953","2561.7","False","False"
"2026-08-05T19:07:06.6527570+08:00","17944","True","32.953","2561.7","False","False"
"2026-08-05T19:07:06.7613274+08:00","17944","True","32.953","2561.7","False","False"
"2026-08-05T19:07:06.8531484+08:00","17944","True","32.953","2561.7","False","False"
"2026-08-05T19:07:06.9639293+08:00","17944","True","32.953","2498","False","False"
"2026-08-05T19:07:07.0581920+08:00","17944","True","32.984","2498","False","False"
"2026-08-05T19:07:07.1542090+08:00","17944","True","32.984","2498","False","False"
"2026-08-05T19:07:07.2494034+08:00","17944","True","32.984","2498","False","False"
"2026-08-05T19:07:07.3590497+08:00","17944","True","32.984","2498","False","False"
"2026-08-05T19:07:07.4516945+08:00","17944","True","32.984","2498","False","False"
"2026-08-05T19:07:07.5609372+08:00","17944","True","32.984","2498","False","False"
"2026-08-05T19:07:07.6557053+08:00","17944","True","32.984","2498","False","False"
"2026-08-05T19:07:07.7644972+08:00","17944","True","32.984","2498","False","False"
"2026-08-05T19:07:07.8580982+08:00","17944","True","32.984","2498","False","False"
"2026-08-05T19:07:07.9523318+08:00","17944","True","32.984","2498","False","False"
"2026-08-05T19:07:08.0610711+08:00","17944","True","32.984","2498","False","False"
"2026-08-05T19:07:08.1552187+08:00","17944","True","32.984","2498","False","False"
"2026-08-05T19:07:08.2633671+08:00","17944","True","32.984","2498","False","False"
"2026-08-05T19:07:08.3584053+08:00","17944","True","32.984","2498","False","False"
"2026-08-05T19:07:08.4670128+08:00","17944","True","32.984","2498","False","False"
"2026-08-05T19:07:08.5588611+08:00","17944","True","32.984","2498","False","False"
"2026-08-05T19:07:08.6519034+08:00","17944","True","32.984","2498","False","False"
"2026-08-05T19:07:08.7612229+08:00","17944","True","32.984","2498","False","False"
"2026-08-05T19:07:08.8550803+08:00","17944","True","32.984","2498","False","False"
"2026-08-05T19:07:08.9643099+08:00","17944","True","33.031","2498","False","False"
"2026-08-05T19:07:09.0580077+08:00","17944","True","33.031","2498","False","False"
"2026-08-05T19:07:09.1518194+08:00","17944","True","33.031","2498","False","False"
"2026-08-05T19:07:09.2609468+08:00","17944","True","33.031","2498","False","False"
"2026-08-05T19:07:09.3542773+08:00","17944","True","33.094","2498","False","False"
"2026-08-05T19:07:09.4642088+08:00","17944","True","33.094","2498","False","False"
"2026-08-05T19:07:09.5581546+08:00","17944","True","33.109","2498","False","False"
"2026-08-05T19:07:09.6512198+08:00","17944","True","33.109","2498","False","False"
"2026-08-05T19:07:09.7602606+08:00","17944","True","33.109","2498","False","False"
"2026-08-05T19:07:09.8531957+08:00","17944","True","33.109","2498","False","False"
"2026-08-05T19:07:09.9619773+08:00","17944","True","33.125","2497.6","False","False"
"2026-08-05T19:07:10.0560944+08:00","17944","True","33.188","2497.6","False","False"
"2026-08-05T19:07:10.1514887+08:00","17944","True","33.188","2497.4","False","False"
"2026-08-05T19:07:10.2598899+08:00","17944","True","33.188","2497.2","False","False"
"2026-08-05T19:07:10.3531659+08:00","17944","True","33.219","2497.2","False","False"
"2026-08-05T19:07:10.4621338+08:00","17944","True","33.219","2497.2","False","False"
"2026-08-05T19:07:10.5571023+08:00","17944","True","33.219","2497.2","False","False"
"2026-08-05T19:07:10.6520851+08:00","17944","True","33.234","2497.1","False","False"
"2026-08-05T19:07:10.7625258+08:00","17944","True","33.234","2497.1","False","False"
"2026-08-05T19:07:10.8570971+08:00","17944","True","33.234","2496.9","False","False"
"2026-08-05T19:07:10.9501365+08:00","17944","True","33.234","2496.9","False","False"
"2026-08-05T19:07:11.0601058+08:00","17944","True","33.234","2496.7","False","False"
"2026-08-05T19:07:11.1550588+08:00","17944","True","33.25","2496.7","False","False"
"2026-08-05T19:07:11.2638174+08:00","17944","True","33.25","2496.7","False","False"
"2026-08-05T19:07:11.3580697+08:00","17944","True","33.25","2496.7","False","False"
"2026-08-05T19:07:11.4529283+08:00","17944","True","33.344","2496.7","False","False"
"2026-08-05T19:07:11.5641771+08:00","17944","True","33.344","2496.7","False","False"
"2026-08-05T19:07:11.6729261+08:00","17944","True","33.344","2496.7","False","False"
"2026-08-05T19:07:11.7510504+08:00","17944","True","33.344","2496.7","False","False"
"2026-08-05T19:07:11.8608636+08:00","17944","True","33.344","2496.7","False","False"
"2026-08-05T19:07:11.9522722+08:00","17944","True","33.344","2496.7","False","False"
"2026-08-05T19:07:12.0623581+08:00","17944","True","33.359","2496.7","False","False"
"2026-08-05T19:07:12.1558304+08:00","17944","True","33.406","2496.7","False","False"
"2026-08-05T19:07:12.2502202+08:00","17944","True","33.406","2496.7","False","False"
"2026-08-05T19:07:12.3595577+08:00","17944","True","33.406","2496.7","False","False"
"2026-08-05T19:07:12.4677901+08:00","17944","True","33.406","2496.7","False","False"
"2026-08-05T19:07:12.5609259+08:00","17944","True","33.406","2496.7","False","False"
"2026-08-05T19:07:12.6551268+08:00","17944","True","33.406","2496.7","False","False"
"2026-08-05T19:07:12.7499984+08:00","17944","True","33.422","2496.7","False","False"
"2026-08-05T19:07:12.8609244+08:00","17944","True","33.469","2496.7","False","False"
"2026-08-05T19:07:12.9559600+08:00","17944","True","33.469","2496.7","False","False"
"2026-08-05T19:07:13.0659600+08:00","17944","True","33.469","2496.7","False","False"
"2026-08-05T19:07:13.1747893+08:00","17944","True","33.484","2496.7","False","False"
"2026-08-05T19:07:13.2679996+08:00","17944","True","33.484","2496.7","False","False"
"2026-08-05T19:07:13.3618038+08:00","17944","True","33.484","2496.7","False","False"
"2026-08-05T19:07:13.4700393+08:00","17944","True","33.484","2496.7","False","False"
"2026-08-05T19:07:13.5637063+08:00","17944","True","33.484","2496.7","False","False"
"2026-08-05T19:07:13.6557422+08:00","17944","True","33.5","2496.7","False","False"
"2026-08-05T19:07:13.7653610+08:00","17944","True","33.609","2496.7","False","False"
"2026-08-05T19:07:13.8588836+08:00","17944","True","33.609","2496.7","False","False"
"2026-08-05T19:07:13.9537245+08:00","17944","True","33.609","2496.4","False","False"
"2026-08-05T19:07:14.0639607+08:00","17944","True","33.609","2496.4","False","False"
"2026-08-05T19:07:14.1573352+08:00","17944","True","33.609","2496.4","False","False"
"2026-08-05T19:07:14.2640860+08:00","17944","True","33.609","2496.4","False","False"
"2026-08-05T19:07:14.3561976+08:00","17944","True","33.609","2496.4","False","False"
"2026-08-05T19:07:14.4507034+08:00","17944","True","33.609","2496.4","False","False"
"2026-08-05T19:07:14.5619012+08:00","17944","True","33.609","2496.4","False","False"
"2026-08-05T19:07:14.6554396+08:00","17944","True","33.609","2496.4","False","False"
"2026-08-05T19:07:14.7510937+08:00","17944","True","33.609","2496.4","False","False"
"2026-08-05T19:07:14.8619290+08:00","17944","True","33.609","2496.4","False","False"
"2026-08-05T19:07:14.9564488+08:00","17944","True","33.609","2496.4","False","False"
"2026-08-05T19:07:15.0646148+08:00","17944","True","33.609","2496.4","False","False"
"2026-08-05T19:07:15.1581596+08:00","17944","True","33.641","2496.4","False","False"
"2026-08-05T19:07:15.2680971+08:00","17944","True","33.656","2496.3","False","False"
"2026-08-05T19:07:15.3607296+08:00","17944","True","33.688","2496.3","False","False"
"2026-08-05T19:07:15.4540743+08:00","17944","True","33.688","2496.3","False","False"
"2026-08-05T19:07:15.5628941+08:00","17944","True","33.688","2496.3","False","False"
"2026-08-05T19:07:15.6570325+08:00","17944","True","33.688","2496.3","False","False"
"2026-08-05T19:07:15.7508713+08:00","17944","True","33.688","2496.3","False","False"
"2026-08-05T19:07:15.8610661+08:00","17944","True","33.703","2496.3","False","False"
"2026-08-05T19:07:15.9549404+08:00","17944","True","33.734","2496.3","False","False"
"2026-08-05T19:07:16.0630663+08:00","17944","True","33.734","2496.3","False","False"
"2026-08-05T19:07:16.1568381+08:00","17944","True","33.734","2496.3","False","False"
"2026-08-05T19:07:16.2507034+08:00","17944","True","33.734","2496.3","False","False"
"2026-08-05T19:07:16.3589640+08:00","17944","True","33.734","2496.3","False","False"
"2026-08-05T19:07:16.4523886+08:00","17944","True","33.734","2496.3","False","False"
"2026-08-05T19:07:16.5619162+08:00","17944","True","33.734","2496.3","False","False"
"2026-08-05T19:07:16.6558931+08:00","17944","True","33.734","2496.3","False","False"
"2026-08-05T19:07:16.7506131+08:00","17944","True","33.734","2496.3","False","False"
"2026-08-05T19:07:16.8590495+08:00","17944","True","33.734","2496.3","False","False"
"2026-08-05T19:07:16.9531451+08:00","17944","True","33.734","2496.3","False","False"
"2026-08-05T19:07:17.0660313+08:00","17944","True","33.75","2496.3","False","False"
"2026-08-05T19:07:17.1557288+08:00","17944","True","33.75","2496.3","False","False"
"2026-08-05T19:07:17.2487307+08:00","17944","True","33.75","2496.3","False","False"
"2026-08-05T19:07:17.3585867+08:00","17944","True","33.75","2496.3","False","False"
"2026-08-05T19:07:17.4526442+08:00","17944","True","33.797","2496.3","False","False"
"2026-08-05T19:07:17.5630064+08:00","17944","True","33.797","2496.3","False","False"
"2026-08-05T19:07:17.6569776+08:00","17944","True","33.797","2496.3","False","False"
"2026-08-05T19:07:17.7506774+08:00","17944","True","33.797","2496.3","False","False"
"2026-08-05T19:07:17.8599617+08:00","17944","True","33.812","2496.3","False","False"
"2026-08-05T19:07:17.9535157+08:00","17944","True","33.812","2496.3","False","False"
"2026-08-05T19:07:18.0628307+08:00","17944","True","33.828","2496.3","False","False"
"2026-08-05T19:07:18.1556818+08:00","17944","True","33.828","2496.3","False","False"
"2026-08-05T19:07:18.2639047+08:00","17944","True","33.875","2496.3","False","False"
"2026-08-05T19:07:18.3565674+08:00","17944","True","33.875","2496.3","False","False"
"2026-08-05T19:07:18.4516478+08:00","17944","True","33.891","2496.3","False","False"
"2026-08-05T19:07:18.5608041+08:00","17944","True","33.891","2496.3","False","False"
"2026-08-05T19:07:18.6540777+08:00","17944","True","33.891","2496.3","False","False"
"2026-08-05T19:07:18.7632186+08:00","17944","True","33.891","2496.3","False","False"
"2026-08-05T19:07:18.8567713+08:00","17944","True","33.891","2496.3","False","False"
"2026-08-05T19:07:18.9497251+08:00","17944","True","33.922","2496.3","False","False"
"2026-08-05T19:07:19.0589497+08:00","17944","True","33.922","2496.3","False","False"
"2026-08-05T19:07:19.1526875+08:00","17944","True","33.922","2496.3","False","False"
"2026-08-05T19:07:19.2615602+08:00","17944","True","33.922","2496.3","False","False"
"2026-08-05T19:07:19.3553516+08:00","17944","True","33.922","2496.3","False","False"
"2026-08-05T19:07:19.4642203+08:00","17944","True","33.953","2496.3","False","False"
"2026-08-05T19:07:19.5588257+08:00","17944","True","34","2496.3","False","False"
"2026-08-05T19:07:19.6498030+08:00","17944","True","34.016","2496.3","False","False"
"2026-08-05T19:07:19.7576205+08:00","17944","True","34.094","2496.3","False","False"
"2026-08-05T19:07:19.8518452+08:00","17944","True","34.094","2496.3","False","False"
"2026-08-05T19:07:19.9615849+08:00","17944","True","34.094","2496.3","False","False"
"2026-08-05T19:07:20.0694717+08:00","17944","True","34.094","2496.3","False","False"
"2026-08-05T19:07:20.1639892+08:00","17944","True","34.094","2496.3","False","False"
"2026-08-05T19:07:20.2723825+08:00","17944","True","34.094","2496.3","False","False"
"2026-08-05T19:07:20.3656119+08:00","17944","True","34.094","2496.3","False","False"
"2026-08-05T19:07:20.4734486+08:00","17944","True","34.094","2496.3","False","False"
"2026-08-05T19:07:20.5687674+08:00","17944","True","34.109","2496.3","False","False"
"2026-08-05T19:07:20.6606025+08:00","17944","True","34.109","2496.3","False","False"
"2026-08-05T19:07:20.7694673+08:00","17944","True","34.109","2496.3","False","False"
"2026-08-05T19:07:20.8632945+08:00","17944","True","34.109","2496.3","False","False"
"2026-08-05T19:07:20.9727440+08:00","17944","True","34.109","2496.3","False","False"
"2026-08-05T19:07:21.0662865+08:00","17944","True","34.125","2496.3","False","False"
"2026-08-05T19:07:21.1586991+08:00","17944","True","34.141","2496.3","False","False"
"2026-08-05T19:07:21.2678720+08:00","17944","True","34.141","2496.3","False","False"
"2026-08-05T19:07:21.3605129+08:00","17944","True","34.156","2496.3","False","False"
"2026-08-05T19:07:21.4567599+08:00","17944","True","34.172","2496.3","False","False"
"2026-08-05T19:07:21.5646253+08:00","17944","True","34.172","2496.3","False","False"
"2026-08-05T19:07:21.6556429+08:00","17944","True","34.172","2496.3","False","False"
"2026-08-05T19:07:21.7645420+08:00","17944","True","34.172","2496.3","False","False"
"2026-08-05T19:07:21.8570214+08:00","17944","True","34.172","2496.3","False","False"
"2026-08-05T19:07:21.9497426+08:00","17944","True","34.188","2496.3","False","False"
"2026-08-05T19:07:22.0598637+08:00","17944","True","34.188","2496.3","False","False"
"2026-08-05T19:07:22.1529767+08:00","17944","True","34.188","2496.3","False","False"
"2026-08-05T19:07:22.2611985+08:00","17944","True","34.203","2496.3","False","False"
"2026-08-05T19:07:22.3539264+08:00","17944","True","34.203","2496.3","False","False"
"2026-08-05T19:07:22.4634523+08:00","17944","True","34.234","2496.3","False","False"
"2026-08-05T19:07:22.5557966+08:00","17944","True","34.234","2496.3","False","False"
"2026-08-05T19:07:22.6506030+08:00","17944","True","34.281","2496.3","False","False"
"2026-08-05T19:07:22.7616844+08:00","17944","True","34.281","2496.3","False","False"
"2026-08-05T19:07:22.8547255+08:00","17944","True","34.281","2496.3","False","False"
"2026-08-05T19:07:22.9648735+08:00","17944","True","34.281","2496.3","False","False"
"2026-08-05T19:07:23.0585841+08:00","17944","True","34.281","2496.3","False","False"
"2026-08-05T19:07:23.1516904+08:00","17944","True","34.281","2496.3","False","False"
"2026-08-05T19:07:23.2606245+08:00","17944","True","34.281","2496.3","False","False"
"2026-08-05T19:07:23.3537638+08:00","17944","True","34.281","2496.3","False","False"
"2026-08-05T19:07:23.4629610+08:00","17944","True","34.281","2496.3","False","False"
"2026-08-05T19:07:23.5547751+08:00","17944","True","34.281","2496.3","False","False"
"2026-08-05T19:07:23.6641988+08:00","17944","True","34.281","2496.3","False","False"
"2026-08-05T19:07:23.7726309+08:00","17944","True","34.281","2496.3","False","False"
"2026-08-05T19:07:23.8658095+08:00","17944","True","34.312","2496.3","False","False"
"2026-08-05T19:07:23.9605474+08:00","17944","True","34.344","2496.3","False","False"
"2026-08-05T19:07:24.0555777+08:00","17944","True","34.344","2496.3","False","False"
"2026-08-05T19:07:24.1506524+08:00","17944","True","34.344","2496.3","False","False"
"2026-08-05T19:07:24.2605587+08:00","17944","True","34.344","2496.3","False","False"
"2026-08-05T19:07:24.3525432+08:00","17944","True","34.344","2496.3","False","False"
"2026-08-05T19:07:24.4635164+08:00","17944","True","34.344","2496.3","False","False"
"2026-08-05T19:07:24.5574734+08:00","17944","True","34.375","2496.3","False","False"
"2026-08-05T19:07:24.6516745+08:00","17944","True","34.375","2496.3","False","False"
"2026-08-05T19:07:24.7605108+08:00","17944","True","34.375","2496.3","False","False"
"2026-08-05T19:07:24.8544481+08:00","17944","True","34.391","2496.3","False","False"
"2026-08-05T19:07:24.9628183+08:00","17944","True","34.406","2496.3","False","False"
"2026-08-05T19:07:25.0565797+08:00","17944","True","34.422","2496.3","False","False"
"2026-08-05T19:07:25.1642275+08:00","17944","True","34.422","2496.3","False","False"
"2026-08-05T19:07:25.2574683+08:00","17944","True","34.422","2496.3","False","False"
"2026-08-05T19:07:25.3518853+08:00","17944","True","34.422","2496.3","False","False"
"2026-08-05T19:07:25.4595706+08:00","17944","True","34.422","2496.3","False","False"
"2026-08-05T19:07:25.5546907+08:00","17944","True","34.438","2496.3","False","False"
"2026-08-05T19:07:25.6635686+08:00","17944","True","34.453","2496.3","False","False"
"2026-08-05T19:07:25.7722118+08:00","17944","True","34.469","2496.3","False","False"
"2026-08-05T19:07:25.8660266+08:00","17944","True","34.484","2496.3","False","False"
"2026-08-05T19:07:25.9598658+08:00","17944","True","34.484","2496.3","False","False"
"2026-08-05T19:07:26.0685926+08:00","17944","True","34.5","2496.3","False","False"
"2026-08-05T19:07:26.1644888+08:00","17944","True","34.5","2496.3","False","False"
"2026-08-05T19:07:26.2717857+08:00","17944","True","34.5","2496.3","False","False"
"2026-08-05T19:07:26.3649208+08:00","17944","True","34.5","2496.3","False","False"
"2026-08-05T19:07:26.4584343+08:00","17944","True","34.5","2496.3","False","False"
"2026-08-05T19:07:26.5671517+08:00","17944","True","34.5","2496.3","False","False"
"2026-08-05T19:07:26.6617539+08:00","17944","True","34.5","2496.3","False","False"
"2026-08-05T19:07:26.7727355+08:00","17944","True","34.516","2496.3","False","False"
"2026-08-05T19:07:26.8667803+08:00","17944","True","34.516","2496.3","False","False"
"2026-08-05T19:07:26.9620099+08:00","17944","True","34.516","2496.3","False","False"
"2026-08-05T19:07:27.0546801+08:00","17944","True","34.531","2496.3","False","False"
"2026-08-05T19:07:27.1644320+08:00","17944","True","34.531","2496.3","False","False"
"2026-08-05T19:07:27.2595016+08:00","17944","True","34.547","2496.3","False","False"
"2026-08-05T19:07:27.3527513+08:00","17944","True","34.547","2496.3","False","False"
"2026-08-05T19:07:27.4624323+08:00","17944","True","34.547","2496.3","False","False"
"2026-08-05T19:07:27.5546484+08:00","17944","True","34.547","2496.3","False","False"
"2026-08-05T19:07:27.6634359+08:00","17944","True","34.547","2496.3","False","False"
"2026-08-05T19:07:27.7576873+08:00","17944","True","34.547","2496.3","False","False"
"2026-08-05T19:07:27.8517842+08:00","17944","True","34.547","2496.3","False","False"
"2026-08-05T19:07:27.9596935+08:00","17944","True","34.547","2496.3","False","False"
"2026-08-05T19:07:28.0664863+08:00","17944","True","34.547","2496.3","False","False"
"2026-08-05T19:07:28.1603243+08:00","17944","True","34.547","2496.2","False","False"
"2026-08-05T19:07:28.2706378+08:00","17944","True","34.547","2496.2","False","False"
"2026-08-05T19:07:28.3653402+08:00","17944","True","34.547","2496.2","False","False"
"2026-08-05T19:07:28.4748011+08:00","17944","True","34.562","2496.2","False","False"
"2026-08-05T19:07:28.5545253+08:00","17944","True","34.562","2496.2","False","False"
"2026-08-05T19:07:28.6626911+08:00","17944","True","34.562","2496.2","False","False"
"2026-08-05T19:07:28.7724223+08:00","17944","True","34.578","2496.2","False","False"
"2026-08-05T19:07:28.8659202+08:00","17944","True","34.578","2496.2","False","False"
"2026-08-05T19:07:28.9739694+08:00","17944","True","34.578","2496.2","False","False"
"2026-08-05T19:07:29.0666490+08:00","17944","True","34.578","2496.2","False","False"
"2026-08-05T19:07:29.1625346+08:00","17944","True","34.594","2495.6","False","False"
"2026-08-05T19:07:29.2706139+08:00","17944","True","34.594","2495.6","False","False"
"2026-08-05T19:07:29.3632948+08:00","17944","True","34.594","2495.6","False","False"
"2026-08-05T19:07:29.4724705+08:00","17944","True","34.594","2495.6","False","False"
"2026-08-05T19:07:29.5665321+08:00","17944","True","34.594","2495.6","False","False"
"2026-08-05T19:07:29.6604790+08:00","17944","True","34.594","2495.6","False","False"
"2026-08-05T19:07:29.7706345+08:00","17944","True","34.594","2495.6","False","False"
"2026-08-05T19:07:29.8636735+08:00","17944","True","34.594","2495.6","False","False"
"2026-08-05T19:07:29.9745275+08:00","17944","True","34.609","2495.6","False","False"
"2026-08-05T19:07:30.0677263+08:00","17944","True","34.609","2495.6","False","False"
"2026-08-05T19:07:30.1612555+08:00","17944","True","34.609","2495.5","False","False"
"2026-08-05T19:07:30.2703694+08:00","17944","True","34.609","2495.5","False","False"
"2026-08-05T19:07:30.3626841+08:00","17944","True","34.609","2495.5","False","False"
"2026-08-05T19:07:30.4714571+08:00","17944","True","34.609","2495.5","False","False"
"2026-08-05T19:07:30.5664697+08:00","17944","True","34.609","2495.5","False","False"
"2026-08-05T19:07:30.6593771+08:00","17944","True","34.609","2495.5","False","False"
"2026-08-05T19:07:30.7690578+08:00","17944","True","34.609","2495.5","False","False"
"2026-08-05T19:07:30.8626409+08:00","17944","True","34.609","2495.5","False","False"
"2026-08-05T19:07:30.9723900+08:00","17944","True","34.609","2495.5","False","False"
"2026-08-05T19:07:31.0677363+08:00","17944","True","34.672","2495.5","False","False"
"2026-08-05T19:07:31.1588122+08:00","17944","True","34.672","2495.5","False","False"
"2026-08-05T19:07:31.2674768+08:00","17944","True","34.672","2495.5","False","False"
"2026-08-05T19:07:31.3617056+08:00","17944","True","34.688","2495.5","False","False"
"2026-08-05T19:07:31.4688290+08:00","17944","True","34.688","2495.5","False","False"
"2026-08-05T19:07:31.5644568+08:00","17944","True","34.703","2495.5","False","False"
"2026-08-05T19:07:31.6590344+08:00","17944","True","34.703","2495.5","False","False"
"2026-08-05T19:07:31.7683413+08:00","17944","True","34.703","2495.5","False","False"
"2026-08-05T19:07:31.8625756+08:00","17944","True","34.719","2495.5","False","False"
"2026-08-05T19:07:31.9724733+08:00","17944","True","34.719","2495.5","False","False"
"2026-08-05T19:07:32.0654084+08:00","17944","True","34.719","2495.5","False","False"
"2026-08-05T19:07:32.1578572+08:00","17944","True","34.719","2495.5","False","False"
"2026-08-05T19:07:32.2666157+08:00","17944","True","34.719","2495.5","False","False"
"2026-08-05T19:07:32.3596179+08:00","17944","True","34.719","2495.5","False","False"
"2026-08-05T19:07:32.4533925+08:00","17944","True","34.734","2495.5","False","False"
"2026-08-05T19:07:32.5645956+08:00","17944","True","34.797","2495.5","False","False"
"2026-08-05T19:07:32.6576675+08:00","17944","True","34.797","2495.5","False","False"
"2026-08-05T19:07:32.7667359+08:00","17944","True","34.797","2495.5","False","False"
"2026-08-05T19:07:32.8593271+08:00","17944","True","34.797","2495.5","False","False"
"2026-08-05T19:07:32.9687942+08:00","17944","True","34.797","2495.5","False","False"
"2026-08-05T19:07:33.0637026+08:00","17944","True","34.812","2495.5","False","False"
"2026-08-05T19:07:33.1565696+08:00","17944","True","34.859","2495.5","False","False"
"2026-08-05T19:07:33.2517425+08:00","17944","True","34.875","2495.5","False","False"
"2026-08-05T19:07:33.3604498+08:00","17944","True","34.875","2495.5","False","False"
"2026-08-05T19:07:33.4692249+08:00","17944","True","34.891","2495.5","False","False"
"2026-08-05T19:07:33.5633971+08:00","17944","True","34.906","2495.5","False","False"
"2026-08-05T19:07:33.6545452+08:00","17944","True","34.922","2495.5","False","False"
"2026-08-05T19:07:33.7628459+08:00","17944","True","34.922","2495.5","False","False"
"2026-08-05T19:07:33.8576451+08:00","17944","True","34.922","2495.5","False","False"
"2026-08-05T19:07:33.9541952+08:00","17944","True","34.922","2495.5","False","False"
"2026-08-05T19:07:34.0615250+08:00","17944","True","34.922","2495.5","False","False"
"2026-08-05T19:07:34.1552543+08:00","17944","True","34.922","2495.5","False","False"
"2026-08-05T19:07:34.2495367+08:00","17944","True","34.922","2495.5","False","False"
"2026-08-05T19:07:34.3602218+08:00","17944","True","34.922","2495.5","False","False"
"2026-08-05T19:07:34.4675623+08:00","17944","True","34.984","2495.5","False","False"
"2026-08-05T19:07:34.5607582+08:00","17944","True","34.984","2495.5","False","False"
"2026-08-05T19:07:34.6522017+08:00","17944","True","34.984","2495.5","False","False"
"2026-08-05T19:07:34.7619647+08:00","17944","True","34.984","2495.5","False","False"
"2026-08-05T19:07:34.8553643+08:00","17944","True","34.984","2495.5","False","False"
"2026-08-05T19:07:34.9510032+08:00","17944","True","34.984","2495.5","False","False"
"2026-08-05T19:07:35.0620106+08:00","17944","True","34.984","2495.5","False","False"
"2026-08-05T19:07:35.1556501+08:00","17944","True","34.984","2495.5","False","False"
"2026-08-05T19:07:35.2505012+08:00","17944","True","34.984","2495.5","False","False"
"2026-08-05T19:07:35.3592654+08:00","17944","True","34.984","2495.5","False","False"
"2026-08-05T19:07:35.4526788+08:00","17944","True","34.984","2495.5","False","False"
"2026-08-05T19:07:35.5641719+08:00","17944","True","35","2495.5","False","False"
"2026-08-05T19:07:35.6581618+08:00","17944","True","35.016","2495.5","False","False"
"2026-08-05T19:07:35.7683861+08:00","17944","True","35.016","2495.5","False","False"
"2026-08-05T19:07:35.8605770+08:00","17944","True","35.031","2495.5","False","False"
"2026-08-05T19:07:35.9545627+08:00","17944","True","35.047","2495.6","False","False"
"2026-08-05T19:07:36.0638680+08:00","17944","True","35.047","2495.6","False","False"
"2026-08-05T19:07:36.1716014+08:00","17944","True","35.141","2495.6","False","False"
"2026-08-05T19:07:36.2495461+08:00","17944","True","35.141","2495.6","False","False"
"2026-08-05T19:07:36.3607426+08:00","17944","True","35.141","2495.6","False","False"
"2026-08-05T19:07:36.4685510+08:00","17944","True","35.188","2495.6","False","False"
"2026-08-05T19:07:36.5645885+08:00","17944","True","35.219","2495.6","False","False"
"2026-08-05T19:07:36.6743481+08:00","17944","True","35.234","2495.6","False","False"
"2026-08-05T19:07:36.7664660+08:00","17944","True","35.234","2495.6","False","False"
"2026-08-05T19:07:36.8613481+08:00","17944","True","35.234","2495.6","False","False"
"2026-08-05T19:07:36.9736539+08:00","17944","True","35.234","2495.6","False","False"
"2026-08-05T19:07:37.0675898+08:00","17944","True","35.234","2495.6","False","False"
"2026-08-05T19:07:37.1613938+08:00","17944","True","35.25","2495.6","False","False"
"2026-08-05T19:07:37.2723313+08:00","17944","True","35.25","2495.6","False","False"
"2026-08-05T19:07:37.3642064+08:00","17944","True","35.266","2495.6","False","False"
"2026-08-05T19:07:37.4617990+08:00","17944","True","35.266","2495.6","False","False"
"2026-08-05T19:07:37.5690343+08:00","17944","True","35.266","2495.6","False","False"
"2026-08-05T19:07:37.6631334+08:00","17944","True","35.312","2495.6","False","False"
"2026-08-05T19:07:37.7727003+08:00","17944","True","35.328","2495.6","False","False"
"2026-08-05T19:07:37.8517381+08:00","17944","True","35.328","2495.6","False","False"
"2026-08-05T19:07:37.9612907+08:00","17944","True","35.328","2495.6","False","False"
"2026-08-05T19:07:38.0545153+08:00","17944","True","35.328","2495.6","False","False"
"2026-08-05T19:07:38.1635384+08:00","17944","True","35.391","2495.6","False","False"
"2026-08-05T19:07:38.2564661+08:00","17944","True","35.391","2495.6","False","False"
"2026-08-05T19:07:38.3651968+08:00","17944","True","35.391","2495.6","False","False"
"2026-08-05T19:07:38.4572168+08:00","17944","True","35.422","2495.6","False","False"
"2026-08-05T19:07:38.5674756+08:00","17944","True","35.438","2495.6","False","False"
"2026-08-05T19:07:38.6634687+08:00","17944","True","35.438","2495.6","False","False"
"2026-08-05T19:07:38.7721306+08:00","17944","True","35.438","2495.6","False","False"
"2026-08-05T19:07:38.8665312+08:00","17944","True","35.438","2495.6","False","False"
"2026-08-05T19:07:38.9612007+08:00","17944","True","35.438","2495.6","False","False"
"2026-08-05T19:07:39.0553166+08:00","17944","True","35.438","2495.6","False","False"
"2026-08-05T19:07:39.1644062+08:00","17944","True","35.438","2495.6","False","False"
"2026-08-05T19:07:39.2601710+08:00","17944","True","35.438","2495.6","False","False"
"2026-08-05T19:07:39.3530679+08:00","17944","True","35.438","2495.6","False","False"
"2026-08-05T19:07:39.4654669+08:00","17944","True","35.438","2495.6","False","False"
"2026-08-05T19:07:39.5554234+08:00","17944","True","35.438","2495.6","False","False"
"2026-08-05T19:07:39.6641329+08:00","17944","True","35.438","2495.6","False","False"
"2026-08-05T19:07:39.7575591+08:00","17944","True","35.438","2495.6","False","False"
"2026-08-05T19:07:39.8511766+08:00","17944","True","35.438","2495.6","False","False"
"2026-08-05T19:07:39.9603185+08:00","17944","True","35.438","2495.6","False","False"
"2026-08-05T19:07:40.0560994+08:00","17944","True","35.453","2495.6","False","False"
"2026-08-05T19:07:40.1641800+08:00","17944","True","35.453","2495.6","False","False"
"2026-08-05T19:07:40.2594935+08:00","17944","True","35.453","2495.6","False","False"
"2026-08-05T19:07:40.3523382+08:00","17944","True","35.453","2495.6","False","False"
"2026-08-05T19:07:40.4605619+08:00","17944","True","35.453","2495.6","False","False"
"2026-08-05T19:07:40.5684491+08:00","17944","True","35.453","2495.6","False","False"
"2026-08-05T19:07:40.6624168+08:00","17944","True","35.453","2495.6","False","False"
"2026-08-05T19:07:40.7700985+08:00","17944","True","35.453","2495.6","False","False"
"2026-08-05T19:07:40.8642970+08:00","17944","True","35.453","2495.6","False","False"
"2026-08-05T19:07:40.9584543+08:00","17944","True","35.469","2495.6","False","False"
"2026-08-05T19:07:41.0541528+08:00","17944","True","35.469","2495.6","False","False"
"2026-08-05T19:07:41.1614645+08:00","17944","True","35.562","2495.6","False","False"
"2026-08-05T19:07:41.2581101+08:00","17944","True","35.562","2495.6","False","False"
"2026-08-05T19:07:41.3651242+08:00","17944","True","35.562","2495.6","False","False"
"2026-08-05T19:07:41.4593619+08:00","17944","True","35.562","2495.6","False","False"
"2026-08-05T19:07:41.5680777+08:00","17944","True","35.562","2495.6","False","False"
"2026-08-05T19:07:41.6603567+08:00","17944","True","35.578","2495.6","False","False"
"2026-08-05T19:07:41.7703002+08:00","17944","True","35.578","2495.6","False","False"
"2026-08-05T19:07:41.8637130+08:00","17944","True","35.578","2495.6","False","False"
"2026-08-05T19:07:41.9726424+08:00","17944","True","35.578","2495.6","False","False"
"2026-08-05T19:07:42.0662539+08:00","17944","True","35.578","2495.6","False","False"
"2026-08-05T19:07:42.1592079+08:00","17944","True","35.578","2495.6","False","False"
"2026-08-05T19:07:42.2685227+08:00","17944","True","35.578","2495.6","False","False"
"2026-08-05T19:07:42.3602266+08:00","17944","True","35.641","2495.6","False","False"
"2026-08-05T19:07:42.4547913+08:00","17944","True","35.641","2495.6","False","False"
"2026-08-05T19:07:42.5628190+08:00","17944","True","35.641","2495.6","False","False"
"2026-08-05T19:07:42.6563618+08:00","17944","True","35.656","2495.6","False","False"
"2026-08-05T19:07:42.7643655+08:00","17944","True","35.656","2495.6","False","False"
"2026-08-05T19:07:42.8573767+08:00","17944","True","35.766","2495.6","False","False"
"2026-08-05T19:07:42.9513485+08:00","17944","True","35.766","2495.6","False","False"
"2026-08-05T19:07:43.0601025+08:00","17944","True","35.766","2495.6","False","False"
"2026-08-05T19:07:43.1534857+08:00","17944","True","35.828","2495.6","False","False"
"2026-08-05T19:07:43.2636031+08:00","17944","True","35.828","2495.6","False","False"
"2026-08-05T19:07:43.3571644+08:00","17944","True","35.828","2495.6","False","False"
"2026-08-05T19:07:43.4503745+08:00","17944","True","35.828","2495.6","False","False"
"2026-08-05T19:07:43.5608862+08:00","17944","True","35.828","2495.6","False","False"
"2026-08-05T19:07:43.6536019+08:00","17944","True","35.828","2495.6","False","False"
"2026-08-05T19:07:43.7631487+08:00","17944","True","35.891","2495.6","False","False"
"2026-08-05T19:07:43.8554646+08:00","17944","True","35.891","2495.6","False","False"
"2026-08-05T19:07:43.9634456+08:00","17944","True","35.891","2495.6","False","False"
"2026-08-05T19:07:44.0571618+08:00","17944","True","35.891","2495.6","False","False"
"2026-08-05T19:07:44.1510926+08:00","17944","True","35.906","2495.6","False","False"
"2026-08-05T19:07:44.2620601+08:00","17944","True","35.906","2495.6","False","False"
"2026-08-05T19:07:44.3553993+08:00","17944","True","35.906","2495.6","False","False"
"2026-08-05T19:07:44.4639567+08:00","17944","True","35.906","2495.6","False","False"
"2026-08-05T19:07:44.5564661+08:00","17944","True","35.922","2495.6","False","False"
"2026-08-05T19:07:44.6501038+08:00","17944","True","35.984","2495.6","False","False"
"2026-08-05T19:07:44.7587172+08:00","17944","True","35.984","2495.6","False","False"
"2026-08-05T19:07:44.8514746+08:00","17944","True","35.984","2495.6","False","False"
"2026-08-05T19:07:44.9603778+08:00","17944","True","35.984","2495.6","False","False"
"2026-08-05T19:07:45.0549863+08:00","17944","True","35.984","2495.6","False","False"
"2026-08-05T19:07:45.1645709+08:00","17944","True","36.016","2495.6","False","False"
"2026-08-05T19:07:45.2574698+08:00","17944","True","36.016","2495.6","False","False"
"2026-08-05T19:07:45.3514699+08:00","17944","True","36.016","2495.6","False","False"
"2026-08-05T19:07:45.4641223+08:00","17944","True","36.016","2495.6","False","False"
"2026-08-05T19:07:45.5569344+08:00","17944","True","36.016","2495.6","False","False"
"2026-08-05T19:07:45.6516506+08:00","17944","True","36.016","2495.6","False","False"
"2026-08-05T19:07:45.7625034+08:00","17944","True","36.016","2495.6","False","False"
"2026-08-05T19:07:45.8540018+08:00","17944","True","36.016","2495.6","False","False"
"2026-08-05T19:07:45.9626784+08:00","17944","True","36.016","2495.6","False","False"
"2026-08-05T19:07:46.0583761+08:00","17944","True","36.016","2495.6","False","False"
"2026-08-05T19:07:46.1519170+08:00","17944","True","36.078","2495.6","False","False"
"2026-08-05T19:07:46.2625429+08:00","17944","True","36.078","2495.6","False","False"
"2026-08-05T19:07:46.3541439+08:00","17944","True","36.078","2495.6","False","False"
"2026-08-05T19:07:46.4643641+08:00","17944","True","36.109","2495.6","False","False"
"2026-08-05T19:07:46.5582396+08:00","17944","True","36.156","2495.6","False","False"
"2026-08-05T19:07:46.6521925+08:00","17944","True","36.156","2495.6","False","False"
"2026-08-05T19:07:46.7641563+08:00","17944","True","36.156","2495.6","False","False"
"2026-08-05T19:07:46.8590276+08:00","17944","True","36.172","2495.6","False","False"
"2026-08-05T19:07:46.9530367+08:00","17944","True","36.172","2495.6","False","False"
"2026-08-05T19:07:47.0643777+08:00","17944","True","36.188","2495.6","False","False"
"2026-08-05T19:07:47.1740679+08:00","17944","True","36.219","2495.6","False","False"
"2026-08-05T19:07:47.2673684+08:00","17944","True","36.25","2495.6","False","False"
"2026-08-05T19:07:47.3592884+08:00","17944","True","36.25","2495.6","False","False"
"2026-08-05T19:07:47.4690453+08:00","17944","True","36.25","2495.6","False","False"
"2026-08-05T19:07:47.5621261+08:00","17944","True","36.25","2495.6","False","False"
"2026-08-05T19:07:47.6559924+08:00","17944","True","36.25","2495.6","False","False"
"2026-08-05T19:07:47.7506520+08:00","17944","True","36.266","2495.6","False","False"
"2026-08-05T19:07:47.8581238+08:00","17944","True","36.266","2495.6","False","False"
"2026-08-05T19:07:47.9510717+08:00","17944","True","36.266","2495.6","False","False"
"2026-08-05T19:07:48.0610620+08:00","17944","True","36.266","2495.6","False","False"
"2026-08-05T19:07:48.1560990+08:00","17944","True","36.266","2495.6","False","False"
"2026-08-05T19:07:48.2660477+08:00","17944","True","36.266","2495.6","False","False"
"2026-08-05T19:07:48.3581889+08:00","17944","True","36.266","2495.6","False","False"
"2026-08-05T19:07:48.4522954+08:00","17944","True","36.266","2495.6","False","False"
"2026-08-05T19:07:48.5610945+08:00","17944","True","36.281","2495.6","False","False"
"2026-08-05T19:07:48.6542783+08:00","17944","True","36.281","2495.6","False","False"
"2026-08-05T19:07:48.7633192+08:00","17944","True","36.281","2495.6","False","False"
"2026-08-05T19:07:48.8581059+08:00","17944","True","36.281","2495.6","False","False"
"2026-08-05T19:07:48.9510473+08:00","17944","True","36.281","2495.6","False","False"
"2026-08-05T19:07:49.0592701+08:00","17944","True","36.281","2495.6","False","False"
"2026-08-05T19:07:49.1522182+08:00","17944","True","36.281","2495.6","False","False"
"2026-08-05T19:07:49.2651926+08:00","17944","True","36.281","2495.6","False","False"
"2026-08-05T19:07:49.3580595+08:00","17944","True","36.281","2495.6","False","False"
"2026-08-05T19:07:49.4511908+08:00","17944","True","36.281","2495.6","False","False"
"2026-08-05T19:07:49.5600634+08:00","17944","True","36.281","2495.6","False","False"
"2026-08-05T19:07:49.6509739+08:00","17944","True","36.281","2495.6","False","False"
"2026-08-05T19:07:49.7618604+08:00","17944","True","36.281","2495.6","False","False"
"2026-08-05T19:07:49.8547725+08:00","17944","True","36.281","2495.6","False","False"
"2026-08-05T19:07:49.9631075+08:00","17944","True","36.281","2495.6","False","False"
"2026-08-05T19:07:50.0580381+08:00","17944","True","36.281","2495.6","False","False"
"2026-08-05T19:07:50.1528605+08:00","17944","True","36.297","2495.6","False","False"
"2026-08-05T19:07:50.2623073+08:00","17944","True","36.312","2495.6","False","False"
"2026-08-05T19:07:50.3553027+08:00","17944","True","36.359","2495.6","False","False"
"2026-08-05T19:07:50.4640905+08:00","17944","True","36.359","2495.6","False","False"
"2026-08-05T19:07:50.5564687+08:00","17944","True","36.359","2495.6","False","False"
"2026-08-05T19:07:50.6639374+08:00","17944","True","36.359","2495.6","False","False"
"2026-08-05T19:07:50.7572621+08:00","17944","True","36.359","2495.6","False","False"
"2026-08-05T19:07:50.8530825+08:00","17944","True","36.406","2495.6","False","False"
"2026-08-05T19:07:50.9629824+08:00","17944","True","36.406","2495.6","False","False"
"2026-08-05T19:07:51.0557802+08:00","17944","True","36.406","2495.6","False","False"
"2026-08-05T19:07:51.1643735+08:00","17944","True","36.453","2495.6","False","False"
"2026-08-05T19:07:51.2580459+08:00","17944","True","36.453","2495.6","False","False"
"2026-08-05T19:07:51.3670278+08:00","17944","True","36.469","2495.6","False","False"
"2026-08-05T19:07:51.4606808+08:00","17944","True","36.469","2495.6","False","False"
"2026-08-05T19:07:51.5571587+08:00","17944","True","36.469","2495.6","False","False"
"2026-08-05T19:07:51.6645704+08:00","17944","True","36.484","2495.6","False","False"
"2026-08-05T19:07:51.7578736+08:00","17944","True","36.484","2495.6","False","False"
"2026-08-05T19:07:51.8519231+08:00","17944","True","36.484","2495.6","False","False"
"2026-08-05T19:07:51.9622819+08:00","17944","True","36.484","2495.6","False","False"
"2026-08-05T19:07:52.0559281+08:00","17944","True","36.484","2495.6","False","False"
"2026-08-05T19:07:52.1498233+08:00","17944","True","36.484","2495.6","False","False"
"2026-08-05T19:07:52.2623812+08:00","17944","True","36.484","2495.6","False","False"
"2026-08-05T19:07:52.3544802+08:00","17944","True","36.484","2495.6","False","False"
"2026-08-05T19:07:52.4651247+08:00","17944","True","36.484","2495.6","False","False"
"2026-08-05T19:07:52.5573808+08:00","17944","True","36.484","2495.6","False","False"
"2026-08-05T19:07:52.6501802+08:00","17944","True","36.484","2495.6","False","False"
"2026-08-05T19:07:52.7617301+08:00","17944","True","36.484","2495.6","False","False"
"2026-08-05T19:07:52.8551684+08:00","17944","True","36.484","2495.6","False","False"
"2026-08-05T19:07:52.9648835+08:00","17944","True","36.484","2495.6","False","False"
"2026-08-05T19:07:53.0601139+08:00","17944","True","36.484","2495.6","False","False"
"2026-08-05T19:07:53.1706753+08:00","17944","True","36.5","2495.6","False","False"
"2026-08-05T19:07:53.2682240+08:00","17944","True","36.5","2495.6","False","False"
"2026-08-05T19:07:53.3569529+08:00","17944","True","36.5","2495.6","False","False"
"2026-08-05T19:07:53.4655651+08:00","17944","True","36.5","2495.6","False","False"
"2026-08-05T19:07:53.5571899+08:00","17944","True","36.516","2495.6","False","False"
"2026-08-05T19:07:53.6503336+08:00","17944","True","36.516","2495.6","False","False"
"2026-08-05T19:07:53.7591642+08:00","17944","True","36.516","2495.6","False","False"
"2026-08-05T19:07:53.8660382+08:00","17944","True","36.531","2495.6","False","False"
"2026-08-05T19:07:53.9761653+08:00","17944","True","36.531","2495.6","False","False"
"2026-08-05T19:07:54.0550993+08:00","17944","True","36.531","2495.6","False","False"
"2026-08-05T19:07:54.1634535+08:00","17944","True","36.531","2495.6","False","False"
"2026-08-05T19:07:54.2589263+08:00","17944","True","36.531","2495.6","False","False"
"2026-08-05T19:07:54.3527361+08:00","17944","True","36.547","2495.6","False","False"
"2026-08-05T19:07:54.4630049+08:00","17944","True","36.547","2495.6","False","False"
"2026-08-05T19:07:54.5587889+08:00","17944","True","36.547","2495.6","False","False"
"2026-08-05T19:07:54.6526309+08:00","17944","True","36.547","2495.6","False","False"
"2026-08-05T19:07:54.7621947+08:00","17944","True","36.547","2495.6","False","False"
"2026-08-05T19:07:54.8544017+08:00","17944","True","36.547","2495.6","False","False"
"2026-08-05T19:07:54.9624182+08:00","17944","True","36.547","2495.6","False","False"
"2026-08-05T19:07:55.0572001+08:00","17944","True","36.562","2495.6","False","False"
"2026-08-05T19:07:55.1497330+08:00","17944","True","36.562","2495.6","False","False"
"2026-08-05T19:07:55.2579197+08:00","17944","True","36.562","2495.6","False","False"
"2026-08-05T19:07:55.3512923+08:00","17944","True","36.562","2495.6","False","False"
"2026-08-05T19:07:55.4598836+08:00","17944","True","36.562","2495.6","False","False"
"2026-08-05T19:07:55.5560646+08:00","17944","True","36.594","2495.6","False","False"
"2026-08-05T19:07:55.6500873+08:00","17944","True","36.594","2495.6","False","False"
"2026-08-05T19:07:55.7597078+08:00","17944","True","36.594","2495.6","False","False"
"2026-08-05T19:07:55.8530181+08:00","17944","True","36.625","2495.6","False","False"
"2026-08-05T19:07:55.9615319+08:00","17944","True","36.625","2495.6","False","False"
"2026-08-05T19:07:56.0543146+08:00","17944","True","36.625","2495.6","False","False"
"2026-08-05T19:07:56.1628808+08:00","17944","True","36.625","2495.6","False","False"
"2026-08-05T19:07:56.2724090+08:00","17944","True","36.641","2495.6","False","False"
"2026-08-05T19:07:56.3638455+08:00","17944","True","36.672","2495.6","False","False"
"2026-08-05T19:07:56.4588774+08:00","17944","True","36.688","2495.6","False","False"
"2026-08-05T19:07:56.5687728+08:00","17944","True","36.688","2495.6","False","False"
"2026-08-05T19:07:56.6626260+08:00","17944","True","36.688","2495.6","False","False"
"2026-08-05T19:07:56.7581235+08:00","17944","True","36.688","2495.6","False","False"
"2026-08-05T19:07:56.8651436+08:00","17944","True","36.688","2495.6","False","False"
"2026-08-05T19:07:56.9611603+08:00","17944","True","36.688","2495.6","False","False"
"2026-08-05T19:07:57.0687671+08:00","17944","True","36.688","2495.6","False","False"
"2026-08-05T19:07:57.1598004+08:00","17944","True","36.703","2495.6","False","False"
"2026-08-05T19:07:57.2681531+08:00","17944","True","36.734","2495.6","False","False"
"2026-08-05T19:07:57.3622132+08:00","17944","True","36.75","2495.6","False","False"
"2026-08-05T19:07:57.4721580+08:00","17944","True","36.766","2495.6","False","False"
"2026-08-05T19:07:57.5650908+08:00","17944","True","36.766","2495.6","False","False"
"2026-08-05T19:07:57.6758184+08:00","17944","True","36.766","2495.6","False","False"
"2026-08-05T19:07:57.7690548+08:00","17944","True","36.828","2495.6","False","False"
"2026-08-05T19:07:57.8650484+08:00","17944","True","36.844","2495.6","False","False"
"2026-08-05T19:07:57.9729533+08:00","17944","True","36.844","2495.6","False","False"
"2026-08-05T19:07:58.0659899+08:00","17944","True","36.844","2495.6","False","False"
"2026-08-05T19:07:58.1584385+08:00","17944","True","36.844","2495.6","False","False"
"2026-08-05T19:07:58.2669128+08:00","17944","True","36.844","2495.6","False","False"
"2026-08-05T19:07:58.3621599+08:00","17944","True","36.844","2495.6","False","False"
"2026-08-05T19:07:58.4703891+08:00","17944","True","36.844","2495.6","False","False"
"2026-08-05T19:07:58.5630969+08:00","17944","True","36.844","2495.6","False","False"
"2026-08-05T19:07:58.6568236+08:00","17944","True","36.859","2495.6","False","False"
"2026-08-05T19:07:58.7668771+08:00","17944","True","36.859","2495.6","False","False"
"2026-08-05T19:07:58.8599626+08:00","17944","True","36.859","2495.6","False","False"
"2026-08-05T19:07:58.9706162+08:00","17944","True","36.859","2495.6","False","False"
"2026-08-05T19:07:59.0643001+08:00","17944","True","36.859","2495.6","False","False"
"2026-08-05T19:07:59.1583365+08:00","17944","True","36.875","2495.6","False","False"
"2026-08-05T19:07:59.2674066+08:00","17944","True","36.891","2495.6","False","False"
"2026-08-05T19:07:59.3599025+08:00","17944","True","36.906","2495.6","False","False"
"2026-08-05T19:07:59.4688321+08:00","17944","True","36.906","2495.6","False","False"
"2026-08-05T19:07:59.5637076+08:00","17944","True","36.906","2495.6","False","False"
"2026-08-05T19:07:59.6575702+08:00","17944","True","36.906","2495.6","False","False"
"2026-08-05T19:07:59.7689621+08:00","17944","True","36.953","2495.6","False","False"
"2026-08-05T19:07:59.8620538+08:00","17944","True","36.969","2495.6","False","False"
"2026-08-05T19:07:59.9696733+08:00","17944","True","36.969","2495.6","False","False"
"2026-08-05T19:08:00.0639037+08:00","17944","True","36.969","2495.6","False","False"
"2026-08-05T19:08:00.1575739+08:00","17944","True","36.969","2495.6","False","False"
"2026-08-05T19:08:00.2517113+08:00","17944","True","36.969","2495.6","False","False"
"2026-08-05T19:08:00.3586751+08:00","17944","True","37","2495.6","False","False"
"2026-08-05T19:08:00.4526364+08:00","17944","True","37","2495.6","False","False"
"2026-08-05T19:08:00.5646211+08:00","17944","True","37","2495.6","False","False"
"2026-08-05T19:08:00.6578606+08:00","17944","True","37.016","2495.6","False","False"
"2026-08-05T19:08:00.7685417+08:00","17944","True","37.016","2495.6","False","False"
"2026-08-05T19:08:00.8617801+08:00","17944","True","37.016","2495.6","False","False"
"2026-08-05T19:08:00.9704676+08:00","17944","True","37.109","2495.6","False","False"
"2026-08-05T19:08:01.0487897+08:00","17944","True","37.109","2495.6","False","False"
"2026-08-05T19:08:01.1726944+08:00","17944","True","37.141","2495.6","False","False"
"2026-08-05T19:08:01.2504990+08:00","17944","True","37.141","2495.6","False","False"
"2026-08-05T19:08:01.3612774+08:00","17944","True","37.156","2495.6","False","False"
"2026-08-05T19:08:01.4710088+08:00","17944","True","37.156","2495.6","False","False"
"2026-08-05T19:08:01.5655662+08:00","17944","True","37.172","2495.6","False","False"
"2026-08-05T19:08:01.6620249+08:00","17944","True","37.172","2495.6","False","False"
"2026-08-05T19:08:01.7714881+08:00","17944","True","37.172","2495.6","False","False"
"2026-08-05T19:08:01.8667936+08:00","17944","True","37.219","2495.6","False","False"
"2026-08-05T19:08:01.9609673+08:00","17944","True","37.219","2495.6","False","False"
"2026-08-05T19:08:02.0550556+08:00","17944","True","37.219","2495.6","False","False"
"2026-08-05T19:08:02.1636101+08:00","17944","True","37.219","2495.6","False","False"
"2026-08-05T19:08:02.2726171+08:00","17944","True","37.219","2495.6","False","False"
"2026-08-05T19:08:02.3661861+08:00","17944","True","37.25","2495.6","False","False"
"2026-08-05T19:08:02.4597576+08:00","17944","True","37.25","2495.6","False","False"
"2026-08-05T19:08:02.5695348+08:00","17944","True","37.281","2495.6","False","False"
"2026-08-05T19:08:02.6632147+08:00","17944","True","37.281","2495.6","False","False"
"2026-08-05T19:08:02.7707642+08:00","17944","True","37.281","2495.6","False","False"
"2026-08-05T19:08:02.8665175+08:00","17944","True","37.281","2495.6","False","False"
"2026-08-05T19:08:02.9618935+08:00","17944","True","37.281","2495.6","False","False"
"2026-08-05T19:08:03.0558749+08:00","17944","True","37.281","2495.6","False","False"
"2026-08-05T19:08:03.1636477+08:00","17944","True","37.281","2495.6","False","False"
"2026-08-05T19:08:03.2708917+08:00","17944","True","37.281","2495.6","False","False"
"2026-08-05T19:08:03.3648701+08:00","17944","True","37.344","2495.6","False","False"
"2026-08-05T19:08:03.4586360+08:00","17944","True","37.344","2495.6","False","False"
"2026-08-05T19:08:03.5676291+08:00","17944","True","37.344","2495.6","False","False"
"2026-08-05T19:08:03.6596860+08:00","17944","True","37.344","2495.6","False","False"
"2026-08-05T19:08:03.7676175+08:00","17944","True","37.344","2495.6","False","False"
"2026-08-05T19:08:03.8626363+08:00","17944","True","37.422","2495.6","False","False"
"2026-08-05T19:08:03.9714369+08:00","17944","True","37.438","2495.6","False","False"
"2026-08-05T19:08:04.0658687+08:00","17944","True","37.438","2495.6","False","False"
"2026-08-05T19:08:04.1759740+08:00","17944","True","37.453","2495.6","False","False"
"2026-08-05T19:08:04.2686027+08:00","17944","True","37.453","2495.6","False","False"
"2026-08-05T19:08:04.3610655+08:00","17944","True","37.453","2495.6","False","False"
"2026-08-05T19:08:04.4708019+08:00","17944","True","37.453","2495.6","False","False"
"2026-08-05T19:08:04.5665160+08:00","17944","True","37.453","2495.6","False","False"
"2026-08-05T19:08:04.6587736+08:00","17944","True","37.453","2495.6","False","False"
"2026-08-05T19:08:04.7684223+08:00","17944","True","37.453","2495.6","False","False"
"2026-08-05T19:08:04.8624070+08:00","17944","True","37.5","2495.6","False","False"
"2026-08-05T19:08:04.9726756+08:00","17944","True","37.5","2495.6","False","False"
"2026-08-05T19:08:05.0660752+08:00","17944","True","37.5","2495.6","False","False"
"2026-08-05T19:08:05.1748946+08:00","17944","True","37.5","2495.6","False","False"
"2026-08-05T19:08:05.2702714+08:00","17944","True","37.5","2495.6","False","False"
"2026-08-05T19:08:05.3634479+08:00","17944","True","37.578","2495.6","False","False"
"2026-08-05T19:08:05.4707415+08:00","17944","True","37.594","2495.6","False","False"
"2026-08-05T19:08:05.5628775+08:00","17944","True","37.594","2495.6","False","False"
"2026-08-05T19:08:05.6568605+08:00","17944","True","37.594","2495.6","False","False"
"2026-08-05T19:08:05.7678351+08:00","17944","True","37.594","2495.6","False","False"
"2026-08-05T19:08:05.8637414+08:00","17944","True","37.609","2495.6","False","False"
"2026-08-05T19:08:05.9704254+08:00","17944","True","37.609","2495.6","False","False"
"2026-08-05T19:08:06.0651005+08:00","17944","True","37.609","2495.6","False","False"
"2026-08-05T19:08:06.1583925+08:00","17944","True","37.609","2495.6","False","False"
"2026-08-05T19:08:06.2678770+08:00","17944","True","37.609","2495.6","False","False"
"2026-08-05T19:08:06.3618169+08:00","17944","True","37.609","2495.6","False","False"
"2026-08-05T19:08:06.4727511+08:00","17944","True","37.625","2495.6","False","False"
"2026-08-05T19:08:06.5646311+08:00","17944","True","37.641","2495.6","False","False"
"2026-08-05T19:08:06.6748406+08:00","17944","True","37.641","2495.6","False","False"
"2026-08-05T19:08:06.7698539+08:00","17944","True","37.688","2495.6","False","False"
"2026-08-05T19:08:06.8638624+08:00","17944","True","37.688","2495.6","False","False"
"2026-08-05T19:08:06.9727326+08:00","17944","True","37.688","2495.6","False","False"
"2026-08-05T19:08:07.0667296+08:00","17944","True","37.688","2495.6","False","False"
"2026-08-05T19:08:07.1604529+08:00","17944","True","37.703","2495.6","False","False"
"2026-08-05T19:08:07.2707884+08:00","17944","True","37.703","2495.6","False","False"
"2026-08-05T19:08:07.3646716+08:00","17944","True","37.75","2495.6","False","False"
"2026-08-05T19:08:07.4735963+08:00","17944","True","37.828","2495.6","False","False"
"2026-08-05T19:08:07.5679311+08:00","17944","True","37.828","2495.6","False","False"
"2026-08-05T19:08:07.6623921+08:00","17944","True","37.828","2495.6","False","False"
"2026-08-05T19:08:07.7718164+08:00","17944","True","37.844","2495.6","False","False"
"2026-08-05T19:08:07.8646799+08:00","17944","True","37.844","2495.6","False","False"
"2026-08-05T19:08:07.9577695+08:00","17944","True","37.844","2495.6","False","False"
"2026-08-05T19:08:08.0676101+08:00","17944","True","37.844","2495.6","False","False"
"2026-08-05T19:08:08.1596737+08:00","17944","True","37.844","2495.6","False","False"
"2026-08-05T19:08:08.2702707+08:00","17944","True","37.844","2495.6","False","False"
"2026-08-05T19:08:08.3647775+08:00","17944","True","37.844","2495.6","False","False"
"2026-08-05T19:08:08.4586155+08:00","17944","True","37.859","2495.6","False","False"
"2026-08-05T19:08:08.5681908+08:00","17944","True","37.859","2495.6","False","False"
"2026-08-05T19:08:08.6604234+08:00","17944","True","37.859","2495.6","False","False"
"2026-08-05T19:08:08.7717773+08:00","17944","True","37.859","2495.6","False","False"
"2026-08-05T19:08:08.8656634+08:00","17944","True","37.859","2495.6","False","False"
"2026-08-05T19:08:08.9585914+08:00","17944","True","37.859","2495.6","False","False"
"2026-08-05T19:08:09.0673824+08:00","17944","True","37.859","2495.6","False","False"
"2026-08-05T19:08:09.1627437+08:00","17944","True","37.859","2495.6","False","False"
"2026-08-05T19:08:09.2715276+08:00","17944","True","37.859","2495.6","False","False"
"2026-08-05T19:08:09.3618440+08:00","17944","True","37.859","2495.6","False","False"
"2026-08-05T19:08:09.4695845+08:00","17944","True","37.859","2495.6","False","False"
"2026-08-05T19:08:09.5626719+08:00","17944","True","37.875","2495.6","False","False"
"2026-08-05T19:08:09.6577089+08:00","17944","True","37.875","2495.6","False","False"
"2026-08-05T19:08:09.7657064+08:00","17944","True","37.891","2495.6","False","False"
"2026-08-05T19:08:09.8594883+08:00","17944","True","37.922","2495.6","False","False"
"2026-08-05T19:08:09.9526435+08:00","17944","True","37.922","2495.6","False","False"
"2026-08-05T19:08:10.0622043+08:00","17944","True","37.922","2495.6","False","False"
"2026-08-05T19:08:10.1566254+08:00","17944","True","37.922","2495.6","False","False"
"2026-08-05T19:08:10.2524176+08:00","17944","True","37.922","2495.6","False","False"
"2026-08-05T19:08:10.3619861+08:00","17944","True","37.922","2495.6","False","False"
"2026-08-05T19:08:10.4720785+08:00","17944","True","37.922","2495.6","False","False"
"2026-08-05T19:08:10.5646179+08:00","17944","True","37.938","2495.6","False","False"
"2026-08-05T19:08:10.6558839+08:00","17944","True","37.938","2495.6","False","False"
"2026-08-05T19:08:10.7511705+08:00","17944","True","37.938","2495.6","False","False"
"2026-08-05T19:08:10.8596153+08:00","17944","True","37.984","2495.6","False","False"
"2026-08-05T19:08:10.9686571+08:00","17944","True","37.984","2495.6","False","False"
"2026-08-05T19:08:11.0616208+08:00","17944","True","37.984","2495.6","False","False"
"2026-08-05T19:08:11.1556867+08:00","17944","True","37.984","2495.6","False","False"
"2026-08-05T19:08:11.2502970+08:00","17944","True","37.984","2495.6","False","False"
"2026-08-05T19:08:11.3594277+08:00","17944","True","37.984","2495.6","False","False"
"2026-08-05T19:08:11.4684731+08:00","17944","True","38.016","2495.6","False","False"
"2026-08-05T19:08:11.5620732+08:00","17944","True","38.016","2495.6","False","False"
"2026-08-05T19:08:11.6543689+08:00","17944","True","38.016","2495.6","False","False"
"2026-08-05T19:08:11.7643958+08:00","17944","True","38.016","2495.6","False","False"
"2026-08-05T19:08:11.8577193+08:00","17944","True","38.016","2495.6","False","False"
"2026-08-05T19:08:11.9523311+08:00","17944","True","38.016","2495.6","False","False"
"2026-08-05T19:08:12.0614838+08:00","17944","True","38.016","2495.6","False","False"
"2026-08-05T19:08:12.1552753+08:00","17944","True","38.016","2495.6","False","False"
"2026-08-05T19:08:12.2644369+08:00","17944","True","38.016","2495.6","False","False"
"2026-08-05T19:08:12.3576367+08:00","17944","True","38.016","2495.6","False","False"
"2026-08-05T19:08:12.4508803+08:00","17944","True","38.016","2495.6","False","False"
"2026-08-05T19:08:12.5604279+08:00","17944","True","38.031","2495.6","False","False"
"2026-08-05T19:08:12.6552770+08:00","17944","True","38.062","2495.6","False","False"
"2026-08-05T19:08:12.7497148+08:00","17944","True","38.062","2495.6","False","False"
"2026-08-05T19:08:12.8578900+08:00","17944","True","38.062","2495.6","False","False"
"2026-08-05T19:08:12.9506962+08:00","17944","True","38.062","2495.6","False","False"
"2026-08-05T19:08:13.0600986+08:00","17944","True","38.062","2495.6","False","False"
"2026-08-05T19:08:13.1545467+08:00","17944","True","38.078","2495.6","False","False"
"2026-08-05T19:08:13.2632723+08:00","17944","True","38.078","2495.6","False","False"
"2026-08-05T19:08:13.3563845+08:00","17944","True","38.078","2495.6","False","False"
"2026-08-05T19:08:13.4503520+08:00","17944","True","38.078","2495.6","False","False"
"2026-08-05T19:08:13.5596138+08:00","17944","True","38.078","2495.6","False","False"
"2026-08-05T19:08:13.6524587+08:00","17944","True","38.094","2495.6","False","False"
"2026-08-05T19:08:13.7633461+08:00","17944","True","38.109","2495.6","False","False"
"2026-08-05T19:08:13.8554150+08:00","17944","True","38.141","2495.6","False","False"
"2026-08-05T19:08:13.9504557+08:00","17944","True","38.141","2495.6","False","False"
"2026-08-05T19:08:14.0593914+08:00","17944","True","38.141","2495.6","False","False"
"2026-08-05T19:08:14.1535321+08:00","17944","True","38.141","2495.6","False","False"
"2026-08-05T19:08:14.2612855+08:00","17944","True","38.156","2495.6","False","False"
"2026-08-05T19:08:14.3553509+08:00","17944","True","38.172","2495.6","False","False"
"2026-08-05T19:08:14.4496775+08:00","17944","True","38.172","2495.6","False","False"
"2026-08-05T19:08:14.5586328+08:00","17944","True","38.172","2495.6","False","False"
"2026-08-05T19:08:14.6522972+08:00","17944","True","38.172","2495.6","False","False"
"2026-08-05T19:08:14.7610348+08:00","17944","True","38.172","2495.6","False","False"
"2026-08-05T19:08:14.8534743+08:00","17944","True","38.172","2495.6","False","False"
"2026-08-05T19:08:14.9635589+08:00","17944","True","38.172","2495.6","False","False"
"2026-08-05T19:08:15.0600200+08:00","17944","True","38.172","2495.6","False","False"
"2026-08-05T19:08:15.1533634+08:00","17944","True","38.172","2495.6","False","False"
"2026-08-05T19:08:15.2632453+08:00","17944","True","38.172","2495.6","False","False"
"2026-08-05T19:08:15.3565629+08:00","17944","True","38.172","2495.6","False","False"
"2026-08-05T19:08:15.4504814+08:00","17944","True","38.172","2495.6","False","False"
"2026-08-05T19:08:15.5595781+08:00","17944","True","38.172","2495.6","False","False"
"2026-08-05T19:08:15.6545707+08:00","17944","True","38.219","2495.6","False","False"
"2026-08-05T19:08:15.7635416+08:00","17944","True","38.219","2495.6","False","False"
"2026-08-05T19:08:15.8591989+08:00","17944","True","38.234","2495.6","False","False"
"2026-08-05T19:08:15.9682623+08:00","17944","True","38.25","2495.6","False","False"
"2026-08-05T19:08:16.0619251+08:00","17944","True","38.25","2495.6","False","False"
"2026-08-05T19:08:16.1563222+08:00","17944","True","38.25","2495.6","False","False"
"2026-08-05T19:08:16.2496387+08:00","17944","True","38.25","2495.6","False","False"
"2026-08-05T19:08:16.3582432+08:00","17944","True","38.25","2495.6","False","False"
"2026-08-05T19:08:16.4514907+08:00","17944","True","38.25","2495.6","False","False"
"2026-08-05T19:08:16.5601858+08:00","17944","True","38.25","2495.6","False","False"
"2026-08-05T19:08:16.6523484+08:00","17944","True","38.25","2495.6","False","False"
"2026-08-05T19:08:16.7617662+08:00","17944","True","38.25","2495.6","False","False"
"2026-08-05T19:08:16.8562816+08:00","17944","True","38.266","2495.6","False","False"
"2026-08-05T19:08:16.9504549+08:00","17944","True","38.266","2495.6","False","False"
"2026-08-05T19:08:17.0604109+08:00","17944","True","38.266","2495.6","False","False"
"2026-08-05T19:08:17.1536220+08:00","17944","True","38.266","2495.6","False","False"
"2026-08-05T19:08:17.2636295+08:00","17944","True","38.281","2495.6","False","False"
"2026-08-05T19:08:17.3564015+08:00","17944","True","38.281","2495.6","False","False"
"2026-08-05T19:08:17.4493092+08:00","17944","True","38.297","2495.6","False","False"
"2026-08-05T19:08:17.5593408+08:00","17944","True","38.297","2495.6","False","False"
"2026-08-05T19:08:17.6525851+08:00","17944","True","38.312","2495.6","False","False"
"2026-08-05T19:08:17.7632477+08:00","17944","True","38.312","2495.6","False","False"
"2026-08-05T19:08:17.8560165+08:00","17944","True","38.312","2495.6","False","False"
"2026-08-05T19:08:17.9495140+08:00","17944","True","38.344","2495.6","False","False"
"2026-08-05T19:08:18.0592483+08:00","17944","True","38.344","2495.6","False","False"
"2026-08-05T19:08:18.1521685+08:00","17944","True","38.344","2495.6","False","False"
"2026-08-05T19:08:18.2614876+08:00","17944","True","38.344","2495.6","False","False"
"2026-08-05T19:08:18.3556655+08:00","17944","True","38.391","2495.6","False","False"
"2026-08-05T19:08:18.4636002+08:00","17944","True","38.391","2495.6","False","False"
"2026-08-05T19:08:18.5583913+08:00","17944","True","38.391","2495.6","False","False"
"2026-08-05T19:08:18.6518431+08:00","17944","True","38.406","2495.6","False","False"
"2026-08-05T19:08:18.7612198+08:00","17944","True","38.406","2495.6","False","False"
"2026-08-05T19:08:18.8549564+08:00","17944","True","38.406","2495.6","False","False"
"2026-08-05T19:08:18.9632203+08:00","17944","True","38.406","2495.6","False","False"
"2026-08-05T19:08:19.0567571+08:00","17944","True","38.422","2495.6","False","False"
"2026-08-05T19:08:19.1502643+08:00","17944","True","38.422","2495.6","False","False"
"2026-08-05T19:08:19.2610853+08:00","17944","True","38.422","2495.6","False","False"
"2026-08-05T19:08:19.3526877+08:00","17944","True","38.422","2495.6","False","False"
"2026-08-05T19:08:19.4625654+08:00","17944","True","38.422","2495.6","False","False"
"2026-08-05T19:08:19.5564995+08:00","17944","True","38.422","2495.6","False","False"
"2026-08-05T19:08:19.6511983+08:00","17944","True","38.422","2495.6","False","False"
"2026-08-05T19:08:19.7593943+08:00","17944","True","38.422","2495.6","False","False"
"2026-08-05T19:08:19.8522759+08:00","17944","True","38.438","2495.6","False","False"
"2026-08-05T19:08:19.9610686+08:00","17944","True","38.438","2495.6","False","False"
"2026-08-05T19:08:20.0545632+08:00","17944","True","38.438","2495.6","False","False"
"2026-08-05T19:08:20.1627900+08:00","17944","True","38.438","2495.6","False","False"
"2026-08-05T19:08:20.2712310+08:00","17944","True","38.438","2495.6","False","False"
"2026-08-05T19:08:20.3652950+08:00","17944","True","38.438","2495.6","False","False"
"2026-08-05T19:08:20.4591953+08:00","17944","True","38.453","2495.6","False","False"
"2026-08-05T19:08:20.5677061+08:00","17944","True","38.453","2495.6","False","False"
"2026-08-05T19:08:20.6624845+08:00","17944","True","38.453","2495.6","False","False"
"2026-08-05T19:08:20.7714661+08:00","17944","True","38.469","2495.6","False","False"
"2026-08-05T19:08:20.8636709+08:00","17944","True","38.469","2495.6","False","False"
"2026-08-05T19:08:20.9720928+08:00","17944","True","38.516","2495.6","False","False"
"2026-08-05T19:08:21.0662087+08:00","17944","True","38.516","2495.6","False","False"
"2026-08-05T19:08:21.1594054+08:00","17944","True","38.516","2495.6","False","False"
"2026-08-05T19:08:21.2690306+08:00","17944","True","38.516","2495.6","False","False"
"2026-08-05T19:08:21.3632395+08:00","17944","True","38.516","2495.6","False","False"
"2026-08-05T19:08:21.4722471+08:00","17944","True","38.516","2495.6","False","False"
"2026-08-05T19:08:21.5653612+08:00","17944","True","38.516","2495.6","False","False"
"2026-08-05T19:08:21.6760395+08:00","17944","True","38.516","2495.6","False","False"
"2026-08-05T19:08:21.7724469+08:00","17944","True","38.516","2495.6","False","False"
"2026-08-05T19:08:21.8656840+08:00","17944","True","38.516","2495.6","False","False"
"2026-08-05T19:08:21.9755896+08:00","17944","True","38.516","2495.6","False","False"
"2026-08-05T19:08:22.0693460+08:00","17944","True","38.516","2495.6","False","False"
"2026-08-05T19:08:22.1634735+08:00","17944","True","38.516","2495.6","False","False"
"2026-08-05T19:08:22.2720251+08:00","17944","True","38.516","2495.6","False","False"
"2026-08-05T19:08:22.3648423+08:00","17944","True","38.516","2495.6","False","False"
"2026-08-05T19:08:22.4594744+08:00","17944","True","38.516","2495.6","False","False"
"2026-08-05T19:08:22.5546880+08:00","17944","True","38.531","2495.6","False","False"
"2026-08-05T19:08:22.6633334+08:00","17944","True","38.531","2495.6","False","False"
"2026-08-05T19:08:22.7590947+08:00","17944","True","38.531","2495.6","False","False"
"2026-08-05T19:08:22.8547698+08:00","17944","True","38.531","2495.6","False","False"
"2026-08-05T19:08:22.9641628+08:00","17944","True","38.531","2495.6","False","False"
"2026-08-05T19:08:23.0579434+08:00","17944","True","38.531","2495.6","False","False"
"2026-08-05T19:08:23.1504555+08:00","17944","True","38.531","2495.6","False","False"
"2026-08-05T19:08:23.2613274+08:00","17944","True","38.531","2495.6","False","False"
"2026-08-05T19:08:23.3542968+08:00","17944","True","38.531","2495.6","False","False"
"2026-08-05T19:08:23.4633421+08:00","17944","True","38.531","2495.6","False","False"
"2026-08-05T19:08:23.5559174+08:00","17944","True","38.562","2495.6","False","False"
"2026-08-05T19:08:23.6503426+08:00","17944","True","38.562","2495.6","False","False"
"2026-08-05T19:08:23.7602711+08:00","17944","True","38.578","2495.6","False","False"
"2026-08-05T19:08:23.8529476+08:00","17944","True","38.578","2495.6","False","False"
"2026-08-05T19:08:23.9623259+08:00","17944","True","38.578","2495.6","False","False"
"2026-08-05T19:08:24.0557883+08:00","17944","True","38.578","2495.6","False","False"
"2026-08-05T19:08:24.1508502+08:00","17944","True","38.578","2495.6","False","False"
"2026-08-05T19:08:24.2593753+08:00","17944","True","38.578","2495.6","False","False"
"2026-08-05T19:08:24.3534304+08:00","17944","True","38.578","2495.6","False","False"
"2026-08-05T19:08:24.4624061+08:00","17944","True","38.578","2495.6","False","False"
"2026-08-05T19:08:24.5545324+08:00","17944","True","38.594","2495.6","False","False"
"2026-08-05T19:08:24.6636084+08:00","17944","True","38.594","2495.6","False","False"
"2026-08-05T19:08:24.7574786+08:00","17944","True","38.594","2495.6","False","False"
"2026-08-05T19:08:24.8662219+08:00","17944","True","38.594","2495.6","False","False"
"2026-08-05T19:08:24.9610111+08:00","17944","True","38.594","2495.6","False","False"
"2026-08-05T19:08:25.0553056+08:00","17944","True","38.594","2495.6","False","False"
"2026-08-05T19:08:25.1650995+08:00","17944","True","38.594","2495.6","False","False"
"2026-08-05T19:08:25.2601212+08:00","17944","True","38.594","2495.6","False","False"
"2026-08-05T19:08:25.3531318+08:00","17944","True","38.594","2495.6","False","False"
"2026-08-05T19:08:25.4632294+08:00","17944","True","38.594","2495.6","False","False"
"2026-08-05T19:08:25.5577795+08:00","17944","True","38.594","2495.6","False","False"
"2026-08-05T19:08:25.6519096+08:00","17944","True","38.625","2495.6","False","False"
"2026-08-05T19:08:25.7617295+08:00","17944","True","38.625","2495.6","False","False"
"2026-08-05T19:08:25.8562334+08:00","17944","True","38.672","2495.6","False","False"
"2026-08-05T19:08:25.9512625+08:00","17944","True","38.672","2495.6","False","False"
"2026-08-05T19:08:26.0619558+08:00","17944","True","38.688","2495.6","False","False"
"2026-08-05T19:08:26.1554484+08:00","17944","True","38.734","2495.6","False","False"
"2026-08-05T19:08:26.2508967+08:00","17944","True","38.734","2495.6","False","False"
"2026-08-05T19:08:26.3599430+08:00","17944","True","38.734","2495.6","False","False"
"2026-08-05T19:08:26.4712308+08:00","17944","True","38.766","2495.6","False","False"
"2026-08-05T19:08:26.5651991+08:00","17944","True","38.781","2495.6","False","False"
"2026-08-05T19:08:26.6595479+08:00","17944","True","38.781","2495.6","False","False"
"2026-08-05T19:08:26.7689497+08:00","17944","True","38.797","2495.6","False","False"
"2026-08-05T19:08:26.8623085+08:00","17944","True","38.797","2495.6","False","False"
"2026-08-05T19:08:26.9702419+08:00","17944","True","38.797","2495.6","False","False"
"2026-08-05T19:08:27.0640907+08:00","17944","True","38.797","2495.6","False","False"
"2026-08-05T19:08:27.1748941+08:00","17944","True","38.812","2495.6","False","False"
"2026-08-05T19:08:27.2671441+08:00","17944","True","38.844","2495.6","False","False"
"2026-08-05T19:08:27.3600587+08:00","17944","True","38.844","2495.6","False","False"
"2026-08-05T19:08:27.4697366+08:00","17944","True","38.844","2495.6","False","False"
"2026-08-05T19:08:27.5638470+08:00","17944","True","38.844","2495.6","False","False"
"2026-08-05T19:08:27.6733446+08:00","17944","True","38.906","2495.6","False","False"
"2026-08-05T19:08:27.7663289+08:00","17944","True","38.922","2495.6","False","False"
"2026-08-05T19:08:27.8602342+08:00","17944","True","38.938","2495.6","False","False"
"2026-08-05T19:08:27.9708089+08:00","17944","True","38.938","2495.6","False","False"
"2026-08-05T19:08:28.0651346+08:00","17944","True","38.938","2495.6","False","False"
"2026-08-05T19:08:28.1570513+08:00","17944","True","38.938","2495.6","False","False"
"2026-08-05T19:08:28.2510023+08:00","17944","True","38.938","2495.6","False","False"
"2026-08-05T19:08:28.3587327+08:00","17944","True","38.938","2495.6","False","False"
"2026-08-05T19:08:28.4523282+08:00","17944","True","38.938","2495.6","False","False"
"2026-08-05T19:08:28.5629515+08:00","17944","True","38.938","2495.6","False","False"
"2026-08-05T19:08:28.6570752+08:00","17944","True","39","2495.6","False","False"
"2026-08-05T19:08:28.7667113+08:00","17944","True","39","2495.6","False","False"
"2026-08-05T19:08:28.8602402+08:00","17944","True","39.016","2495.6","False","False"
"2026-08-05T19:08:28.9550704+08:00","17944","True","39.016","2495.6","False","False"
"2026-08-05T19:08:29.0650869+08:00","17944","True","39.031","2495.6","False","False"
"2026-08-05T19:08:29.1568841+08:00","17944","True","39.031","2495.6","False","False"
"2026-08-05T19:08:29.2649189+08:00","17944","True","39.031","2495.6","False","False"
"2026-08-05T19:08:29.3581264+08:00","17944","True","39.031","2495.6","False","False"
"2026-08-05T19:08:29.4522443+08:00","17944","True","39.031","2495.6","False","False"
"2026-08-05T19:08:29.5625593+08:00","17944","True","39.031","2495.6","False","False"
"2026-08-05T19:08:29.6549627+08:00","17944","True","39.031","2495.6","False","False"
"2026-08-05T19:08:29.7499062+08:00","17944","True","39.031","2495.6","False","False"
"2026-08-05T19:08:29.8588287+08:00","17944","True","39.031","2495.6","False","False"
"2026-08-05T19:08:29.9518502+08:00","17944","True","39.031","2495.6","False","False"
"2026-08-05T19:08:30.0606254+08:00","17944","True","39.031","2495.6","False","False"
"2026-08-05T19:08:30.1552730+08:00","17944","True","39.031","2495.6","False","False"
"2026-08-05T19:08:30.2490625+08:00","17944","True","39.031","2495.6","False","False"
"2026-08-05T19:08:30.3581547+08:00","17944","True","39.031","2495.6","False","False"
"2026-08-05T19:08:30.4510404+08:00","17944","True","39.031","2495.6","False","False"
"2026-08-05T19:08:30.5598363+08:00","17944","True","39.031","2495.6","False","False"
"2026-08-05T19:08:30.6520553+08:00","17944","True","39.047","2495.6","False","False"
"2026-08-05T19:08:30.7611775+08:00","17944","True","39.047","2495.6","False","False"
"2026-08-05T19:08:30.8551886+08:00","17944","True","39.047","2495.6","False","False"
"2026-08-05T19:08:30.9641334+08:00","17944","True","39.047","2495.6","False","False"
"2026-08-05T19:08:31.0568862+08:00","17944","True","39.047","2495.6","False","False"
"2026-08-05T19:08:31.1646791+08:00","17944","True","39.078","2495.6","False","False"
"2026-08-05T19:08:31.2595678+08:00","17944","True","39.078","2495.6","False","False"
"2026-08-05T19:08:31.3531941+08:00","17944","True","39.078","2495.6","False","False"
"2026-08-05T19:08:31.4630335+08:00","17944","True","39.078","2495.6","False","False"
"2026-08-05T19:08:31.5564131+08:00","17944","True","39.078","2495.6","False","False"
"2026-08-05T19:08:31.6519665+08:00","17944","True","39.172","2495.6","False","False"
"2026-08-05T19:08:31.7654419+08:00","17944","True","39.172","2495.6","False","False"
"2026-08-05T19:08:31.8578904+08:00","17944","True","39.188","2495.6","False","False"
"2026-08-05T19:08:31.9520953+08:00","17944","True","39.188","2495.6","False","False"
"2026-08-05T19:08:32.0625483+08:00","17944","True","39.188","2495.6","False","False"
"2026-08-05T19:08:32.1560469+08:00","17944","True","39.188","2495.6","False","False"
"2026-08-05T19:08:32.2645782+08:00","17944","True","39.188","2495.6","False","False"
"2026-08-05T19:08:32.3572530+08:00","17944","True","39.188","2495.6","False","False"
"2026-08-05T19:08:32.4509574+08:00","17944","True","39.234","2495.6","False","False"
"2026-08-05T19:08:32.5605263+08:00","17944","True","39.25","2495.6","False","False"
"2026-08-05T19:08:32.6529432+08:00","17944","True","39.25","2495.6","False","False"
"2026-08-05T19:08:32.7632252+08:00","17944","True","39.25","2495.6","False","False"
"2026-08-05T19:08:32.8567928+08:00","17944","True","39.25","2495.6","False","False"
"2026-08-05T19:08:32.9644532+08:00","17944","True","39.25","2495.6","False","False"
"2026-08-05T19:08:33.0580031+08:00","17944","True","39.25","2495.6","False","False"
"2026-08-05T19:08:33.1518926+08:00","17944","True","39.25","2495.6","False","False"
"2026-08-05T19:08:33.2611198+08:00","17944","True","39.25","2495.6","False","False"
"2026-08-05T19:08:33.3550383+08:00","17944","True","39.266","2495.6","False","False"
"2026-08-05T19:08:33.4641053+08:00","17944","True","39.266","2495.6","False","False"
"2026-08-05T19:08:33.5594578+08:00","17944","True","39.266","2495.6","False","False"
"2026-08-05T19:08:33.6520969+08:00","17944","True","39.266","2495.6","False","False"
"2026-08-05T19:08:33.7608889+08:00","17944","True","39.266","2495.6","False","False"
"2026-08-05T19:08:33.8550593+08:00","17944","True","39.266","2495.6","False","False"
"2026-08-05T19:08:33.9629722+08:00","17944","True","39.266","2495.6","False","False"
"2026-08-05T19:08:34.0577783+08:00","17944","True","39.266","2495.6","False","False"
"2026-08-05T19:08:34.1511070+08:00","17944","True","39.266","2495.6","False","False"
"2026-08-05T19:08:34.2621796+08:00","17944","True","39.328","2495.6","False","False"
"2026-08-05T19:08:34.3548009+08:00","17944","True","39.359","2495.6","False","False"
"2026-08-05T19:08:34.4646131+08:00","17944","True","39.375","2495.6","False","False"
"2026-08-05T19:08:34.5586721+08:00","17944","True","39.453","2495.6","False","False"
"2026-08-05T19:08:34.6511436+08:00","17944","True","39.453","2495.6","False","False"
"2026-08-05T19:08:34.7612515+08:00","17944","True","39.469","2495.6","False","False"
"2026-08-05T19:08:34.8540811+08:00","17944","True","39.469","2495.6","False","False"
"2026-08-05T19:08:34.9628054+08:00","17944","True","39.469","2495.6","False","False"
"2026-08-05T19:08:35.0548224+08:00","17944","True","39.469","2495.6","False","False"
"2026-08-05T19:08:35.1499777+08:00","17944","True","39.469","2495.6","False","False"
"2026-08-05T19:08:35.2589714+08:00","17944","True","39.469","2495.6","False","False"
"2026-08-05T19:08:35.3520356+08:00","17944","True","39.469","2495.6","False","False"
"2026-08-05T19:08:35.4601857+08:00","17944","True","39.5","2495.6","False","False"
"2026-08-05T19:08:35.5548942+08:00","17944","True","39.5","2495.6","False","False"
"2026-08-05T19:08:35.6646875+08:00","17944","True","39.5","2495.6","False","False"
"2026-08-05T19:08:35.7727217+08:00","17944","True","39.5","2495.6","False","False"
"2026-08-05T19:08:35.8658712+08:00","17944","True","39.531","2495.6","False","False"
"2026-08-05T19:08:35.9599245+08:00","17944","True","39.531","2495.6","False","False"
"2026-08-05T19:08:36.0689627+08:00","17944","True","39.531","2495.6","False","False"
"2026-08-05T19:08:36.1639015+08:00","17944","True","39.531","2495.6","False","False"
"2026-08-05T19:08:36.2575082+08:00","17944","True","39.531","2495.6","False","False"
"2026-08-05T19:08:36.3662033+08:00","17944","True","39.531","2495.6","False","False"
"2026-08-05T19:08:36.4587206+08:00","17944","True","39.531","2495.6","False","False"
"2026-08-05T19:08:36.5679823+08:00","17944","True","39.547","2495.6","False","False"
"2026-08-05T19:08:36.6614436+08:00","17944","True","39.547","2495.6","False","False"
"2026-08-05T19:08:36.7717544+08:00","17944","True","39.547","2495.6","False","False"
"2026-08-05T19:08:36.8647019+08:00","17944","True","39.547","2495.6","False","False"
"2026-08-05T19:08:36.9746537+08:00","17944","True","39.547","2495.6","False","False"
"2026-08-05T19:08:37.0687807+08:00","17944","True","39.609","2495.6","False","False"
"2026-08-05T19:08:37.1631649+08:00","17944","True","39.625","2495.6","False","False"
"2026-08-05T19:08:37.2721583+08:00","17944","True","39.641","2495.6","False","False"
"2026-08-05T19:08:37.3647437+08:00","17944","True","39.641","2495.6","False","False"
"2026-08-05T19:08:37.4577561+08:00","17944","True","39.641","2495.6","False","False"
"2026-08-05T19:08:37.5658813+08:00","17944","True","39.688","2495.6","False","False"
"2026-08-05T19:08:37.6586804+08:00","17944","True","39.688","2495.6","False","False"
"2026-08-05T19:08:37.7705859+08:00","17944","True","39.75","2495.6","False","False"
"2026-08-05T19:08:37.8648563+08:00","17944","True","39.75","2495.6","False","False"
"2026-08-05T19:08:37.9586767+08:00","17944","True","39.75","2495.6","False","False"
"2026-08-05T19:08:38.0682355+08:00","17944","True","39.75","2495.6","False","False"
"2026-08-05T19:08:38.1627419+08:00","17944","True","39.75","2495.6","False","False"
"2026-08-05T19:08:38.2717471+08:00","17944","True","39.766","2495.6","False","False"
"2026-08-05T19:08:38.3516357+08:00","17944","True","39.766","2495.6","False","False"
"2026-08-05T19:08:38.4617039+08:00","17944","True","39.766","2495.6","False","False"
"2026-08-05T19:08:38.5563370+08:00","17944","True","39.781","2495.6","False","False"
"2026-08-05T19:08:38.6510623+08:00","17944","True","39.781","2495.6","False","False"
"2026-08-05T19:08:38.7602033+08:00","17944","True","39.781","2495.6","False","False"
"2026-08-05T19:08:38.8520566+08:00","17944","True","39.781","2495.6","False","False"
"2026-08-05T19:08:38.9596786+08:00","17944","True","39.781","2495.6","False","False"
"2026-08-05T19:08:39.0666516+08:00","17944","True","39.781","2495.6","False","False"
"2026-08-05T19:08:39.1618866+08:00","17944","True","39.797","2495.6","False","False"
"2026-08-05T19:08:39.2719480+08:00","17944","True","39.797","2495.6","False","False"
"2026-08-05T19:08:39.3653772+08:00","17944","True","39.844","2495.6","False","False"
"2026-08-05T19:08:39.4609015+08:00","17944","True","39.844","2495.6","False","False"
"2026-08-05T19:08:39.5546691+08:00","17944","True","39.844","2495.7","False","False"
"2026-08-05T19:08:39.6495603+08:00","17944","True","39.891","2561.2","False","False"
"2026-08-05T19:08:39.7586703+08:00","17944","True","39.906","2561.2","False","False"
"2026-08-05T19:08:39.8658888+08:00","17944","True","39.906","2561.2","False","False"
"2026-08-05T19:08:39.9585923+08:00","17944","True","39.906","2561.2","False","False"
"2026-08-05T19:08:40.0697972+08:00","17944","True","39.906","2561.2","False","False"
"2026-08-05T19:08:40.1624447+08:00","17944","True","39.906","2561.2","False","False"
"2026-08-05T19:08:40.2714854+08:00","17944","True","39.906","2561.2","False","False"
"2026-08-05T19:08:40.3648625+08:00","17944","True","39.922","2561.2","False","False"
"2026-08-05T19:08:40.4575335+08:00","17944","True","39.922","2561.2","False","False"
"2026-08-05T19:08:40.5666340+08:00","17944","True","39.953","2561.2","False","False"
"2026-08-05T19:08:40.6615977+08:00","17944","True","39.953","2561.2","False","False"
"2026-08-05T19:08:40.7706770+08:00","17944","True","39.953","2561.2","False","False"
"2026-08-05T19:08:40.8639625+08:00","17944","True","39.984","2561.2","False","False"
"2026-08-05T19:08:40.9588983+08:00","17944","True","40","2561.2","False","False"
"2026-08-05T19:08:41.0687193+08:00","17944","True","40.016","2561.2","False","False"
"2026-08-05T19:08:41.1625190+08:00","17944","True","40.016","2561.2","False","False"
"2026-08-05T19:08:41.2723933+08:00","17944","True","40.016","2561.2","False","False"
"2026-08-05T19:08:41.3635704+08:00","17944","True","40.031","2561.2","False","False"
"2026-08-05T19:08:41.4727904+08:00","17944","True","40.031","2561.2","False","False"
"2026-08-05T19:08:41.5650388+08:00","17944","True","40.047","2561.2","False","False"
"2026-08-05T19:08:41.6744403+08:00","17944","True","40.047","2561.2","False","False"
"2026-08-05T19:08:41.7689051+08:00","17944","True","40.047","2561.2","False","False"
"2026-08-05T19:08:41.8619737+08:00","17944","True","40.078","2561.2","False","False"
"2026-08-05T19:08:41.9731640+08:00","17944","True","40.078","2561.2","False","False"
"2026-08-05T19:08:42.0664856+08:00","17944","True","40.094","2561.2","False","False"
"2026-08-05T19:08:42.1755686+08:00","17944","True","40.094","2561.2","False","False"
"2026-08-05T19:08:42.2695489+08:00","17944","True","40.094","2561.2","False","False"
"2026-08-05T19:08:42.3631692+08:00","17944","True","40.094","2561.2","False","False"
"2026-08-05T19:08:42.4730115+08:00","17944","True","40.094","2561.2","False","False"
"2026-08-05T19:08:42.5637003+08:00","17944","True","40.094","2561.2","False","False"
"2026-08-05T19:08:42.6730715+08:00","17944","True","40.125","2561.2","False","False"
"2026-08-05T19:08:42.7662848+08:00","17944","True","40.125","2561.2","False","False"
"2026-08-05T19:08:42.8616491+08:00","17944","True","40.125","2561.2","False","False"
"2026-08-05T19:08:42.9708660+08:00","17944","True","40.141","2561.2","False","False"
"2026-08-05T19:08:43.0508178+08:00","17944","True","40.141","2561.2","False","False"
"2026-08-05T19:08:43.1593839+08:00","17944","True","40.156","2561.2","False","False"
"2026-08-05T19:08:43.2687658+08:00","17944","True","40.156","2561.2","False","False"
"2026-08-05T19:08:43.3629092+08:00","17944","True","40.156","2561.2","False","False"
"2026-08-05T19:08:43.4709386+08:00","17944","True","40.156","2561.2","False","False"
"2026-08-05T19:08:43.5645575+08:00","17944","True","40.156","2561.2","False","False"
"2026-08-05T19:08:43.6565187+08:00","17944","True","40.172","2561.2","False","False"
"2026-08-05T19:08:43.7498067+08:00","17944","True","40.172","2559.6","False","False"
"2026-08-05T19:08:43.8599993+08:00","17944","True","40.188","2559.6","False","False"
"2026-08-05T19:08:43.9527521+08:00","17944","True","40.203","2559.6","False","False"
"2026-08-05T19:08:44.0626041+08:00","17944","True","40.219","2559.6","False","False"
"2026-08-05T19:08:44.1576813+08:00","17944","True","40.219","2559.6","False","False"
"2026-08-05T19:08:44.2503782+08:00","17944","True","40.219","2559.6","False","False"
"2026-08-05T19:08:44.3581156+08:00","17944","True","40.219","2559.6","False","False"
"2026-08-05T19:08:44.4669378+08:00","17944","True","40.219","2559.6","False","False"
"2026-08-05T19:08:44.5606856+08:00","17944","True","40.219","2559.6","False","False"
"2026-08-05T19:08:44.6544974+08:00","17944","True","40.219","2559.6","False","False"
"2026-08-05T19:08:44.7644311+08:00","17944","True","40.219","2559.6","False","False"
"2026-08-05T19:08:44.8577826+08:00","17944","True","40.219","2559.6","False","False"
"2026-08-05T19:08:44.9506614+08:00","17944","True","40.219","2559.6","False","False"
"2026-08-05T19:08:45.0597805+08:00","17944","True","40.219","2559.6","False","False"
"2026-08-05T19:08:45.1534203+08:00","17944","True","40.234","2559.6","False","False"
"2026-08-05T19:08:45.2624946+08:00","17944","True","40.234","2559.6","False","False"
"2026-08-05T19:08:45.3558602+08:00","17944","True","40.234","2559.6","False","False"
"2026-08-05T19:08:45.4499380+08:00","17944","True","40.25","2559.6","False","False"
"2026-08-05T19:08:45.5596796+08:00","17944","True","40.25","2559.6","False","False"
"2026-08-05T19:08:45.6545796+08:00","17944","True","40.281","2559.6","False","False"
"2026-08-05T19:08:45.7627058+08:00","17944","True","40.281","2559.6","False","False"
"2026-08-05T19:08:45.8553920+08:00","17944","True","40.297","2559.6","False","False"
"2026-08-05T19:08:45.9638751+08:00","17944","True","40.297","2559.6","False","False"
"2026-08-05T19:08:46.0593520+08:00","17944","True","40.297","2559.6","False","False"
"2026-08-05T19:08:46.1515359+08:00","17944","True","40.297","2559.6","False","False"
"2026-08-05T19:08:46.2606156+08:00","17944","True","40.297","2559.6","False","False"
"2026-08-05T19:08:46.3544191+08:00","17944","True","40.328","2559.6","False","False"
"2026-08-05T19:08:46.4630431+08:00","17944","True","40.328","2559.6","False","False"
"2026-08-05T19:08:46.5557992+08:00","17944","True","40.344","2559.6","False","False"
"2026-08-05T19:08:46.6646678+08:00","17944","True","40.344","2559.6","False","False"
"2026-08-05T19:08:46.7586014+08:00","17944","True","40.344","2559.6","False","False"
"2026-08-05T19:08:46.8544643+08:00","17944","True","40.344","2559.6","False","False"
"2026-08-05T19:08:46.9614829+08:00","17944","True","40.344","2559.6","False","False"
"2026-08-05T19:08:47.0557720+08:00","17944","True","40.344","2559.6","False","False"
"2026-08-05T19:08:47.1631635+08:00","17944","True","40.359","2559.6","False","False"
"2026-08-05T19:08:47.2564470+08:00","17944","True","40.359","2559.6","False","False"
"2026-08-05T19:08:47.3528771+08:00","17944","True","40.359","2559.6","False","False"
"2026-08-05T19:08:47.4618793+08:00","17944","True","40.359","2559.6","False","False"
"2026-08-05T19:08:47.5544334+08:00","17944","True","40.422","2559.6","False","False"
"2026-08-05T19:08:47.6644662+08:00","17944","True","40.438","2559.6","False","False"
"2026-08-05T19:08:47.7583571+08:00","17944","True","40.438","2559.6","False","False"
"2026-08-05T19:08:47.8668491+08:00","17944","True","40.438","2559.6","False","False"
"2026-08-05T19:08:47.9597944+08:00","17944","True","40.438","2559.6","False","False"
"2026-08-05T19:08:48.0687726+08:00","17944","True","40.438","2559.6","False","False"
"2026-08-05T19:08:48.1630258+08:00","17944","True","40.438","2559.6","False","False"
"2026-08-05T19:08:48.2722717+08:00","17944","True","40.438","2559.6","False","False"
"2026-08-05T19:08:48.3655162+08:00","17944","True","40.438","2559.6","False","False"
"2026-08-05T19:08:48.4590158+08:00","17944","True","40.453","2559.6","False","False"
"2026-08-05T19:08:48.5676794+08:00","17944","True","40.469","2559.6","False","False"
"2026-08-05T19:08:48.6616748+08:00","17944","True","40.484","2559.6","False","False"
"2026-08-05T19:08:48.7706256+08:00","17944","True","40.484","2559.6","False","False"
"2026-08-05T19:08:48.8645930+08:00","17944","True","40.484","2559.6","False","False"
"2026-08-05T19:08:48.9586635+08:00","17944","True","40.484","2559.6","False","False"
"2026-08-05T19:08:49.0687653+08:00","17944","True","40.484","2559.6","False","False"
"2026-08-05T19:08:49.1623138+08:00","17944","True","40.5","2559.6","False","False"
"2026-08-05T19:08:49.2716132+08:00","17944","True","40.594","2559.6","False","False"
"2026-08-05T19:08:49.3665781+08:00","17944","True","40.594","2559.6","False","False"
"2026-08-05T19:08:49.4587848+08:00","17944","True","40.594","2559.6","False","False"
"2026-08-05T19:08:49.5553239+08:00","17944","True","40.594","2559.6","False","False"
"2026-08-05T19:08:49.6616240+08:00","17944","True","40.594","2559.6","False","False"
"2026-08-05T19:08:49.7704892+08:00","17944","True","40.594","2495.7","False","False"
"2026-08-05T19:08:49.8644698+08:00","17944","True","40.594","2495.7","False","False"
"2026-08-05T19:08:49.9583196+08:00","17944","True","40.594","2495.7","False","False"
"2026-08-05T19:08:50.0685508+08:00","17944","True","40.625","2495.7","False","False"
"2026-08-05T19:08:50.1612992+08:00","17944","True","40.625","2495.7","False","False"
"2026-08-05T19:08:50.2724188+08:00","17944","True","40.625","2495.7","False","False"
"2026-08-05T19:08:50.3525461+08:00","17944","True","40.625","2495.7","False","False"
"2026-08-05T19:08:50.4617142+08:00","17944","True","40.641","2495.7","False","False"
"2026-08-05T19:08:50.5547327+08:00","17944","True","40.641","2495.7","False","False"
"2026-08-05T19:08:50.6637139+08:00","17944","True","40.641","2495.7","False","False"
"2026-08-05T19:08:50.7724220+08:00","17944","True","40.641","2495.7","False","False"
"2026-08-05T19:08:50.8633113+08:00","17944","True","40.641","2495.7","False","False"
"2026-08-05T19:08:50.9579583+08:00","17944","True","40.641","2495.7","False","False"
"2026-08-05T19:08:51.0667505+08:00","17944","True","40.656","2495.7","False","False"
"2026-08-05T19:08:51.1593591+08:00","17944","True","40.672","2495.7","False","False"
"2026-08-05T19:08:51.2685128+08:00","17944","True","40.703","2495.7","False","False"
"2026-08-05T19:08:51.3615038+08:00","17944","True","40.703","2495.7","False","False"
"2026-08-05T19:08:51.4726390+08:00","17944","True","40.719","2495.7","False","False"
"2026-08-05T19:08:51.5685696+08:00","17944","True","40.719","2495.7","False","False"
"2026-08-05T19:08:51.6605279+08:00","17944","True","40.719","2495.7","False","False"
"2026-08-05T19:08:51.7702409+08:00","17944","True","40.719","2495.7","False","False"
"2026-08-05T19:08:51.8634160+08:00","17944","True","40.719","2495.7","False","False"
"2026-08-05T19:08:51.9740058+08:00","17944","True","40.719","2495.7","False","False"
"2026-08-05T19:08:52.0686551+08:00","17944","True","40.719","2495.7","False","False"
"2026-08-05T19:08:52.1628877+08:00","17944","True","40.719","2495.7","False","False"
"2026-08-05T19:08:52.2727923+08:00","17944","True","40.719","2495.7","False","False"
"2026-08-05T19:08:52.3513326+08:00","17944","True","40.719","2495.7","False","False"
"2026-08-05T19:08:52.4591252+08:00","17944","True","40.75","2495.7","False","False"
"2026-08-05T19:08:52.5683647+08:00","17944","True","40.75","2495.7","False","False"
"2026-08-05T19:08:52.6613956+08:00","17944","True","40.75","2495.7","False","False"
"2026-08-05T19:08:52.7697119+08:00","17944","True","40.75","2495.7","False","False"
"2026-08-05T19:08:52.8625408+08:00","17944","True","40.75","2495.7","False","False"
"2026-08-05T19:08:52.9746316+08:00","17944","True","40.75","2495.7","False","False"
"2026-08-05T19:08:53.0693327+08:00","17944","True","40.75","2495.7","False","False"
"2026-08-05T19:08:53.1613284+08:00","17944","True","40.75","2495.7","False","False"
"2026-08-05T19:08:53.2705792+08:00","17944","True","40.75","2495.7","False","False"
"2026-08-05T19:08:53.3624815+08:00","17944","True","40.75","2495.7","False","False"
"2026-08-05T19:08:53.4721307+08:00","17944","True","40.75","2495.7","False","False"
"2026-08-05T19:08:53.5665266+08:00","17944","True","40.75","2495.7","False","False"
"2026-08-05T19:08:53.6596729+08:00","17944","True","40.75","2495.7","False","False"
"2026-08-05T19:08:53.7686265+08:00","17944","True","40.75","2495.7","False","False"
"2026-08-05T19:08:53.8625665+08:00","17944","True","40.75","2495.7","False","False"
"2026-08-05T19:08:53.9717319+08:00","17944","True","40.766","2495.7","False","False"
"2026-08-05T19:08:54.0647124+08:00","17944","True","40.781","2495.7","False","False"
"2026-08-05T19:08:54.1719968+08:00","17944","True","40.781","2495.7","False","False"
"2026-08-05T19:08:54.2515458+08:00","17944","True","40.781","2495.7","False","False"
"2026-08-05T19:08:54.3605070+08:00","17944","True","40.781","2495.7","False","False"
"2026-08-05T19:08:54.4704776+08:00","17944","True","40.812","2495.7","False","False"
"2026-08-05T19:08:54.5634884+08:00","17944","True","40.828","2495.7","False","False"
"2026-08-05T19:08:54.6556399+08:00","17944","True","40.859","2495.7","False","False"
"2026-08-05T19:08:54.7647669+08:00","17944","True","40.859","2495.7","False","False"
"2026-08-05T19:08:54.8613075+08:00","17944","True","40.875","2495.7","False","False"
"2026-08-05T19:08:54.9704106+08:00","17944","True","40.891","2495.7","False","False"
"2026-08-05T19:08:55.0624274+08:00","17944","True","40.891","2495.7","False","False"
"2026-08-05T19:08:55.1567223+08:00","17944","True","40.922","2495.7","False","False"
"2026-08-05T19:08:55.2505643+08:00","17944","True","40.922","2495.7","False","False"
"2026-08-05T19:08:55.3605972+08:00","17944","True","40.938","2495.7","False","False"
"2026-08-05T19:08:55.4698807+08:00","17944","True","40.938","2495.7","False","False"
"2026-08-05T19:08:55.5643387+08:00","17944","True","40.984","2495.7","False","False"
"2026-08-05T19:08:55.6753930+08:00","17944","True","40.984","2495.7","False","False"
"2026-08-05T19:08:55.7695691+08:00","17944","True","41.078","2495.7","False","False"
"2026-08-05T19:08:55.8622834+08:00","17944","True","41.109","2495.7","False","False"
"2026-08-05T19:08:55.9715773+08:00","17944","True","41.109","2495.7","False","False"
"2026-08-05T19:08:56.0644915+08:00","17944","True","41.109","2495.7","False","False"
"2026-08-05T19:08:56.1565384+08:00","17944","True","41.109","2495.7","False","False"
"2026-08-05T19:08:56.2501363+08:00","17944","True","41.109","2495.7","False","False"
"2026-08-05T19:08:56.3601875+08:00","17944","True","41.109","2495.7","False","False"
"2026-08-05T19:08:56.4544585+08:00","17944","True","41.125","2495.7","False","False"
"2026-08-05T19:08:56.5623353+08:00","17944","True","41.203","2495.7","False","False"
"2026-08-05T19:08:56.6556145+08:00","17944","True","41.219","2495.7","False","False"
"2026-08-05T19:08:56.7642314+08:00","17944","True","41.219","2495.7","False","False"
"2026-08-05T19:08:56.8603109+08:00","17944","True","41.234","2495.7","False","False"
"2026-08-05T19:08:56.9693270+08:00","17944","True","41.234","2495.7","False","False"
"2026-08-05T19:08:57.0625203+08:00","17944","True","41.234","2495.7","False","False"
"2026-08-05T19:08:57.1718537+08:00","17944","True","41.234","2495.7","False","False"
"2026-08-05T19:08:57.2508317+08:00","17944","True","41.25","2495.7","False","False"
"2026-08-05T19:08:57.3593085+08:00","17944","True","41.297","2495.7","False","False"
"2026-08-05T19:08:57.4686725+08:00","17944","True","41.297","2495.7","False","False"
"2026-08-05T19:08:57.5623028+08:00","17944","True","41.344","2495.7","False","False"
"2026-08-05T19:08:57.6557775+08:00","17944","True","41.344","2495.7","False","False"
"2026-08-05T19:08:57.7653310+08:00","17944","True","41.344","2495.7","False","False"
"2026-08-05T19:08:57.8591847+08:00","17944","True","41.359","2495.7","False","False"
"2026-08-05T19:08:57.9685395+08:00","17944","True","41.359","2495.7","False","False"
"2026-08-05T19:08:58.0614501+08:00","17944","True","41.359","2495.7","False","False"
"2026-08-05T19:08:58.1558867+08:00","17944","True","41.359","2495.7","False","False"
"2026-08-05T19:08:58.2503422+08:00","17944","True","41.359","2495.7","False","False"
"2026-08-05T19:08:58.3572597+08:00","17944","True","41.359","2495.7","False","False"
"2026-08-05T19:08:58.4514088+08:00","17944","True","41.375","2495.7","False","False"
"2026-08-05T19:08:58.5613511+08:00","17944","True","41.375","2495.7","False","False"
"2026-08-05T19:08:58.6531139+08:00","17944","True","41.375","2495.7","False","False"
"2026-08-05T19:08:58.7612564+08:00","17944","True","41.391","2495.7","False","False"
"2026-08-05T19:08:58.8547595+08:00","17944","True","41.391","2495.7","False","False"
"2026-08-05T19:08:58.9641275+08:00","17944","True","41.391","2495.7","False","False"
"2026-08-05T19:08:59.0561162+08:00","17944","True","41.391","2495.7","False","False"
"2026-08-05T19:08:59.1643186+08:00","17944","True","41.391","2495.6","False","False"
"2026-08-05T19:08:59.2589583+08:00","17944","True","41.391","2495.6","False","False"
"2026-08-05T19:08:59.3520689+08:00","17944","True","41.453","2495.6","False","False"
"2026-08-05T19:08:59.4611717+08:00","17944","True","41.453","2495.6","False","False"
"2026-08-05T19:08:59.5552703+08:00","17944","True","41.453","2495.6","False","False"
"2026-08-05T19:08:59.6644258+08:00","17944","True","41.453","2495.6","False","False"
"2026-08-05T19:08:59.7591298+08:00","17944","True","41.453","2495.6","False","False"
"2026-08-05T19:08:59.8665780+08:00","17944","True","41.453","2495.6","False","False"
"2026-08-05T19:08:59.9602852+08:00","17944","True","41.453","2495.6","False","False"
"2026-08-05T19:09:00.0542923+08:00","17944","True","41.453","2495.6","False","False"
"2026-08-05T19:09:00.1638006+08:00","17944","True","41.453","2495.6","False","False"
"2026-08-05T19:09:00.2582753+08:00","17944","True","41.453","2495.6","False","False"
"2026-08-05T19:09:00.3514134+08:00","17944","True","41.453","2495.6","False","False"
"2026-08-05T19:09:00.4641825+08:00","17944","True","41.453","2495.6","False","False"
"2026-08-05T19:09:00.5594181+08:00","17944","True","41.453","2495.6","False","False"
"2026-08-05T19:09:00.6523505+08:00","17944","True","41.516","2495.6","False","False"
"2026-08-05T19:09:00.7622065+08:00","17944","True","41.516","2495.6","False","False"
"2026-08-05T19:09:00.8555042+08:00","17944","True","41.516","2495.6","False","False"
"2026-08-05T19:09:00.9644750+08:00","17944","True","41.516","2495.6","False","False"
"2026-08-05T19:09:01.0570289+08:00","17944","True","41.594","2495.6","False","False"
"2026-08-05T19:09:01.1504659+08:00","17944","True","41.625","2495.6","False","False"
"2026-08-05T19:09:01.2610786+08:00","17944","True","41.625","2495.6","False","False"
"2026-08-05T19:09:01.3541068+08:00","17944","True","41.625","2495.6","False","False"
"2026-08-05T19:09:01.4631752+08:00","17944","True","41.625","2495.6","False","False"
"2026-08-05T19:09:01.5551500+08:00","17944","True","41.641","2495.6","False","False"
"2026-08-05T19:09:01.6647647+08:00","17944","True","41.641","2495.6","False","False"
"2026-08-05T19:09:01.7587068+08:00","17944","True","41.641","2495.6","False","False"
"2026-08-05T19:09:01.8517183+08:00","17944","True","41.641","2495.6","False","False"
"2026-08-05T19:09:01.9611436+08:00","17944","True","41.719","2495.6","False","False"
"2026-08-05T19:09:02.0550018+08:00","17944","True","41.719","2495.6","False","False"
"2026-08-05T19:09:02.1619835+08:00","17944","True","41.719","2495.6","False","False"
"2026-08-05T19:09:02.2709700+08:00","17944","True","41.719","2495.6","False","False"
"2026-08-05T19:09:02.3652518+08:00","17944","True","41.719","2495.6","False","False"
"2026-08-05T19:09:02.4750093+08:00","17944","True","41.719","2495.6","False","False"
"2026-08-05T19:09:02.5543043+08:00","17944","True","41.719","2495.6","False","False"
"2026-08-05T19:09:02.6633121+08:00","17944","True","41.719","2495.6","False","False"
"2026-08-05T19:09:02.7596957+08:00","17944","True","41.719","2495.6","False","False"
"2026-08-05T19:09:02.8532819+08:00","17944","True","41.719","2495.6","False","False"
"2026-08-05T19:09:02.9614141+08:00","17944","True","41.719","2495.6","False","False"
"2026-08-05T19:09:03.0566273+08:00","17944","True","41.719","2495.6","False","False"
"2026-08-05T19:09:03.1494564+08:00","17944","True","41.75","2495.6","False","False"
"2026-08-05T19:09:03.2611693+08:00","17944","True","41.75","2495.6","False","False"
"2026-08-05T19:09:03.3534161+08:00","17944","True","41.75","2495.6","False","False"
"2026-08-05T19:09:03.4623048+08:00","17944","True","41.75","2495.6","False","False"
"2026-08-05T19:09:03.5574143+08:00","17944","True","41.75","2495.6","False","False"
"2026-08-05T19:09:03.6513786+08:00","17944","True","41.75","2495.6","False","False"
"2026-08-05T19:09:03.7612219+08:00","17944","True","41.75","2495.6","False","False"
"2026-08-05T19:09:03.8564755+08:00","17944","True","41.75","2495.6","False","False"
"2026-08-05T19:09:03.9522954+08:00","17944","True","41.75","2495.6","False","False"
"2026-08-05T19:09:04.0609665+08:00","17944","True","41.75","2495.6","False","False"
"2026-08-05T19:09:04.1542140+08:00","17944","True","41.75","2495.6","False","False"
"2026-08-05T19:09:04.2635840+08:00","17944","True","41.75","2495.6","False","False"
"2026-08-05T19:09:04.3586661+08:00","17944","True","41.75","2495.6","False","False"
"2026-08-05T19:09:04.4522574+08:00","17944","True","41.75","2495.6","False","False"
"2026-08-05T19:09:04.5637853+08:00","17944","True","41.766","2495.6","False","False"
"2026-08-05T19:09:04.6721029+08:00","17944","True","41.766","2495.6","False","False"
"2026-08-05T19:09:04.7673537+08:00","17944","True","41.766","2495.6","False","False"
"2026-08-05T19:09:04.8624141+08:00","17944","True","41.766","2495.6","False","False"
"2026-08-05T19:09:04.9721717+08:00","17944","True","41.781","2495.6","False","False"
"2026-08-05T19:09:05.0669517+08:00","17944","True","41.781","2495.6","False","False"
"2026-08-05T19:09:05.1610305+08:00","17944","True","41.828","2495.6","False","False"
"2026-08-05T19:09:05.2706232+08:00","17944","True","41.828","2495.6","False","False"
"2026-08-05T19:09:05.3634743+08:00","17944","True","41.828","2495.6","False","False"
"2026-08-05T19:09:05.4733874+08:00","17944","True","41.828","2495.6","False","False"
"2026-08-05T19:09:05.5680875+08:00","17944","True","41.844","2495.6","False","False"
"2026-08-05T19:09:05.6633749+08:00","17944","True","41.844","2495.7","False","False"
"2026-08-05T19:09:05.7563528+08:00","17944","True","41.844","2495.7","False","False"
"2026-08-05T19:09:05.8643633+08:00","17944","True","41.859","2495.7","False","False"
"2026-08-05T19:09:05.9729854+08:00","17944","True","41.859","2495.7","False","False"
"2026-08-05T19:09:06.0672875+08:00","17944","True","41.859","2495.7","False","False"
"2026-08-05T19:09:06.1629827+08:00","17944","True","41.875","2495.7","False","False"
"2026-08-05T19:09:06.2726059+08:00","17944","True","41.875","2495.7","False","False"
"2026-08-05T19:09:06.3659095+08:00","17944","True","41.875","2495.7","False","False"
"2026-08-05T19:09:06.4606146+08:00","17944","True","41.891","2495.7","False","False"
"2026-08-05T19:09:06.5691362+08:00","17944","True","41.891","2495.7","False","False"
"2026-08-05T19:09:06.6641806+08:00","17944","True","41.891","2495.7","False","False"
"2026-08-05T19:09:06.7583914+08:00","17944","True","41.891","2495.7","False","False"
"2026-08-05T19:09:06.8522077+08:00","17944","True","41.891","2495.7","False","False"
"2026-08-05T19:09:06.9618819+08:00","17944","True","41.906","2495.7","False","False"
"2026-08-05T19:09:07.0560581+08:00","17944","True","41.906","2495.7","False","False"
"2026-08-05T19:09:07.1509586+08:00","17944","True","41.906","2495.7","False","False"
"2026-08-05T19:09:07.2612149+08:00","17944","True","41.906","2495.7","False","False"
"2026-08-05T19:09:07.3549040+08:00","17944","True","41.906","2495.7","False","False"
"2026-08-05T19:09:07.4642927+08:00","17944","True","41.938","2495.7","False","False"
"2026-08-05T19:09:07.5569854+08:00","17944","True","41.938","2495.7","False","False"
"2026-08-05T19:09:07.6499798+08:00","17944","True","41.938","2495.7","False","False"
"2026-08-05T19:09:07.7589857+08:00","17944","True","41.938","2495.7","False","False"
"2026-08-05T19:09:07.8541959+08:00","17944","True","41.938","2495.7","False","False"
"2026-08-05T19:09:07.9639398+08:00","17944","True","41.938","2495.7","False","False"
"2026-08-05T19:09:08.0569072+08:00","17944","True","41.938","2495.7","False","False"
"2026-08-05T19:09:08.1510090+08:00","17944","True","41.938","2495.7","False","False"
"2026-08-05T19:09:08.2612386+08:00","17944","True","41.938","2495.7","False","False"
"2026-08-05T19:09:08.3550363+08:00","17944","True","41.938","2495.7","False","False"
"2026-08-05T19:09:08.4501333+08:00","17944","True","41.938","2495.7","False","False"
"2026-08-05T19:09:08.5590613+08:00","17944","True","41.938","2495.7","False","False"
"2026-08-05T19:09:08.6514234+08:00","17944","True","41.938","2495.7","False","False"
"2026-08-05T19:09:08.7610294+08:00","17944","True","41.938","2495.7","False","False"
"2026-08-05T19:09:08.8550890+08:00","17944","True","41.938","2495.7","False","False"
"2026-08-05T19:09:08.9632338+08:00","17944","True","41.938","2495.7","False","False"
"2026-08-05T19:09:09.0550615+08:00","17944","True","41.938","2495.7","False","False"
"2026-08-05T19:09:09.1510266+08:00","17944","True","41.938","2495.7","False","False"
"2026-08-05T19:09:09.2593372+08:00","17944","True","41.953","2495.7","False","False"
"2026-08-05T19:09:09.3529503+08:00","17944","True","41.969","2495.7","False","False"
"2026-08-05T19:09:09.4632884+08:00","17944","True","41.984","2495.7","False","False"
"2026-08-05T19:09:09.5554721+08:00","17944","True","42","2495.7","False","False"
"2026-08-05T19:09:09.6641428+08:00","17944","True","42.016","2495.7","False","False"
"2026-08-05T19:09:09.7592128+08:00","17944","True","42.016","2495.7","False","False"
"2026-08-05T19:09:09.8537602+08:00","17944","True","42.016","2495.7","False","False"
"2026-08-05T19:09:09.9620860+08:00","17944","True","42.031","2495.7","False","False"
"2026-08-05T19:09:10.0544124+08:00","17944","True","42.031","2495.7","False","False"
"2026-08-05T19:09:10.1629215+08:00","17944","True","42.031","2495.7","False","False"
"2026-08-05T19:09:10.2712349+08:00","17944","True","42.031","2495.7","False","False"
"2026-08-05T19:09:10.3639150+08:00","17944","True","42.031","2495.7","False","False"
"2026-08-05T19:09:10.4729352+08:00","17944","True","42.047","2495.7","False","False"
"2026-08-05T19:09:10.5669991+08:00","17944","True","42.047","2495.7","False","False"
"2026-08-05T19:09:10.6602662+08:00","17944","True","42.047","2495.7","False","False"
"2026-08-05T19:09:10.7709159+08:00","17944","True","42.047","2495.7","False","False"
"2026-08-05T19:09:10.8642299+08:00","17944","True","42.078","2495.7","False","False"
"2026-08-05T19:09:10.9738481+08:00","17944","True","42.078","2495.7","False","False"
"2026-08-05T19:09:11.0693089+08:00","17944","True","42.078","2495.7","False","False"
"2026-08-05T19:09:11.1627516+08:00","17944","True","42.109","2495.7","False","False"
"2026-08-05T19:09:11.2712051+08:00","17944","True","42.109","2495.7","False","False"
"2026-08-05T19:09:11.3649223+08:00","17944","True","42.109","2495.7","False","False"
"2026-08-05T19:09:11.4571721+08:00","17944","True","42.109","2495.7","False","False"
"2026-08-05T19:09:11.5681350+08:00","17944","True","42.109","2495.7","False","False"
"2026-08-05T19:09:11.6600134+08:00","17944","True","42.109","2495.7","False","False"
"2026-08-05T19:09:11.7698876+08:00","17944","True","42.109","2495.7","False","False"
"2026-08-05T19:09:11.8636785+08:00","17944","True","42.172","2495.7","False","False"
"2026-08-05T19:09:11.9719768+08:00","17944","True","42.172","2495.7","False","False"
"2026-08-05T19:09:12.0677311+08:00","17944","True","42.172","2495.7","False","False"
"2026-08-05T19:09:12.1611759+08:00","17944","True","42.172","2495.7","False","False"
"2026-08-05T19:09:12.2702419+08:00","17944","True","42.172","2495.7","False","False"
"2026-08-05T19:09:12.3629603+08:00","17944","True","42.172","2495.7","False","False"
"2026-08-05T19:09:12.4729268+08:00","17944","True","42.172","2495.7","False","False"
"2026-08-05T19:09:12.5658300+08:00","17944","True","42.188","2495.7","False","False"
"2026-08-05T19:09:12.6589998+08:00","17944","True","42.188","2495.7","False","False"
"2026-08-05T19:09:12.7692357+08:00","17944","True","42.188","2495.7","False","False"
"2026-08-05T19:09:12.8620406+08:00","17944","True","42.203","2495.7","False","False"
"2026-08-05T19:09:12.9559004+08:00","17944","True","42.234","2495.7","False","False"
"2026-08-05T19:09:13.0649949+08:00","17944","True","42.25","2495.7","False","False"
"2026-08-05T19:09:13.1581064+08:00","17944","True","42.266","2495.7","False","False"
"2026-08-05T19:09:13.2518897+08:00","17944","True","42.281","2495.7","False","False"
"2026-08-05T19:09:13.3634563+08:00","17944","True","42.312","2495.7","False","False"
"2026-08-05T19:09:13.4718021+08:00","17944","True","42.312","2495.7","False","False"
"2026-08-05T19:09:13.5677005+08:00","17944","True","42.312","2495.7","False","False"
"2026-08-05T19:09:13.6606939+08:00","17944","True","42.312","2495.7","False","False"
"2026-08-05T19:09:13.7719847+08:00","17944","True","42.344","2495.7","False","False"
"2026-08-05T19:09:13.8660157+08:00","17944","True","42.344","2495.7","False","False"
"2026-08-05T19:09:13.9611446+08:00","17944","True","42.344","2495.7","False","False"
"2026-08-05T19:09:14.0558655+08:00","17944","True","42.344","2495.7","False","False"
"2026-08-05T19:09:14.1497033+08:00","17944","True","42.359","2495.7","False","False"
"2026-08-05T19:09:14.2579591+08:00","17944","True","42.359","2495.7","False","False"
"2026-08-05T19:09:14.3647615+08:00","17944","True","42.359","2495.7","False","False"
"2026-08-05T19:09:14.4743993+08:00","17944","True","42.359","2495.7","False","False"
"2026-08-05T19:09:14.5677967+08:00","17944","True","42.391","2495.7","False","False"
"2026-08-05T19:09:14.6611583+08:00","17944","True","42.391","2495.7","False","False"
"2026-08-05T19:09:14.7697438+08:00","17944","True","42.391","2495.7","False","False"
"2026-08-05T19:09:14.8637393+08:00","17944","True","42.391","2495.7","False","False"
"2026-08-05T19:09:14.9738420+08:00","17944","True","42.391","2495.7","False","False"
"2026-08-05T19:09:15.0678614+08:00","17944","True","42.391","2495.7","False","False"
"2026-08-05T19:09:15.1611372+08:00","17944","True","42.406","2495.7","False","False"
"2026-08-05T19:09:15.2700515+08:00","17944","True","42.406","2495.7","False","False"
"2026-08-05T19:09:15.3628227+08:00","17944","True","42.422","2495.7","False","False"
"2026-08-05T19:09:15.4722460+08:00","17944","True","42.453","2495.7","False","False"
"2026-08-05T19:09:15.5668849+08:00","17944","True","42.453","2495.7","False","False"
"2026-08-05T19:09:15.6598038+08:00","17944","True","42.453","2495.7","False","False"
"2026-08-05T19:09:15.7707305+08:00","17944","True","42.453","2495.7","False","False"
"2026-08-05T19:09:15.8637015+08:00","17944","True","42.469","2495.7","False","False"
"2026-08-05T19:09:15.9585161+08:00","17944","True","42.469","2495.7","False","False"
"2026-08-05T19:09:16.0662024+08:00","17944","True","42.469","2495.7","False","False"
"2026-08-05T19:09:16.1609840+08:00","17944","True","42.469","2495.7","False","False"
"2026-08-05T19:09:16.2688809+08:00","17944","True","42.469","2495.7","False","False"
"2026-08-05T19:09:16.3608432+08:00","17944","True","42.469","2495.7","False","False"
"2026-08-05T19:09:16.4559939+08:00","17944","True","42.5","2495.7","False","False"
"2026-08-05T19:09:16.5646999+08:00","17944","True","42.5","2495.7","False","False"
"2026-08-05T19:09:16.6606454+08:00","17944","True","42.5","2495.7","False","False"
"2026-08-05T19:09:16.7690912+08:00","17944","True","42.5","2495.7","False","False"
"2026-08-05T19:09:16.8627351+08:00","17944","True","42.5","2495.7","False","False"
"2026-08-05T19:09:16.9719957+08:00","17944","True","42.516","2495.7","False","False"
"2026-08-05T19:09:17.0651422+08:00","17944","True","42.531","2495.7","False","False"
"2026-08-05T19:09:17.1579776+08:00","17944","True","42.531","2495.7","False","False"
"2026-08-05T19:09:17.2677431+08:00","17944","True","42.531","2495.7","False","False"
"2026-08-05T19:09:17.3618126+08:00","17944","True","42.531","2495.7","False","False"
"2026-08-05T19:09:17.4688877+08:00","17944","True","42.531","2495.7","False","False"
"2026-08-05T19:09:17.5637124+08:00","17944","True","42.531","2495.7","False","False"
"2026-08-05T19:09:17.6727218+08:00","17944","True","42.547","2495.7","False","False"
"2026-08-05T19:09:17.7656856+08:00","17944","True","42.547","2495.7","False","False"
"2026-08-05T19:09:17.8607974+08:00","17944","True","42.562","2495.7","False","False"
"2026-08-05T19:09:17.9698200+08:00","17944","True","42.562","2495.7","False","False"
"2026-08-05T19:09:18.0626979+08:00","17944","True","42.578","2495.7","False","False"
"2026-08-05T19:09:18.1558960+08:00","17944","True","42.578","2495.7","False","False"
"2026-08-05T19:09:18.2499800+08:00","17944","True","42.641","2495.7","False","False"
"2026-08-05T19:09:18.3581767+08:00","17944","True","42.641","2495.7","False","False"
"2026-08-05T19:09:18.4520635+08:00","17944","True","42.641","2495.7","False","False"
"2026-08-05T19:09:18.5613494+08:00","17944","True","42.672","2495.7","False","False"
"2026-08-05T19:09:18.6548101+08:00","17944","True","42.672","2495.7","False","False"
"2026-08-05T19:09:18.7493826+08:00","17944","True","42.672","2495.7","False","False"
"2026-08-05T19:09:18.8579278+08:00","17944","True","42.672","2495.7","False","False"
"2026-08-05T19:09:18.9515547+08:00","17944","True","42.672","2495.7","False","False"
"2026-08-05T19:09:19.0646658+08:00","17944","True","42.688","2495.7","False","False"
"2026-08-05T19:09:19.1728481+08:00","17944","True","42.734","2495.7","False","False"
"2026-08-05T19:09:19.2657842+08:00","17944","True","42.734","2495.7","False","False"
"2026-08-05T19:09:19.3597535+08:00","17944","True","42.734","2495.7","False","False"
"2026-08-05T19:09:19.4536918+08:00","17944","True","42.734","2495.7","False","False"
"2026-08-05T19:09:19.5649707+08:00","17944","True","42.734","2495.7","False","False"
"2026-08-05T19:09:19.6587739+08:00","17944","True","42.766","2495.7","False","False"
"2026-08-05T19:09:19.7689828+08:00","17944","True","42.766","2495.7","False","False"
"2026-08-05T19:09:19.8645717+08:00","17944","True","42.766","2495.7","False","False"
"2026-08-05T19:09:19.9737781+08:00","17944","True","42.766","2495.7","False","False"
"2026-08-05T19:09:20.0667493+08:00","17944","True","42.766","2495.7","False","False"
"2026-08-05T19:09:20.1575407+08:00","17944","True","42.766","2495.7","False","False"
"2026-08-05T19:09:20.2646403+08:00","17944","True","42.828","2495.7","False","False"
"2026-08-05T19:09:20.3579500+08:00","17944","True","42.828","2495.7","False","False"
"2026-08-05T19:09:20.4527961+08:00","17944","True","42.828","2495.7","False","False"
"2026-08-05T19:09:20.5619929+08:00","17944","True","42.844","2495.7","False","False"
"2026-08-05T19:09:20.6550203+08:00","17944","True","42.844","2495.7","False","False"
"2026-08-05T19:09:20.7646029+08:00","17944","True","42.859","2495.7","False","False"
"2026-08-05T19:09:20.8596646+08:00","17944","True","42.859","2495.7","False","False"
"2026-08-05T19:09:20.9511254+08:00","17944","True","42.859","2495.7","False","False"
"2026-08-05T19:09:21.0618745+08:00","17944","True","42.859","2495.7","False","False"
"2026-08-05T19:09:21.1541695+08:00","17944","True","42.859","2495.7","False","False"
"2026-08-05T19:09:21.2610198+08:00","17944","True","42.859","2495.7","False","False"
"2026-08-05T19:09:21.3538669+08:00","17944","True","42.859","2495.7","False","False"
"2026-08-05T19:09:21.4625851+08:00","17944","True","42.859","2495.7","False","False"
"2026-08-05T19:09:21.5575883+08:00","17944","True","42.859","2495.7","False","False"
"2026-08-05T19:09:21.6516474+08:00","17944","True","42.859","2495.7","False","False"
"2026-08-05T19:09:21.7605568+08:00","17944","True","42.859","2495.7","False","False"
"2026-08-05T19:09:21.8553955+08:00","17944","True","42.859","2495.7","False","False"
"2026-08-05T19:09:21.9494860+08:00","17944","True","42.859","2495.7","False","False"
"2026-08-05T19:09:22.0597735+08:00","17944","True","42.859","2495.7","False","False"
"2026-08-05T19:09:22.1530285+08:00","17944","True","42.859","2495.7","False","False"
"2026-08-05T19:09:22.2615679+08:00","17944","True","42.859","2495.7","False","False"
"2026-08-05T19:09:22.3544166+08:00","17944","True","42.859","2495.7","False","False"
"2026-08-05T19:09:22.4637317+08:00","17944","True","42.859","2495.7","False","False"
"2026-08-05T19:09:22.5580211+08:00","17944","True","42.859","2495.7","False","False"
"2026-08-05T19:09:22.6516170+08:00","17944","True","42.859","2495.7","False","False"
"2026-08-05T19:09:22.7607623+08:00","17944","True","42.859","2495.7","False","False"
"2026-08-05T19:09:22.8548360+08:00","17944","True","42.859","2495.7","False","False"
"2026-08-05T19:09:22.9646964+08:00","17944","True","42.859","2495.7","False","False"
"2026-08-05T19:09:23.0577921+08:00","17944","True","42.859","2495.7","False","False"
"2026-08-05T19:09:23.1507836+08:00","17944","True","42.859","2495.7","False","False"
"2026-08-05T19:09:23.2615818+08:00","17944","True","42.859","2495.7","False","False"
"2026-08-05T19:09:23.3547763+08:00","17944","True","42.859","2495.7","False","False"
"2026-08-05T19:09:23.4640335+08:00","17944","True","42.859","2495.7","False","False"
"2026-08-05T19:09:23.5575158+08:00","17944","True","42.859","2495.7","False","False"
"2026-08-05T19:09:23.6504664+08:00","17944","True","42.859","2495.7","False","False"
"2026-08-05T19:09:23.7590387+08:00","17944","True","42.859","2495.7","False","False"
"2026-08-05T19:09:23.8520973+08:00","17944","True","42.859","2495.7","False","False"
"2026-08-05T19:09:23.9608228+08:00","17944","True","42.859","2495.7","False","False"
"2026-08-05T19:09:24.0559860+08:00","17944","True","42.859","2495.7","False","False"
"2026-08-05T19:09:24.1624276+08:00","17944","True","42.859","2495.7","False","False"
"2026-08-05T19:09:24.2717059+08:00","17944","True","42.859","2495.7","False","False"
"2026-08-05T19:09:24.3658887+08:00","17944","True","42.859","2495.7","False","False"
"2026-08-05T19:09:24.4758252+08:00","17944","True","42.859","2495.7","False","False"
"2026-08-05T19:09:24.5544238+08:00","17944","True","42.859","2495.7","False","False"
"2026-08-05T19:09:24.6635391+08:00","17944","True","42.875","2495.7","False","False"
"2026-08-05T19:09:24.7574716+08:00","17944","True","42.875","2495.7","False","False"
"2026-08-05T19:09:24.8666104+08:00","17944","True","42.891","2495.7","False","False"
"2026-08-05T19:09:24.9584967+08:00","17944","True","42.891","2495.7","False","False"
"2026-08-05T19:09:25.0664175+08:00","17944","True","42.891","2495.7","False","False"
"2026-08-05T19:09:25.1586999+08:00","17944","True","42.906","2495.7","False","False"
"2026-08-05T19:09:25.2684437+08:00","17944","True","42.938","2495.7","False","False"
"2026-08-05T19:09:25.3625661+08:00","17944","True","42.969","2495.7","False","False"
"2026-08-05T19:09:25.4704193+08:00","17944","True","42.969","2495.7","False","False"
"2026-08-05T19:09:25.5635925+08:00","17944","True","42.969","2495.7","False","False"
"2026-08-05T19:09:25.6726223+08:00","17944","True","42.969","2495.7","False","False"
"2026-08-05T19:09:25.7686292+08:00","17944","True","42.969","2495.7","False","False"
"2026-08-05T19:09:25.8604001+08:00","17944","True","42.984","2495.7","False","False"
"2026-08-05T19:09:25.9524005+08:00","17944","True","42.984","2495.7","False","False"
"2026-08-05T19:09:26.0605301+08:00","17944","True","42.984","2495.7","False","False"
"2026-08-05T19:09:26.1536750+08:00","17944","True","42.984","2495.7","False","False"
"2026-08-05T19:09:26.2636920+08:00","17944","True","42.984","2495.7","False","False"
"2026-08-05T19:09:26.3578578+08:00","17944","True","42.984","2495.7","False","False"
"2026-08-05T19:09:26.4518496+08:00","17944","True","42.984","2495.7","False","False"
"2026-08-05T19:09:26.5615817+08:00","17944","True","43","2495.7","False","False"
"2026-08-05T19:09:26.6546154+08:00","17944","True","43","2495.7","False","False"
"2026-08-05T19:09:26.7646883+08:00","17944","True","43","2495.7","False","False"
"2026-08-05T19:09:26.8596391+08:00","17944","True","43","2495.7","False","False"
"2026-08-05T19:09:26.9526868+08:00","17944","True","43","2495.7","False","False"
"2026-08-05T19:09:27.0633635+08:00","17944","True","43.016","2495.7","False","False"
"2026-08-05T19:09:27.1575972+08:00","17944","True","43.031","2495.7","False","False"
"2026-08-05T19:09:27.2513749+08:00","17944","True","43.031","2495.7","False","False"
"2026-08-05T19:09:27.3598194+08:00","17944","True","43.031","2495.7","False","False"
"2026-08-05T19:09:27.4552608+08:00","17944","True","43.031","2495.7","False","False"
"2026-08-05T19:09:27.5646235+08:00","17944","True","43.031","2495.7","False","False"
"2026-08-05T19:09:27.6746541+08:00","17944","True","43.031","2495.7","False","False"
"2026-08-05T19:09:27.7673879+08:00","17944","True","43.031","2495.7","False","False"
"2026-08-05T19:09:27.8605004+08:00","17944","True","43.047","2495.7","False","False"
"2026-08-05T19:09:27.9704891+08:00","17944","True","43.062","2495.7","False","False"
"2026-08-05T19:09:28.0628582+08:00","17944","True","43.062","2495.7","False","False"
"2026-08-05T19:09:28.1709566+08:00","17944","True","43.062","2495.7","False","False"
"2026-08-05T19:09:28.2503647+08:00","17944","True","43.062","2495.7","False","False"
"2026-08-05T19:09:28.3593484+08:00","17944","True","43.062","2495.7","False","False"
"2026-08-05T19:09:28.4535195+08:00","17944","True","43.062","2495.7","False","False"
"2026-08-05T19:09:28.5623473+08:00","17944","True","43.234","2495.7","False","False"
"2026-08-05T19:09:28.6550187+08:00","17944","True","43.234","2495.7","False","False"
"2026-08-05T19:09:28.7644572+08:00","17944","True","43.25","2495.7","False","False"
"2026-08-05T19:09:28.8595024+08:00","17944","True","43.25","2495.7","False","False"
"2026-08-05T19:09:28.9546057+08:00","17944","True","43.25","2495.7","False","False"
"2026-08-05T19:09:29.0646367+08:00","17944","True","43.297","2495.7","False","False"
"2026-08-05T19:09:29.1575551+08:00","17944","True","43.312","2495.7","False","False"
"2026-08-05T19:09:29.2516199+08:00","17944","True","43.328","2495.7","False","False"
"2026-08-05T19:09:29.3614481+08:00","17944","True","43.328","2495.7","False","False"
"2026-08-05T19:09:29.4705661+08:00","17944","True","43.344","2495.7","False","False"
"2026-08-05T19:09:29.5624308+08:00","17944","True","43.344","2495.7","False","False"
"2026-08-05T19:09:29.6576139+08:00","17944","True","43.344","2495.7","False","False"
"2026-08-05T19:09:29.7516512+08:00","17944","True","43.375","2495.7","False","False"
"2026-08-05T19:09:29.8614442+08:00","17944","True","43.375","2495.7","False","False"
"2026-08-05T19:09:29.9696406+08:00","17944","True","43.375","2495.7","False","False"
"2026-08-05T19:09:30.0656651+08:00","17944","True","43.375","2495.7","False","False"
"2026-08-05T19:09:30.1574407+08:00","17944","True","43.391","2495.7","False","False"
"2026-08-05T19:09:30.2496200+08:00","17944","True","43.391","2495.7","False","False"
"2026-08-05T19:09:30.3589656+08:00","17944","True","43.406","2495.7","False","False"
"2026-08-05T19:09:30.4519259+08:00","17944","True","43.5","2495.7","False","False"
"2026-08-05T19:09:30.5624005+08:00","17944","True","43.516","2495.7","False","False"
"2026-08-05T19:09:30.6555340+08:00","17944","True","43.516","2495.7","False","False"
"2026-08-05T19:09:30.7645005+08:00","17944","True","43.516","2495.7","False","False"
"2026-08-05T19:09:30.8597681+08:00","17944","True","43.516","2495.7","False","False"
"2026-08-05T19:09:30.9691335+08:00","17944","True","43.578","2495.7","False","False"
"2026-08-05T19:09:31.0617180+08:00","17944","True","43.609","2495.7","False","False"
"2026-08-05T19:09:31.1549868+08:00","17944","True","43.609","2495.7","False","False"
"2026-08-05T19:09:31.2654731+08:00","17944","True","43.625","2495.7","False","False"
"2026-08-05T19:09:31.3577382+08:00","17944","True","43.625","2495.7","False","False"
"2026-08-05T19:09:31.4502614+08:00","17944","True","43.625","2495.7","False","False"
"2026-08-05T19:09:31.5612560+08:00","17944","True","43.625","2495.7","False","False"
"2026-08-05T19:09:31.6548291+08:00","17944","True","43.641","2495.7","False","False"
"2026-08-05T19:09:31.7495560+08:00","17944","True","43.641","2495.7","False","False"
"2026-08-05T19:09:31.8576501+08:00","17944","True","43.719","2495.7","False","False"
"2026-08-05T19:09:31.9517701+08:00","17944","True","43.719","2495.7","False","False"
"2026-08-05T19:09:32.0587216+08:00","17944","True","43.734","2495.7","False","False"
"2026-08-05T19:09:32.1525311+08:00","17944","True","43.734","2495.7","False","False"
"2026-08-05T19:09:32.2624256+08:00","17944","True","43.75","2495.7","False","False"
"2026-08-05T19:09:32.3556582+08:00","17944","True","43.75","2495.7","False","False"
"2026-08-05T19:09:32.4647921+08:00","17944","True","43.75","2495.7","False","False"
"2026-08-05T19:09:32.5576712+08:00","17944","True","43.766","2495.7","False","False"
"2026-08-05T19:09:32.6507094+08:00","17944","True","43.766","2495.7","False","False"
"2026-08-05T19:09:32.7608820+08:00","17944","True","43.766","2495.7","False","False"
"2026-08-05T19:09:32.8533038+08:00","17944","True","43.766","2495.7","False","False"
"2026-08-05T19:09:32.9623196+08:00","17944","True","43.766","2495.7","False","False"
"2026-08-05T19:09:33.0554149+08:00","17944","True","43.781","2495.7","False","False"
"2026-08-05T19:09:33.1506807+08:00","17944","True","43.781","2495.7","False","False"
"2026-08-05T19:09:33.2604910+08:00","17944","True","43.844","2495.7","False","False"
"2026-08-05T19:09:33.3545176+08:00","17944","True","43.844","2495.7","False","False"
"2026-08-05T19:09:33.4648710+08:00","17944","True","43.859","2495.7","False","False"
"2026-08-05T19:09:33.5575746+08:00","17944","True","43.859","2495.7","False","False"
"2026-08-05T19:09:33.6506520+08:00","17944","True","43.859","2495.7","False","False"
"2026-08-05T19:09:33.7593263+08:00","17944","True","43.859","2495.7","False","False"
"2026-08-05T19:09:33.8523806+08:00","17944","True","43.859","2495.7","False","False"
"2026-08-05T19:09:33.9614554+08:00","17944","True","43.859","2495.7","False","False"
"2026-08-05T19:09:34.0696955+08:00","17944","True","43.859","2495.7","False","False"
"2026-08-05T19:09:34.1634359+08:00","17944","True","43.859","2495.7","False","False"
"2026-08-05T19:09:34.2583487+08:00","17944","True","43.859","2495.7","False","False"
"2026-08-05T19:09:34.3649173+08:00","17944","True","43.859","2495.7","False","False"
"2026-08-05T19:09:34.4743119+08:00","17944","True","43.859","2495.7","False","False"
"2026-08-05T19:09:34.5674700+08:00","17944","True","43.875","2495.7","False","False"
"2026-08-05T19:09:34.6604744+08:00","17944","True","43.875","2495.7","False","False"
"2026-08-05T19:09:34.7703199+08:00","17944","True","43.891","2495.7","False","False"
"2026-08-05T19:09:34.8636560+08:00","17944","True","43.891","2495.7","False","False"
"2026-08-05T19:09:34.9734464+08:00","17944","True","43.891","2495.7","False","False"
"2026-08-05T19:09:35.0674605+08:00","17944","True","43.891","2495.7","False","False"
"2026-08-05T19:09:35.1605807+08:00","17944","True","43.891","2495.7","False","False"
"2026-08-05T19:09:35.2686366+08:00","17944","True","43.906","2495.7","False","False"
"2026-08-05T19:09:35.3626292+08:00","17944","True","43.906","2495.7","False","False"
"2026-08-05T19:09:35.4711672+08:00","17944","True","43.922","2495.7","False","False"
"2026-08-05T19:09:35.5646187+08:00","17944","True","43.938","2495.7","False","False"
"2026-08-05T19:09:35.6577657+08:00","17944","True","43.938","2495.7","False","False"
"2026-08-05T19:09:35.7662978+08:00","17944","True","43.953","2495.7","False","False"
"2026-08-05T19:09:35.8593102+08:00","17944","True","43.969","2495.7","False","False"
"2026-08-05T19:09:35.9541608+08:00","17944","True","43.969","2495.7","False","False"
"2026-08-05T19:09:36.0624896+08:00","17944","True","43.969","2495.7","False","False"
"2026-08-05T19:09:36.1542921+08:00","17944","True","44.031","2495.7","False","False"
"2026-08-05T19:09:36.2642990+08:00","17944","True","44.031","2495.7","False","False"
"2026-08-05T19:09:36.3590625+08:00","17944","True","44.031","2495.7","False","False"
"2026-08-05T19:09:36.4532704+08:00","17944","True","44.031","2495.7","False","False"
"2026-08-05T19:09:36.5629471+08:00","17944","True","44.047","2495.7","False","False"
"2026-08-05T19:09:36.6558619+08:00","17944","True","44.047","2495.7","False","False"
"2026-08-05T19:09:36.7501568+08:00","17944","True","44.047","2495.7","False","False"
"2026-08-05T19:09:36.8603544+08:00","17944","True","44.047","2495.7","False","False"
"2026-08-05T19:09:36.9698202+08:00","17944","True","44.047","2495.7","False","False"
"2026-08-05T19:09:37.0642390+08:00","17944","True","44.047","2495.7","False","False"
"2026-08-05T19:09:37.1722226+08:00","17944","True","44.078","2495.7","False","False"
"2026-08-05T19:09:37.2511542+08:00","17944","True","44.078","2495.7","False","False"
"2026-08-05T19:09:37.3593566+08:00","17944","True","44.078","2495.7","False","False"
"2026-08-05T19:09:37.4543824+08:00","17944","True","44.078","2495.7","False","False"
"2026-08-05T19:09:37.5642034+08:00","17944","True","44.094","2495.7","False","False"
"2026-08-05T19:09:37.6575232+08:00","17944","True","44.094","2495.7","False","False"
"2026-08-05T19:09:37.7513234+08:00","17944","True","44.094","2495.7","False","False"
"2026-08-05T19:09:37.8642733+08:00","17944","True","44.109","2495.7","False","False"
"2026-08-05T19:09:37.9581532+08:00","17944","True","44.109","2495.7","False","False"
"2026-08-05T19:09:38.0678481+08:00","17944","True","44.109","2495.7","False","False"
"2026-08-05T19:09:38.1631446+08:00","17944","True","44.109","2495.7","False","False"
"2026-08-05T19:09:38.2590176+08:00","17944","True","44.109","2495.7","False","False"
"2026-08-05T19:09:38.3518347+08:00","17944","True","44.109","2495.7","False","False"
"2026-08-05T19:09:38.4614905+08:00","17944","True","44.141","2495.7","False","False"
"2026-08-05T19:09:38.5562743+08:00","17944","True","44.156","2495.7","False","False"
"2026-08-05T19:09:38.6639465+08:00","17944","True","44.156","2495.7","False","False"
"2026-08-05T19:09:38.7725865+08:00","17944","True","44.156","2495.7","False","False"
"2026-08-05T19:09:38.8512409+08:00","17944","True","44.156","2495.7","False","False"
"2026-08-05T19:09:38.9754505+08:00","17944","True","44.156","2495.7","False","False"
"2026-08-05T19:09:39.0690817+08:00","17944","True","44.156","2495.7","False","False"
"2026-08-05T19:09:39.1634905+08:00","17944","True","44.172","2495.7","False","False"
"2026-08-05T19:09:39.2723119+08:00","17944","True","44.172","2495.7","False","False"
"2026-08-05T19:09:39.3648097+08:00","17944","True","44.172","2495.7","False","False"
"2026-08-05T19:09:39.4731924+08:00","17944","True","44.172","2495.7","False","False"
"2026-08-05T19:09:39.5671828+08:00","17944","True","44.219","2495.7","False","False"
"2026-08-05T19:09:39.6601934+08:00","17944","True","44.219","2495.7","False","False"
"2026-08-05T19:09:39.7694706+08:00","17944","True","44.312","2495.7","False","False"
"2026-08-05T19:09:39.8641777+08:00","17944","True","44.312","2495.7","False","False"
"2026-08-05T19:09:39.9576211+08:00","17944","True","44.312","2495.7","False","False"
"2026-08-05T19:09:40.0661502+08:00","17944","True","44.312","2495.7","False","False"
"2026-08-05T19:09:40.1595971+08:00","17944","True","44.312","2495.7","False","False"
"2026-08-05T19:09:40.2686505+08:00","17944","True","44.312","2495.7","False","False"
"2026-08-05T19:09:40.3621057+08:00","17944","True","44.328","2495.7","False","False"
"2026-08-05T19:09:40.4564367+08:00","17944","True","44.328","2495.7","False","False"
"2026-08-05T19:09:40.5657512+08:00","17944","True","44.344","2495.7","False","False"
"2026-08-05T19:09:40.6758131+08:00","17944","True","44.344","2495.7","False","False"
"2026-08-05T19:09:40.7701956+08:00","17944","True","44.344","2495.7","False","False"
"2026-08-05T19:09:40.8631712+08:00","17944","True","44.344","2495.7","False","False"
"2026-08-05T19:09:40.9720343+08:00","17944","True","44.344","2495.7","False","False"
"2026-08-05T19:09:41.0637465+08:00","17944","True","44.344","2495.7","False","False"
"2026-08-05T19:09:41.1713245+08:00","17944","True","44.359","2495.7","False","False"
"2026-08-05T19:09:41.2502916+08:00","17944","True","44.359","2495.7","False","False"
"2026-08-05T19:09:41.3612666+08:00","17944","True","44.359","2495.7","False","False"
"2026-08-05T19:09:41.4703219+08:00","17944","True","44.359","2495.7","False","False"
"2026-08-05T19:09:41.5641820+08:00","17944","True","44.359","2495.7","False","False"
"2026-08-05T19:09:41.6561346+08:00","17944","True","44.359","2495.7","False","False"
"2026-08-05T19:09:41.7620675+08:00","17944","True","44.359","2495.7","False","False"
"2026-08-05T19:09:41.8561837+08:00","17944","True","44.359","2495.7","False","False"
"2026-08-05T19:09:41.9491147+08:00","17944","True","44.359","2495.7","False","False"
"2026-08-05T19:09:42.0591642+08:00","17944","True","44.359","2495.7","False","False"
"2026-08-05T19:09:42.1523641+08:00","17944","True","44.359","2495.7","False","False"
"2026-08-05T19:09:42.2616957+08:00","17944","True","44.359","2495.7","False","False"
"2026-08-05T19:09:42.3560415+08:00","17944","True","44.359","2495.7","False","False"
"2026-08-05T19:09:42.4635691+08:00","17944","True","44.359","2495.7","False","False"
"2026-08-05T19:09:42.5571184+08:00","17944","True","44.359","2495.7","False","False"
"2026-08-05T19:09:42.6514093+08:00","17944","True","44.359","2495.7","False","False"
"2026-08-05T19:09:42.7611764+08:00","17944","True","44.359","2495.7","False","False"
"2026-08-05T19:09:42.8540266+08:00","17944","True","44.359","2495.7","False","False"
"2026-08-05T19:09:42.9632549+08:00","17944","True","44.359","2495.7","False","False"
"2026-08-05T19:09:43.0571639+08:00","17944","True","44.359","2495.7","False","False"
"2026-08-05T19:09:43.1507188+08:00","17944","True","44.375","2495.7","False","False"
"2026-08-05T19:09:43.2594379+08:00","17944","True","44.375","2495.7","False","False"
"2026-08-05T19:09:43.3542015+08:00","17944","True","44.375","2495.7","False","False"
"2026-08-05T19:09:43.4640891+08:00","17944","True","44.375","2495.7","False","False"
"2026-08-05T19:09:43.5564024+08:00","17944","True","44.375","2495.7","False","False"
"2026-08-05T19:09:43.6650346+08:00","17944","True","44.375","2495.7","False","False"
"2026-08-05T19:09:43.7596986+08:00","17944","True","44.375","2495.7","False","False"
"2026-08-05T19:09:43.8530802+08:00","17944","True","44.391","2495.7","False","False"
"2026-08-05T19:09:43.9614697+08:00","17944","True","44.391","2495.7","False","False"
"2026-08-05T19:09:44.0543729+08:00","17944","True","44.391","2495.7","False","False"
"2026-08-05T19:09:44.1631448+08:00","17944","True","44.391","2495.7","False","False"
"2026-08-05T19:09:44.2580995+08:00","17944","True","44.406","2495.7","False","False"
"2026-08-05T19:09:44.3515274+08:00","17944","True","44.438","2495.7","False","False"
"2026-08-05T19:09:44.4620307+08:00","17944","True","44.438","2495.7","False","False"
"2026-08-05T19:09:44.5554127+08:00","17944","True","44.453","2495.7","False","False"
"2026-08-05T19:09:44.6642721+08:00","17944","True","44.453","2495.7","False","False"
"2026-08-05T19:09:44.7590399+08:00","17944","True","44.453","2495.7","False","False"
"2026-08-05T19:09:44.8519071+08:00","17944","True","44.453","2495.7","False","False"
"2026-08-05T19:09:44.9606041+08:00","17944","True","44.453","2495.7","False","False"
"2026-08-05T19:09:45.0541796+08:00","17944","True","44.453","2495.7","False","False"
"2026-08-05T19:09:45.1631556+08:00","17944","True","44.469","2495.7","False","False"
"2026-08-05T19:09:45.2710726+08:00","17944","True","44.469","2495.7","False","False"
"2026-08-05T19:09:45.3653819+08:00","17944","True","44.469","2495.7","False","False"
"2026-08-05T19:09:45.4585386+08:00","17944","True","44.531","2495.7","False","False"
"2026-08-05T19:09:45.5696654+08:00","17944","True","44.531","2495.7","False","False"
"2026-08-05T19:09:45.6632071+08:00","17944","True","44.547","2495.7","False","False"
"2026-08-05T19:09:45.7561125+08:00","17944","True","44.547","2495.7","False","False"
"2026-08-05T19:09:45.8650499+08:00","17944","True","44.562","2495.7","False","False"
"2026-08-05T19:09:45.9582763+08:00","17944","True","44.562","2495.7","False","False"
"2026-08-05T19:09:46.0669244+08:00","17944","True","44.562","2495.7","False","False"
"2026-08-05T19:09:46.1603297+08:00","17944","True","44.562","2495.7","False","False"
"2026-08-05T19:09:46.2693450+08:00","17944","True","44.562","2495.7","False","False"
"2026-08-05T19:09:46.3631503+08:00","17944","True","44.578","2495.7","False","False"
"2026-08-05T19:09:46.4736390+08:00","17944","True","44.578","2495.7","False","False"
"2026-08-05T19:09:46.5658542+08:00","17944","True","44.578","2495.7","False","False"
"2026-08-05T19:09:46.6771926+08:00","17944","True","44.578","2495.7","False","False"
"2026-08-05T19:09:46.7701671+08:00","17944","True","44.578","2495.7","False","False"
"2026-08-05T19:09:46.8640448+08:00","17944","True","44.578","2495.7","False","False"
"2026-08-05T19:09:46.9749436+08:00","17944","True","44.578","2495.7","False","False"
"2026-08-05T19:09:47.0547518+08:00","17944","True","44.578","2495.7","False","False"
"2026-08-05T19:09:47.1651928+08:00","17944","True","44.578","2495.7","False","False"
"2026-08-05T19:09:47.2607148+08:00","17944","True","44.594","2495.7","False","False"
"2026-08-05T19:09:47.3535495+08:00","17944","True","44.594","2495.7","False","False"
"2026-08-05T19:09:47.4629693+08:00","17944","True","44.594","2495.7","False","False"
"2026-08-05T19:09:47.5578265+08:00","17944","True","44.594","2495.7","False","False"
"2026-08-05T19:09:47.6514691+08:00","17944","True","44.594","2495.7","False","False"
"2026-08-05T19:09:47.7605636+08:00","17944","True","44.594","2495.7","False","False"
"2026-08-05T19:09:47.8529711+08:00","17944","True","44.594","2495.7","False","False"
"2026-08-05T19:09:47.9643067+08:00","17944","True","44.594","2495.7","False","False"
"2026-08-05T19:09:48.0589274+08:00","17944","True","44.594","2495.7","False","False"
"2026-08-05T19:09:48.1528729+08:00","17944","True","44.594","2495.7","False","False"
"2026-08-05T19:09:48.2607262+08:00","17944","True","44.594","2495.7","False","False"
"2026-08-05T19:09:48.3534271+08:00","17944","True","44.594","2495.7","False","False"
"2026-08-05T19:09:48.4623514+08:00","17944","True","44.594","2495.7","False","False"
"2026-08-05T19:09:48.5557351+08:00","17944","True","44.625","2495.7","False","False"
"2026-08-05T19:09:48.6495537+08:00","17944","True","44.625","2495.7","False","False"
"2026-08-05T19:09:48.7590931+08:00","17944","True","44.625","2495.7","False","False"
"2026-08-05T19:09:48.8525124+08:00","17944","True","44.625","2495.7","False","False"
"2026-08-05T19:09:48.9602798+08:00","17944","True","44.625","2495.7","False","False"
"2026-08-05T19:09:49.0670845+08:00","17944","True","44.625","2495.7","False","False"
"2026-08-05T19:09:49.1609603+08:00","17944","True","44.625","2495.7","False","False"
"2026-08-05T19:09:49.2701171+08:00","17944","True","44.625","2495.7","False","False"
"2026-08-05T19:09:49.3646107+08:00","17944","True","44.625","2495.7","False","False"
"2026-08-05T19:09:49.4729987+08:00","17944","True","44.656","2495.7","False","False"
"2026-08-05T19:09:49.5660846+08:00","17944","True","44.656","2495.7","False","False"
"2026-08-05T19:09:49.6601101+08:00","17944","True","44.656","2495.7","False","False"
"2026-08-05T19:09:49.7683418+08:00","17944","True","44.656","2495.7","False","False"
"2026-08-05T19:09:49.8609209+08:00","17944","True","44.656","2495.7","False","False"
"2026-08-05T19:09:49.9719399+08:00","17944","True","44.656","2495.7","False","False"
"2026-08-05T19:09:50.0662629+08:00","17944","True","44.656","2495.7","False","False"
"2026-08-05T19:09:50.1590888+08:00","17944","True","44.672","2495.7","False","False"
"2026-08-05T19:09:50.2681471+08:00","17944","True","44.672","2495.7","False","False"
"2026-08-05T19:09:50.3612518+08:00","17944","True","44.672","2495.7","False","False"
"2026-08-05T19:09:50.4706106+08:00","17944","True","44.688","2495.7","False","False"
"2026-08-05T19:09:50.5647709+08:00","17944","True","44.688","2495.7","False","False"
"2026-08-05T19:09:50.6602700+08:00","17944","True","44.703","2495.7","False","False"
"2026-08-05T19:09:50.7680732+08:00","17944","True","44.703","2495.7","False","False"
"2026-08-05T19:09:50.8631380+08:00","17944","True","44.703","2495.7","False","False"
"2026-08-05T19:09:50.9717362+08:00","17944","True","44.703","2495.7","False","False"
"2026-08-05T19:09:51.0667822+08:00","17944","True","44.734","2495.7","False","False"
"2026-08-05T19:09:51.1599519+08:00","17944","True","44.75","2495.7","False","False"
"2026-08-05T19:09:51.2685613+08:00","17944","True","44.75","2495.7","False","False"
"2026-08-05T19:09:51.3601495+08:00","17944","True","44.75","2495.7","False","False"
"2026-08-05T19:09:51.4538528+08:00","17944","True","44.766","2495.7","False","False"
"2026-08-05T19:09:51.5639059+08:00","17944","True","44.766","2495.7","False","False"
"2026-08-05T19:09:51.6580247+08:00","17944","True","44.828","2495.7","False","False"
"2026-08-05T19:09:51.7684905+08:00","17944","True","44.828","2495.7","False","False"
"2026-08-05T19:09:51.8633803+08:00","17944","True","44.828","2495.7","False","False"
"2026-08-05T19:09:51.9737707+08:00","17944","True","44.875","2495.7","False","False"
"2026-08-05T19:09:52.0669187+08:00","17944","True","44.875","2495.7","False","False"
"2026-08-05T19:09:52.1611491+08:00","17944","True","44.875","2495.7","False","False"
"2026-08-05T19:09:52.2701087+08:00","17944","True","44.875","2495.7","False","False"
"2026-08-05T19:09:52.3632278+08:00","17944","True","44.875","2495.7","False","False"
"2026-08-05T19:09:52.4715762+08:00","17944","True","44.891","2495.7","False","False"
"2026-08-05T19:09:52.5640650+08:00","17944","True","44.891","2495.7","False","False"
"2026-08-05T19:09:52.6581978+08:00","17944","True","44.891","2495.7","False","False"
"2026-08-05T19:09:52.7682331+08:00","17944","True","44.891","2495.7","False","False"
"2026-08-05T19:09:52.8610814+08:00","17944","True","44.891","2495.7","False","False"
"2026-08-05T19:09:52.9542331+08:00","17944","True","44.891","2495.7","False","False"
"2026-08-05T19:09:53.0639106+08:00","17944","True","44.922","2495.7","False","False"
"2026-08-05T19:09:53.1587054+08:00","17944","True","44.953","2495.7","False","False"
"2026-08-05T19:09:53.2690069+08:00","17944","True","44.953","2495.7","False","False"
"2026-08-05T19:09:53.3620557+08:00","17944","True","44.953","2495.7","False","False"
"2026-08-05T19:09:53.4700995+08:00","17944","True","44.953","2495.7","False","False"
"2026-08-05T19:09:53.5628912+08:00","17944","True","44.953","2495.7","False","False"
"2026-08-05T19:09:53.6577944+08:00","17944","True","44.953","2495.7","False","False"
"2026-08-05T19:09:53.7671143+08:00","17944","True","44.953","2495.7","False","False"
"2026-08-05T19:09:53.8612408+08:00","17944","True","44.953","2495.7","False","False"
"2026-08-05T19:09:53.9718428+08:00","17944","True","44.969","2495.7","False","False"
"2026-08-05T19:09:54.0661509+08:00","17944","True","45","2495.7","False","False"
"2026-08-05T19:09:54.1597715+08:00","17944","True","45","2495.7","False","False"
"2026-08-05T19:09:54.2670534+08:00","17944","True","45.031","2495.7","False","False"
"2026-08-05T19:09:54.3591803+08:00","17944","True","45.031","2495.7","False","False"
"2026-08-05T19:09:54.4516185+08:00","17944","True","45.078","2495.7","False","False"
"2026-08-05T19:09:54.5611998+08:00","17944","True","45.125","2495.7","False","False"
"2026-08-05T19:09:54.6555667+08:00","17944","True","45.125","2495.7","False","False"
"2026-08-05T19:09:54.7500732+08:00","17944","True","45.141","2495.7","False","False"
"2026-08-05T19:09:54.8606862+08:00","17944","True","45.141","2495.7","False","False"
"2026-08-05T19:09:54.9715607+08:00","17944","True","45.156","2495.7","False","False"
"2026-08-05T19:09:55.0657793+08:00","17944","True","45.156","2495.7","False","False"
"2026-08-05T19:09:55.1588566+08:00","17944","True","45.172","2495.7","False","False"
"2026-08-05T19:09:55.2699143+08:00","17944","True","45.188","2495.7","False","False"
"2026-08-05T19:09:55.3623046+08:00","17944","True","45.188","2495.7","False","False"
"2026-08-05T19:09:55.4697833+08:00","17944","True","45.219","2495.7","False","False"
"2026-08-05T19:09:55.5622539+08:00","17944","True","45.219","2495.7","False","False"
"2026-08-05T19:09:55.6552333+08:00","17944","True","45.234","2495.7","False","False"
"2026-08-05T19:09:55.7641251+08:00","17944","True","45.234","2495.7","False","False"
"2026-08-05T19:09:55.8577994+08:00","17944","True","45.234","2495.7","False","False"
"2026-08-05T19:09:55.9522814+08:00","17944","True","45.25","2495.7","False","False"
"2026-08-05T19:09:56.0599243+08:00","17944","True","45.25","2495.7","False","False"
"2026-08-05T19:09:56.1533628+08:00","17944","True","45.266","2495.7","False","False"
"2026-08-05T19:09:56.2631008+08:00","17944","True","45.266","2495.7","False","False"
"2026-08-05T19:09:56.3577605+08:00","17944","True","45.266","2495.7","False","False"
"2026-08-05T19:09:56.4523613+08:00","17944","True","45.281","2495.7","False","False"
"2026-08-05T19:09:56.5608892+08:00","17944","True","45.281","2495.7","False","False"
"2026-08-05T19:09:56.6541539+08:00","17944","True","45.281","2495.7","False","False"
"2026-08-05T19:09:56.7626389+08:00","17944","True","45.281","2495.7","False","False"
"2026-08-05T19:09:56.8558241+08:00","17944","True","45.281","2495.7","False","False"
"2026-08-05T19:09:56.9656229+08:00","17944","True","45.297","2495.7","False","False"
"2026-08-05T19:09:57.0589701+08:00","17944","True","45.297","2495.7","False","False"
"2026-08-05T19:09:57.1527065+08:00","17944","True","45.297","2495.7","False","False"
"2026-08-05T19:09:57.2600658+08:00","17944","True","45.312","2495.7","False","False"
"2026-08-05T19:09:57.3526886+08:00","17944","True","45.312","2495.7","False","False"
"2026-08-05T19:09:57.4610675+08:00","17944","True","45.312","2495.7","False","False"
"2026-08-05T19:09:57.5549382+08:00","17944","True","45.312","2495.7","False","False"
"2026-08-05T19:09:57.6629177+08:00","17944","True","45.359","2495.7","False","False"
"2026-08-05T19:09:57.7579710+08:00","17944","True","45.359","2495.7","False","False"
"2026-08-05T19:09:57.8660082+08:00","17944","True","45.375","2495.7","False","False"
"2026-08-05T19:09:57.9598386+08:00","17944","True","45.375","2495.7","False","False"
"2026-08-05T19:09:58.0684170+08:00","17944","True","45.453","2495.7","False","False"
"2026-08-05T19:09:58.1617118+08:00","17944","True","45.469","2495.7","False","False"
"2026-08-05T19:09:58.2707251+08:00","17944","True","45.484","2495.7","False","False"
"2026-08-05T19:09:58.3659963+08:00","17944","True","45.484","2495.7","False","False"
"2026-08-05T19:09:58.4602740+08:00","17944","True","45.484","2495.7","False","False"
"2026-08-05T19:09:58.5697559+08:00","17944","True","45.5","2495.7","False","False"
"2026-08-05T19:09:58.6611122+08:00","17944","True","45.5","2495.7","False","False"
"2026-08-05T19:09:58.7719133+08:00","17944","True","45.5","2495.7","False","False"
"2026-08-05T19:09:58.8657780+08:00","17944","True","45.5","2495.7","False","False"
"2026-08-05T19:09:58.9598392+08:00","17944","True","45.5","2495.7","False","False"
"2026-08-05T19:09:59.0691428+08:00","17944","True","45.5","2495.7","False","False"
"2026-08-05T19:09:59.1632533+08:00","17944","True","45.516","2495.7","False","False"
"2026-08-05T19:09:59.2589467+08:00","17944","True","45.516","2495.7","False","False"
"2026-08-05T19:09:59.3519120+08:00","17944","True","45.531","2495.7","False","False"
"2026-08-05T19:09:59.4597963+08:00","17944","True","45.531","2495.7","False","False"
"2026-08-05T19:09:59.5693117+08:00","17944","True","45.531","2495.7","False","False"
"2026-08-05T19:09:59.6618573+08:00","17944","True","45.531","2495.7","False","False"
"2026-08-05T19:09:59.7708768+08:00","17944","True","45.531","2495.7","False","False"
"2026-08-05T19:09:59.8653415+08:00","17944","True","45.531","2495.7","False","False"
"2026-08-05T19:09:59.9577383+08:00","17944","True","45.531","2495.7","False","False"
"2026-08-05T19:10:00.0685951+08:00","17944","True","45.531","2495.7","False","False"
"2026-08-05T19:10:00.1632140+08:00","17944","True","45.562","2495.7","False","False"
"2026-08-05T19:10:00.2723084+08:00","17944","True","45.562","2495.7","False","False"
"2026-08-05T19:10:00.3649807+08:00","17944","True","45.578","2495.7","False","False"
"2026-08-05T19:10:00.4735674+08:00","17944","True","45.609","2495.7","False","False"
"2026-08-05T19:10:00.5676190+08:00","17944","True","45.609","2495.7","False","False"
"2026-08-05T19:10:00.6606640+08:00","17944","True","45.609","2495.7","False","False"
"2026-08-05T19:10:00.7727958+08:00","17944","True","45.609","2495.7","False","False"
"2026-08-05T19:10:00.8516273+08:00","17944","True","45.609","2495.7","False","False"
"2026-08-05T19:10:00.9619714+08:00","17944","True","45.672","2495.7","False","False"
"2026-08-05T19:10:01.0557921+08:00","17944","True","45.672","2495.7","False","False"
"2026-08-05T19:10:01.1635195+08:00","17944","True","45.75","2495.7","False","False"
"2026-08-05T19:10:01.2578217+08:00","17944","True","45.75","2495.7","False","False"
"2026-08-05T19:10:01.3517721+08:00","17944","True","45.75","2495.7","False","False"
"2026-08-05T19:10:01.4614021+08:00","17944","True","45.766","2495.7","False","False"
"2026-08-05T19:10:01.5551989+08:00","17944","True","45.781","2495.7","False","False"
"2026-08-05T19:10:01.6635067+08:00","17944","True","45.812","2495.7","False","False"
"2026-08-05T19:10:01.7725984+08:00","17944","True","45.844","2495.7","False","False"
"2026-08-05T19:10:01.8515846+08:00","17944","True","45.922","2495.7","False","False"
"2026-08-05T19:10:01.9619981+08:00","17944","True","45.922","2495.7","False","False"
"2026-08-05T19:10:02.0569148+08:00","17944","True","45.938","2495.7","False","False"
"2026-08-05T19:10:02.1514478+08:00","17944","True","45.938","2495.7","False","False"
"2026-08-05T19:10:02.2594946+08:00","17944","True","45.938","2495.7","False","False"
"2026-08-05T19:10:02.3513840+08:00","17944","True","45.938","2495.7","False","False"
"2026-08-05T19:10:02.4604781+08:00","17944","True","45.938","2495.7","False","False"
"2026-08-05T19:10:02.5689393+08:00","17944","True","45.969","2495.7","False","False"
"2026-08-05T19:10:02.6627179+08:00","17944","True","45.969","2495.7","False","False"
"2026-08-05T19:10:02.7712711+08:00","17944","True","45.969","2495.7","False","False"
"2026-08-05T19:10:02.8636711+08:00","17944","True","45.969","2495.7","False","False"
"2026-08-05T19:10:02.9729935+08:00","17944","True","45.969","2495.7","False","False"
"2026-08-05T19:10:03.0665112+08:00","17944","True","45.969","2495.7","False","False"
"2026-08-05T19:10:03.1598817+08:00","17944","True","46","2495.7","False","False"
"2026-08-05T19:10:03.2698748+08:00","17944","True","46","2495.7","False","False"
"2026-08-05T19:10:03.3620161+08:00","17944","True","46","2495.7","False","False"
"2026-08-05T19:10:03.4701104+08:00","17944","True","46","2495.7","False","False"
"2026-08-05T19:10:03.5626931+08:00","17944","True","46","2495.7","False","False"
"2026-08-05T19:10:03.6548672+08:00","17944","True","46","2495.7","False","False"
"2026-08-05T19:10:03.7633512+08:00","17944","True","46","2495.7","False","False"
"2026-08-05T19:10:03.8576571+08:00","17944","True","46","2495.7","False","False"
"2026-08-05T19:10:03.9535807+08:00","17944","True","46","2495.7","False","False"
"2026-08-05T19:10:04.0627189+08:00","17944","True","46","2495.7","False","False"
"2026-08-05T19:10:04.1566322+08:00","17944","True","46.016","2495.7","False","False"
"2026-08-05T19:10:04.2509781+08:00","17944","True","46.016","2495.7","False","False"
"2026-08-05T19:10:04.3599113+08:00","17944","True","46.016","2495.7","False","False"
"2026-08-05T19:10:04.4536505+08:00","17944","True","46.031","2495.7","False","False"
"2026-08-05T19:10:04.5624166+08:00","17944","True","46.031","2495.7","False","False"
"2026-08-05T19:10:04.6548402+08:00","17944","True","46.031","2495.7","False","False"
"2026-08-05T19:10:04.7649357+08:00","17944","True","46.031","2495.7","False","False"
"2026-08-05T19:10:04.8593295+08:00","17944","True","46.031","2495.7","False","False"
"2026-08-05T19:10:04.9529514+08:00","17944","True","46.031","2495.7","False","False"
"2026-08-05T19:10:05.0618422+08:00","17944","True","46.031","2495.7","False","False"
"2026-08-05T19:10:05.1574559+08:00","17944","True","46.062","2495.7","False","False"
"2026-08-05T19:10:05.2518581+08:00","17944","True","46.062","2495.7","False","False"
"2026-08-05T19:10:05.3594293+08:00","17944","True","46.062","2495.7","False","False"
"2026-08-05T19:10:05.4522602+08:00","17944","True","46.062","2495.7","False","False"
"2026-08-05T19:10:05.5608341+08:00","17944","True","46.062","2495.7","False","False"
"2026-08-05T19:10:05.6545542+08:00","17944","True","46.062","2495.7","False","False"
"2026-08-05T19:10:05.7627644+08:00","17944","True","46.062","2495.7","False","False"
"2026-08-05T19:10:05.8578805+08:00","17944","True","46.078","2495.7","False","False"
"2026-08-05T19:10:05.9509638+08:00","17944","True","46.125","2495.7","False","False"
"2026-08-05T19:10:06.0600012+08:00","17944","True","46.125","2495.7","False","False"
"2026-08-05T19:10:06.1526489+08:00","17944","True","46.125","2495.7","False","False"
"2026-08-05T19:10:06.2613924+08:00","17944","True","46.125","2495.7","False","False"
"2026-08-05T19:10:06.3558424+08:00","17944","True","46.125","2495.7","False","False"
"2026-08-05T19:10:06.4494258+08:00","17944","True","46.125","2495.7","False","False"
"2026-08-05T19:10:06.5589087+08:00","17944","True","46.125","2495.7","False","False"
"2026-08-05T19:10:06.6515731+08:00","17944","True","46.125","2495.7","False","False"
"2026-08-05T19:10:06.7605339+08:00","17944","True","46.125","2495.7","False","False"
"2026-08-05T19:10:06.8530046+08:00","17944","True","46.125","2495.7","False","False"
"2026-08-05T19:10:06.9614191+08:00","17944","True","46.125","2495.7","False","False"
"2026-08-05T19:10:07.0555688+08:00","17944","True","46.125","2495.7","False","False"
"2026-08-05T19:10:07.1491008+08:00","17944","True","46.125","2495.7","False","False"
"2026-08-05T19:10:07.2726892+08:00","17944","True","46.125","2495.7","False","False"
"2026-08-05T19:10:07.3666502+08:00","17944","True","46.125","2495.7","False","False"
"2026-08-05T19:10:07.4606619+08:00","17944","True","46.125","2495.7","False","False"
"2026-08-05T19:10:07.5557838+08:00","17944","True","46.125","2495.7","False","False"
"2026-08-05T19:10:07.6646629+08:00","17944","True","46.125","2495.7","False","False"
"2026-08-05T19:10:07.7584445+08:00","17944","True","46.125","2495.7","False","False"
"2026-08-05T19:10:07.8519184+08:00","17944","True","46.125","2495.7","False","False"
"2026-08-05T19:10:07.9616024+08:00","17944","True","46.125","2495.7","False","False"
"2026-08-05T19:10:08.0549409+08:00","17944","True","46.125","2495.7","False","False"
"2026-08-05T19:10:08.1636826+08:00","17944","True","46.125","2495.7","False","False"
"2026-08-05T19:10:08.2596405+08:00","17944","True","46.125","2495.7","False","False"
"2026-08-05T19:10:08.3549020+08:00","17944","True","46.125","2495.7","False","False"
"2026-08-05T19:10:08.4644929+08:00","17944","True","46.125","2495.7","False","False"
"2026-08-05T19:10:08.5583386+08:00","17944","True","46.125","2495.7","False","False"
"2026-08-05T19:10:08.6514589+08:00","17944","True","46.125","2495.7","False","False"
"2026-08-05T19:10:08.7587807+08:00","17944","True","46.125","2495.7","False","False"
"2026-08-05T19:10:08.8517058+08:00","17944","True","46.125","2495.7","False","False"
"2026-08-05T19:10:08.9617304+08:00","17944","True","46.125","2495.7","False","False"
"2026-08-05T19:10:09.0553628+08:00","17944","True","46.125","2495.7","False","False"
"2026-08-05T19:10:09.1506727+08:00","17944","True","46.125","2495.7","False","False"
"2026-08-05T19:10:09.2606110+08:00","17944","True","46.188","2495.7","False","False"
"2026-08-05T19:10:09.3534223+08:00","17944","True","46.188","2495.7","False","False"
"2026-08-05T19:10:09.4492835+08:00","17944","True","46.188","2495.7","False","False"
"2026-08-05T19:10:09.5589924+08:00","17944","True","46.219","2495.7","False","False"
"2026-08-05T19:10:09.6525265+08:00","17944","True","46.219","2495.7","False","False"
"2026-08-05T19:10:09.7615380+08:00","17944","True","46.219","2495.7","False","False"
"2026-08-05T19:10:09.8557123+08:00","17944","True","46.219","2495.7","False","False"
"2026-08-05T19:10:09.9511918+08:00","17944","True","46.219","2495.7","False","False"
"2026-08-05T19:10:10.0595768+08:00","17944","True","46.219","2495.7","False","False"
"2026-08-05T19:10:10.1527204+08:00","17944","True","46.219","2495.7","False","False"
"2026-08-05T19:10:10.2623205+08:00","17944","True","46.219","2495.7","False","False"
"2026-08-05T19:10:10.3546440+08:00","17944","True","46.234","2495.7","False","False"
"2026-08-05T19:10:10.4496347+08:00","17944","True","46.234","2495.7","False","False"
"2026-08-05T19:10:10.5583581+08:00","17944","True","46.25","2495.7","False","False"
"2026-08-05T19:10:10.6516487+08:00","17944","True","46.25","2495.7","False","False"
"2026-08-05T19:10:10.7618942+08:00","17944","True","46.25","2495.7","False","False"
"2026-08-05T19:10:10.8549636+08:00","17944","True","46.266","2495.7","False","False"
"2026-08-05T19:10:10.9637065+08:00","17944","True","46.266","2495.7","False","False"
"2026-08-05T19:10:11.0584353+08:00","17944","True","46.266","2495.7","False","False"
"2026-08-05T19:10:11.1497546+08:00","17944","True","46.266","2495.7","False","False"
"2026-08-05T19:10:11.2596703+08:00","17944","True","46.281","2495.7","False","False"
"2026-08-05T19:10:11.3535480+08:00","17944","True","46.281","2495.7","False","False"
"2026-08-05T19:10:11.4639292+08:00","17944","True","46.281","2495.7","False","False"
"2026-08-05T19:10:11.5582569+08:00","17944","True","46.281","2495.7","False","False"
"2026-08-05T19:10:11.6525520+08:00","17944","True","46.281","2495.7","False","False"
"2026-08-05T19:10:11.7609301+08:00","17944","True","46.281","2495.7","False","False"
"2026-08-05T19:10:11.8552925+08:00","17944","True","46.281","2495.7","False","False"
"2026-08-05T19:10:11.9634560+08:00","17944","True","46.312","2495.7","False","False"
"2026-08-05T19:10:12.0585859+08:00","17944","True","46.391","2495.7","False","False"
"2026-08-05T19:10:12.1515876+08:00","17944","True","46.391","2495.7","False","False"
"2026-08-05T19:10:12.2613621+08:00","17944","True","46.391","2495.7","False","False"
"2026-08-05T19:10:12.3551942+08:00","17944","True","46.391","2495.7","False","False"
"2026-08-05T19:10:12.4624876+08:00","17944","True","46.406","2495.7","False","False"
"2026-08-05T19:10:12.5563036+08:00","17944","True","46.406","2495.7","False","False"
"2026-08-05T19:10:12.6495084+08:00","17944","True","46.406","2495.7","False","False"
"2026-08-05T19:10:12.7588156+08:00","17944","True","46.406","2495.7","False","False"
"2026-08-05T19:10:12.8545600+08:00","17944","True","46.484","2495.7","False","False"
"2026-08-05T19:10:12.9636486+08:00","17944","True","46.484","2495.7","False","False"
"2026-08-05T19:10:13.0572206+08:00","17944","True","46.516","2495.7","False","False"
"2026-08-05T19:10:13.1513227+08:00","17944","True","46.516","2495.7","False","False"
"2026-08-05T19:10:13.2625099+08:00","17944","True","46.516","2495.7","False","False"
"2026-08-05T19:10:13.3556428+08:00","17944","True","46.516","2495.7","False","False"
"2026-08-05T19:10:13.4504441+08:00","17944","True","46.531","2495.7","False","False"
"2026-08-05T19:10:13.5599281+08:00","17944","True","46.531","2495.7","False","False"
"2026-08-05T19:10:13.6534338+08:00","17944","True","46.531","2495.7","False","False"
"2026-08-05T19:10:13.7623441+08:00","17944","True","46.578","2495.7","False","False"
"2026-08-05T19:10:13.8574216+08:00","17944","True","46.578","2495.7","False","False"
"2026-08-05T19:10:13.9526165+08:00","17944","True","46.578","2495.7","False","False"
"2026-08-05T19:10:14.0602051+08:00","17944","True","46.609","2495.7","False","False"
"2026-08-05T19:10:14.1536478+08:00","17944","True","46.609","2495.7","False","False"
"2026-08-05T19:10:14.2629972+08:00","17944","True","46.609","2495.7","False","False"
"2026-08-05T19:10:14.3577824+08:00","17944","True","46.609","2495.7","False","False"
"2026-08-05T19:10:14.4504861+08:00","17944","True","46.609","2495.7","False","False"
"2026-08-05T19:10:14.5603390+08:00","17944","True","46.609","2495.7","False","False"
"2026-08-05T19:10:14.6535189+08:00","17944","True","46.609","2495.7","False","False"
"2026-08-05T19:10:14.7605547+08:00","17944","True","46.609","2495.7","False","False"
"2026-08-05T19:10:14.8543739+08:00","17944","True","46.609","2495.7","False","False"
"2026-08-05T19:10:14.9496340+08:00","17944","True","46.609","2495.7","False","False"
"2026-08-05T19:10:15.0602939+08:00","17944","True","46.641","2495.7","False","False"
"2026-08-05T19:10:15.1537143+08:00","17944","True","46.703","2495.7","False","False"
"2026-08-05T19:10:15.2627471+08:00","17944","True","46.719","2495.7","False","False"
"2026-08-05T19:10:15.3564195+08:00","17944","True","46.719","2495.7","False","False"
"2026-08-05T19:10:15.4493783+08:00","17944","True","46.719","2495.7","False","False"
"2026-08-05T19:10:15.5577433+08:00","17944","True","46.719","2495.7","False","False"
"2026-08-05T19:10:15.6514050+08:00","17944","True","46.719","2495.7","False","False"
"2026-08-05T19:10:15.7611435+08:00","17944","True","46.719","2495.7","False","False"
"2026-08-05T19:10:15.8555643+08:00","17944","True","46.766","2495.7","False","False"
"2026-08-05T19:10:15.9640659+08:00","17944","True","46.766","2495.7","False","False"
"2026-08-05T19:10:16.0568650+08:00","17944","True","46.766","2495.7","False","False"
"2026-08-05T19:10:16.1496840+08:00","17944","True","46.766","2495.7","False","False"
"2026-08-05T19:10:16.2598485+08:00","17944","True","46.766","2495.7","False","False"
"2026-08-05T19:10:16.3552272+08:00","17944","True","46.766","2495.7","False","False"
"2026-08-05T19:10:16.4651096+08:00","17944","True","46.766","2495.7","False","False"
"2026-08-05T19:10:16.5603067+08:00","17944","True","46.766","2495.7","False","False"
"2026-08-05T19:10:16.6523774+08:00","17944","True","46.766","2495.7","False","False"
"2026-08-05T19:10:16.7603472+08:00","17944","True","46.766","2495.7","False","False"
"2026-08-05T19:10:16.8533866+08:00","17944","True","46.766","2495.7","False","False"
"2026-08-05T19:10:16.9644855+08:00","17944","True","46.766","2495.7","False","False"
"2026-08-05T19:10:17.0574860+08:00","17944","True","46.766","2495.7","False","False"
"2026-08-05T19:10:17.1514091+08:00","17944","True","46.766","2495.7","False","False"
"2026-08-05T19:10:17.2613548+08:00","17944","True","46.859","2495.7","False","False"
"2026-08-05T19:10:17.3539515+08:00","17944","True","46.859","2495.7","False","False"
"2026-08-05T19:10:17.4635730+08:00","17944","True","46.859","2495.7","False","False"
"2026-08-05T19:10:17.5571091+08:00","17944","True","46.859","2495.7","False","False"
"2026-08-05T19:10:17.6514362+08:00","17944","True","46.859","2495.7","False","False"
"2026-08-05T19:10:17.7618649+08:00","17944","True","46.859","2495.7","False","False"
"2026-08-05T19:10:17.8543360+08:00","17944","True","46.859","2495.7","False","False"
"2026-08-05T19:10:17.9624116+08:00","17944","True","46.859","2495.7","False","False"
"2026-08-05T19:10:18.0553567+08:00","17944","True","46.859","2495.7","False","False"
"2026-08-05T19:10:18.1644090+08:00","17944","True","46.859","2495.7","False","False"
"2026-08-05T19:10:18.2573836+08:00","17944","True","46.859","2495.7","False","False"
"2026-08-05T19:10:18.3650078+08:00","17944","True","46.859","2495.7","False","False"
"2026-08-05T19:10:18.4584149+08:00","17944","True","46.859","2495.7","False","False"
"2026-08-05T19:10:18.5677851+08:00","17944","True","46.875","2495.7","False","False"
"2026-08-05T19:10:18.6600944+08:00","17944","True","46.875","2495.7","False","False"
"2026-08-05T19:10:18.7695957+08:00","17944","True","46.875","2495.7","False","False"
"2026-08-05T19:10:18.8625433+08:00","17944","True","46.875","2495.7","False","False"
"2026-08-05T19:10:18.9730834+08:00","17944","True","46.875","2495.7","False","False"
"2026-08-05T19:10:19.0661500+08:00","17944","True","46.875","2495.7","False","False"
"2026-08-05T19:10:19.1591421+08:00","17944","True","46.875","2495.7","False","False"
"2026-08-05T19:10:19.2677094+08:00","17944","True","46.875","2495.7","False","False"
"2026-08-05T19:10:19.3605790+08:00","17944","True","46.906","2495.7","False","False"
"2026-08-05T19:10:19.4535269+08:00","17944","True","46.906","2495.7","False","False"
"2026-08-05T19:10:19.5634511+08:00","17944","True","46.906","2495.7","False","False"
"2026-08-05T19:10:19.6725902+08:00","17944","True","46.906","2495.7","False","False"
"2026-08-05T19:10:19.7511689+08:00","17944","True","46.906","2495.7","False","False"
"2026-08-05T19:10:19.8602267+08:00","17944","True","46.922","2495.7","False","False"
"2026-08-05T19:10:19.9531421+08:00","17944","True","46.938","2495.7","False","False"
"2026-08-05T19:10:20.0617712+08:00","17944","True","46.969","2495.7","False","False"
"2026-08-05T19:10:20.1546994+08:00","17944","True","46.969","2495.7","False","False"
"2026-08-05T19:10:20.2645963+08:00","17944","True","46.984","2495.7","False","False"
"2026-08-05T19:10:20.3585298+08:00","17944","True","46.984","2495.7","False","False"
"2026-08-05T19:10:20.4524339+08:00","17944","True","46.984","2495.7","False","False"
"2026-08-05T19:10:20.5611984+08:00","17944","True","47.016","2495.7","False","False"
"2026-08-05T19:10:20.6546123+08:00","17944","True","47.016","2495.7","False","False"
"2026-08-05T19:10:20.7494199+08:00","17944","True","47.016","2495.7","False","False"
"2026-08-05T19:10:20.8573947+08:00","17944","True","47.016","2495.7","False","False"
"2026-08-05T19:10:20.9521573+08:00","17944","True","47.016","2495.7","False","False"
"2026-08-05T19:10:21.0612793+08:00","17944","True","47.016","2495.7","False","False"
"2026-08-05T19:10:21.1548715+08:00","17944","True","47.016","2495.7","False","False"
"2026-08-05T19:10:21.2632945+08:00","17944","True","47.047","2495.7","False","False"
"2026-08-05T19:10:21.3564352+08:00","17944","True","47.078","2495.7","False","False"
"2026-08-05T19:10:21.4504972+08:00","17944","True","47.078","2495.7","False","False"
"2026-08-05T19:10:21.5600289+08:00","17944","True","47.141","2495.7","False","False"
"2026-08-05T19:10:21.6524876+08:00","17944","True","47.156","2495.7","False","False"
"2026-08-05T19:10:21.7603135+08:00","17944","True","47.172","2495.7","False","False"
"2026-08-05T19:10:21.8560644+08:00","17944","True","47.172","2495.7","False","False"
"2026-08-05T19:10:21.9512812+08:00","17944","True","47.172","2495.7","False","False"
"2026-08-05T19:10:22.0594782+08:00","17944","True","47.172","2495.7","False","False"
"2026-08-05T19:10:22.1540499+08:00","17944","True","47.172","2495.7","False","False"
"2026-08-05T19:10:22.2622628+08:00","17944","True","47.188","2495.7","False","False"
"2026-08-05T19:10:22.3550372+08:00","17944","True","47.188","2495.7","False","False"
"2026-08-05T19:10:22.4637803+08:00","17944","True","47.188","2495.7","False","False"
"2026-08-05T19:10:22.5564065+08:00","17944","True","47.188","2495.7","False","False"
"2026-08-05T19:10:22.6650382+08:00","17944","True","47.188","2495.7","False","False"
"2026-08-05T19:10:22.7587475+08:00","17944","True","47.188","2495.7","False","False"
"2026-08-05T19:10:22.8522247+08:00","17944","True","47.188","2495.7","False","False"
"2026-08-05T19:10:22.9630752+08:00","17944","True","47.188","2495.7","False","False"
"2026-08-05T19:10:23.0566636+08:00","17944","True","47.188","2495.7","False","False"
"2026-08-05T19:10:23.1501447+08:00","17944","True","47.188","2495.7","False","False"
"2026-08-05T19:10:23.2583533+08:00","17944","True","47.234","2495.7","False","False"
"2026-08-05T19:10:23.3660570+08:00","17944","True","47.234","2495.7","False","False"
"2026-08-05T19:10:23.4603247+08:00","17944","True","47.234","2495.7","False","False"
"2026-08-05T19:10:23.5691863+08:00","17944","True","47.234","2495.7","False","False"
"2026-08-05T19:10:23.6652163+08:00","17944","True","47.234","2495.7","False","False"
"2026-08-05T19:10:23.7568253+08:00","17944","True","47.234","2495.7","False","False"
"2026-08-05T19:10:23.8653742+08:00","17944","True","47.281","2495.7","False","False"
"2026-08-05T19:10:23.9591580+08:00","17944","True","47.281","2495.7","False","False"
"2026-08-05T19:10:24.0686938+08:00","17944","True","47.297","2495.7","False","False"
"2026-08-05T19:10:24.1626030+08:00","17944","True","47.297","2495.7","False","False"
"2026-08-05T19:10:24.2589713+08:00","17944","True","47.312","2495.7","False","False"
"2026-08-05T19:10:24.3653734+08:00","17944","True","47.312","2495.7","False","False"
"2026-08-05T19:10:24.4592758+08:00","17944","True","47.312","2495.7","False","False"
"2026-08-05T19:10:24.5688958+08:00","17944","True","47.344","2495.7","False","False"
"2026-08-05T19:10:24.6624503+08:00","17944","True","47.344","2495.7","False","False"
"2026-08-05T19:10:24.7715207+08:00","17944","True","47.344","2495.7","False","False"
"2026-08-05T19:10:24.8642675+08:00","17944","True","47.344","2495.7","False","False"
"2026-08-05T19:10:24.9743577+08:00","17944","True","47.344","2495.7","False","False"
"2026-08-05T19:10:25.0661187+08:00","17944","True","47.344","2495.7","False","False"
"2026-08-05T19:10:25.1592064+08:00","17944","True","47.344","2495.7","False","False"
"2026-08-05T19:10:25.2678684+08:00","17944","True","47.344","2495.7","False","False"
"2026-08-05T19:10:25.3613913+08:00","17944","True","47.344","2495.7","False","False"
"2026-08-05T19:10:25.4702604+08:00","17944","True","47.359","2495.7","False","False"
"2026-08-05T19:10:25.5642531+08:00","17944","True","47.359","2495.7","False","False"
"2026-08-05T19:10:25.6583339+08:00","17944","True","47.375","2495.7","False","False"
"2026-08-05T19:10:25.7667547+08:00","17944","True","47.422","2495.7","False","False"
"2026-08-05T19:10:25.8615140+08:00","17944","True","47.422","2495.7","False","False"
"2026-08-05T19:10:25.9692089+08:00","17944","True","47.438","2495.7","False","False"
"2026-08-05T19:10:26.0623354+08:00","17944","True","47.438","2495.7","False","False"
"2026-08-05T19:10:26.1731075+08:00","17944","True","47.438","2495.7","False","False"
"2026-08-05T19:10:26.2513638+08:00","17944","True","47.438","2495.7","False","False"
"2026-08-05T19:10:26.3604226+08:00","17944","True","47.438","2495.7","False","False"
"2026-08-05T19:10:26.4682578+08:00","17944","True","47.469","2495.7","False","False"
"2026-08-05T19:10:26.5632873+08:00","17944","True","47.469","2495.7","False","False"
"2026-08-05T19:10:26.6574436+08:00","17944","True","47.469","2495.7","False","False"
"2026-08-05T19:10:26.7519744+08:00","17944","True","47.469","2495.7","False","False"
"2026-08-05T19:10:26.8608428+08:00","17944","True","47.469","2495.7","False","False"
"2026-08-05T19:10:26.9688718+08:00","17944","True","47.469","2495.7","False","False"
"2026-08-05T19:10:27.0623252+08:00","17944","True","47.469","2495.7","False","False"
"2026-08-05T19:10:27.1551752+08:00","17944","True","47.531","2495.7","False","False"
"2026-08-05T19:10:27.2643976+08:00","17944","True","47.531","2495.7","False","False"
"2026-08-05T19:10:27.3590445+08:00","17944","True","47.531","2495.7","False","False"
"2026-08-05T19:10:27.4522680+08:00","17944","True","47.531","2495.7","False","False"
"2026-08-05T19:10:27.5621859+08:00","17944","True","47.531","2495.7","False","False"
"2026-08-05T19:10:27.6564467+08:00","17944","True","47.531","2495.7","False","False"
"2026-08-05T19:10:27.7493335+08:00","17944","True","47.578","2495.7","False","False"
"2026-08-05T19:10:27.8608775+08:00","17944","True","47.594","2495.7","False","False"
"2026-08-05T19:10:27.9689978+08:00","17944","True","47.594","2495.7","False","False"
"2026-08-05T19:10:28.0621235+08:00","17944","True","47.594","2495.7","False","False"
"2026-08-05T19:10:28.1558856+08:00","17944","True","47.594","2495.7","False","False"
"2026-08-05T19:10:28.2492785+08:00","17944","True","47.594","2495.7","False","False"
"2026-08-05T19:10:28.3565427+08:00","17944","True","47.594","2495.7","False","False"
"2026-08-05T19:10:28.4645074+08:00","17944","True","47.594","2495.7","False","False"
"2026-08-05T19:10:28.5598945+08:00","17944","True","47.594","2495.7","False","False"
"2026-08-05T19:10:28.6529372+08:00","17944","True","47.594","2495.7","False","False"
"2026-08-05T19:10:28.7612940+08:00","17944","True","47.625","2495.7","False","False"
"2026-08-05T19:10:28.8553292+08:00","17944","True","47.625","2495.7","False","False"
"2026-08-05T19:10:28.9641889+08:00","17944","True","47.625","2495.7","False","False"
"2026-08-05T19:10:29.0578344+08:00","17944","True","47.625","2495.7","False","False"
"2026-08-05T19:10:29.1510460+08:00","17944","True","47.625","2495.7","False","False"
"2026-08-05T19:10:29.2610918+08:00","17944","True","47.625","2495.7","False","False"
"2026-08-05T19:10:29.3539873+08:00","17944","True","47.625","2495.7","False","False"
"2026-08-05T19:10:29.4623021+08:00","17944","True","47.625","2495.7","False","False"
"2026-08-05T19:10:29.5572426+08:00","17944","True","47.641","2495.7","False","False"
"2026-08-05T19:10:29.6512372+08:00","17944","True","47.641","2495.7","False","False"
"2026-08-05T19:10:29.7589220+08:00","17944","True","47.641","2495.7","False","False"
"2026-08-05T19:10:29.8533767+08:00","17944","True","47.656","2495.7","False","False"
"2026-08-05T19:10:29.9628981+08:00","17944","True","47.656","2495.7","False","False"
"2026-08-05T19:10:30.0558108+08:00","17944","True","47.656","2495.7","False","False"
"2026-08-05T19:10:30.1500753+08:00","17944","True","47.672","2495.7","False","False"
"2026-08-05T19:10:30.2601318+08:00","17944","True","47.719","2495.7","False","False"
"2026-08-05T19:10:30.3522241+08:00","17944","True","47.75","2495.7","False","False"
"2026-08-05T19:10:30.4612065+08:00","17944","True","47.75","2495.7","False","False"
"2026-08-05T19:10:30.5542828+08:00","17944","True","47.766","2495.7","False","False"
"2026-08-05T19:10:30.6629738+08:00","17944","True","47.766","2495.7","False","False"
"2026-08-05T19:10:30.7573162+08:00","17944","True","47.766","2495.7","False","False"
"2026-08-05T19:10:30.8520819+08:00","17944","True","47.766","2495.7","False","False"
"2026-08-05T19:10:30.9600450+08:00","17944","True","47.766","2495.7","False","False"
"2026-08-05T19:10:31.0566959+08:00","17944","True","47.812","2495.7","False","False"
"2026-08-05T19:10:31.1500123+08:00","17944","True","47.812","2495.7","False","False"
"2026-08-05T19:10:31.2593167+08:00","17944","True","47.875","2495.7","False","False"
"2026-08-05T19:10:31.3533547+08:00","17944","True","47.875","2495.7","False","False"
"2026-08-05T19:10:31.4643075+08:00","17944","True","47.906","2495.7","False","False"
"2026-08-05T19:10:31.5580182+08:00","17944","True","47.906","2495.7","False","False"
"2026-08-05T19:10:31.6509276+08:00","17944","True","47.906","2495.7","False","False"
"2026-08-05T19:10:31.7622828+08:00","17944","True","47.906","2495.7","False","False"
"2026-08-05T19:10:31.8549381+08:00","17944","True","47.906","2495.7","False","False"
"2026-08-05T19:10:31.9500393+08:00","17944","True","47.906","2495.7","False","False"
"2026-08-05T19:10:32.0590041+08:00","17944","True","47.938","2495.7","False","False"
"2026-08-05T19:10:32.1520010+08:00","17944","True","47.938","2495.7","False","False"
"2026-08-05T19:10:32.2602674+08:00","17944","True","47.938","2495.7","False","False"
"2026-08-05T19:10:32.3540296+08:00","17944","True","47.938","2495.7","False","False"
"2026-08-05T19:10:32.4648096+08:00","17944","True","47.953","2495.7","False","False"
"2026-08-05T19:10:32.5560321+08:00","17944","True","47.969","2495.7","False","False"
"2026-08-05T19:10:32.6639342+08:00","17944","True","47.969","2495.7","False","False"
"2026-08-05T19:10:32.7580881+08:00","17944","True","47.969","2495.7","False","False"
"2026-08-05T19:10:32.8528172+08:00","17944","True","47.969","2495.7","False","False"
"2026-08-05T19:10:32.9628209+08:00","17944","True","47.969","2495.7","False","False"
"2026-08-05T19:10:33.0580322+08:00","17944","True","47.969","2495.7","False","False"
"2026-08-05T19:10:33.1510076+08:00","17944","True","47.969","2495.7","False","False"
"2026-08-05T19:10:33.2607392+08:00","17944","True","48.016","2495.7","False","False"
"2026-08-05T19:10:33.3528773+08:00","17944","True","48.016","2495.7","False","False"
"2026-08-05T19:10:33.4628808+08:00","17944","True","48.016","2495.7","False","False"
"2026-08-05T19:10:33.5568846+08:00","17944","True","48.016","2495.7","False","False"
"2026-08-05T19:10:33.6514847+08:00","17944","True","48.016","2495.7","False","False"
"2026-08-05T19:10:33.7591702+08:00","17944","True","48.016","2495.7","False","False"
"2026-08-05T19:10:33.8519458+08:00","17944","True","48.031","2495.7","False","False"
"2026-08-05T19:10:33.9602311+08:00","17944","True","48.031","2495.7","False","False"
"2026-08-05T19:10:34.0697304+08:00","17944","True","48.031","2495.7","False","False"
"2026-08-05T19:10:34.1636246+08:00","17944","True","48.031","2495.7","False","False"
"2026-08-05T19:10:34.2578366+08:00","17944","True","48.031","2495.7","False","False"
"2026-08-05T19:10:34.3649570+08:00","17944","True","48.031","2495.7","False","False"
"2026-08-05T19:10:34.4745961+08:00","17944","True","48.109","2495.7","False","False"
"2026-08-05T19:10:34.5683550+08:00","17944","True","48.109","2495.7","False","False"
"2026-08-05T19:10:34.6622100+08:00","17944","True","48.109","2495.7","False","False"
"2026-08-05T19:10:34.7727110+08:00","17944","True","48.109","2495.7","False","False"
"2026-08-05T19:10:34.8510537+08:00","17944","True","48.109","2495.7","False","False"
"2026-08-05T19:10:34.9598041+08:00","17944","True","48.172","2495.7","False","False"
"2026-08-05T19:10:35.0688239+08:00","17944","True","48.188","2495.7","False","False"
"2026-08-05T19:10:35.1491188+08:00","17944","True","48.188","2495.7","False","False"
"2026-08-05T19:10:35.2589996+08:00","17944","True","48.203","2495.7","False","False"
"2026-08-05T19:10:35.3535929+08:00","17944","True","48.219","2495.7","False","False"
"2026-08-05T19:10:35.4628182+08:00","17944","True","48.219","2495.7","False","False"
"2026-08-05T19:10:35.5571981+08:00","17944","True","48.219","2495.7","False","False"
"2026-08-05T19:10:35.6522044+08:00","17944","True","48.219","2495.7","False","False"
"2026-08-05T19:10:35.7597044+08:00","17944","True","48.219","2495.7","False","False"
"2026-08-05T19:10:35.8546074+08:00","17944","True","48.219","2495.7","False","False"
"2026-08-05T19:10:35.9626911+08:00","17944","True","48.219","2495.7","False","False"
"2026-08-05T19:10:36.0560871+08:00","17944","True","48.234","2495.7","False","False"
"2026-08-05T19:10:36.1496944+08:00","17944","True","48.234","2495.7","False","False"
"2026-08-05T19:10:36.2726754+08:00","17944","True","48.234","2495.7","False","False"
"2026-08-05T19:10:36.3510359+08:00","17944","True","48.234","2495.7","False","False"
"2026-08-05T19:10:36.4608034+08:00","17944","True","48.234","2495.7","False","False"
"2026-08-05T19:10:36.5570818+08:00","17944","True","48.234","2495.7","False","False"
"2026-08-05T19:10:36.6647553+08:00","17944","True","48.234","2495.7","False","False"
"2026-08-05T19:10:36.7729696+08:00","17944","True","48.234","2495.7","False","False"
"2026-08-05T19:10:36.8522847+08:00","17944","True","48.234","2495.7","False","False"
"2026-08-05T19:10:36.9588921+08:00","17944","True","48.234","2495.7","False","False"
"2026-08-05T19:10:37.0692214+08:00","17944","True","48.234","2495.7","False","False"
"2026-08-05T19:10:37.1622250+08:00","17944","True","48.266","2495.7","False","False"
"2026-08-05T19:10:37.2712060+08:00","17944","True","48.281","2495.7","False","False"
"2026-08-05T19:10:37.3638405+08:00","17944","True","48.281","2495.7","False","False"
"2026-08-05T19:10:37.4723731+08:00","17944","True","48.281","2495.7","False","False"
"2026-08-05T19:10:37.5677337+08:00","17944","True","48.281","2495.7","False","False"
"2026-08-05T19:10:37.6596716+08:00","17944","True","48.281","2495.7","False","False"
"2026-08-05T19:10:37.7697738+08:00","17944","True","48.281","2495.7","False","False"
"2026-08-05T19:10:37.8639480+08:00","17944","True","48.281","2495.7","False","False"
"2026-08-05T19:10:37.9716269+08:00","17944","True","48.281","2495.7","False","False"
"2026-08-05T19:10:38.0631190+08:00","17944","True","48.281","2495.7","False","False"
"2026-08-05T19:10:38.1560114+08:00","17944","True","48.297","2495.7","False","False"
"2026-08-05T19:10:38.2644464+08:00","17944","True","48.297","2495.7","False","False"
"2026-08-05T19:10:38.3576215+08:00","17944","True","48.297","2495.7","False","False"
"2026-08-05T19:10:38.4531953+08:00","17944","True","48.297","2495.7","False","False"
"2026-08-05T19:10:38.5631020+08:00","17944","True","48.297","2495.7","False","False"
"2026-08-05T19:10:38.6570995+08:00","17944","True","48.375","2495.7","False","False"
"2026-08-05T19:10:38.7516424+08:00","17944","True","48.375","2495.7","False","False"
"2026-08-05T19:10:38.8609433+08:00","17944","True","48.375","2495.7","False","False"
"2026-08-05T19:10:38.9707895+08:00","17944","True","48.375","2495.7","False","False"
"2026-08-05T19:10:39.0647798+08:00","17944","True","48.391","2495.7","False","False"
"2026-08-05T19:10:39.1733225+08:00","17944","True","48.391","2495.7","False","False"
"2026-08-05T19:10:39.2686277+08:00","17944","True","48.391","2495.7","False","False"
"2026-08-05T19:10:39.3621988+08:00","17944","True","48.391","2495.7","False","False"
"2026-08-05T19:10:39.4705913+08:00","17944","True","48.422","2495.7","False","False"
"2026-08-05T19:10:39.5649074+08:00","17944","True","48.422","2495.7","False","False"
"2026-08-05T19:10:39.6750046+08:00","17944","True","48.422","2495.7","False","False"
"2026-08-05T19:10:39.7547417+08:00","17944","True","48.453","2495.7","False","False"
"2026-08-05T19:10:39.8649430+08:00","17944","True","48.484","2495.7","False","False"
"2026-08-05T19:10:39.9726251+08:00","17944","True","48.547","2495.7","False","False"
"2026-08-05T19:10:40.0676645+08:00","17944","True","48.547","2495.7","False","False"
"2026-08-05T19:10:40.1623079+08:00","17944","True","48.547","2495.7","False","False"
"2026-08-05T19:10:40.2726806+08:00","17944","True","48.547","2495.7","False","False"
"2026-08-05T19:10:40.3665615+08:00","17944","True","48.547","2495.7","False","False"
"2026-08-05T19:10:40.4610434+08:00","17944","True","48.547","2495.7","False","False"
"2026-08-05T19:10:40.5559122+08:00","17944","True","48.547","2495.7","False","False"
"2026-08-05T19:10:40.6508375+08:00","17944","True","48.547","2495.7","False","False"
"2026-08-05T19:10:40.7600719+08:00","17944","True","48.547","2495.7","False","False"
"2026-08-05T19:10:40.8532818+08:00","17944","True","48.562","2495.7","False","False"
"2026-08-05T19:10:40.9620366+08:00","17944","True","48.562","2495.7","False","False"
"2026-08-05T19:10:41.0571146+08:00","17944","True","48.594","2495.7","False","False"
"2026-08-05T19:10:41.1508795+08:00","17944","True","48.609","2495.7","False","False"
"2026-08-05T19:10:41.2569959+08:00","17944","True","48.656","2495.7","False","False"
"2026-08-05T19:10:41.3666089+08:00","17944","True","48.656","2495.7","False","False"
"2026-08-05T19:10:41.4628228+08:00","17944","True","48.656","2495.7","False","False"
"2026-08-05T19:10:41.5695865+08:00","17944","True","48.656","2495.7","False","False"
"2026-08-05T19:10:41.6617096+08:00","17944","True","48.656","2495.7","False","False"
"2026-08-05T19:10:41.7718142+08:00","17944","True","48.672","2495.7","False","False"
"2026-08-05T19:10:41.8519465+08:00","17944","True","48.688","2495.7","False","False"
"2026-08-05T19:10:41.9620874+08:00","17944","True","48.688","2495.7","False","False"
"2026-08-05T19:10:42.0559449+08:00","17944","True","48.688","2495.7","False","False"
"2026-08-05T19:10:42.1641288+08:00","17944","True","48.688","2495.7","False","False"
"2026-08-05T19:10:42.2719586+08:00","17944","True","48.688","2495.7","False","False"
"2026-08-05T19:10:42.3666144+08:00","17944","True","48.688","2495.7","False","False"
"2026-08-05T19:10:42.4610049+08:00","17944","True","48.688","2495.7","False","False"
"2026-08-05T19:10:42.5695656+08:00","17944","True","48.781","2495.7","False","False"
"2026-08-05T19:10:42.6655689+08:00","17944","True","48.781","2495.7","False","False"
"2026-08-05T19:10:42.7593060+08:00","17944","True","48.781","2495.7","False","False"
"2026-08-05T19:10:42.8557169+08:00","17944","True","48.781","2495.7","False","False"
"2026-08-05T19:10:42.9508573+08:00","17944","True","48.781","2495.7","False","False"
"2026-08-05T19:10:43.0612983+08:00","17944","True","48.781","2495.7","False","False"
"2026-08-05T19:10:43.1547492+08:00","17944","True","48.781","2495.7","False","False"
"2026-08-05T19:10:43.2638919+08:00","17944","True","48.781","2495.7","False","False"
"2026-08-05T19:10:43.3563038+08:00","17944","True","48.781","2495.7","False","False"
"2026-08-05T19:10:43.4504935+08:00","17944","True","48.781","2495.7","False","False"
"2026-08-05T19:10:43.5602492+08:00","17944","True","48.781","2495.7","False","False"
"2026-08-05T19:10:43.6526159+08:00","17944","True","48.781","2495.7","False","False"
"2026-08-05T19:10:43.7625625+08:00","17944","True","48.781","2495.7","False","False"
"2026-08-05T19:10:43.8566376+08:00","17944","True","48.797","2495.7","False","False"
"2026-08-05T19:10:43.9516502+08:00","17944","True","48.797","2495.7","False","False"
"2026-08-05T19:10:44.0598651+08:00","17944","True","48.812","2495.7","False","False"
"2026-08-05T19:10:44.1537023+08:00","17944","True","48.828","2495.7","False","False"
"2026-08-05T19:10:44.2639123+08:00","17944","True","48.844","2495.7","False","False"
"2026-08-05T19:10:44.3569453+08:00","17944","True","48.844","2495.7","False","False"
"2026-08-05T19:10:44.4517727+08:00","17944","True","48.859","2495.7","False","False"
"2026-08-05T19:10:44.5620163+08:00","17944","True","48.906","2529.3","False","False"
"2026-08-05T19:10:44.6557702+08:00","17944","True","49.047","2561.2","False","False"
"2026-08-05T19:10:44.7656360+08:00","17944","True","49.156","2561.2","False","False"
"2026-08-05T19:10:44.8589916+08:00","17944","True","49.203","2561.2","False","False"
"2026-08-05T19:10:44.9689413+08:00","17944","True","49.328","2561.2","False","False"
"2026-08-05T19:10:45.0629059+08:00","17944","True","49.391","2561.2","False","False"
"2026-08-05T19:10:45.1558096+08:00","17944","True","49.484","2561.2","False","False"
"2026-08-05T19:10:45.2505872+08:00","17944","True","49.516","2561.2","False","False"
"2026-08-05T19:10:45.3592949+08:00","17944","True","49.531","2561.2","False","False"
"2026-08-05T19:10:45.4520876+08:00","17944","True","49.531","2561.2","False","False"
"2026-08-05T19:10:45.5591197+08:00","17944","True","49.656","2571.6","False","False"
"2026-08-05T19:10:45.6525185+08:00","17944","True","49.734","2571.6","False","False"
"2026-08-05T19:10:45.7589060+08:00","17944","True","49.766","2571.6","False","False"
"2026-08-05T19:10:45.8523556+08:00","17944","True","49.797","2571.6","False","False"
"2026-08-05T19:10:45.9621230+08:00","17944","True","49.812","2571.7","False","False"
"2026-08-05T19:10:46.0564532+08:00","17944","True","49.828","2572","False","False"
"2026-08-05T19:10:46.1516803+08:00","17944","True","49.875","2572","False","False"
"2026-08-05T19:10:46.2597152+08:00","17944","True","49.922","2572.1","False","False"
"2026-08-05T19:10:46.3517563+08:00","17944","True","49.938","2572.1","False","False"
"2026-08-05T19:10:46.4598149+08:00","17944","True","50","2572.2","False","False"
"2026-08-05T19:10:46.5532032+08:00","17944","True","50.078","2574.2","False","False"
"2026-08-05T19:10:46.6613866+08:00","17944","True","50.078","2574.2","False","False"
"2026-08-05T19:10:46.7688159+08:00","17944","True","50.156","2574.2","False","False"
"2026-08-05T19:10:46.8610348+08:00","17944","True","50.188","2574.3","False","False"
"2026-08-05T19:10:46.9546504+08:00","17944","True","50.188","2574.3","False","False"
"2026-08-05T19:10:47.0622015+08:00","17944","True","50.281","2574.3","False","False"
"2026-08-05T19:10:47.1563524+08:00","17944","True","50.297","2574.3","False","False"
"2026-08-05T19:10:47.2509969+08:00","17944","True","50.344","2574.3","False","False"
"2026-08-05T19:10:47.3613654+08:00","17944","True","50.344","2574.3","False","False"
"2026-08-05T19:10:47.4556642+08:00","17944","True","50.344","2574.3","False","False"
"2026-08-05T19:10:47.5643610+08:00","17944","True","50.484","2574.3","False","False"
"2026-08-05T19:10:47.6575089+08:00","17944","True","50.578","2574.3","False","False"
"2026-08-05T19:10:47.7666027+08:00","17944","True","50.688","2574.3","False","False"
"2026-08-05T19:10:47.8606331+08:00","17944","True","50.766","2574.9","False","False"
"2026-08-05T19:10:47.9553821+08:00","17944","True","50.922","2575.8","False","False"
"2026-08-05T19:10:48.0654560+08:00","17944","True","50.938","2575.8","False","False"
"2026-08-05T19:10:48.1746951+08:00","17944","True","50.953","2575.8","False","False"
"2026-08-05T19:10:48.2687283+08:00","17944","True","50.953","2575.8","False","False"
"2026-08-05T19:10:48.3625316+08:00","17944","True","50.984","2575.8","False","False"
"2026-08-05T19:10:48.4724116+08:00","17944","True","51","2575.8","False","False"
"2026-08-05T19:10:48.5641848+08:00","17944","True","51.094","2575.8","False","False"
"2026-08-05T19:10:48.6563079+08:00","17944","True","51.281","2575.8","False","False"
"2026-08-05T19:10:48.7646101+08:00","17944","True","51.375","2575.8","False","False"
"2026-08-05T19:10:48.8583749+08:00","17944","True","51.516","2575.8","False","False"
"2026-08-05T19:10:48.9686844+08:00","17944","True","51.719","2575.8","False","False"
"2026-08-05T19:10:49.0615713+08:00","17944","True","51.891","2575.8","False","False"
"2026-08-05T19:10:49.1577378+08:00","17944","True","52.016","2575.8","False","False"
"2026-08-05T19:10:49.2684327+08:00","17944","True","52.25","2575.8","False","False"
"2026-08-05T19:10:49.3619818+08:00","17944","True","52.328","2575.8","False","False"
"2026-08-05T19:10:49.4544359+08:00","17944","True","52.422","2575.8","False","False"
"2026-08-05T19:10:49.5618511+08:00","17944","True","52.516","2575.8","False","False"
"2026-08-05T19:10:49.6546356+08:00","17944","True","52.562","2575.8","False","False"
"2026-08-05T19:10:49.7639438+08:00","17944","True","52.625","2575.8","False","False"
"2026-08-05T19:10:49.8582775+08:00","17944","True","52.656","2575.8","False","False"
"2026-08-05T19:10:49.9524794+08:00","17944","True","52.656","2575.8","False","False"
"2026-08-05T19:10:50.0630672+08:00","17944","True","52.656","2575.9","False","False"
"2026-08-05T19:10:50.1567619+08:00","17944","True","52.672","2575.9","False","False"
"2026-08-05T19:10:50.2506848+08:00","17944","True","52.672","2575.9","False","False"
"2026-08-05T19:10:50.3597827+08:00","17944","True","52.688","2586.3","False","False"
"2026-08-05T19:10:50.4546789+08:00","17944","True","52.688","2586.3","False","False"
"2026-08-05T19:10:50.5621792+08:00","17944","True","52.734","2586.3","False","False"
"2026-08-05T19:10:50.6555231+08:00","17944","True","52.828","2586.3","False","False"
"2026-08-05T19:10:50.7655209+08:00","17944","True","52.891","2586.3","False","False"
"2026-08-05T19:10:50.8595690+08:00","17944","True","52.906","2586.3","False","False"
"2026-08-05T19:10:50.9543158+08:00","17944","True","52.969","2586.3","False","False"
"2026-08-05T19:10:51.0640707+08:00","17944","True","53.094","2586.3","False","False"
"2026-08-05T19:10:51.1585943+08:00","17944","True","53.109","2586.3","False","False"
"2026-08-05T19:10:51.2683216+08:00","17944","True","53.141","2586.3","False","False"
"2026-08-05T19:10:51.3607288+08:00","17944","True","53.156","2586.3","False","False"
"2026-08-05T19:10:51.4546296+08:00","17944","True","53.156","2586.3","False","False"
"2026-08-05T19:10:51.5630829+08:00","17944","True","53.172","2586.3","False","False"
"2026-08-05T19:10:51.6576149+08:00","17944","True","53.234","2586.3","False","False"
"2026-08-05T19:10:51.7511784+08:00","17944","True","53.266","2586.3","False","False"
"2026-08-05T19:10:51.8596081+08:00","17944","True","53.312","2586.3","False","False"
"2026-08-05T19:10:51.9546564+08:00","17944","True","53.344","2586.3","False","False"
"2026-08-05T19:10:52.0639516+08:00","17944","True","53.438","2587.7","False","False"
"2026-08-05T19:10:52.1566641+08:00","17944","True","53.516","2588","False","False"
"2026-08-05T19:10:52.2656319+08:00","17944","True","53.734","2589","False","False"
"2026-08-05T19:10:52.3585804+08:00","17944","True","53.828","2589.1","False","False"
"2026-08-05T19:10:52.4695273+08:00","17944","True","53.953","2589.4","False","False"
"2026-08-05T19:10:52.5637481+08:00","17944","True","53.984","2589.4","False","False"
"2026-08-05T19:10:52.6574479+08:00","17944","True","54.016","2589.4","False","False"
"2026-08-05T19:10:52.7520776+08:00","17944","True","54.031","2589.4","False","False"
"2026-08-05T19:10:52.8627424+08:00","17944","True","54.047","2589.4","False","False"
"2026-08-05T19:10:52.9725297+08:00","17944","True","54.141","2589.6","False","False"
"2026-08-05T19:10:53.0675782+08:00","17944","True","54.172","2589.6","False","False"
"2026-08-05T19:10:53.1614961+08:00","17944","True","54.188","2589.6","False","False"
"2026-08-05T19:10:53.2704416+08:00","17944","True","54.188","2589.6","False","False"
"2026-08-05T19:10:53.3630522+08:00","17944","True","54.266","2589.6","False","False"
"2026-08-05T19:10:53.4735904+08:00","17944","True","54.422","2590.3","False","False"
"2026-08-05T19:10:53.5522516+08:00","17944","True","54.516","2590.5","False","False"
"2026-08-05T19:10:53.6629076+08:00","17944","True","54.516","2590.5","False","False"
"2026-08-05T19:10:53.7725658+08:00","17944","True","54.531","2590.5","False","False"
"2026-08-05T19:10:53.8656231+08:00","17944","True","54.562","2590.5","False","False"
"2026-08-05T19:10:53.9751901+08:00","17944","True","54.562","2590.5","False","False"
"2026-08-05T19:10:54.0681454+08:00","17944","True","54.672","2590.5","False","False"
"2026-08-05T19:10:54.1622775+08:00","17944","True","54.719","2590.5","False","False"
"2026-08-05T19:10:54.2706379+08:00","17944","True","54.734","2590.5","False","False"
"2026-08-05T19:10:54.3656095+08:00","17944","True","54.734","2590.5","False","False"
"2026-08-05T19:10:54.4605975+08:00","17944","True","54.734","2590.5","False","False"
"2026-08-05T19:10:54.5542287+08:00","17944","True","54.734","2590.5","False","False"
"2026-08-05T19:10:54.6636996+08:00","17944","True","54.812","2590.5","False","False"
"2026-08-05T19:10:54.7722116+08:00","17944","True","54.953","2590.5","False","False"
"2026-08-05T19:10:54.8513764+08:00","17944","True","54.953","2590.5","False","False"
"2026-08-05T19:10:54.9604225+08:00","17944","True","54.969","2590.5","False","False"
"2026-08-05T19:10:55.0692002+08:00","17944","True","55.047","2590.5","False","False"
"2026-08-05T19:10:55.1631320+08:00","17944","True","55.062","2590.5","False","False"
"2026-08-05T19:10:55.2733564+08:00","17944","True","55.156","2590.6","False","False"
"2026-08-05T19:10:55.3515157+08:00","17944","True","55.156","2590.7","False","False"
"2026-08-05T19:10:55.4626388+08:00","17944","True","55.156","2590.7","False","False"
"2026-08-05T19:10:55.5551404+08:00","17944","True","55.297","2590.7","False","False"
"2026-08-05T19:10:55.6655233+08:00","17944","True","55.344","2589.1","False","False"
"2026-08-05T19:10:55.7586838+08:00","17944","True","55.422","2589.1","False","False"
"2026-08-05T19:10:55.8517690+08:00","17944","True","55.453","2589.1","False","False"
"2026-08-05T19:10:55.9611931+08:00","17944","True","55.453","2589.1","False","False"
"2026-08-05T19:10:56.0564568+08:00","17944","True","55.453","2589.1","False","False"
"2026-08-05T19:10:56.1511647+08:00","17944","True","55.484","2589.7","False","False"
"2026-08-05T19:10:56.2613052+08:00","17944","True","55.5","2589.7","False","False"
"2026-08-05T19:10:56.3545118+08:00","17944","True","55.609","2589.7","False","False"
"2026-08-05T19:10:56.4626159+08:00","17944","True","55.609","2589.7","False","False"
"2026-08-05T19:10:56.5572250+08:00","17944","True","55.609","2589.7","False","False"
"2026-08-05T19:10:56.6503690+08:00","17944","True","55.625","2589.7","False","False"
"2026-08-05T19:10:56.7586033+08:00","17944","True","55.641","2589.7","False","False"
"2026-08-05T19:10:56.8521094+08:00","17944","True","55.672","2589.7","False","False"
"2026-08-05T19:10:56.9626049+08:00","17944","True","55.688","2589.6","False","False"
"2026-08-05T19:10:57.0551982+08:00","17944","True","55.703","2589.6","False","False"
"2026-08-05T19:10:57.1644611+08:00","17944","True","55.719","2589.6","False","False"
"2026-08-05T19:10:57.2592275+08:00","17944","True","55.719","2589.6","False","False"
"2026-08-05T19:10:57.3513938+08:00","17944","True","55.75","2589.6","False","False"
"2026-08-05T19:10:57.4595858+08:00","17944","True","55.781","2589.6","False","False"
"2026-08-05T19:10:57.5680240+08:00","17944","True","55.844","2589.6","False","False"
"2026-08-05T19:10:57.6612218+08:00","17944","True","55.844","2589.6","False","False"
"2026-08-05T19:10:57.7706748+08:00","17944","True","55.859","2589.6","False","False"
"2026-08-05T19:10:57.8632419+08:00","17944","True","55.906","2589.6","False","False"
"2026-08-05T19:10:57.9718225+08:00","17944","True","55.906","2589.6","False","False"
"2026-08-05T19:10:58.0679701+08:00","17944","True","55.906","2589.6","False","False"
"2026-08-05T19:10:58.1603821+08:00","17944","True","55.906","2589.6","False","False"
"2026-08-05T19:10:58.2709113+08:00","17944","True","55.906","2589.6","False","False"
"2026-08-05T19:10:58.3632711+08:00","17944","True","55.906","2589.6","False","False"
"2026-08-05T19:10:58.4709683+08:00","17944","True","55.906","2589.6","False","False"
"2026-08-05T19:10:58.5652991+08:00","17944","True","55.922","2589.6","False","False"
"2026-08-05T19:10:58.6595051+08:00","17944","True","55.922","2525.9","False","False"
"2026-08-05T19:10:58.7690054+08:00","17944","True","55.922","2525.9","False","False"
"2026-08-05T19:10:58.8622219+08:00","17944","True","55.922","2525.9","False","False"
"2026-08-05T19:10:58.9713449+08:00","17944","True","55.922","2525.9","False","False"
"2026-08-05T19:10:59.0663953+08:00","17944","True","55.938","2525.9","False","False"
"2026-08-05T19:10:59.1595396+08:00","17944","True","55.938","2525.9","False","False"
"2026-08-05T19:10:59.2679801+08:00","17944","True","55.938","2525.9","False","False"
"2026-08-05T19:10:59.3605355+08:00","17944","True","55.938","2525.9","False","False"
"2026-08-05T19:10:59.4698532+08:00","17944","True","55.953","2525.9","False","False"
"2026-08-05T19:10:59.5635052+08:00","17944","True","55.953","2525.9","False","False"
"2026-08-05T19:10:59.6742102+08:00","17944","True","55.953","2525.9","False","False"
"2026-08-05T19:10:59.7684139+08:00","17944","True","56.016","2525.9","False","False"
"2026-08-05T19:10:59.8625293+08:00","17944","True","56.016","2525.9","False","False"
"2026-08-05T19:10:59.9725424+08:00","17944","True","56.016","2525.9","False","False"
"2026-08-05T19:11:00.0668449+08:00","17944","True","56.031","2525.9","False","False"
"2026-08-05T19:11:00.1595175+08:00","17944","True","56.031","2525.9","False","False"
"2026-08-05T19:11:00.2672632+08:00","17944","True","56.031","2525.9","False","False"
"2026-08-05T19:11:00.3600084+08:00","17944","True","56.094","2525.9","False","False"
"2026-08-05T19:11:00.4541687+08:00","17944","True","56.125","2525.9","False","False"
"2026-08-05T19:11:00.5650621+08:00","17944","True","56.141","2525.9","False","False"
"2026-08-05T19:11:00.6581624+08:00","17944","True","56.156","2525.9","False","False"
"2026-08-05T19:11:00.7504408+08:00","17944","True","56.188","2525.9","False","False"
"2026-08-05T19:11:00.8595457+08:00","17944","True","56.188","2525.9","False","False"
"2026-08-05T19:11:00.9522955+08:00","17944","True","56.219","2525.9","False","False"
"2026-08-05T19:11:01.0611270+08:00","17944","True","56.234","2525.9","False","False"
"2026-08-05T19:11:01.1560178+08:00","17944","True","56.25","2525.9","False","False"
"2026-08-05T19:11:01.2640762+08:00","17944","True","56.344","2525.9","False","False"
"2026-08-05T19:11:01.3590737+08:00","17944","True","56.359","2525.9","False","False"
"2026-08-05T19:11:01.4700640+08:00","17944","True","56.391","2525.9","False","False"
"2026-08-05T19:11:01.5639840+08:00","17944","True","56.422","2525.9","False","False"
"2026-08-05T19:11:01.6564414+08:00","17944","True","56.422","2525.9","False","False"
"2026-08-05T19:11:01.7643218+08:00","17944","True","56.453","2525.8","False","False"
"2026-08-05T19:11:01.8602207+08:00","17944","True","56.484","2525.8","False","False"
"2026-08-05T19:11:01.9534276+08:00","17944","True","56.5","2525.8","False","False"
"2026-08-05T19:11:02.0620561+08:00","17944","True","56.531","2525.8","False","False"
"2026-08-05T19:11:02.1549857+08:00","17944","True","56.547","2525.8","False","False"
"2026-08-05T19:11:02.2649568+08:00","17944","True","56.562","2525.8","False","False"
"2026-08-05T19:11:02.3572718+08:00","17944","True","56.578","2525.8","False","False"
"2026-08-05T19:11:02.4681662+08:00","17944","True","56.594","2525.8","False","False"
"2026-08-05T19:11:02.5600098+08:00","17944","True","56.609","2525.8","False","False"
"2026-08-05T19:11:02.6521845+08:00","17944","True","56.641","2525.8","False","False"
"2026-08-05T19:11:02.7615084+08:00","17944","True","56.656","2525.8","False","False"
"2026-08-05T19:11:02.8563026+08:00","17944","True","56.656","2525.8","False","False"
"2026-08-05T19:11:02.9495308+08:00","17944","True","56.688","2525.8","False","False"
"2026-08-05T19:11:03.0573777+08:00","17944","True","56.719","2525.8","False","False"
"2026-08-05T19:11:03.1499327+08:00","17944","True","56.797","2591.3","False","False"
"2026-08-05T19:11:03.2600152+08:00","17944","True","56.828","2591.3","False","False"
"2026-08-05T19:11:03.3537680+08:00","17944","True","56.922","2591.3","False","False"
"2026-08-05T19:11:03.4625809+08:00","17944","True","56.969","2591.3","False","False"
"2026-08-05T19:11:03.5572054+08:00","17944","True","57.031","2591.3","False","False"
"2026-08-05T19:11:03.6523410+08:00","17944","True","57.062","2591.3","False","False"
"2026-08-05T19:11:03.7599824+08:00","17944","True","57.109","2591.3","False","False"
"2026-08-05T19:11:03.8529074+08:00","17944","True","57.125","2591.3","False","False"
"2026-08-05T19:11:03.9630670+08:00","17944","True","57.141","2591.3","False","False"
"2026-08-05T19:11:04.0559319+08:00","17944","True","57.141","2591.3","False","False"
"2026-08-05T19:11:04.1511549+08:00","17944","True","57.156","2591.3","False","False"
"2026-08-05T19:11:04.2586599+08:00","17944","True","57.172","2593.3","False","False"
"2026-08-05T19:11:04.3522747+08:00","17944","True","57.172","2593.3","False","False"
"2026-08-05T19:11:04.4621126+08:00","17944","True","57.188","2593.3","False","False"
"2026-08-05T19:11:04.5552818+08:00","17944","True","57.188","2593.3","False","False"
"2026-08-05T19:11:04.6490552+08:00","17944","True","57.234","2593.3","False","False"
"2026-08-05T19:11:04.7573547+08:00","17944","True","57.234","2593.3","False","False"
"2026-08-05T19:11:04.8513280+08:00","17944","True","57.266","2593.3","False","False"
"2026-08-05T19:11:04.9610537+08:00","17944","True","57.312","2593.5","False","False"
"2026-08-05T19:11:05.0552380+08:00","17944","True","57.344","2593.5","False","False"
"2026-08-05T19:11:05.1502079+08:00","17944","True","57.406","2593.5","False","False"
"2026-08-05T19:11:05.2584562+08:00","17944","True","57.438","2593.5","False","False"
"2026-08-05T19:11:05.3665994+08:00","17944","True","57.469","2593.5","False","False"
"2026-08-05T19:11:05.4603320+08:00","17944","True","57.5","2593.5","False","False"
"2026-08-05T19:11:05.5686462+08:00","17944","True","57.531","2593.5","False","False"
"2026-08-05T19:11:05.6611977+08:00","17944","True","57.531","2593.5","False","False"
"2026-08-05T19:11:05.7711604+08:00","17944","True","57.562","2593.5","False","False"
"2026-08-05T19:11:05.8510453+08:00","17944","True","57.562","2593.5","False","False"
"2026-08-05T19:11:05.9609377+08:00","17944","True","57.578","2593.5","False","False"
"2026-08-05T19:11:06.0550500+08:00","17944","True","57.594","2593.5","False","False"
"2026-08-05T19:11:06.1624489+08:00","17944","True","57.641","2593.5","False","False"
"2026-08-05T19:11:06.2551702+08:00","17944","True","57.656","2593.5","False","False"
"2026-08-05T19:11:06.3623421+08:00","17944","True","57.656","2593.5","False","False"
"2026-08-05T19:11:06.4721856+08:00","17944","True","57.672","2593.5","False","False"
"2026-08-05T19:11:06.5652345+08:00","17944","True","57.719","2593.5","False","False"
"2026-08-05T19:11:06.6581153+08:00","17944","True","57.75","2593.5","False","False"
"2026-08-05T19:11:06.7524378+08:00","17944","True","57.781","2593.5","False","False"
"2026-08-05T19:11:06.8607871+08:00","17944","True","57.828","2593.5","False","False"
"2026-08-05T19:11:06.9710303+08:00","17944","True","57.828","2593.5","False","False"
"2026-08-05T19:11:07.0639574+08:00","17944","True","57.859","2593.5","False","False"
"2026-08-05T19:11:07.1564546+08:00","17944","True","57.875","2593.5","False","False"
"2026-08-05T19:11:07.2661633+08:00","17944","True","57.906","2593.5","False","False"
"2026-08-05T19:11:07.3589862+08:00","17944","True","57.922","2593.5","False","False"
"2026-08-05T19:11:07.4528885+08:00","17944","True","58.016","2593.5","False","False"
"2026-08-05T19:11:07.5623492+08:00","17944","True","58.234","2593.5","False","False"
"2026-08-05T19:11:07.6564336+08:00","17944","True","58.359","2593.5","False","False"
"2026-08-05T19:11:07.7492197+08:00","17944","True","58.422","2593.5","False","False"
"2026-08-05T19:11:07.8589786+08:00","17944","True","58.453","2593.5","False","False"
"2026-08-05T19:11:07.9689586+08:00","17944","True","58.469","2593.5","False","False"
"2026-08-05T19:11:08.0618414+08:00","17944","True","58.516","2593.5","False","False"
"2026-08-05T19:11:08.1548640+08:00","17944","True","58.516","2593.5","False","False"
"2026-08-05T19:11:08.2632757+08:00","17944","True","58.516","2593.5","False","False"
"2026-08-05T19:11:08.3575240+08:00","17944","True","58.516","2593.5","False","False"
"2026-08-05T19:11:08.4503944+08:00","17944","True","58.609","2593.5","False","False"
"2026-08-05T19:11:08.5600669+08:00","17944","True","58.641","2593.6","False","False"
"2026-08-05T19:11:08.6531393+08:00","17944","True","58.656","2593.6","False","False"
"2026-08-05T19:11:08.7623290+08:00","17944","True","58.703","2593.6","False","False"
"2026-08-05T19:11:08.8552247+08:00","17944","True","58.797","2593.6","False","False"
"2026-08-05T19:11:08.9634967+08:00","17944","True","58.828","2593.6","False","False"
"2026-08-05T19:11:09.0562371+08:00","17944","True","58.875","2593.6","False","False"
"2026-08-05T19:11:09.1502034+08:00","17944","True","58.922","2593.6","False","False"
"2026-08-05T19:11:09.2598295+08:00","17944","True","58.922","2593.6","False","False"
"2026-08-05T19:11:09.3521868+08:00","17944","True","58.953","2593.6","False","False"
"2026-08-05T19:11:09.4622202+08:00","17944","True","58.969","2593.6","False","False"
"2026-08-05T19:11:09.5552113+08:00","17944","True","59.078","2593.6","False","False"
"2026-08-05T19:11:09.6622213+08:00","17944","True","59.094","2593.6","False","False"
"2026-08-05T19:11:09.7560891+08:00","17944","True","59.188","2593.6","False","False"
"2026-08-05T19:11:09.8638178+08:00","17944","True","59.266","2593.6","False","False"
"2026-08-05T19:11:09.9579282+08:00","17944","True","59.297","2593.6","False","False"
"2026-08-05T19:11:10.0687038+08:00","17944","True","59.312","2593.6","False","False"
"2026-08-05T19:11:10.1627238+08:00","17944","True","59.359","2593.6","False","False"
"2026-08-05T19:11:10.2560468+08:00","17944","True","59.422","2593.6","False","False"
"2026-08-05T19:11:10.3660748+08:00","17944","True","59.484","2593.6","False","False"
"2026-08-05T19:11:10.4598090+08:00","17944","True","59.516","2593.6","False","False"
"2026-08-05T19:11:10.5691901+08:00","17944","True","59.547","2593.6","False","False"
"2026-08-05T19:11:10.6781122+08:00","17944","True","59.562","2593.6","False","False"
"2026-08-05T19:11:10.7717846+08:00","17944","True","59.609","2593.6","False","False"
"2026-08-05T19:11:10.8641621+08:00","17944","True","59.625","2593.6","False","False"
"2026-08-05T19:11:10.9568215+08:00","17944","True","59.672","2593.6","False","False"
"2026-08-05T19:11:11.0657982+08:00","17944","True","59.719","2593.6","False","False"
"2026-08-05T19:11:11.1611222+08:00","17944","True","59.75","2593.6","False","False"
"2026-08-05T19:11:11.2715611+08:00","17944","True","59.781","2593.6","False","False"
"2026-08-05T19:11:11.3651138+08:00","17944","True","59.875","2593.6","False","False"
"2026-08-05T19:11:11.4741051+08:00","17944","True","59.891","2593.6","False","False"
"2026-08-05T19:11:11.5678105+08:00","17944","True","59.922","2593.6","False","False"
"2026-08-05T19:11:11.6625500+08:00","17944","True","59.938","2593.6","False","False"
"2026-08-05T19:11:11.7568549+08:00","17944","True","59.984","2593.6","False","False"
"2026-08-05T19:11:11.8648319+08:00","17944","True","60.016","2593.6","False","False"
"2026-08-05T19:11:11.9578002+08:00","17944","True","60.047","2593.6","False","False"
"2026-08-05T19:11:12.0673578+08:00","17944","True","60.125","2593.6","False","False"
"2026-08-05T19:11:12.1613321+08:00","17944","True","60.141","2593.6","False","False"
"2026-08-05T19:11:12.2701843+08:00","17944","True","60.172","2593.6","False","False"
"2026-08-05T19:11:12.3632996+08:00","17944","True","60.188","2593.6","False","False"
"2026-08-05T19:11:12.4572278+08:00","17944","True","60.219","2593.6","False","False"
"2026-08-05T19:11:12.5662355+08:00","17944","True","60.266","2593.6","False","False"
"2026-08-05T19:11:12.6596076+08:00","17944","True","60.266","2593.6","False","False"
"2026-08-05T19:11:12.7529160+08:00","17944","True","60.312","2593.6","False","False"
"2026-08-05T19:11:12.8630139+08:00","17944","True","60.359","2593.6","False","False"
"2026-08-05T19:11:12.9578959+08:00","17944","True","60.422","2593.6","False","False"
"2026-08-05T19:11:13.0679952+08:00","17944","True","60.469","2593.6","False","False"
"2026-08-05T19:11:13.1620627+08:00","17944","True","60.5","2593.6","False","False"
"2026-08-05T19:11:13.2561951+08:00","17944","True","60.547","2593.6","False","False"
"2026-08-05T19:11:13.3658891+08:00","17944","True","60.594","2593.6","False","False"
"2026-08-05T19:11:13.4581945+08:00","17944","True","60.594","2593.6","False","False"
"2026-08-05T19:11:13.5668413+08:00","17944","True","60.609","2593.6","False","False"
"2026-08-05T19:11:13.6610859+08:00","17944","True","60.656","2593.6","False","False"
"2026-08-05T19:11:13.7701586+08:00","17944","True","60.703","2593.6","False","False"
"2026-08-05T19:11:13.8637886+08:00","17944","True","60.734","2593.6","False","False"
"2026-08-05T19:11:13.9581900+08:00","17944","True","60.797","2593.6","False","False"
"2026-08-05T19:11:14.0687050+08:00","17944","True","60.859","2593.6","False","False"
"2026-08-05T19:11:14.1785112+08:00","17944","True","60.875","2593.6","False","False"
"2026-08-05T19:11:14.2716132+08:00","17944","True","60.906","2593.6","False","False"
"2026-08-05T19:11:14.3640909+08:00","17944","True","60.984","2593.6","False","False"
"2026-08-05T19:11:14.4570728+08:00","17944","True","61.031","2593.6","False","False"
"2026-08-05T19:11:14.5649632+08:00","17944","True","61.062","2593.6","False","False"
"2026-08-05T19:11:14.6600244+08:00","17944","True","61.094","2593.6","False","False"
"2026-08-05T19:11:14.7693161+08:00","17944","True","61.141","2593.6","False","False"
"2026-08-05T19:11:14.8624357+08:00","17944","True","61.203","2593.6","False","False"
"2026-08-05T19:11:14.9547472+08:00","17944","True","61.234","2593.6","False","False"
"2026-08-05T19:11:15.0627256+08:00","17944","True","61.312","2593.6","False","False"
"2026-08-05T19:11:15.1708387+08:00","17944","True","61.328","2593.6","False","False"
"2026-08-05T19:11:15.2648571+08:00","17944","True","61.375","2593.6","False","False"
"2026-08-05T19:11:15.3591067+08:00","17944","True","61.422","2593.6","False","False"
"2026-08-05T19:11:15.4520306+08:00","17944","True","61.438","2593.6","False","False"
"2026-08-05T19:11:15.5618918+08:00","17944","True","61.453","2593.6","False","False"
"2026-08-05T19:11:15.6550155+08:00","17944","True","61.531","2593.6","False","False"
"2026-08-05T19:11:15.7646336+08:00","17944","True","61.609","2593.6","False","False"
"2026-08-05T19:11:15.8587418+08:00","17944","True","61.672","2593.6","False","False"
"2026-08-05T19:11:15.9520235+08:00","17944","True","61.688","2593.6","False","False"
"2026-08-05T19:11:16.0612121+08:00","17944","True","61.734","2593.6","False","False"
"2026-08-05T19:11:16.1708077+08:00","17944","True","61.766","2593.6","False","False"
"2026-08-05T19:11:16.2636355+08:00","17944","True","61.812","2593.6","False","False"
"2026-08-05T19:11:16.3571246+08:00","17944","True","61.875","2593.6","False","False"
"2026-08-05T19:11:16.4501314+08:00","17944","True","61.906","2593.6","False","False"
"2026-08-05T19:11:16.5620081+08:00","17944","True","61.922","2593.6","False","False"
"2026-08-05T19:11:16.6556356+08:00","17944","True","61.984","2593.6","False","False"
"2026-08-05T19:11:16.7660646+08:00","17944","True","62.047","2593.6","False","False"
"2026-08-05T19:11:16.8585565+08:00","17944","True","62.156","2593.6","False","False"
"2026-08-05T19:11:16.9519615+08:00","17944","True","62.172","2593.6","False","False"
"2026-08-05T19:11:17.0599640+08:00","17944","True","62.234","2593.6","False","False"
"2026-08-05T19:11:17.1553937+08:00","17944","True","62.25","2593.6","False","False"
"2026-08-05T19:11:17.2639278+08:00","17944","True","62.312","2593.6","False","False"
"2026-08-05T19:11:17.3570919+08:00","17944","True","62.438","2593.6","False","False"
"2026-08-05T19:11:17.4508061+08:00","17944","True","62.453","2593.6","False","False"
"2026-08-05T19:11:17.5625298+08:00","17944","True","62.484","2593.6","False","False"
"2026-08-05T19:11:17.6538700+08:00","17944","True","62.531","2593.6","False","False"
"2026-08-05T19:11:17.7609838+08:00","17944","True","62.594","2593.6","False","False"
"2026-08-05T19:11:17.8537662+08:00","17944","True","62.656","2593.6","False","False"
"2026-08-05T19:11:17.9630668+08:00","17944","True","62.672","2593.6","False","False"
"2026-08-05T19:11:18.0568657+08:00","17944","True","62.734","2593.6","False","False"
"2026-08-05T19:11:18.1490751+08:00","17944","True","62.75","2593.6","False","False"
"2026-08-05T19:11:18.2587544+08:00","17944","True","62.828","2593.6","False","False"
"2026-08-05T19:11:18.3529409+08:00","17944","True","62.875","2593.6","False","False"
"2026-08-05T19:11:18.4626309+08:00","17944","True","62.891","2593.6","False","False"
"2026-08-05T19:11:18.5560569+08:00","17944","True","62.906","2593.6","False","False"
"2026-08-05T19:11:18.6500275+08:00","17944","True","62.953","2593.6","False","False"
"2026-08-05T19:11:18.7600563+08:00","17944","True","63.016","2593.6","False","False"
"2026-08-05T19:11:18.8528541+08:00","17944","True","63.062","2593.6","False","False"
"2026-08-05T19:11:18.9630473+08:00","17944","True","63.141","2593.6","False","False"
"2026-08-05T19:11:19.0558873+08:00","17944","True","63.156","2593.6","False","False"
"2026-08-05T19:11:19.1638362+08:00","17944","True","63.25","2593.6","False","False"
"2026-08-05T19:11:19.2590448+08:00","17944","True","63.312","2593.6","False","False"
"2026-08-05T19:11:19.3518802+08:00","17944","True","63.406","2593.6","False","False"
"2026-08-05T19:11:19.4606796+08:00","17944","True","63.469","2593.6","False","False"
"2026-08-05T19:11:19.5558369+08:00","17944","True","63.516","2593.6","False","False"
"2026-08-05T19:11:19.6636255+08:00","17944","True","63.531","2593.6","False","False"
"2026-08-05T19:11:19.7580042+08:00","17944","True","63.609","2593.6","False","False"
"2026-08-05T19:11:19.8536216+08:00","17944","True","63.672","2593.6","False","False"
"2026-08-05T19:11:19.9489000+08:00","17944","True","63.734","2593.6","False","False"
"2026-08-05T19:11:20.0600738+08:00","17944","True","63.766","2593.6","False","False"
"2026-08-05T19:11:20.1521399+08:00","17944","True","63.797","2593.6","False","False"
"2026-08-05T19:11:20.2608178+08:00","17944","True","63.891","2593.6","False","False"
"2026-08-05T19:11:20.3558539+08:00","17944","True","63.984","2593.6","False","False"
"2026-08-05T19:11:20.4629527+08:00","17944","True","64.047","2593.6","False","False"
"2026-08-05T19:11:20.5572249+08:00","17944","True","64.078","2593.6","False","False"
"2026-08-05T19:11:20.6511657+08:00","17944","True","64.109","2593.6","False","False"
"2026-08-05T19:11:20.7603822+08:00","17944","True","64.203","2593.6","False","False"
"2026-08-05T19:11:20.8539225+08:00","17944","True","64.266","2593.6","False","False"
"2026-08-05T19:11:20.9631885+08:00","17944","True","64.391","2593.6","False","False"
"2026-08-05T19:11:21.0569623+08:00","17944","True","64.672","2593.6","False","False"
"2026-08-05T19:11:21.1648598+08:00","17944","True","64.922","2593.6","False","False"
"2026-08-05T19:11:21.2589985+08:00","17944","True","65.188","2593.6","False","False"
"2026-08-05T19:11:21.3516396+08:00","17944","True","65.266","2593.6","False","False"
"2026-08-05T19:11:21.4605277+08:00","17944","True","65.344","2593.6","False","False"
"2026-08-05T19:11:21.5544249+08:00","17944","True","65.391","2593.6","False","False"
"2026-08-05T19:11:21.6619229+08:00","17944","True","65.406","2593.6","False","False"
"2026-08-05T19:11:21.7557071+08:00","17944","True","65.438","2593.6","False","False"
"2026-08-05T19:11:21.8648202+08:00","17944","True","65.5","2593.6","False","False"
"2026-08-05T19:11:21.9576798+08:00","17944","True","65.531","2593.6","False","False"
"2026-08-05T19:11:22.0505401+08:00","17944","True","65.609","2593.6","False","False"
"2026-08-05T19:11:22.1607985+08:00","17944","True","65.656","2593.6","False","False"
"2026-08-05T19:11:22.2547892+08:00","17944","True","65.688","2593.6","False","False"
"2026-08-05T19:11:22.3627840+08:00","17944","True","65.719","2593.6","False","False"
"2026-08-05T19:11:22.4719667+08:00","17944","True","65.766","2593.6","False","False"
"2026-08-05T19:11:22.5517977+08:00","17944","True","65.797","2593.6","False","False"
"2026-08-05T19:11:22.6594759+08:00","17944","True","65.875","2593.6","False","False"
"2026-08-05T19:11:22.7678252+08:00","17944","True","65.891","2593.6","False","False"
"2026-08-05T19:11:22.8618950+08:00","17944","True","65.891","2593.6","False","False"
"2026-08-05T19:11:22.9700633+08:00","17944","True","66.016","2593.6","False","False"
"2026-08-05T19:11:23.0649078+08:00","17944","True","66.047","2593.6","False","False"
"2026-08-05T19:11:23.1744557+08:00","17944","True","66.047","2593.6","False","False"
"2026-08-05T19:11:23.2693759+08:00","17944","True","66.109","2593.6","False","False"
"2026-08-05T19:11:23.3622870+08:00","17944","True","66.188","2593.6","False","False"
"2026-08-05T19:11:23.4695547+08:00","17944","True","66.219","2593.6","False","False"
"2026-08-05T19:11:23.5644344+08:00","17944","True","66.266","2593.6","False","False"
"2026-08-05T19:11:23.6568652+08:00","17944","True","66.266","2593.6","False","False"
"2026-08-05T19:11:23.7505865+08:00","17944","True","66.297","2593.6","False","False"
"2026-08-05T19:11:23.8609126+08:00","17944","True","66.406","2593.6","False","False"
"2026-08-05T19:11:23.9705251+08:00","17944","True","66.516","2593.6","False","False"
"2026-08-05T19:11:24.0629564+08:00","17944","True","66.625","2593.6","False","False"
"2026-08-05T19:11:24.1558139+08:00","17944","True","66.625","2593.6","False","False"
"2026-08-05T19:11:24.2498710+08:00","17944","True","66.75","2593.6","False","False"
"2026-08-05T19:11:24.3585280+08:00","17944","True","66.828","2593.6","False","False"
"2026-08-05T19:11:24.4535763+08:00","17944","True","66.875","2593.6","False","False"
"2026-08-05T19:11:24.5625078+08:00","17944","True","66.984","2593.6","False","False"
"2026-08-05T19:11:24.6566324+08:00","17944","True","67.078","2593.7","False","False"
"2026-08-05T19:11:24.7498992+08:00","17944","True","67.203","2593.7","False","False"
"2026-08-05T19:11:24.8588887+08:00","17944","True","67.234","2593.7","False","False"
"2026-08-05T19:11:24.9673921+08:00","17944","True","67.344","2593.7","False","False"
"2026-08-05T19:11:25.0610870+08:00","17944","True","67.391","2593.7","False","False"
"2026-08-05T19:11:25.1535575+08:00","17944","True","67.422","2593.7","False","False"
"2026-08-05T19:11:25.2614999+08:00","17944","True","67.562","2593.7","False","False"
"2026-08-05T19:11:25.3565596+08:00","17944","True","67.609","2593.7","False","False"
"2026-08-05T19:11:25.4659550+08:00","17944","True","67.609","2593.7","False","False"
"2026-08-05T19:11:25.5598542+08:00","17944","True","67.75","2593.7","False","False"
"2026-08-05T19:11:25.6532576+08:00","17944","True","67.891","2593.7","False","False"
"2026-08-05T19:11:25.7623830+08:00","17944","True","67.906","2593.7","False","False"
"2026-08-05T19:11:25.8557617+08:00","17944","True","67.922","2593.7","False","False"
"2026-08-05T19:11:25.9650419+08:00","17944","True","67.938","2593.7","False","False"
"2026-08-05T19:11:26.0564219+08:00","17944","True","68","2593.7","False","False"
"2026-08-05T19:11:26.1645482+08:00","17944","True","68.062","2593.7","False","False"
"2026-08-05T19:11:26.2577199+08:00","17944","True","68.094","2593.7","False","False"
"2026-08-05T19:11:26.3661938+08:00","17944","True","68.109","2593.7","False","False"
"2026-08-05T19:11:26.4595842+08:00","17944","True","68.109","2593.7","False","False"
"2026-08-05T19:11:26.5690318+08:00","17944","True","68.219","2593.7","False","False"
"2026-08-05T19:11:26.6645989+08:00","17944","True","68.234","2593.7","False","False"
"2026-08-05T19:11:26.7567135+08:00","17944","True","68.281","2593.7","False","False"
"2026-08-05T19:11:26.8517006+08:00","17944","True","68.281","2593.7","False","False"
"2026-08-05T19:11:26.9605538+08:00","17944","True","68.281","2593.7","False","False"
"2026-08-05T19:11:27.0684912+08:00","17944","True","68.281","2593.7","False","False"
"2026-08-05T19:11:27.1617130+08:00","17944","True","68.281","2593.7","False","False"
"2026-08-05T19:11:27.2710967+08:00","17944","True","68.312","2593.7","False","False"
"2026-08-05T19:11:27.3635602+08:00","17944","True","68.312","2593.7","False","False"
"2026-08-05T19:11:27.4732494+08:00","17944","True","68.312","2593.7","False","False"
"2026-08-05T19:11:27.5658407+08:00","17944","True","68.312","2593.7","False","False"
"2026-08-05T19:11:27.6586053+08:00","17944","True","68.312","2593.7","False","False"
"2026-08-05T19:11:27.7522650+08:00","17944","True","68.328","2593.7","False","False"
"2026-08-05T19:11:27.8617293+08:00","17944","True","68.344","2593.7","False","False"
"2026-08-05T19:11:27.9710498+08:00","17944","True","68.375","2593.7","False","False"
"2026-08-05T19:11:28.0643520+08:00","17944","True","68.391","2593.7","False","False"
