"Timestamp","QueryDurationMs","ProcessId","ParentProcessId","Name","CreationDate","CpuSeconds","WorkingSetMB","CommandLine","PSComputerName","RunspaceId","PSShowComputerName","PSSourceJobInstanceId"
"2026-08-04T20:46:01.7699022+08:00","987.971","84256","79828","Resolve.exe","2026/8/4 20:46:01","2.281","344.2","""C:\Program Files\Blackmagic Design\DaVinci Resolve\Resolve.exe"" ","localhost","a6f5a6ab-ff96-4694-8eba-443e2db15582","False","5dfef06f-16a0-454b-bcbd-3d8eb602e93b"
"2026-08-04T20:46:03.7851544+08:00","918.676","84256","79828","Resolve.exe","2026/8/4 20:46:01","4.422","764.1","""C:\Program Files\Blackmagic Design\DaVinci Resolve\Resolve.exe"" ","localhost","a6f5a6ab-ff96-4694-8eba-443e2db15582","False","5dfef06f-16a0-454b-bcbd-3d8eb602e93b"
"2026-08-04T20:46:05.7878943+08:00","889.08","84256","79828","Resolve.exe","2026/8/4 20:46:01","9.719","1453","""C:\Program Files\Blackmagic Design\DaVinci Resolve\Resolve.exe"" ","localhost","a6f5a6ab-ff96-4694-8eba-443e2db15582","False","5dfef06f-16a0-454b-bcbd-3d8eb602e93b"
"2026-08-04T20:46:07.8024146+08:00","831.887","84256","79828","Resolve.exe","2026/8/4 20:46:01","12.062","1496.1","""C:\Program Files\Blackmagic Design\DaVinci Resolve\Resolve.exe"" ","localhost","a6f5a6ab-ff96-4694-8eba-443e2db15582","False","5dfef06f-16a0-454b-bcbd-3d8eb602e93b"
"2026-08-04T20:46:09.8152565+08:00","812.834","84256","79828","Resolve.exe","2026/8/4 20:46:01","15.969","1680.6","""C:\Program Files\Blackmagic Design\DaVinci Resolve\Resolve.exe"" ","localhost","a6f5a6ab-ff96-4694-8eba-443e2db15582","False","5dfef06f-16a0-454b-bcbd-3d8eb602e93b"
"2026-08-04T20:46:11.8225033+08:00","816.83","84256","79828","Resolve.exe","2026/8/4 20:46:01","19.297","1870.7","""C:\Program Files\Blackmagic Design\DaVinci Resolve\Resolve.exe"" ","localhost","a6f5a6ab-ff96-4694-8eba-443e2db15582","False","5dfef06f-16a0-454b-bcbd-3d8eb602e93b"
"2026-08-04T20:46:13.8322591+08:00","897.819","84256","79828","Resolve.exe","2026/8/4 20:46:01","22.172","2086","""C:\Program Files\Blackmagic Design\DaVinci Resolve\Resolve.exe"" ","localhost","a6f5a6ab-ff96-4694-8eba-443e2db15582","False","5dfef06f-16a0-454b-bcbd-3d8eb602e93b"
"2026-08-04T20:46:15.8348564+08:00","996.092","84256","79828","Resolve.exe","2026/8/4 20:46:01","25.062","2284.1","""C:\Program Files\Blackmagic Design\DaVinci Resolve\Resolve.exe"" ","localhost","a6f5a6ab-ff96-4694-8eba-443e2db15582","False","5dfef06f-16a0-454b-bcbd-3d8eb602e93b"
"2026-08-04T20:46:17.8472355+08:00","828.972","84256","79828","Resolve.exe","2026/8/4 20:46:01","29.078","2474.2","""C:\Program Files\Blackmagic Design\DaVinci Resolve\Resolve.exe"" ","localhost","a6f5a6ab-ff96-4694-8eba-443e2db15582","False","5dfef06f-16a0-454b-bcbd-3d8eb602e93b"
"2026-08-04T20:46:17.8472355+08:00","829.122","96016","84256","electron.exe","2026/8/4 20:46:17","0.703","106.1","""C:/Program Files/Blackmagic Design/DaVinci Resolve\Electron\electron.exe"" ""C:\ProgramData\Blackmagic Design\DaVinci Resolve\Support\Workflow Integration Plugins\com.wutpeach.clackly\workflow-plugin/main.js"" --plugin-id=com.wutpeach.clackly","localhost","a6f5a6ab-ff96-4694-8eba-443e2db15582","False","5dfef06f-16a0-454b-bcbd-3d8eb602e93b"
"2026-08-04T20:46:17.8472355+08:00","829.163","99072","96016","electron.exe","2026/8/4 20:46:17","1.094","111.1","""C:\Program Files\Blackmagic Design\DaVinci Resolve\Electron\electron.exe"" --type=gpu-process --user-data-dir=""C:\Users\Administrator\AppData\Roaming\Clackly Workflow Plugin"" --gpu-preferences=UAAAAAAAAADgAAAEAAAAAAAAAAAAAAAAAABgAAEAAAAAAAAAAAAAAAAAAAACAAAAAAAAAAAAAAAAAAAAAAAAABAAAAAAAAAAEAAAAAAAAAAIAAAAAAAAAAgAAAAAAAAA --field-trial-handle=2028,i,17482855028509734347,18321238386746490031,262144 --enable-features=PdfUseShowSaveFilePicker --disable-features=SpareRendererForSitePerProcess,WinDelaySpellcheckServiceInit --variations-seed-version --mojo-platform-channel-handle=2024 /prefetch:2","localhost","a6f5a6ab-ff96-4694-8eba-443e2db15582","False","5dfef06f-16a0-454b-bcbd-3d8eb602e93b"
"2026-08-04T20:46:17.8472355+08:00","829.203","71072","96016","electron.exe","2026/8/4 20:46:17","0.094","48.9","""C:\Program Files\Blackmagic Design\DaVinci Resolve\Electron\electron.exe"" --type=utility --utility-sub-type=network.mojom.NetworkService --lang=zh-CN --service-sandbox-type=none --user-data-dir=""C:\Users\Administrator\AppData\Roaming\Clackly Workflow Plugin"" --field-trial-handle=2028,i,17482855028509734347,18321238386746490031,262144 --enable-features=PdfUseShowSaveFilePicker --disable-features=SpareRendererForSitePerProcess,WinDelaySpellcheckServiceInit --variations-seed-version --mojo-platform-channel-handle=2288 /prefetch:11","localhost","a6f5a6ab-ff96-4694-8eba-443e2db15582","False","5dfef06f-16a0-454b-bcbd-3d8eb602e93b"
"2026-08-04T20:46:17.8472355+08:00","829.276","95128","96016","electron.exe","2026/8/4 20:46:17","0.203","87.4","""C:\Program Files\Blackmagic Design\DaVinci Resolve\Electron\electron.exe"" --type=renderer --user-data-dir=""C:\Users\Administrator\AppData\Roaming\Clackly Workflow Plugin"" --app-path=""C:\ProgramData\Blackmagic Design\DaVinci Resolve\Support\Workflow Integration Plugins\com.wutpeach.clackly\workflow-plugin"" --no-sandbox --no-zygote --video-capture-use-gpu-memory-buffer --lang=zh-CN --device-scale-factor=1 --num-raster-threads=4 --enable-main-frame-before-activation --renderer-client-id=4 --time-ticks-at-unix-epoch=-1783908253862340 --launch-time-ticks=1939323759056 --field-trial-handle=2028,i,17482855028509734347,18321238386746490031,262144 --enable-features=PdfUseShowSaveFilePicker --disable-features=SpareRendererForSitePerProcess,WinDelaySpellcheckServiceInit --variations-seed-version --mojo-platform-channel-handle=3260 /prefetch:1","localhost","a6f5a6ab-ff96-4694-8eba-443e2db15582","False","5dfef06f-16a0-454b-bcbd-3d8eb602e93b"
"2026-08-04T20:46:19.8509462+08:00","919.49","84256","79828","Resolve.exe","2026/8/4 20:46:01","31.938","2523","""C:\Program Files\Blackmagic Design\DaVinci Resolve\Resolve.exe"" ","localhost","a6f5a6ab-ff96-4694-8eba-443e2db15582","False","5dfef06f-16a0-454b-bcbd-3d8eb602e93b"
"2026-08-04T20:46:19.8509462+08:00","919.894","96016","84256","electron.exe","2026/8/4 20:46:17","0.703","106.1","""C:/Program Files/Blackmagic Design/DaVinci Resolve\Electron\electron.exe"" ""C:\ProgramData\Blackmagic Design\DaVinci Resolve\Support\Workflow Integration Plugins\com.wutpeach.clackly\workflow-plugin/main.js"" --plugin-id=com.wutpeach.clackly","localhost","a6f5a6ab-ff96-4694-8eba-443e2db15582","False","5dfef06f-16a0-454b-bcbd-3d8eb602e93b"
"2026-08-04T20:46:19.8509462+08:00","919.962","99072","96016","electron.exe","2026/8/4 20:46:17","1.25","112.8","""C:\Program Files\Blackmagic Design\DaVinci Resolve\Electron\electron.exe"" --type=gpu-process --user-data-dir=""C:\Users\Administrator\AppData\Roaming\Clackly Workflow Plugin"" --gpu-preferences=UAAAAAAAAADgAAAEAAAAAAAAAAAAAAAAAABgAAEAAAAAAAAAAAAAAAAAAAACAAAAAAAAAAAAAAAAAAAAAAAAABAAAAAAAAAAEAAAAAAAAAAIAAAAAAAAAAgAAAAAAAAA --field-trial-handle=2028,i,17482855028509734347,18321238386746490031,262144 --enable-features=PdfUseShowSaveFilePicker --disable-features=SpareRendererForSitePerProcess,WinDelaySpellcheckServiceInit --variations-seed-version --mojo-platform-channel-handle=2024 /prefetch:2","localhost","a6f5a6ab-ff96-4694-8eba-443e2db15582","False","5dfef06f-16a0-454b-bcbd-3d8eb602e93b"
"2026-08-04T20:46:19.8509462+08:00","919.998","71072","96016","electron.exe","2026/8/4 20:46:17","0.094","48.9","""C:\Program Files\Blackmagic Design\DaVinci Resolve\Electron\electron.exe"" --type=utility --utility-sub-type=network.mojom.NetworkService --lang=zh-CN --service-sandbox-type=none --user-data-dir=""C:\Users\Administrator\AppData\Roaming\Clackly Workflow Plugin"" --field-trial-handle=2028,i,17482855028509734347,18321238386746490031,262144 --enable-features=PdfUseShowSaveFilePicker --disable-features=SpareRendererForSitePerProcess,WinDelaySpellcheckServiceInit --variations-seed-version --mojo-platform-channel-handle=2288 /prefetch:11","localhost","a6f5a6ab-ff96-4694-8eba-443e2db15582","False","5dfef06f-16a0-454b-bcbd-3d8eb602e93b"
"2026-08-04T20:46:19.8509462+08:00","920.032","95128","96016","electron.exe","2026/8/4 20:46:17","0.203","87.7","""C:\Program Files\Blackmagic Design\DaVinci Resolve\Electron\electron.exe"" --type=renderer --user-data-dir=""C:\Users\Administrator\AppData\Roaming\Clackly Workflow Plugin"" --app-path=""C:\ProgramData\Blackmagic Design\DaVinci Resolve\Support\Workflow Integration Plugins\com.wutpeach.clackly\workflow-plugin"" --no-sandbox --no-zygote --video-capture-use-gpu-memory-buffer --lang=zh-CN --device-scale-factor=1 --num-raster-threads=4 --enable-main-frame-before-activation --renderer-client-id=4 --time-ticks-at-unix-epoch=-1783908253862340 --launch-time-ticks=1939323759056 --field-trial-handle=2028,i,17482855028509734347,18321238386746490031,262144 --enable-features=PdfUseShowSaveFilePicker --disable-features=SpareRendererForSitePerProcess,WinDelaySpellcheckServiceInit --variations-seed-version --mojo-platform-channel-handle=3260 /prefetch:1","localhost","a6f5a6ab-ff96-4694-8eba-443e2db15582","False","5dfef06f-16a0-454b-bcbd-3d8eb602e93b"
"2026-08-04T20:46:21.8628741+08:00","836.855","84256","79828","Resolve.exe","2026/8/4 20:46:01","35.047","2530","""C:\Program Files\Blackmagic Design\DaVinci Resolve\Resolve.exe"" ","localhost","a6f5a6ab-ff96-4694-8eba-443e2db15582","False","5dfef06f-16a0-454b-bcbd-3d8eb602e93b"
"2026-08-04T20:46:21.8628741+08:00","836.999","96016","84256","electron.exe","2026/8/4 20:46:17","0.766","106.1","""C:/Program Files/Blackmagic Design/DaVinci Resolve\Electron\electron.exe"" ""C:\ProgramData\Blackmagic Design\DaVinci Resolve\Support\Workflow Integration Plugins\com.wutpeach.clackly\workflow-plugin/main.js"" --plugin-id=com.wutpeach.clackly","localhost","a6f5a6ab-ff96-4694-8eba-443e2db15582","False","5dfef06f-16a0-454b-bcbd-3d8eb602e93b"
"2026-08-04T20:46:21.8628741+08:00","837.033","99072","96016","electron.exe","2026/8/4 20:46:17","1.281","112.7","""C:\Program Files\Blackmagic Design\DaVinci Resolve\Electron\electron.exe"" --type=gpu-process --user-data-dir=""C:\Users\Administrator\AppData\Roaming\Clackly Workflow Plugin"" --gpu-preferences=UAAAAAAAAADgAAAEAAAAAAAAAAAAAAAAAABgAAEAAAAAAAAAAAAAAAAAAAACAAAAAAAAAAAAAAAAAAAAAAAAABAAAAAAAAAAEAAAAAAAAAAIAAAAAAAAAAgAAAAAAAAA --field-trial-handle=2028,i,17482855028509734347,18321238386746490031,262144 --enable-features=PdfUseShowSaveFilePicker --disable-features=SpareRendererForSitePerProcess,WinDelaySpellcheckServiceInit --variations-seed-version --mojo-platform-channel-handle=2024 /prefetch:2","localhost","a6f5a6ab-ff96-4694-8eba-443e2db15582","False","5dfef06f-16a0-454b-bcbd-3d8eb602e93b"
"2026-08-04T20:46:21.8628741+08:00","837.063","71072","96016","electron.exe","2026/8/4 20:46:17","0.094","48.9","""C:\Program Files\Blackmagic Design\DaVinci Resolve\Electron\electron.exe"" --type=utility --utility-sub-type=network.mojom.NetworkService --lang=zh-CN --service-sandbox-type=none --user-data-dir=""C:\Users\Administrator\AppData\Roaming\Clackly Workflow Plugin"" --field-trial-handle=2028,i,17482855028509734347,18321238386746490031,262144 --enable-features=PdfUseShowSaveFilePicker --disable-features=SpareRendererForSitePerProcess,WinDelaySpellcheckServiceInit --variations-seed-version --mojo-platform-channel-handle=2288 /prefetch:11","localhost","a6f5a6ab-ff96-4694-8eba-443e2db15582","False","5dfef06f-16a0-454b-bcbd-3d8eb602e93b"
"2026-08-04T20:46:21.8628741+08:00","837.097","95128","96016","electron.exe","2026/8/4 20:46:17","0.203","87.6","""C:\Program Files\Blackmagic Design\DaVinci Resolve\Electron\electron.exe"" --type=renderer --user-data-dir=""C:\Users\Administrator\AppData\Roaming\Clackly Workflow Plugin"" --app-path=""C:\ProgramData\Blackmagic Design\DaVinci Resolve\Support\Workflow Integration Plugins\com.wutpeach.clackly\workflow-plugin"" --no-sandbox --no-zygote --video-capture-use-gpu-memory-buffer --lang=zh-CN --device-scale-factor=1 --num-raster-threads=4 --enable-main-frame-before-activation --renderer-client-id=4 --time-ticks-at-unix-epoch=-1783908253862340 --launch-time-ticks=1939323759056 --field-trial-handle=2028,i,17482855028509734347,18321238386746490031,262144 --enable-features=PdfUseShowSaveFilePicker --disable-features=SpareRendererForSitePerProcess,WinDelaySpellcheckServiceInit --variations-seed-version --mojo-platform-channel-handle=3260 /prefetch:1","localhost","a6f5a6ab-ff96-4694-8eba-443e2db15582","False","5dfef06f-16a0-454b-bcbd-3d8eb602e93b"
"2026-08-04T20:46:23.8772693+08:00","853.275","84256","79828","Resolve.exe","2026/8/4 20:46:01","35.375","2528.3","""C:\Program Files\Blackmagic Design\DaVinci Resolve\Resolve.exe"" ","localhost","a6f5a6ab-ff96-4694-8eba-443e2db15582","False","5dfef06f-16a0-454b-bcbd-3d8eb602e93b"
"2026-08-04T20:46:23.8772693+08:00","853.392","96016","84256","electron.exe","2026/8/4 20:46:17","0.766","106.2","""C:/Program Files/Blackmagic Design/DaVinci Resolve\Electron\electron.exe"" ""C:\ProgramData\Blackmagic Design\DaVinci Resolve\Support\Workflow Integration Plugins\com.wutpeach.clackly\workflow-plugin/main.js"" --plugin-id=com.wutpeach.clackly","localhost","a6f5a6ab-ff96-4694-8eba-443e2db15582","False","5dfef06f-16a0-454b-bcbd-3d8eb602e93b"
"2026-08-04T20:46:23.8772693+08:00","853.467","99072","96016","electron.exe","2026/8/4 20:46:17","1.281","112.3","""C:\Program Files\Blackmagic Design\DaVinci Resolve\Electron\electron.exe"" --type=gpu-process --user-data-dir=""C:\Users\Administrator\AppData\Roaming\Clackly Workflow Plugin"" --gpu-preferences=UAAAAAAAAADgAAAEAAAAAAAAAAAAAAAAAABgAAEAAAAAAAAAAAAAAAAAAAACAAAAAAAAAAAAAAAAAAAAAAAAABAAAAAAAAAAEAAAAAAAAAAIAAAAAAAAAAgAAAAAAAAA --field-trial-handle=2028,i,17482855028509734347,18321238386746490031,262144 --enable-features=PdfUseShowSaveFilePicker --disable-features=SpareRendererForSitePerProcess,WinDelaySpellcheckServiceInit --variations-seed-version --mojo-platform-channel-handle=2024 /prefetch:2","localhost","a6f5a6ab-ff96-4694-8eba-443e2db15582","False","5dfef06f-16a0-454b-bcbd-3d8eb602e93b"
"2026-08-04T20:46:23.8772693+08:00","853.537","71072","96016","electron.exe","2026/8/4 20:46:17","0.094","48.9","""C:\Program Files\Blackmagic Design\DaVinci Resolve\Electron\electron.exe"" --type=utility --utility-sub-type=network.mojom.NetworkService --lang=zh-CN --service-sandbox-type=none --user-data-dir=""C:\Users\Administrator\AppData\Roaming\Clackly Workflow Plugin"" --field-trial-handle=2028,i,17482855028509734347,18321238386746490031,262144 --enable-features=PdfUseShowSaveFilePicker --disable-features=SpareRendererForSitePerProcess,WinDelaySpellcheckServiceInit --variations-seed-version --mojo-platform-channel-handle=2288 /prefetch:11","localhost","a6f5a6ab-ff96-4694-8eba-443e2db15582","False","5dfef06f-16a0-454b-bcbd-3d8eb602e93b"
"2026-08-04T20:46:23.8772693+08:00","853.574","95128","96016","electron.exe","2026/8/4 20:46:17","0.203","87.6","""C:\Program Files\Blackmagic Design\DaVinci Resolve\Electron\electron.exe"" --type=renderer --user-data-dir=""C:\Users\Administrator\AppData\Roaming\Clackly Workflow Plugin"" --app-path=""C:\ProgramData\Blackmagic Design\DaVinci Resolve\Support\Workflow Integration Plugins\com.wutpeach.clackly\workflow-plugin"" --no-sandbox --no-zygote --video-capture-use-gpu-memory-buffer --lang=zh-CN --device-scale-factor=1 --num-raster-threads=4 --enable-main-frame-before-activation --renderer-client-id=4 --time-ticks-at-unix-epoch=-1783908253862340 --launch-time-ticks=1939323759056 --field-trial-handle=2028,i,17482855028509734347,18321238386746490031,262144 --enable-features=PdfUseShowSaveFilePicker --disable-features=SpareRendererForSitePerProcess,WinDelaySpellcheckServiceInit --variations-seed-version --mojo-platform-channel-handle=3260 /prefetch:1","localhost","a6f5a6ab-ff96-4694-8eba-443e2db15582","False","5dfef06f-16a0-454b-bcbd-3d8eb602e93b"
"2026-08-04T20:46:25.8794239+08:00","876.104","84256","79828","Resolve.exe","2026/8/4 20:46:01","35.781","2547","""C:\Program Files\Blackmagic Design\DaVinci Resolve\Resolve.exe"" ","localhost","a6f5a6ab-ff96-4694-8eba-443e2db15582","False","5dfef06f-16a0-454b-bcbd-3d8eb602e93b"
"2026-08-04T20:46:25.8794239+08:00","876.257","96016","84256","electron.exe","2026/8/4 20:46:17","0.766","106.2","""C:/Program Files/Blackmagic Design/DaVinci Resolve\Electron\electron.exe"" ""C:\ProgramData\Blackmagic Design\DaVinci Resolve\Support\Workflow Integration Plugins\com.wutpeach.clackly\workflow-plugin/main.js"" --plugin-id=com.wutpeach.clackly","localhost","a6f5a6ab-ff96-4694-8eba-443e2db15582","False","5dfef06f-16a0-454b-bcbd-3d8eb602e93b"
"2026-08-04T20:46:25.8794239+08:00","876.355","99072","96016","electron.exe","2026/8/4 20:46:17","1.281","112.3","""C:\Program Files\Blackmagic Design\DaVinci Resolve\Electron\electron.exe"" --type=gpu-process --user-data-dir=""C:\Users\Administrator\AppData\Roaming\Clackly Workflow Plugin"" --gpu-preferences=UAAAAAAAAADgAAAEAAAAAAAAAAAAAAAAAABgAAEAAAAAAAAAAAAAAAAAAAACAAAAAAAAAAAAAAAAAAAAAAAAABAAAAAAAAAAEAAAAAAAAAAIAAAAAAAAAAgAAAAAAAAA --field-trial-handle=2028,i,17482855028509734347,18321238386746490031,262144 --enable-features=PdfUseShowSaveFilePicker --disable-features=SpareRendererForSitePerProcess,WinDelaySpellcheckServiceInit --variations-seed-version --mojo-platform-channel-handle=2024 /prefetch:2","localhost","a6f5a6ab-ff96-4694-8eba-443e2db15582","False","5dfef06f-16a0-454b-bcbd-3d8eb602e93b"
"2026-08-04T20:46:25.8794239+08:00","876.407","71072","96016","electron.exe","2026/8/4 20:46:17","0.094","48.9","""C:\Program Files\Blackmagic Design\DaVinci Resolve\Electron\electron.exe"" --type=utility --utility-sub-type=network.mojom.NetworkService --lang=zh-CN --service-sandbox-type=none --user-data-dir=""C:\Users\Administrator\AppData\Roaming\Clackly Workflow Plugin"" --field-trial-handle=2028,i,17482855028509734347,18321238386746490031,262144 --enable-features=PdfUseShowSaveFilePicker --disable-features=SpareRendererForSitePerProcess,WinDelaySpellcheckServiceInit --variations-seed-version --mojo-platform-channel-handle=2288 /prefetch:11","localhost","a6f5a6ab-ff96-4694-8eba-443e2db15582","False","5dfef06f-16a0-454b-bcbd-3d8eb602e93b"
"2026-08-04T20:46:25.8794239+08:00","876.45","95128","96016","electron.exe","2026/8/4 20:46:17","0.203","87.6","""C:\Program Files\Blackmagic Design\DaVinci Resolve\Electron\electron.exe"" --type=renderer --user-data-dir=""C:\Users\Administrator\AppData\Roaming\Clackly Workflow Plugin"" --app-path=""C:\ProgramData\Blackmagic Design\DaVinci Resolve\Support\Workflow Integration Plugins\com.wutpeach.clackly\workflow-plugin"" --no-sandbox --no-zygote --video-capture-use-gpu-memory-buffer --lang=zh-CN --device-scale-factor=1 --num-raster-threads=4 --enable-main-frame-before-activation --renderer-client-id=4 --time-ticks-at-unix-epoch=-1783908253862340 --launch-time-ticks=1939323759056 --field-trial-handle=2028,i,17482855028509734347,18321238386746490031,262144 --enable-features=PdfUseShowSaveFilePicker --disable-features=SpareRendererForSitePerProcess,WinDelaySpellcheckServiceInit --variations-seed-version --mojo-platform-channel-handle=3260 /prefetch:1","localhost","a6f5a6ab-ff96-4694-8eba-443e2db15582","False","5dfef06f-16a0-454b-bcbd-3d8eb602e93b"
"2026-08-04T20:46:27.8923537+08:00","939.437","84256","79828","Resolve.exe","2026/8/4 20:46:01","39.609","2567.9","""C:\Program Files\Blackmagic Design\DaVinci Resolve\Resolve.exe"" ","localhost","a6f5a6ab-ff96-4694-8eba-443e2db15582","False","5dfef06f-16a0-454b-bcbd-3d8eb602e93b"
"2026-08-04T20:46:27.8923537+08:00","939.567","96016","84256","electron.exe","2026/8/4 20:46:17","0.781","106.2","""C:/Program Files/Blackmagic Design/DaVinci Resolve\Electron\electron.exe"" ""C:\ProgramData\Blackmagic Design\DaVinci Resolve\Support\Workflow Integration Plugins\com.wutpeach.clackly\workflow-plugin/main.js"" --plugin-id=com.wutpeach.clackly","localhost","a6f5a6ab-ff96-4694-8eba-443e2db15582","False","5dfef06f-16a0-454b-bcbd-3d8eb602e93b"
"2026-08-04T20:46:27.8923537+08:00","939.598","99072","96016","electron.exe","2026/8/4 20:46:17","1.281","112.3","""C:\Program Files\Blackmagic Design\DaVinci Resolve\Electron\electron.exe"" --type=gpu-process --user-data-dir=""C:\Users\Administrator\AppData\Roaming\Clackly Workflow Plugin"" --gpu-preferences=UAAAAAAAAADgAAAEAAAAAAAAAAAAAAAAAABgAAEAAAAAAAAAAAAAAAAAAAACAAAAAAAAAAAAAAAAAAAAAAAAABAAAAAAAAAAEAAAAAAAAAAIAAAAAAAAAAgAAAAAAAAA --field-trial-handle=2028,i,17482855028509734347,18321238386746490031,262144 --enable-features=PdfUseShowSaveFilePicker --disable-features=SpareRendererForSitePerProcess,WinDelaySpellcheckServiceInit --variations-seed-version --mojo-platform-channel-handle=2024 /prefetch:2","localhost","a6f5a6ab-ff96-4694-8eba-443e2db15582","False","5dfef06f-16a0-454b-bcbd-3d8eb602e93b"
"2026-08-04T20:46:27.8923537+08:00","939.625","71072","96016","electron.exe","2026/8/4 20:46:17","0.094","48.9","""C:\Program Files\Blackmagic Design\DaVinci Resolve\Electron\electron.exe"" --type=utility --utility-sub-type=network.mojom.NetworkService --lang=zh-CN --service-sandbox-type=none --user-data-dir=""C:\Users\Administrator\AppData\Roaming\Clackly Workflow Plugin"" --field-trial-handle=2028,i,17482855028509734347,18321238386746490031,262144 --enable-features=PdfUseShowSaveFilePicker --disable-features=SpareRendererForSitePerProcess,WinDelaySpellcheckServiceInit --variations-seed-version --mojo-platform-channel-handle=2288 /prefetch:11","localhost","a6f5a6ab-ff96-4694-8eba-443e2db15582","False","5dfef06f-16a0-454b-bcbd-3d8eb602e93b"
"2026-08-04T20:46:27.8923537+08:00","939.651","95128","96016","electron.exe","2026/8/4 20:46:17","0.203","87.6","""C:\Program Files\Blackmagic Design\DaVinci Resolve\Electron\electron.exe"" --type=renderer --user-data-dir=""C:\Users\Administrator\AppData\Roaming\Clackly Workflow Plugin"" --app-path=""C:\ProgramData\Blackmagic Design\DaVinci Resolve\Support\Workflow Integration Plugins\com.wutpeach.clackly\workflow-plugin"" --no-sandbox --no-zygote --video-capture-use-gpu-memory-buffer --lang=zh-CN --device-scale-factor=1 --num-raster-threads=4 --enable-main-frame-before-activation --renderer-client-id=4 --time-ticks-at-unix-epoch=-1783908253862340 --launch-time-ticks=1939323759056 --field-trial-handle=2028,i,17482855028509734347,18321238386746490031,262144 --enable-features=PdfUseShowSaveFilePicker --disable-features=SpareRendererForSitePerProcess,WinDelaySpellcheckServiceInit --variations-seed-version --mojo-platform-channel-handle=3260 /prefetch:1","localhost","a6f5a6ab-ff96-4694-8eba-443e2db15582","False","5dfef06f-16a0-454b-bcbd-3d8eb602e93b"
"2026-08-04T20:46:29.8937495+08:00","831.183","84256","79828","Resolve.exe","2026/8/4 20:46:01","42.812","2572.6","""C:\Program Files\Blackmagic Design\DaVinci Resolve\Resolve.exe"" ","localhost","a6f5a6ab-ff96-4694-8eba-443e2db15582","False","5dfef06f-16a0-454b-bcbd-3d8eb602e93b"
"2026-08-04T20:46:29.8937495+08:00","831.275","96016","84256","electron.exe","2026/8/4 20:46:17","0.781","106.2","""C:/Program Files/Blackmagic Design/DaVinci Resolve\Electron\electron.exe"" ""C:\ProgramData\Blackmagic Design\DaVinci Resolve\Support\Workflow Integration Plugins\com.wutpeach.clackly\workflow-plugin/main.js"" --plugin-id=com.wutpeach.clackly","localhost","a6f5a6ab-ff96-4694-8eba-443e2db15582","False","5dfef06f-16a0-454b-bcbd-3d8eb602e93b"
"2026-08-04T20:46:29.8937495+08:00","831.305","99072","96016","electron.exe","2026/8/4 20:46:17","1.281","112.3","""C:\Program Files\Blackmagic Design\DaVinci Resolve\Electron\electron.exe"" --type=gpu-process --user-data-dir=""C:\Users\Administrator\AppData\Roaming\Clackly Workflow Plugin"" --gpu-preferences=UAAAAAAAAADgAAAEAAAAAAAAAAAAAAAAAABgAAEAAAAAAAAAAAAAAAAAAAACAAAAAAAAAAAAAAAAAAAAAAAAABAAAAAAAAAAEAAAAAAAAAAIAAAAAAAAAAgAAAAAAAAA --field-trial-handle=2028,i,17482855028509734347,18321238386746490031,262144 --enable-features=PdfUseShowSaveFilePicker --disable-features=SpareRendererForSitePerProcess,WinDelaySpellcheckServiceInit --variations-seed-version --mojo-platform-channel-handle=2024 /prefetch:2","localhost","a6f5a6ab-ff96-4694-8eba-443e2db15582","False","5dfef06f-16a0-454b-bcbd-3d8eb602e93b"
"2026-08-04T20:46:29.8937495+08:00","831.332","71072","96016","electron.exe","2026/8/4 20:46:17","0.094","48.9","""C:\Program Files\Blackmagic Design\DaVinci Resolve\Electron\electron.exe"" --type=utility --utility-sub-type=network.mojom.NetworkService --lang=zh-CN --service-sandbox-type=none --user-data-dir=""C:\Users\Administrator\AppData\Roaming\Clackly Workflow Plugin"" --field-trial-handle=2028,i,17482855028509734347,18321238386746490031,262144 --enable-features=PdfUseShowSaveFilePicker --disable-features=SpareRendererForSitePerProcess,WinDelaySpellcheckServiceInit --variations-seed-version --mojo-platform-channel-handle=2288 /prefetch:11","localhost","a6f5a6ab-ff96-4694-8eba-443e2db15582","False","5dfef06f-16a0-454b-bcbd-3d8eb602e93b"
"2026-08-04T20:46:29.8937495+08:00","831.359","95128","96016","electron.exe","2026/8/4 20:46:17","0.203","87.6","""C:\Program Files\Blackmagic Design\DaVinci Resolve\Electron\electron.exe"" --type=renderer --user-data-dir=""C:\Users\Administrator\AppData\Roaming\Clackly Workflow Plugin"" --app-path=""C:\ProgramData\Blackmagic Design\DaVinci Resolve\Support\Workflow Integration Plugins\com.wutpeach.clackly\workflow-plugin"" --no-sandbox --no-zygote --video-capture-use-gpu-memory-buffer --lang=zh-CN --device-scale-factor=1 --num-raster-threads=4 --enable-main-frame-before-activation --renderer-client-id=4 --time-ticks-at-unix-epoch=-1783908253862340 --launch-time-ticks=1939323759056 --field-trial-handle=2028,i,17482855028509734347,18321238386746490031,262144 --enable-features=PdfUseShowSaveFilePicker --disable-features=SpareRendererForSitePerProcess,WinDelaySpellcheckServiceInit --variations-seed-version --mojo-platform-channel-handle=3260 /prefetch:1","localhost","a6f5a6ab-ff96-4694-8eba-443e2db15582","False","5dfef06f-16a0-454b-bcbd-3d8eb602e93b"
"2026-08-04T20:46:31.9012877+08:00","843.763","84256","79828","Resolve.exe","2026/8/4 20:46:01","67.484","2572.4","""C:\Program Files\Blackmagic Design\DaVinci Resolve\Resolve.exe"" ","localhost","a6f5a6ab-ff96-4694-8eba-443e2db15582","False","5dfef06f-16a0-454b-bcbd-3d8eb602e93b"
"2026-08-04T20:46:31.9012877+08:00","843.858","96016","84256","electron.exe","2026/8/4 20:46:17","0.781","106.2","""C:/Program Files/Blackmagic Design/DaVinci Resolve\Electron\electron.exe"" ""C:\ProgramData\Blackmagic Design\DaVinci Resolve\Support\Workflow Integration Plugins\com.wutpeach.clackly\workflow-plugin/main.js"" --plugin-id=com.wutpeach.clackly","localhost","a6f5a6ab-ff96-4694-8eba-443e2db15582","False","5dfef06f-16a0-454b-bcbd-3d8eb602e93b"
"2026-08-04T20:46:31.9012877+08:00","843.889","99072","96016","electron.exe","2026/8/4 20:46:17","1.281","112.3","""C:\Program Files\Blackmagic Design\DaVinci Resolve\Electron\electron.exe"" --type=gpu-process --user-data-dir=""C:\Users\Administrator\AppData\Roaming\Clackly Workflow Plugin"" --gpu-preferences=UAAAAAAAAADgAAAEAAAAAAAAAAAAAAAAAABgAAEAAAAAAAAAAAAAAAAAAAACAAAAAAAAAAAAAAAAAAAAAAAAABAAAAAAAAAAEAAAAAAAAAAIAAAAAAAAAAgAAAAAAAAA --field-trial-handle=2028,i,17482855028509734347,18321238386746490031,262144 --enable-features=PdfUseShowSaveFilePicker --disable-features=SpareRendererForSitePerProcess,WinDelaySpellcheckServiceInit --variations-seed-version --mojo-platform-channel-handle=2024 /prefetch:2","localhost","a6f5a6ab-ff96-4694-8eba-443e2db15582","False","5dfef06f-16a0-454b-bcbd-3d8eb602e93b"
"2026-08-04T20:46:31.9012877+08:00","843.916","71072","96016","electron.exe","2026/8/4 20:46:17","0.094","48.9","""C:\Program Files\Blackmagic Design\DaVinci Resolve\Electron\electron.exe"" --type=utility --utility-sub-type=network.mojom.NetworkService --lang=zh-CN --service-sandbox-type=none --user-data-dir=""C:\Users\Administrator\AppData\Roaming\Clackly Workflow Plugin"" --field-trial-handle=2028,i,17482855028509734347,18321238386746490031,262144 --enable-features=PdfUseShowSaveFilePicker --disable-features=SpareRendererForSitePerProcess,WinDelaySpellcheckServiceInit --variations-seed-version --mojo-platform-channel-handle=2288 /prefetch:11","localhost","a6f5a6ab-ff96-4694-8eba-443e2db15582","False","5dfef06f-16a0-454b-bcbd-3d8eb602e93b"
"2026-08-04T20:46:31.9012877+08:00","843.944","95128","96016","electron.exe","2026/8/4 20:46:17","0.203","87.6","""C:\Program Files\Blackmagic Design\DaVinci Resolve\Electron\electron.exe"" --type=renderer --user-data-dir=""C:\Users\Administrator\AppData\Roaming\Clackly Workflow Plugin"" --app-path=""C:\ProgramData\Blackmagic Design\DaVinci Resolve\Support\Workflow Integration Plugins\com.wutpeach.clackly\workflow-plugin"" --no-sandbox --no-zygote --video-capture-use-gpu-memory-buffer --lang=zh-CN --device-scale-factor=1 --num-raster-threads=4 --enable-main-frame-before-activation --renderer-client-id=4 --time-ticks-at-unix-epoch=-1783908253862340 --launch-time-ticks=1939323759056 --field-trial-handle=2028,i,17482855028509734347,18321238386746490031,262144 --enable-features=PdfUseShowSaveFilePicker --disable-features=SpareRendererForSitePerProcess,WinDelaySpellcheckServiceInit --variations-seed-version --mojo-platform-channel-handle=3260 /prefetch:1","localhost","a6f5a6ab-ff96-4694-8eba-443e2db15582","False","5dfef06f-16a0-454b-bcbd-3d8eb602e93b"
"2026-08-04T20:46:33.9073766+08:00","841.414","84256","79828","Resolve.exe","2026/8/4 20:46:01","69.859","2572.4","""C:\Program Files\Blackmagic Design\DaVinci Resolve\Resolve.exe"" ","localhost","a6f5a6ab-ff96-4694-8eba-443e2db15582","False","5dfef06f-16a0-454b-bcbd-3d8eb602e93b"
"2026-08-04T20:46:33.9073766+08:00","841.506","96016","84256","electron.exe","2026/8/4 20:46:17","0.781","106.2","""C:/Program Files/Blackmagic Design/DaVinci Resolve\Electron\electron.exe"" ""C:\ProgramData\Blackmagic Design\DaVinci Resolve\Support\Workflow Integration Plugins\com.wutpeach.clackly\workflow-plugin/main.js"" --plugin-id=com.wutpeach.clackly","localhost","a6f5a6ab-ff96-4694-8eba-443e2db15582","False","5dfef06f-16a0-454b-bcbd-3d8eb602e93b"
"2026-08-04T20:46:33.9073766+08:00","841.534","99072","96016","electron.exe","2026/8/4 20:46:17","1.281","112.3","""C:\Program Files\Blackmagic Design\DaVinci Resolve\Electron\electron.exe"" --type=gpu-process --user-data-dir=""C:\Users\Administrator\AppData\Roaming\Clackly Workflow Plugin"" --gpu-preferences=UAAAAAAAAADgAAAEAAAAAAAAAAAAAAAAAABgAAEAAAAAAAAAAAAAAAAAAAACAAAAAAAAAAAAAAAAAAAAAAAAABAAAAAAAAAAEAAAAAAAAAAIAAAAAAAAAAgAAAAAAAAA --field-trial-handle=2028,i,17482855028509734347,18321238386746490031,262144 --enable-features=PdfUseShowSaveFilePicker --disable-features=SpareRendererForSitePerProcess,WinDelaySpellcheckServiceInit --variations-seed-version --mojo-platform-channel-handle=2024 /prefetch:2","localhost","a6f5a6ab-ff96-4694-8eba-443e2db15582","False","5dfef06f-16a0-454b-bcbd-3d8eb602e93b"
"2026-08-04T20:46:33.9073766+08:00","841.562","71072","96016","electron.exe","2026/8/4 20:46:17","0.094","48.9","""C:\Program Files\Blackmagic Design\DaVinci Resolve\Electron\electron.exe"" --type=utility --utility-sub-type=network.mojom.NetworkService --lang=zh-CN --service-sandbox-type=none --user-data-dir=""C:\Users\Administrator\AppData\Roaming\Clackly Workflow Plugin"" --field-trial-handle=2028,i,17482855028509734347,18321238386746490031,262144 --enable-features=PdfUseShowSaveFilePicker --disable-features=SpareRendererForSitePerProcess,WinDelaySpellcheckServiceInit --variations-seed-version --mojo-platform-channel-handle=2288 /prefetch:11","localhost","a6f5a6ab-ff96-4694-8eba-443e2db15582","False","5dfef06f-16a0-454b-bcbd-3d8eb602e93b"
"2026-08-04T20:46:33.9073766+08:00","841.588","95128","96016","electron.exe","2026/8/4 20:46:17","0.203","87.6","""C:\Program Files\Blackmagic Design\DaVinci Resolve\Electron\electron.exe"" --type=renderer --user-data-dir=""C:\Users\Administrator\AppData\Roaming\Clackly Workflow Plugin"" --app-path=""C:\ProgramData\Blackmagic Design\DaVinci Resolve\Support\Workflow Integration Plugins\com.wutpeach.clackly\workflow-plugin"" --no-sandbox --no-zygote --video-capture-use-gpu-memory-buffer --lang=zh-CN --device-scale-factor=1 --num-raster-threads=4 --enable-main-frame-before-activation --renderer-client-id=4 --time-ticks-at-unix-epoch=-1783908253862340 --launch-time-ticks=1939323759056 --field-trial-handle=2028,i,17482855028509734347,18321238386746490031,262144 --enable-features=PdfUseShowSaveFilePicker --disable-features=SpareRendererForSitePerProcess,WinDelaySpellcheckServiceInit --variations-seed-version --mojo-platform-channel-handle=3260 /prefetch:1","localhost","a6f5a6ab-ff96-4694-8eba-443e2db15582","False","5dfef06f-16a0-454b-bcbd-3d8eb602e93b"
"2026-08-04T20:46:35.9142771+08:00","810.471","84256","79828","Resolve.exe","2026/8/4 20:46:01","71.953","2570.8","""C:\Program Files\Blackmagic Design\DaVinci Resolve\Resolve.exe"" ","localhost","a6f5a6ab-ff96-4694-8eba-443e2db15582","False","5dfef06f-16a0-454b-bcbd-3d8eb602e93b"
"2026-08-04T20:46:35.9142771+08:00","810.576","96016","84256","electron.exe","2026/8/4 20:46:17","0.781","106.2","""C:/Program Files/Blackmagic Design/DaVinci Resolve\Electron\electron.exe"" ""C:\ProgramData\Blackmagic Design\DaVinci Resolve\Support\Workflow Integration Plugins\com.wutpeach.clackly\workflow-plugin/main.js"" --plugin-id=com.wutpeach.clackly","localhost","a6f5a6ab-ff96-4694-8eba-443e2db15582","False","5dfef06f-16a0-454b-bcbd-3d8eb602e93b"
"2026-08-04T20:46:35.9142771+08:00","810.608","99072","96016","electron.exe","2026/8/4 20:46:17","1.281","112.3","""C:\Program Files\Blackmagic Design\DaVinci Resolve\Electron\electron.exe"" --type=gpu-process --user-data-dir=""C:\Users\Administrator\AppData\Roaming\Clackly Workflow Plugin"" --gpu-preferences=UAAAAAAAAADgAAAEAAAAAAAAAAAAAAAAAABgAAEAAAAAAAAAAAAAAAAAAAACAAAAAAAAAAAAAAAAAAAAAAAAABAAAAAAAAAAEAAAAAAAAAAIAAAAAAAAAAgAAAAAAAAA --field-trial-handle=2028,i,17482855028509734347,18321238386746490031,262144 --enable-features=PdfUseShowSaveFilePicker --disable-features=SpareRendererForSitePerProcess,WinDelaySpellcheckServiceInit --variations-seed-version --mojo-platform-channel-handle=2024 /prefetch:2","localhost","a6f5a6ab-ff96-4694-8eba-443e2db15582","False","5dfef06f-16a0-454b-bcbd-3d8eb602e93b"
"2026-08-04T20:46:35.9142771+08:00","810.636","71072","96016","electron.exe","2026/8/4 20:46:17","0.094","48.9","""C:\Program Files\Blackmagic Design\DaVinci Resolve\Electron\electron.exe"" --type=utility --utility-sub-type=network.mojom.NetworkService --lang=zh-CN --service-sandbox-type=none --user-data-dir=""C:\Users\Administrator\AppData\Roaming\Clackly Workflow Plugin"" --field-trial-handle=2028,i,17482855028509734347,18321238386746490031,262144 --enable-features=PdfUseShowSaveFilePicker --disable-features=SpareRendererForSitePerProcess,WinDelaySpellcheckServiceInit --variations-seed-version --mojo-platform-channel-handle=2288 /prefetch:11","localhost","a6f5a6ab-ff96-4694-8eba-443e2db15582","False","5dfef06f-16a0-454b-bcbd-3d8eb602e93b"
"2026-08-04T20:46:35.9142771+08:00","810.663","95128","96016","electron.exe","2026/8/4 20:46:17","0.203","87.6","""C:\Program Files\Blackmagic Design\DaVinci Resolve\Electron\electron.exe"" --type=renderer --user-data-dir=""C:\Users\Administrator\AppData\Roaming\Clackly Workflow Plugin"" --app-path=""C:\ProgramData\Blackmagic Design\DaVinci Resolve\Support\Workflow Integration Plugins\com.wutpeach.clackly\workflow-plugin"" --no-sandbox --no-zygote --video-capture-use-gpu-memory-buffer --lang=zh-CN --device-scale-factor=1 --num-raster-threads=4 --enable-main-frame-before-activation --renderer-client-id=4 --time-ticks-at-unix-epoch=-1783908253862340 --launch-time-ticks=1939323759056 --field-trial-handle=2028,i,17482855028509734347,18321238386746490031,262144 --enable-features=PdfUseShowSaveFilePicker --disable-features=SpareRendererForSitePerProcess,WinDelaySpellcheckServiceInit --variations-seed-version --mojo-platform-channel-handle=3260 /prefetch:1","localhost","a6f5a6ab-ff96-4694-8eba-443e2db15582","False","5dfef06f-16a0-454b-bcbd-3d8eb602e93b"
"2026-08-04T20:46:37.9164748+08:00","814.046","84256","79828","Resolve.exe","2026/8/4 20:46:01","74.016","2507","""C:\Program Files\Blackmagic Design\DaVinci Resolve\Resolve.exe"" ","localhost","a6f5a6ab-ff96-4694-8eba-443e2db15582","False","5dfef06f-16a0-454b-bcbd-3d8eb602e93b"
"2026-08-04T20:46:37.9164748+08:00","814.132","96016","84256","electron.exe","2026/8/4 20:46:17","0.781","106.2","""C:/Program Files/Blackmagic Design/DaVinci Resolve\Electron\electron.exe"" ""C:\ProgramData\Blackmagic Design\DaVinci Resolve\Support\Workflow Integration Plugins\com.wutpeach.clackly\workflow-plugin/main.js"" --plugin-id=com.wutpeach.clackly","localhost","a6f5a6ab-ff96-4694-8eba-443e2db15582","False","5dfef06f-16a0-454b-bcbd-3d8eb602e93b"
"2026-08-04T20:46:37.9164748+08:00","814.161","99072","96016","electron.exe","2026/8/4 20:46:17","1.281","112.3","""C:\Program Files\Blackmagic Design\DaVinci Resolve\Electron\electron.exe"" --type=gpu-process --user-data-dir=""C:\Users\Administrator\AppData\Roaming\Clackly Workflow Plugin"" --gpu-preferences=UAAAAAAAAADgAAAEAAAAAAAAAAAAAAAAAABgAAEAAAAAAAAAAAAAAAAAAAACAAAAAAAAAAAAAAAAAAAAAAAAABAAAAAAAAAAEAAAAAAAAAAIAAAAAAAAAAgAAAAAAAAA --field-trial-handle=2028,i,17482855028509734347,18321238386746490031,262144 --enable-features=PdfUseShowSaveFilePicker --disable-features=SpareRendererForSitePerProcess,WinDelaySpellcheckServiceInit --variations-seed-version --mojo-platform-channel-handle=2024 /prefetch:2","localhost","a6f5a6ab-ff96-4694-8eba-443e2db15582","False","5dfef06f-16a0-454b-bcbd-3d8eb602e93b"
"2026-08-04T20:46:37.9164748+08:00","814.188","71072","96016","electron.exe","2026/8/4 20:46:17","0.094","48.9","""C:\Program Files\Blackmagic Design\DaVinci Resolve\Electron\electron.exe"" --type=utility --utility-sub-type=network.mojom.NetworkService --lang=zh-CN --service-sandbox-type=none --user-data-dir=""C:\Users\Administrator\AppData\Roaming\Clackly Workflow Plugin"" --field-trial-handle=2028,i,17482855028509734347,18321238386746490031,262144 --enable-features=PdfUseShowSaveFilePicker --disable-features=SpareRendererForSitePerProcess,WinDelaySpellcheckServiceInit --variations-seed-version --mojo-platform-channel-handle=2288 /prefetch:11","localhost","a6f5a6ab-ff96-4694-8eba-443e2db15582","False","5dfef06f-16a0-454b-bcbd-3d8eb602e93b"
"2026-08-04T20:46:37.9164748+08:00","814.227","95128","96016","electron.exe","2026/8/4 20:46:17","0.203","87.6","""C:\Program Files\Blackmagic Design\DaVinci Resolve\Electron\electron.exe"" --type=renderer --user-data-dir=""C:\Users\Administrator\AppData\Roaming\Clackly Workflow Plugin"" --app-path=""C:\ProgramData\Blackmagic Design\DaVinci Resolve\Support\Workflow Integration Plugins\com.wutpeach.clackly\workflow-plugin"" --no-sandbox --no-zygote --video-capture-use-gpu-memory-buffer --lang=zh-CN --device-scale-factor=1 --num-raster-threads=4 --enable-main-frame-before-activation --renderer-client-id=4 --time-ticks-at-unix-epoch=-1783908253862340 --launch-time-ticks=1939323759056 --field-trial-handle=2028,i,17482855028509734347,18321238386746490031,262144 --enable-features=PdfUseShowSaveFilePicker --disable-features=SpareRendererForSitePerProcess,WinDelaySpellcheckServiceInit --variations-seed-version --mojo-platform-channel-handle=3260 /prefetch:1","localhost","a6f5a6ab-ff96-4694-8eba-443e2db15582","False","5dfef06f-16a0-454b-bcbd-3d8eb602e93b"
"2026-08-04T20:46:39.9173538+08:00","838.432","84256","79828","Resolve.exe","2026/8/4 20:46:01","76.047","2507","""C:\Program Files\Blackmagic Design\DaVinci Resolve\Resolve.exe"" ","localhost","a6f5a6ab-ff96-4694-8eba-443e2db15582","False","5dfef06f-16a0-454b-bcbd-3d8eb602e93b"
"2026-08-04T20:46:39.9173538+08:00","838.526","96016","84256","electron.exe","2026/8/4 20:46:17","0.781","106.2","""C:/Program Files/Blackmagic Design/DaVinci Resolve\Electron\electron.exe"" ""C:\ProgramData\Blackmagic Design\DaVinci Resolve\Support\Workflow Integration Plugins\com.wutpeach.clackly\workflow-plugin/main.js"" --plugin-id=com.wutpeach.clackly","localhost","a6f5a6ab-ff96-4694-8eba-443e2db15582","False","5dfef06f-16a0-454b-bcbd-3d8eb602e93b"
"2026-08-04T20:46:39.9173538+08:00","838.557","99072","96016","electron.exe","2026/8/4 20:46:17","1.281","112.3","""C:\Program Files\Blackmagic Design\DaVinci Resolve\Electron\electron.exe"" --type=gpu-process --user-data-dir=""C:\Users\Administrator\AppData\Roaming\Clackly Workflow Plugin"" --gpu-preferences=UAAAAAAAAADgAAAEAAAAAAAAAAAAAAAAAABgAAEAAAAAAAAAAAAAAAAAAAACAAAAAAAAAAAAAAAAAAAAAAAAABAAAAAAAAAAEAAAAAAAAAAIAAAAAAAAAAgAAAAAAAAA --field-trial-handle=2028,i,17482855028509734347,18321238386746490031,262144 --enable-features=PdfUseShowSaveFilePicker --disable-features=SpareRendererForSitePerProcess,WinDelaySpellcheckServiceInit --variations-seed-version --mojo-platform-channel-handle=2024 /prefetch:2","localhost","a6f5a6ab-ff96-4694-8eba-443e2db15582","False","5dfef06f-16a0-454b-bcbd-3d8eb602e93b"
"2026-08-04T20:46:39.9173538+08:00","838.582","71072","96016","electron.exe","2026/8/4 20:46:17","0.094","48.9","""C:\Program Files\Blackmagic Design\DaVinci Resolve\Electron\electron.exe"" --type=utility --utility-sub-type=network.mojom.NetworkService --lang=zh-CN --service-sandbox-type=none --user-data-dir=""C:\Users\Administrator\AppData\Roaming\Clackly Workflow Plugin"" --field-trial-handle=2028,i,17482855028509734347,18321238386746490031,262144 --enable-features=PdfUseShowSaveFilePicker --disable-features=SpareRendererForSitePerProcess,WinDelaySpellcheckServiceInit --variations-seed-version --mojo-platform-channel-handle=2288 /prefetch:11","localhost","a6f5a6ab-ff96-4694-8eba-443e2db15582","False","5dfef06f-16a0-454b-bcbd-3d8eb602e93b"
"2026-08-04T20:46:39.9173538+08:00","838.607","95128","96016","electron.exe","2026/8/4 20:46:17","0.203","87.6","""C:\Program Files\Blackmagic Design\DaVinci Resolve\Electron\electron.exe"" --type=renderer --user-data-dir=""C:\Users\Administrator\AppData\Roaming\Clackly Workflow Plugin"" --app-path=""C:\ProgramData\Blackmagic Design\DaVinci Resolve\Support\Workflow Integration Plugins\com.wutpeach.clackly\workflow-plugin"" --no-sandbox --no-zygote --video-capture-use-gpu-memory-buffer --lang=zh-CN --device-scale-factor=1 --num-raster-threads=4 --enable-main-frame-before-activation --renderer-client-id=4 --time-ticks-at-unix-epoch=-1783908253862340 --launch-time-ticks=1939323759056 --field-trial-handle=2028,i,17482855028509734347,18321238386746490031,262144 --enable-features=PdfUseShowSaveFilePicker --disable-features=SpareRendererForSitePerProcess,WinDelaySpellcheckServiceInit --variations-seed-version --mojo-platform-channel-handle=3260 /prefetch:1","localhost","a6f5a6ab-ff96-4694-8eba-443e2db15582","False","5dfef06f-16a0-454b-bcbd-3d8eb602e93b"
"2026-08-04T20:46:41.9294828+08:00","925.252","84256","79828","Resolve.exe","2026/8/4 20:46:01","78.266","2506.9","""C:\Program Files\Blackmagic Design\DaVinci Resolve\Resolve.exe"" ","localhost","a6f5a6ab-ff96-4694-8eba-443e2db15582","False","5dfef06f-16a0-454b-bcbd-3d8eb602e93b"
"2026-08-04T20:46:41.9294828+08:00","925.334","96016","84256","electron.exe","2026/8/4 20:46:17","0.781","106.2","""C:/Program Files/Blackmagic Design/DaVinci Resolve\Electron\electron.exe"" ""C:\ProgramData\Blackmagic Design\DaVinci Resolve\Support\Workflow Integration Plugins\com.wutpeach.clackly\workflow-plugin/main.js"" --plugin-id=com.wutpeach.clackly","localhost","a6f5a6ab-ff96-4694-8eba-443e2db15582","False","5dfef06f-16a0-454b-bcbd-3d8eb602e93b"
"2026-08-04T20:46:41.9294828+08:00","925.362","99072","96016","electron.exe","2026/8/4 20:46:17","1.281","112.3","""C:\Program Files\Blackmagic Design\DaVinci Resolve\Electron\electron.exe"" --type=gpu-process --user-data-dir=""C:\Users\Administrator\AppData\Roaming\Clackly Workflow Plugin"" --gpu-preferences=UAAAAAAAAADgAAAEAAAAAAAAAAAAAAAAAABgAAEAAAAAAAAAAAAAAAAAAAACAAAAAAAAAAAAAAAAAAAAAAAAABAAAAAAAAAAEAAAAAAAAAAIAAAAAAAAAAgAAAAAAAAA --field-trial-handle=2028,i,17482855028509734347,18321238386746490031,262144 --enable-features=PdfUseShowSaveFilePicker --disable-features=SpareRendererForSitePerProcess,WinDelaySpellcheckServiceInit --variations-seed-version --mojo-platform-channel-handle=2024 /prefetch:2","localhost","a6f5a6ab-ff96-4694-8eba-443e2db15582","False","5dfef06f-16a0-454b-bcbd-3d8eb602e93b"
"2026-08-04T20:46:41.9294828+08:00","925.388","71072","96016","electron.exe","2026/8/4 20:46:17","0.094","48.9","""C:\Program Files\Blackmagic Design\DaVinci Resolve\Electron\electron.exe"" --type=utility --utility-sub-type=network.mojom.NetworkService --lang=zh-CN --service-sandbox-type=none --user-data-dir=""C:\Users\Administrator\AppData\Roaming\Clackly Workflow Plugin"" --field-trial-handle=2028,i,17482855028509734347,18321238386746490031,262144 --enable-features=PdfUseShowSaveFilePicker --disable-features=SpareRendererForSitePerProcess,WinDelaySpellcheckServiceInit --variations-seed-version --mojo-platform-channel-handle=2288 /prefetch:11","localhost","a6f5a6ab-ff96-4694-8eba-443e2db15582","False","5dfef06f-16a0-454b-bcbd-3d8eb602e93b"
"2026-08-04T20:46:41.9294828+08:00","925.412","95128","96016","electron.exe","2026/8/4 20:46:17","0.203","87.6","""C:\Program Files\Blackmagic Design\DaVinci Resolve\Electron\electron.exe"" --type=renderer --user-data-dir=""C:\Users\Administrator\AppData\Roaming\Clackly Workflow Plugin"" --app-path=""C:\ProgramData\Blackmagic Design\DaVinci Resolve\Support\Workflow Integration Plugins\com.wutpeach.clackly\workflow-plugin"" --no-sandbox --no-zygote --video-capture-use-gpu-memory-buffer --lang=zh-CN --device-scale-factor=1 --num-raster-threads=4 --enable-main-frame-before-activation --renderer-client-id=4 --time-ticks-at-unix-epoch=-1783908253862340 --launch-time-ticks=1939323759056 --field-trial-handle=2028,i,17482855028509734347,18321238386746490031,262144 --enable-features=PdfUseShowSaveFilePicker --disable-features=SpareRendererForSitePerProcess,WinDelaySpellcheckServiceInit --variations-seed-version --mojo-platform-channel-handle=3260 /prefetch:1","localhost","a6f5a6ab-ff96-4694-8eba-443e2db15582","False","5dfef06f-16a0-454b-bcbd-3d8eb602e93b"
"2026-08-04T20:46:43.9418737+08:00","825.782","84256","79828","Resolve.exe","2026/8/4 20:46:01","80.609","2506.9","""C:\Program Files\Blackmagic Design\DaVinci Resolve\Resolve.exe"" ","localhost","a6f5a6ab-ff96-4694-8eba-443e2db15582","False","5dfef06f-16a0-454b-bcbd-3d8eb602e93b"
"2026-08-04T20:46:43.9418737+08:00","825.925","96016","84256","electron.exe","2026/8/4 20:46:17","0.797","106.2","""C:/Program Files/Blackmagic Design/DaVinci Resolve\Electron\electron.exe"" ""C:\ProgramData\Blackmagic Design\DaVinci Resolve\Support\Workflow Integration Plugins\com.wutpeach.clackly\workflow-plugin/main.js"" --plugin-id=com.wutpeach.clackly","localhost","a6f5a6ab-ff96-4694-8eba-443e2db15582","False","5dfef06f-16a0-454b-bcbd-3d8eb602e93b"
"2026-08-04T20:46:43.9418737+08:00","825.964","99072","96016","electron.exe","2026/8/4 20:46:17","1.281","112.3","""C:\Program Files\Blackmagic Design\DaVinci Resolve\Electron\electron.exe"" --type=gpu-process --user-data-dir=""C:\Users\Administrator\AppData\Roaming\Clackly Workflow Plugin"" --gpu-preferences=UAAAAAAAAADgAAAEAAAAAAAAAAAAAAAAAABgAAEAAAAAAAAAAAAAAAAAAAACAAAAAAAAAAAAAAAAAAAAAAAAABAAAAAAAAAAEAAAAAAAAAAIAAAAAAAAAAgAAAAAAAAA --field-trial-handle=2028,i,17482855028509734347,18321238386746490031,262144 --enable-features=PdfUseShowSaveFilePicker --disable-features=SpareRendererForSitePerProcess,WinDelaySpellcheckServiceInit --variations-seed-version --mojo-platform-channel-handle=2024 /prefetch:2","localhost","a6f5a6ab-ff96-4694-8eba-443e2db15582","False","5dfef06f-16a0-454b-bcbd-3d8eb602e93b"
"2026-08-04T20:46:43.9418737+08:00","825.99","71072","96016","electron.exe","2026/8/4 20:46:17","0.094","48.9","""C:\Program Files\Blackmagic Design\DaVinci Resolve\Electron\electron.exe"" --type=utility --utility-sub-type=network.mojom.NetworkService --lang=zh-CN --service-sandbox-type=none --user-data-dir=""C:\Users\Administrator\AppData\Roaming\Clackly Workflow Plugin"" --field-trial-handle=2028,i,17482855028509734347,18321238386746490031,262144 --enable-features=PdfUseShowSaveFilePicker --disable-features=SpareRendererForSitePerProcess,WinDelaySpellcheckServiceInit --variations-seed-version --mojo-platform-channel-handle=2288 /prefetch:11","localhost","a6f5a6ab-ff96-4694-8eba-443e2db15582","False","5dfef06f-16a0-454b-bcbd-3d8eb602e93b"
"2026-08-04T20:46:43.9418737+08:00","826.017","95128","96016","electron.exe","2026/8/4 20:46:17","0.203","87.6","""C:\Program Files\Blackmagic Design\DaVinci Resolve\Electron\electron.exe"" --type=renderer --user-data-dir=""C:\Users\Administrator\AppData\Roaming\Clackly Workflow Plugin"" --app-path=""C:\ProgramData\Blackmagic Design\DaVinci Resolve\Support\Workflow Integration Plugins\com.wutpeach.clackly\workflow-plugin"" --no-sandbox --no-zygote --video-capture-use-gpu-memory-buffer --lang=zh-CN --device-scale-factor=1 --num-raster-threads=4 --enable-main-frame-before-activation --renderer-client-id=4 --time-ticks-at-unix-epoch=-1783908253862340 --launch-time-ticks=1939323759056 --field-trial-handle=2028,i,17482855028509734347,18321238386746490031,262144 --enable-features=PdfUseShowSaveFilePicker --disable-features=SpareRendererForSitePerProcess,WinDelaySpellcheckServiceInit --variations-seed-version --mojo-platform-channel-handle=3260 /prefetch:1","localhost","a6f5a6ab-ff96-4694-8eba-443e2db15582","False","5dfef06f-16a0-454b-bcbd-3d8eb602e93b"
"2026-08-04T20:46:45.9422446+08:00","814.76","84256","79828","Resolve.exe","2026/8/4 20:46:01","82.812","2506.4","""C:\Program Files\Blackmagic Design\DaVinci Resolve\Resolve.exe"" ","localhost","a6f5a6ab-ff96-4694-8eba-443e2db15582","False","5dfef06f-16a0-454b-bcbd-3d8eb602e93b"
"2026-08-04T20:46:45.9422446+08:00","814.846","96016","84256","electron.exe","2026/8/4 20:46:17","0.797","106.2","""C:/Program Files/Blackmagic Design/DaVinci Resolve\Electron\electron.exe"" ""C:\ProgramData\Blackmagic Design\DaVinci Resolve\Support\Workflow Integration Plugins\com.wutpeach.clackly\workflow-plugin/main.js"" --plugin-id=com.wutpeach.clackly","localhost","a6f5a6ab-ff96-4694-8eba-443e2db15582","False","5dfef06f-16a0-454b-bcbd-3d8eb602e93b"
"2026-08-04T20:46:45.9422446+08:00","814.874","99072","96016","electron.exe","2026/8/4 20:46:17","1.281","112.3","""C:\Program Files\Blackmagic Design\DaVinci Resolve\Electron\electron.exe"" --type=gpu-process --user-data-dir=""C:\Users\Administrator\AppData\Roaming\Clackly Workflow Plugin"" --gpu-preferences=UAAAAAAAAADgAAAEAAAAAAAAAAAAAAAAAABgAAEAAAAAAAAAAAAAAAAAAAACAAAAAAAAAAAAAAAAAAAAAAAAABAAAAAAAAAAEAAAAAAAAAAIAAAAAAAAAAgAAAAAAAAA --field-trial-handle=2028,i,17482855028509734347,18321238386746490031,262144 --enable-features=PdfUseShowSaveFilePicker --disable-features=SpareRendererForSitePerProcess,WinDelaySpellcheckServiceInit --variations-seed-version --mojo-platform-channel-handle=2024 /prefetch:2","localhost","a6f5a6ab-ff96-4694-8eba-443e2db15582","False","5dfef06f-16a0-454b-bcbd-3d8eb602e93b"
"2026-08-04T20:46:45.9422446+08:00","814.9","71072","96016","electron.exe","2026/8/4 20:46:17","0.094","48.9","""C:\Program Files\Blackmagic Design\DaVinci Resolve\Electron\electron.exe"" --type=utility --utility-sub-type=network.mojom.NetworkService --lang=zh-CN --service-sandbox-type=none --user-data-dir=""C:\Users\Administrator\AppData\Roaming\Clackly Workflow Plugin"" --field-trial-handle=2028,i,17482855028509734347,18321238386746490031,262144 --enable-features=PdfUseShowSaveFilePicker --disable-features=SpareRendererForSitePerProcess,WinDelaySpellcheckServiceInit --variations-seed-version --mojo-platform-channel-handle=2288 /prefetch:11","localhost","a6f5a6ab-ff96-4694-8eba-443e2db15582","False","5dfef06f-16a0-454b-bcbd-3d8eb602e93b"
"2026-08-04T20:46:45.9422446+08:00","814.927","95128","96016","electron.exe","2026/8/4 20:46:17","0.203","87.6","""C:\Program Files\Blackmagic Design\DaVinci Resolve\Electron\electron.exe"" --type=renderer --user-data-dir=""C:\Users\Administrator\AppData\Roaming\Clackly Workflow Plugin"" --app-path=""C:\ProgramData\Blackmagic Design\DaVinci Resolve\Support\Workflow Integration Plugins\com.wutpeach.clackly\workflow-plugin"" --no-sandbox --no-zygote --video-capture-use-gpu-memory-buffer --lang=zh-CN --device-scale-factor=1 --num-raster-threads=4 --enable-main-frame-before-activation --renderer-client-id=4 --time-ticks-at-unix-epoch=-1783908253862340 --launch-time-ticks=1939323759056 --field-trial-handle=2028,i,17482855028509734347,18321238386746490031,262144 --enable-features=PdfUseShowSaveFilePicker --disable-features=SpareRendererForSitePerProcess,WinDelaySpellcheckServiceInit --variations-seed-version --mojo-platform-channel-handle=3260 /prefetch:1","localhost","a6f5a6ab-ff96-4694-8eba-443e2db15582","False","5dfef06f-16a0-454b-bcbd-3d8eb602e93b"
"2026-08-04T20:46:47.9489162+08:00","971.271","84256","79828","Resolve.exe","2026/8/4 20:46:01","85.203","2506.3","""C:\Program Files\Blackmagic Design\DaVinci Resolve\Resolve.exe"" ","localhost","a6f5a6ab-ff96-4694-8eba-443e2db15582","False","5dfef06f-16a0-454b-bcbd-3d8eb602e93b"
"2026-08-04T20:46:47.9489162+08:00","971.35","96016","84256","electron.exe","2026/8/4 20:46:17","0.797","106.2","""C:/Program Files/Blackmagic Design/DaVinci Resolve\Electron\electron.exe"" ""C:\ProgramData\Blackmagic Design\DaVinci Resolve\Support\Workflow Integration Plugins\com.wutpeach.clackly\workflow-plugin/main.js"" --plugin-id=com.wutpeach.clackly","localhost","a6f5a6ab-ff96-4694-8eba-443e2db15582","False","5dfef06f-16a0-454b-bcbd-3d8eb602e93b"
"2026-08-04T20:46:47.9489162+08:00","971.381","99072","96016","electron.exe","2026/8/4 20:46:17","1.281","112.3","""C:\Program Files\Blackmagic Design\DaVinci Resolve\Electron\electron.exe"" --type=gpu-process --user-data-dir=""C:\Users\Administrator\AppData\Roaming\Clackly Workflow Plugin"" --gpu-preferences=UAAAAAAAAADgAAAEAAAAAAAAAAAAAAAAAABgAAEAAAAAAAAAAAAAAAAAAAACAAAAAAAAAAAAAAAAAAAAAAAAABAAAAAAAAAAEAAAAAAAAAAIAAAAAAAAAAgAAAAAAAAA --field-trial-handle=2028,i,17482855028509734347,18321238386746490031,262144 --enable-features=PdfUseShowSaveFilePicker --disable-features=SpareRendererForSitePerProcess,WinDelaySpellcheckServiceInit --variations-seed-version --mojo-platform-channel-handle=2024 /prefetch:2","localhost","a6f5a6ab-ff96-4694-8eba-443e2db15582","False","5dfef06f-16a0-454b-bcbd-3d8eb602e93b"
"2026-08-04T20:46:47.9489162+08:00","971.409","71072","96016","electron.exe","2026/8/4 20:46:17","0.094","48.9","""C:\Program Files\Blackmagic Design\DaVinci Resolve\Electron\electron.exe"" --type=utility --utility-sub-type=network.mojom.NetworkService --lang=zh-CN --service-sandbox-type=none --user-data-dir=""C:\Users\Administrator\AppData\Roaming\Clackly Workflow Plugin"" --field-trial-handle=2028,i,17482855028509734347,18321238386746490031,262144 --enable-features=PdfUseShowSaveFilePicker --disable-features=SpareRendererForSitePerProcess,WinDelaySpellcheckServiceInit --variations-seed-version --mojo-platform-channel-handle=2288 /prefetch:11","localhost","a6f5a6ab-ff96-4694-8eba-443e2db15582","False","5dfef06f-16a0-454b-bcbd-3d8eb602e93b"
"2026-08-04T20:46:47.9489162+08:00","971.438","95128","96016","electron.exe","2026/8/4 20:46:17","0.219","87.8","""C:\Program Files\Blackmagic Design\DaVinci Resolve\Electron\electron.exe"" --type=renderer --user-data-dir=""C:\Users\Administrator\AppData\Roaming\Clackly Workflow Plugin"" --app-path=""C:\ProgramData\Blackmagic Design\DaVinci Resolve\Support\Workflow Integration Plugins\com.wutpeach.clackly\workflow-plugin"" --no-sandbox --no-zygote --video-capture-use-gpu-memory-buffer --lang=zh-CN --device-scale-factor=1 --num-raster-threads=4 --enable-main-frame-before-activation --renderer-client-id=4 --time-ticks-at-unix-epoch=-1783908253862340 --launch-time-ticks=1939323759056 --field-trial-handle=2028,i,17482855028509734347,18321238386746490031,262144 --enable-features=PdfUseShowSaveFilePicker --disable-features=SpareRendererForSitePerProcess,WinDelaySpellcheckServiceInit --variations-seed-version --mojo-platform-channel-handle=3260 /prefetch:1","localhost","a6f5a6ab-ff96-4694-8eba-443e2db15582","False","5dfef06f-16a0-454b-bcbd-3d8eb602e93b"
"2026-08-04T20:46:49.9509817+08:00","801.096","84256","79828","Resolve.exe","2026/8/4 20:46:01","87.266","2506.3","""C:\Program Files\Blackmagic Design\DaVinci Resolve\Resolve.exe"" ","localhost","a6f5a6ab-ff96-4694-8eba-443e2db15582","False","5dfef06f-16a0-454b-bcbd-3d8eb602e93b"
"2026-08-04T20:46:49.9509817+08:00","801.196","96016","84256","electron.exe","2026/8/4 20:46:17","0.797","106.2","""C:/Program Files/Blackmagic Design/DaVinci Resolve\Electron\electron.exe"" ""C:\ProgramData\Blackmagic Design\DaVinci Resolve\Support\Workflow Integration Plugins\com.wutpeach.clackly\workflow-plugin/main.js"" --plugin-id=com.wutpeach.clackly","localhost","a6f5a6ab-ff96-4694-8eba-443e2db15582","False","5dfef06f-16a0-454b-bcbd-3d8eb602e93b"
"2026-08-04T20:46:49.9509817+08:00","801.225","99072","96016","electron.exe","2026/8/4 20:46:17","1.297","112.3","""C:\Program Files\Blackmagic Design\DaVinci Resolve\Electron\electron.exe"" --type=gpu-process --user-data-dir=""C:\Users\Administrator\AppData\Roaming\Clackly Workflow Plugin"" --gpu-preferences=UAAAAAAAAADgAAAEAAAAAAAAAAAAAAAAAABgAAEAAAAAAAAAAAAAAAAAAAACAAAAAAAAAAAAAAAAAAAAAAAAABAAAAAAAAAAEAAAAAAAAAAIAAAAAAAAAAgAAAAAAAAA --field-trial-handle=2028,i,17482855028509734347,18321238386746490031,262144 --enable-features=PdfUseShowSaveFilePicker --disable-features=SpareRendererForSitePerProcess,WinDelaySpellcheckServiceInit --variations-seed-version --mojo-platform-channel-handle=2024 /prefetch:2","localhost","a6f5a6ab-ff96-4694-8eba-443e2db15582","False","5dfef06f-16a0-454b-bcbd-3d8eb602e93b"
"2026-08-04T20:46:49.9509817+08:00","801.256","71072","96016","electron.exe","2026/8/4 20:46:17","0.094","48.9","""C:\Program Files\Blackmagic Design\DaVinci Resolve\Electron\electron.exe"" --type=utility --utility-sub-type=network.mojom.NetworkService --lang=zh-CN --service-sandbox-type=none --user-data-dir=""C:\Users\Administrator\AppData\Roaming\Clackly Workflow Plugin"" --field-trial-handle=2028,i,17482855028509734347,18321238386746490031,262144 --enable-features=PdfUseShowSaveFilePicker --disable-features=SpareRendererForSitePerProcess,WinDelaySpellcheckServiceInit --variations-seed-version --mojo-platform-channel-handle=2288 /prefetch:11","localhost","a6f5a6ab-ff96-4694-8eba-443e2db15582","False","5dfef06f-16a0-454b-bcbd-3d8eb602e93b"
"2026-08-04T20:46:49.9509817+08:00","801.284","95128","96016","electron.exe","2026/8/4 20:46:17","0.219","87.8","""C:\Program Files\Blackmagic Design\DaVinci Resolve\Electron\electron.exe"" --type=renderer --user-data-dir=""C:\Users\Administrator\AppData\Roaming\Clackly Workflow Plugin"" --app-path=""C:\ProgramData\Blackmagic Design\DaVinci Resolve\Support\Workflow Integration Plugins\com.wutpeach.clackly\workflow-plugin"" --no-sandbox --no-zygote --video-capture-use-gpu-memory-buffer --lang=zh-CN --device-scale-factor=1 --num-raster-threads=4 --enable-main-frame-before-activation --renderer-client-id=4 --time-ticks-at-unix-epoch=-1783908253862340 --launch-time-ticks=1939323759056 --field-trial-handle=2028,i,17482855028509734347,18321238386746490031,262144 --enable-features=PdfUseShowSaveFilePicker --disable-features=SpareRendererForSitePerProcess,WinDelaySpellcheckServiceInit --variations-seed-version --mojo-platform-channel-handle=3260 /prefetch:1","localhost","a6f5a6ab-ff96-4694-8eba-443e2db15582","False","5dfef06f-16a0-454b-bcbd-3d8eb602e93b"
"2026-08-04T20:46:51.9615375+08:00","818.945","84256","79828","Resolve.exe","2026/8/4 20:46:01","89.734","2506.3","""C:\Program Files\Blackmagic Design\DaVinci Resolve\Resolve.exe"" ","localhost","a6f5a6ab-ff96-4694-8eba-443e2db15582","False","5dfef06f-16a0-454b-bcbd-3d8eb602e93b"
"2026-08-04T20:46:51.9615375+08:00","819.027","96016","84256","electron.exe","2026/8/4 20:46:17","0.797","106.2","""C:/Program Files/Blackmagic Design/DaVinci Resolve\Electron\electron.exe"" ""C:\ProgramData\Blackmagic Design\DaVinci Resolve\Support\Workflow Integration Plugins\com.wutpeach.clackly\workflow-plugin/main.js"" --plugin-id=com.wutpeach.clackly","localhost","a6f5a6ab-ff96-4694-8eba-443e2db15582","False","5dfef06f-16a0-454b-bcbd-3d8eb602e93b"
"2026-08-04T20:46:51.9615375+08:00","819.072","99072","96016","electron.exe","2026/8/4 20:46:17","1.297","112.3","""C:\Program Files\Blackmagic Design\DaVinci Resolve\Electron\electron.exe"" --type=gpu-process --user-data-dir=""C:\Users\Administrator\AppData\Roaming\Clackly Workflow Plugin"" --gpu-preferences=UAAAAAAAAADgAAAEAAAAAAAAAAAAAAAAAABgAAEAAAAAAAAAAAAAAAAAAAACAAAAAAAAAAAAAAAAAAAAAAAAABAAAAAAAAAAEAAAAAAAAAAIAAAAAAAAAAgAAAAAAAAA --field-trial-handle=2028,i,17482855028509734347,18321238386746490031,262144 --enable-features=PdfUseShowSaveFilePicker --disable-features=SpareRendererForSitePerProcess,WinDelaySpellcheckServiceInit --variations-seed-version --mojo-platform-channel-handle=2024 /prefetch:2","localhost","a6f5a6ab-ff96-4694-8eba-443e2db15582","False","5dfef06f-16a0-454b-bcbd-3d8eb602e93b"
"2026-08-04T20:46:51.9615375+08:00","819.1","71072","96016","electron.exe","2026/8/4 20:46:17","0.094","48.9","""C:\Program Files\Blackmagic Design\DaVinci Resolve\Electron\electron.exe"" --type=utility --utility-sub-type=network.mojom.NetworkService --lang=zh-CN --service-sandbox-type=none --user-data-dir=""C:\Users\Administrator\AppData\Roaming\Clackly Workflow Plugin"" --field-trial-handle=2028,i,17482855028509734347,18321238386746490031,262144 --enable-features=PdfUseShowSaveFilePicker --disable-features=SpareRendererForSitePerProcess,WinDelaySpellcheckServiceInit --variations-seed-version --mojo-platform-channel-handle=2288 /prefetch:11","localhost","a6f5a6ab-ff96-4694-8eba-443e2db15582","False","5dfef06f-16a0-454b-bcbd-3d8eb602e93b"
"2026-08-04T20:46:51.9615375+08:00","819.126","95128","96016","electron.exe","2026/8/4 20:46:17","0.219","87.8","""C:\Program Files\Blackmagic Design\DaVinci Resolve\Electron\electron.exe"" --type=renderer --user-data-dir=""C:\Users\Administrator\AppData\Roaming\Clackly Workflow Plugin"" --app-path=""C:\ProgramData\Blackmagic Design\DaVinci Resolve\Support\Workflow Integration Plugins\com.wutpeach.clackly\workflow-plugin"" --no-sandbox --no-zygote --video-capture-use-gpu-memory-buffer --lang=zh-CN --device-scale-factor=1 --num-raster-threads=4 --enable-main-frame-before-activation --renderer-client-id=4 --time-ticks-at-unix-epoch=-1783908253862340 --launch-time-ticks=1939323759056 --field-trial-handle=2028,i,17482855028509734347,18321238386746490031,262144 --enable-features=PdfUseShowSaveFilePicker --disable-features=SpareRendererForSitePerProcess,WinDelaySpellcheckServiceInit --variations-seed-version --mojo-platform-channel-handle=3260 /prefetch:1","localhost","a6f5a6ab-ff96-4694-8eba-443e2db15582","False","5dfef06f-16a0-454b-bcbd-3d8eb602e93b"
"2026-08-04T20:46:53.9753815+08:00","837.803","84256","79828","Resolve.exe","2026/8/4 20:46:01","92.219","2506.3","""C:\Program Files\Blackmagic Design\DaVinci Resolve\Resolve.exe"" ","localhost","a6f5a6ab-ff96-4694-8eba-443e2db15582","False","5dfef06f-16a0-454b-bcbd-3d8eb602e93b"
"2026-08-04T20:46:53.9753815+08:00","837.881","96016","84256","electron.exe","2026/8/4 20:46:17","0.797","106.2","""C:/Program Files/Blackmagic Design/DaVinci Resolve\Electron\electron.exe"" ""C:\ProgramData\Blackmagic Design\DaVinci Resolve\Support\Workflow Integration Plugins\com.wutpeach.clackly\workflow-plugin/main.js"" --plugin-id=com.wutpeach.clackly","localhost","a6f5a6ab-ff96-4694-8eba-443e2db15582","False","5dfef06f-16a0-454b-bcbd-3d8eb602e93b"
"2026-08-04T20:46:53.9753815+08:00","837.909","99072","96016","electron.exe","2026/8/4 20:46:17","1.297","112.3","""C:\Program Files\Blackmagic Design\DaVinci Resolve\Electron\electron.exe"" --type=gpu-process --user-data-dir=""C:\Users\Administrator\AppData\Roaming\Clackly Workflow Plugin"" --gpu-preferences=UAAAAAAAAADgAAAEAAAAAAAAAAAAAAAAAABgAAEAAAAAAAAAAAAAAAAAAAACAAAAAAAAAAAAAAAAAAAAAAAAABAAAAAAAAAAEAAAAAAAAAAIAAAAAAAAAAgAAAAAAAAA --field-trial-handle=2028,i,17482855028509734347,18321238386746490031,262144 --enable-features=PdfUseShowSaveFilePicker --disable-features=SpareRendererForSitePerProcess,WinDelaySpellcheckServiceInit --variations-seed-version --mojo-platform-channel-handle=2024 /prefetch:2","localhost","a6f5a6ab-ff96-4694-8eba-443e2db15582","False","5dfef06f-16a0-454b-bcbd-3d8eb602e93b"
"2026-08-04T20:46:53.9753815+08:00","837.935","71072","96016","electron.exe","2026/8/4 20:46:17","0.094","48.9","""C:\Program Files\Blackmagic Design\DaVinci Resolve\Electron\electron.exe"" --type=utility --utility-sub-type=network.mojom.NetworkService --lang=zh-CN --service-sandbox-type=none --user-data-dir=""C:\Users\Administrator\AppData\Roaming\Clackly Workflow Plugin"" --field-trial-handle=2028,i,17482855028509734347,18321238386746490031,262144 --enable-features=PdfUseShowSaveFilePicker --disable-features=SpareRendererForSitePerProcess,WinDelaySpellcheckServiceInit --variations-seed-version --mojo-platform-channel-handle=2288 /prefetch:11","localhost","a6f5a6ab-ff96-4694-8eba-443e2db15582","False","5dfef06f-16a0-454b-bcbd-3d8eb602e93b"
"2026-08-04T20:46:53.9753815+08:00","837.958","95128","96016","electron.exe","2026/8/4 20:46:17","0.219","87.8","""C:\Program Files\Blackmagic Design\DaVinci Resolve\Electron\electron.exe"" --type=renderer --user-data-dir=""C:\Users\Administrator\AppData\Roaming\Clackly Workflow Plugin"" --app-path=""C:\ProgramData\Blackmagic Design\DaVinci Resolve\Support\Workflow Integration Plugins\com.wutpeach.clackly\workflow-plugin"" --no-sandbox --no-zygote --video-capture-use-gpu-memory-buffer --lang=zh-CN --device-scale-factor=1 --num-raster-threads=4 --enable-main-frame-before-activation --renderer-client-id=4 --time-ticks-at-unix-epoch=-1783908253862340 --launch-time-ticks=1939323759056 --field-trial-handle=2028,i,17482855028509734347,18321238386746490031,262144 --enable-features=PdfUseShowSaveFilePicker --disable-features=SpareRendererForSitePerProcess,WinDelaySpellcheckServiceInit --variations-seed-version --mojo-platform-channel-handle=3260 /prefetch:1","localhost","a6f5a6ab-ff96-4694-8eba-443e2db15582","False","5dfef06f-16a0-454b-bcbd-3d8eb602e93b"
"2026-08-04T20:46:55.9819141+08:00","865.278","84256","79828","Resolve.exe","2026/8/4 20:46:01","94.734","2506.3","""C:\Program Files\Blackmagic Design\DaVinci Resolve\Resolve.exe"" ","localhost","a6f5a6ab-ff96-4694-8eba-443e2db15582","False","5dfef06f-16a0-454b-bcbd-3d8eb602e93b"
"2026-08-04T20:46:55.9819141+08:00","865.354","96016","84256","electron.exe","2026/8/4 20:46:17","0.797","106.2","""C:/Program Files/Blackmagic Design/DaVinci Resolve\Electron\electron.exe"" ""C:\ProgramData\Blackmagic Design\DaVinci Resolve\Support\Workflow Integration Plugins\com.wutpeach.clackly\workflow-plugin/main.js"" --plugin-id=com.wutpeach.clackly","localhost","a6f5a6ab-ff96-4694-8eba-443e2db15582","False","5dfef06f-16a0-454b-bcbd-3d8eb602e93b"
"2026-08-04T20:46:55.9819141+08:00","865.382","99072","96016","electron.exe","2026/8/4 20:46:17","1.297","112.3","""C:\Program Files\Blackmagic Design\DaVinci Resolve\Electron\electron.exe"" --type=gpu-process --user-data-dir=""C:\Users\Administrator\AppData\Roaming\Clackly Workflow Plugin"" --gpu-preferences=UAAAAAAAAADgAAAEAAAAAAAAAAAAAAAAAABgAAEAAAAAAAAAAAAAAAAAAAACAAAAAAAAAAAAAAAAAAAAAAAAABAAAAAAAAAAEAAAAAAAAAAIAAAAAAAAAAgAAAAAAAAA --field-trial-handle=2028,i,17482855028509734347,18321238386746490031,262144 --enable-features=PdfUseShowSaveFilePicker --disable-features=SpareRendererForSitePerProcess,WinDelaySpellcheckServiceInit --variations-seed-version --mojo-platform-channel-handle=2024 /prefetch:2","localhost","a6f5a6ab-ff96-4694-8eba-443e2db15582","False","5dfef06f-16a0-454b-bcbd-3d8eb602e93b"
"2026-08-04T20:46:55.9819141+08:00","865.407","71072","96016","electron.exe","2026/8/4 20:46:17","0.094","48.9","""C:\Program Files\Blackmagic Design\DaVinci Resolve\Electron\electron.exe"" --type=utility --utility-sub-type=network.mojom.NetworkService --lang=zh-CN --service-sandbox-type=none --user-data-dir=""C:\Users\Administrator\AppData\Roaming\Clackly Workflow Plugin"" --field-trial-handle=2028,i,17482855028509734347,18321238386746490031,262144 --enable-features=PdfUseShowSaveFilePicker --disable-features=SpareRendererForSitePerProcess,WinDelaySpellcheckServiceInit --variations-seed-version --mojo-platform-channel-handle=2288 /prefetch:11","localhost","a6f5a6ab-ff96-4694-8eba-443e2db15582","False","5dfef06f-16a0-454b-bcbd-3d8eb602e93b"
"2026-08-04T20:46:55.9819141+08:00","865.432","95128","96016","electron.exe","2026/8/4 20:46:17","0.219","87.8","""C:\Program Files\Blackmagic Design\DaVinci Resolve\Electron\electron.exe"" --type=renderer --user-data-dir=""C:\Users\Administrator\AppData\Roaming\Clackly Workflow Plugin"" --app-path=""C:\ProgramData\Blackmagic Design\DaVinci Resolve\Support\Workflow Integration Plugins\com.wutpeach.clackly\workflow-plugin"" --no-sandbox --no-zygote --video-capture-use-gpu-memory-buffer --lang=zh-CN --device-scale-factor=1 --num-raster-threads=4 --enable-main-frame-before-activation --renderer-client-id=4 --time-ticks-at-unix-epoch=-1783908253862340 --launch-time-ticks=1939323759056 --field-trial-handle=2028,i,17482855028509734347,18321238386746490031,262144 --enable-features=PdfUseShowSaveFilePicker --disable-features=SpareRendererForSitePerProcess,WinDelaySpellcheckServiceInit --variations-seed-version --mojo-platform-channel-handle=3260 /prefetch:1","localhost","a6f5a6ab-ff96-4694-8eba-443e2db15582","False","5dfef06f-16a0-454b-bcbd-3d8eb602e93b"
"2026-08-04T20:46:57.9865656+08:00","836.752","84256","79828","Resolve.exe","2026/8/4 20:46:01","96.469","2580.7","""C:\Program Files\Blackmagic Design\DaVinci Resolve\Resolve.exe"" ","localhost","a6f5a6ab-ff96-4694-8eba-443e2db15582","False","5dfef06f-16a0-454b-bcbd-3d8eb602e93b"
"2026-08-04T20:46:57.9865656+08:00","836.837","96016","84256","electron.exe","2026/8/4 20:46:17","0.797","106.2","""C:/Program Files/Blackmagic Design/DaVinci Resolve\Electron\electron.exe"" ""C:\ProgramData\Blackmagic Design\DaVinci Resolve\Support\Workflow Integration Plugins\com.wutpeach.clackly\workflow-plugin/main.js"" --plugin-id=com.wutpeach.clackly","localhost","a6f5a6ab-ff96-4694-8eba-443e2db15582","False","5dfef06f-16a0-454b-bcbd-3d8eb602e93b"
"2026-08-04T20:46:57.9865656+08:00","836.866","99072","96016","electron.exe","2026/8/4 20:46:17","1.297","112.3","""C:\Program Files\Blackmagic Design\DaVinci Resolve\Electron\electron.exe"" --type=gpu-process --user-data-dir=""C:\Users\Administrator\AppData\Roaming\Clackly Workflow Plugin"" --gpu-preferences=UAAAAAAAAADgAAAEAAAAAAAAAAAAAAAAAABgAAEAAAAAAAAAAAAAAAAAAAACAAAAAAAAAAAAAAAAAAAAAAAAABAAAAAAAAAAEAAAAAAAAAAIAAAAAAAAAAgAAAAAAAAA --field-trial-handle=2028,i,17482855028509734347,18321238386746490031,262144 --enable-features=PdfUseShowSaveFilePicker --disable-features=SpareRendererForSitePerProcess,WinDelaySpellcheckServiceInit --variations-seed-version --mojo-platform-channel-handle=2024 /prefetch:2","localhost","a6f5a6ab-ff96-4694-8eba-443e2db15582","False","5dfef06f-16a0-454b-bcbd-3d8eb602e93b"
"2026-08-04T20:46:57.9865656+08:00","836.892","71072","96016","electron.exe","2026/8/4 20:46:17","0.094","48.9","""C:\Program Files\Blackmagic Design\DaVinci Resolve\Electron\electron.exe"" --type=utility --utility-sub-type=network.mojom.NetworkService --lang=zh-CN --service-sandbox-type=none --user-data-dir=""C:\Users\Administrator\AppData\Roaming\Clackly Workflow Plugin"" --field-trial-handle=2028,i,17482855028509734347,18321238386746490031,262144 --enable-features=PdfUseShowSaveFilePicker --disable-features=SpareRendererForSitePerProcess,WinDelaySpellcheckServiceInit --variations-seed-version --mojo-platform-channel-handle=2288 /prefetch:11","localhost","a6f5a6ab-ff96-4694-8eba-443e2db15582","False","5dfef06f-16a0-454b-bcbd-3d8eb602e93b"
"2026-08-04T20:46:57.9865656+08:00","836.917","95128","96016","electron.exe","2026/8/4 20:46:17","0.219","87.8","""C:\Program Files\Blackmagic Design\DaVinci Resolve\Electron\electron.exe"" --type=renderer --user-data-dir=""C:\Users\Administrator\AppData\Roaming\Clackly Workflow Plugin"" --app-path=""C:\ProgramData\Blackmagic Design\DaVinci Resolve\Support\Workflow Integration Plugins\com.wutpeach.clackly\workflow-plugin"" --no-sandbox --no-zygote --video-capture-use-gpu-memory-buffer --lang=zh-CN --device-scale-factor=1 --num-raster-threads=4 --enable-main-frame-before-activation --renderer-client-id=4 --time-ticks-at-unix-epoch=-1783908253862340 --launch-time-ticks=1939323759056 --field-trial-handle=2028,i,17482855028509734347,18321238386746490031,262144 --enable-features=PdfUseShowSaveFilePicker --disable-features=SpareRendererForSitePerProcess,WinDelaySpellcheckServiceInit --variations-seed-version --mojo-platform-channel-handle=3260 /prefetch:1","localhost","a6f5a6ab-ff96-4694-8eba-443e2db15582","False","5dfef06f-16a0-454b-bcbd-3d8eb602e93b"
"2026-08-04T20:46:59.9956777+08:00","819.595","84256","79828","Resolve.exe","2026/8/4 20:46:01","96.828","2580.7","""C:\Program Files\Blackmagic Design\DaVinci Resolve\Resolve.exe"" ","localhost","a6f5a6ab-ff96-4694-8eba-443e2db15582","False","5dfef06f-16a0-454b-bcbd-3d8eb602e93b"
"2026-08-04T20:46:59.9956777+08:00","819.681","96016","84256","electron.exe","2026/8/4 20:46:17","0.812","106.2","""C:/Program Files/Blackmagic Design/DaVinci Resolve\Electron\electron.exe"" ""C:\ProgramData\Blackmagic Design\DaVinci Resolve\Support\Workflow Integration Plugins\com.wutpeach.clackly\workflow-plugin/main.js"" --plugin-id=com.wutpeach.clackly","localhost","a6f5a6ab-ff96-4694-8eba-443e2db15582","False","5dfef06f-16a0-454b-bcbd-3d8eb602e93b"
"2026-08-04T20:46:59.9956777+08:00","819.715","99072","96016","electron.exe","2026/8/4 20:46:17","1.297","112.3","""C:\Program Files\Blackmagic Design\DaVinci Resolve\Electron\electron.exe"" --type=gpu-process --user-data-dir=""C:\Users\Administrator\AppData\Roaming\Clackly Workflow Plugin"" --gpu-preferences=UAAAAAAAAADgAAAEAAAAAAAAAAAAAAAAAABgAAEAAAAAAAAAAAAAAAAAAAACAAAAAAAAAAAAAAAAAAAAAAAAABAAAAAAAAAAEAAAAAAAAAAIAAAAAAAAAAgAAAAAAAAA --field-trial-handle=2028,i,17482855028509734347,18321238386746490031,262144 --enable-features=PdfUseShowSaveFilePicker --disable-features=SpareRendererForSitePerProcess,WinDelaySpellcheckServiceInit --variations-seed-version --mojo-platform-channel-handle=2024 /prefetch:2","localhost","a6f5a6ab-ff96-4694-8eba-443e2db15582","False","5dfef06f-16a0-454b-bcbd-3d8eb602e93b"
"2026-08-04T20:46:59.9956777+08:00","819.777","71072","96016","electron.exe","2026/8/4 20:46:17","0.094","48.9","""C:\Program Files\Blackmagic Design\DaVinci Resolve\Electron\electron.exe"" --type=utility --utility-sub-type=network.mojom.NetworkService --lang=zh-CN --service-sandbox-type=none --user-data-dir=""C:\Users\Administrator\AppData\Roaming\Clackly Workflow Plugin"" --field-trial-handle=2028,i,17482855028509734347,18321238386746490031,262144 --enable-features=PdfUseShowSaveFilePicker --disable-features=SpareRendererForSitePerProcess,WinDelaySpellcheckServiceInit --variations-seed-version --mojo-platform-channel-handle=2288 /prefetch:11","localhost","a6f5a6ab-ff96-4694-8eba-443e2db15582","False","5dfef06f-16a0-454b-bcbd-3d8eb602e93b"
"2026-08-04T20:46:59.9956777+08:00","820.873","95128","96016","electron.exe","2026/8/4 20:46:17","0.219","87.8","""C:\Program Files\Blackmagic Design\DaVinci Resolve\Electron\electron.exe"" --type=renderer --user-data-dir=""C:\Users\Administrator\AppData\Roaming\Clackly Workflow Plugin"" --app-path=""C:\ProgramData\Blackmagic Design\DaVinci Resolve\Support\Workflow Integration Plugins\com.wutpeach.clackly\workflow-plugin"" --no-sandbox --no-zygote --video-capture-use-gpu-memory-buffer --lang=zh-CN --device-scale-factor=1 --num-raster-threads=4 --enable-main-frame-before-activation --renderer-client-id=4 --time-ticks-at-unix-epoch=-1783908253862340 --launch-time-ticks=1939323759056 --field-trial-handle=2028,i,17482855028509734347,18321238386746490031,262144 --enable-features=PdfUseShowSaveFilePicker --disable-features=SpareRendererForSitePerProcess,WinDelaySpellcheckServiceInit --variations-seed-version --mojo-platform-channel-handle=3260 /prefetch:1","localhost","a6f5a6ab-ff96-4694-8eba-443e2db15582","False","5dfef06f-16a0-454b-bcbd-3d8eb602e93b"
"2026-08-04T20:47:02.0010266+08:00","802.912","84256","79828","Resolve.exe","2026/8/4 20:46:01","97.047","2580.6","""C:\Program Files\Blackmagic Design\DaVinci Resolve\Resolve.exe"" ","localhost","a6f5a6ab-ff96-4694-8eba-443e2db15582","False","5dfef06f-16a0-454b-bcbd-3d8eb602e93b"
"2026-08-04T20:47:02.0010266+08:00","802.989","96016","84256","electron.exe","2026/8/4 20:46:17","0.812","106.2","""C:/Program Files/Blackmagic Design/DaVinci Resolve\Electron\electron.exe"" ""C:\ProgramData\Blackmagic Design\DaVinci Resolve\Support\Workflow Integration Plugins\com.wutpeach.clackly\workflow-plugin/main.js"" --plugin-id=com.wutpeach.clackly","localhost","a6f5a6ab-ff96-4694-8eba-443e2db15582","False","5dfef06f-16a0-454b-bcbd-3d8eb602e93b"
"2026-08-04T20:47:02.0010266+08:00","803.018","99072","96016","electron.exe","2026/8/4 20:46:17","1.297","112.3","""C:\Program Files\Blackmagic Design\DaVinci Resolve\Electron\electron.exe"" --type=gpu-process --user-data-dir=""C:\Users\Administrator\AppData\Roaming\Clackly Workflow Plugin"" --gpu-preferences=UAAAAAAAAADgAAAEAAAAAAAAAAAAAAAAAABgAAEAAAAAAAAAAAAAAAAAAAACAAAAAAAAAAAAAAAAAAAAAAAAABAAAAAAAAAAEAAAAAAAAAAIAAAAAAAAAAgAAAAAAAAA --field-trial-handle=2028,i,17482855028509734347,18321238386746490031,262144 --enable-features=PdfUseShowSaveFilePicker --disable-features=SpareRendererForSitePerProcess,WinDelaySpellcheckServiceInit --variations-seed-version --mojo-platform-channel-handle=2024 /prefetch:2","localhost","a6f5a6ab-ff96-4694-8eba-443e2db15582","False","5dfef06f-16a0-454b-bcbd-3d8eb602e93b"
"2026-08-04T20:47:02.0010266+08:00","803.044","71072","96016","electron.exe","2026/8/4 20:46:17","0.094","48.9","""C:\Program Files\Blackmagic Design\DaVinci Resolve\Electron\electron.exe"" --type=utility --utility-sub-type=network.mojom.NetworkService --lang=zh-CN --service-sandbox-type=none --user-data-dir=""C:\Users\Administrator\AppData\Roaming\Clackly Workflow Plugin"" --field-trial-handle=2028,i,17482855028509734347,18321238386746490031,262144 --enable-features=PdfUseShowSaveFilePicker --disable-features=SpareRendererForSitePerProcess,WinDelaySpellcheckServiceInit --variations-seed-version --mojo-platform-channel-handle=2288 /prefetch:11","localhost","a6f5a6ab-ff96-4694-8eba-443e2db15582","False","5dfef06f-16a0-454b-bcbd-3d8eb602e93b"
"2026-08-04T20:47:02.0010266+08:00","803.074","95128","96016","electron.exe","2026/8/4 20:46:17","0.219","87.8","""C:\Program Files\Blackmagic Design\DaVinci Resolve\Electron\electron.exe"" --type=renderer --user-data-dir=""C:\Users\Administrator\AppData\Roaming\Clackly Workflow Plugin"" --app-path=""C:\ProgramData\Blackmagic Design\DaVinci Resolve\Support\Workflow Integration Plugins\com.wutpeach.clackly\workflow-plugin"" --no-sandbox --no-zygote --video-capture-use-gpu-memory-buffer --lang=zh-CN --device-scale-factor=1 --num-raster-threads=4 --enable-main-frame-before-activation --renderer-client-id=4 --time-ticks-at-unix-epoch=-1783908253862340 --launch-time-ticks=1939323759056 --field-trial-handle=2028,i,17482855028509734347,18321238386746490031,262144 --enable-features=PdfUseShowSaveFilePicker --disable-features=SpareRendererForSitePerProcess,WinDelaySpellcheckServiceInit --variations-seed-version --mojo-platform-channel-handle=3260 /prefetch:1","localhost","a6f5a6ab-ff96-4694-8eba-443e2db15582","False","5dfef06f-16a0-454b-bcbd-3d8eb602e93b"
"2026-08-04T20:47:04.0090093+08:00","813.554","84256","79828","Resolve.exe","2026/8/4 20:46:01","97.125","2579","""C:\Program Files\Blackmagic Design\DaVinci Resolve\Resolve.exe"" ","localhost","a6f5a6ab-ff96-4694-8eba-443e2db15582","False","5dfef06f-16a0-454b-bcbd-3d8eb602e93b"
"2026-08-04T20:47:04.0090093+08:00","813.636","96016","84256","electron.exe","2026/8/4 20:46:17","0.812","106.2","""C:/Program Files/Blackmagic Design/DaVinci Resolve\Electron\electron.exe"" ""C:\ProgramData\Blackmagic Design\DaVinci Resolve\Support\Workflow Integration Plugins\com.wutpeach.clackly\workflow-plugin/main.js"" --plugin-id=com.wutpeach.clackly","localhost","a6f5a6ab-ff96-4694-8eba-443e2db15582","False","5dfef06f-16a0-454b-bcbd-3d8eb602e93b"
"2026-08-04T20:47:04.0090093+08:00","813.663","99072","96016","electron.exe","2026/8/4 20:46:17","1.297","112.3","""C:\Program Files\Blackmagic Design\DaVinci Resolve\Electron\electron.exe"" --type=gpu-process --user-data-dir=""C:\Users\Administrator\AppData\Roaming\Clackly Workflow Plugin"" --gpu-preferences=UAAAAAAAAADgAAAEAAAAAAAAAAAAAAAAAABgAAEAAAAAAAAAAAAAAAAAAAACAAAAAAAAAAAAAAAAAAAAAAAAABAAAAAAAAAAEAAAAAAAAAAIAAAAAAAAAAgAAAAAAAAA --field-trial-handle=2028,i,17482855028509734347,18321238386746490031,262144 --enable-features=PdfUseShowSaveFilePicker --disable-features=SpareRendererForSitePerProcess,WinDelaySpellcheckServiceInit --variations-seed-version --mojo-platform-channel-handle=2024 /prefetch:2","localhost","a6f5a6ab-ff96-4694-8eba-443e2db15582","False","5dfef06f-16a0-454b-bcbd-3d8eb602e93b"
"2026-08-04T20:47:04.0090093+08:00","813.688","71072","96016","electron.exe","2026/8/4 20:46:17","0.094","48.9","""C:\Program Files\Blackmagic Design\DaVinci Resolve\Electron\electron.exe"" --type=utility --utility-sub-type=network.mojom.NetworkService --lang=zh-CN --service-sandbox-type=none --user-data-dir=""C:\Users\Administrator\AppData\Roaming\Clackly Workflow Plugin"" --field-trial-handle=2028,i,17482855028509734347,18321238386746490031,262144 --enable-features=PdfUseShowSaveFilePicker --disable-features=SpareRendererForSitePerProcess,WinDelaySpellcheckServiceInit --variations-seed-version --mojo-platform-channel-handle=2288 /prefetch:11","localhost","a6f5a6ab-ff96-4694-8eba-443e2db15582","False","5dfef06f-16a0-454b-bcbd-3d8eb602e93b"
"2026-08-04T20:47:04.0090093+08:00","813.713","95128","96016","electron.exe","2026/8/4 20:46:17","0.219","87.8","""C:\Program Files\Blackmagic Design\DaVinci Resolve\Electron\electron.exe"" --type=renderer --user-data-dir=""C:\Users\Administrator\AppData\Roaming\Clackly Workflow Plugin"" --app-path=""C:\ProgramData\Blackmagic Design\DaVinci Resolve\Support\Workflow Integration Plugins\com.wutpeach.clackly\workflow-plugin"" --no-sandbox --no-zygote --video-capture-use-gpu-memory-buffer --lang=zh-CN --device-scale-factor=1 --num-raster-threads=4 --enable-main-frame-before-activation --renderer-client-id=4 --time-ticks-at-unix-epoch=-1783908253862340 --launch-time-ticks=1939323759056 --field-trial-handle=2028,i,17482855028509734347,18321238386746490031,262144 --enable-features=PdfUseShowSaveFilePicker --disable-features=SpareRendererForSitePerProcess,WinDelaySpellcheckServiceInit --variations-seed-version --mojo-platform-channel-handle=3260 /prefetch:1","localhost","a6f5a6ab-ff96-4694-8eba-443e2db15582","False","5dfef06f-16a0-454b-bcbd-3d8eb602e93b"
"2026-08-04T20:47:06.0207711+08:00","816.859","84256","79828","Resolve.exe","2026/8/4 20:46:01","97.266","2579","""C:\Program Files\Blackmagic Design\DaVinci Resolve\Resolve.exe"" ","localhost","a6f5a6ab-ff96-4694-8eba-443e2db15582","False","5dfef06f-16a0-454b-bcbd-3d8eb602e93b"
"2026-08-04T20:47:06.0207711+08:00","816.94","96016","84256","electron.exe","2026/8/4 20:46:17","0.812","106.2","""C:/Program Files/Blackmagic Design/DaVinci Resolve\Electron\electron.exe"" ""C:\ProgramData\Blackmagic Design\DaVinci Resolve\Support\Workflow Integration Plugins\com.wutpeach.clackly\workflow-plugin/main.js"" --plugin-id=com.wutpeach.clackly","localhost","a6f5a6ab-ff96-4694-8eba-443e2db15582","False","5dfef06f-16a0-454b-bcbd-3d8eb602e93b"
"2026-08-04T20:47:06.0207711+08:00","816.968","99072","96016","electron.exe","2026/8/4 20:46:17","1.297","112.3","""C:\Program Files\Blackmagic Design\DaVinci Resolve\Electron\electron.exe"" --type=gpu-process --user-data-dir=""C:\Users\Administrator\AppData\Roaming\Clackly Workflow Plugin"" --gpu-preferences=UAAAAAAAAADgAAAEAAAAAAAAAAAAAAAAAABgAAEAAAAAAAAAAAAAAAAAAAACAAAAAAAAAAAAAAAAAAAAAAAAABAAAAAAAAAAEAAAAAAAAAAIAAAAAAAAAAgAAAAAAAAA --field-trial-handle=2028,i,17482855028509734347,18321238386746490031,262144 --enable-features=PdfUseShowSaveFilePicker --disable-features=SpareRendererForSitePerProcess,WinDelaySpellcheckServiceInit --variations-seed-version --mojo-platform-channel-handle=2024 /prefetch:2","localhost","a6f5a6ab-ff96-4694-8eba-443e2db15582","False","5dfef06f-16a0-454b-bcbd-3d8eb602e93b"
"2026-08-04T20:47:06.0207711+08:00","816.995","71072","96016","electron.exe","2026/8/4 20:46:17","0.094","48.9","""C:\Program Files\Blackmagic Design\DaVinci Resolve\Electron\electron.exe"" --type=utility --utility-sub-type=network.mojom.NetworkService --lang=zh-CN --service-sandbox-type=none --user-data-dir=""C:\Users\Administrator\AppData\Roaming\Clackly Workflow Plugin"" --field-trial-handle=2028,i,17482855028509734347,18321238386746490031,262144 --enable-features=PdfUseShowSaveFilePicker --disable-features=SpareRendererForSitePerProcess,WinDelaySpellcheckServiceInit --variations-seed-version --mojo-platform-channel-handle=2288 /prefetch:11","localhost","a6f5a6ab-ff96-4694-8eba-443e2db15582","False","5dfef06f-16a0-454b-bcbd-3d8eb602e93b"
"2026-08-04T20:47:06.0207711+08:00","817.021","95128","96016","electron.exe","2026/8/4 20:46:17","0.219","87.8","""C:\Program Files\Blackmagic Design\DaVinci Resolve\Electron\electron.exe"" --type=renderer --user-data-dir=""C:\Users\Administrator\AppData\Roaming\Clackly Workflow Plugin"" --app-path=""C:\ProgramData\Blackmagic Design\DaVinci Resolve\Support\Workflow Integration Plugins\com.wutpeach.clackly\workflow-plugin"" --no-sandbox --no-zygote --video-capture-use-gpu-memory-buffer --lang=zh-CN --device-scale-factor=1 --num-raster-threads=4 --enable-main-frame-before-activation --renderer-client-id=4 --time-ticks-at-unix-epoch=-1783908253862340 --launch-time-ticks=1939323759056 --field-trial-handle=2028,i,17482855028509734347,18321238386746490031,262144 --enable-features=PdfUseShowSaveFilePicker --disable-features=SpareRendererForSitePerProcess,WinDelaySpellcheckServiceInit --variations-seed-version --mojo-platform-channel-handle=3260 /prefetch:1","localhost","a6f5a6ab-ff96-4694-8eba-443e2db15582","False","5dfef06f-16a0-454b-bcbd-3d8eb602e93b"
"2026-08-04T20:47:08.0337567+08:00","814.268","84256","79828","Resolve.exe","2026/8/4 20:46:01","97.297","2579","""C:\Program Files\Blackmagic Design\DaVinci Resolve\Resolve.exe"" ","localhost","a6f5a6ab-ff96-4694-8eba-443e2db15582","False","5dfef06f-16a0-454b-bcbd-3d8eb602e93b"
"2026-08-04T20:47:08.0337567+08:00","814.345","96016","84256","electron.exe","2026/8/4 20:46:17","0.812","106.2","""C:/Program Files/Blackmagic Design/DaVinci Resolve\Electron\electron.exe"" ""C:\ProgramData\Blackmagic Design\DaVinci Resolve\Support\Workflow Integration Plugins\com.wutpeach.clackly\workflow-plugin/main.js"" --plugin-id=com.wutpeach.clackly","localhost","a6f5a6ab-ff96-4694-8eba-443e2db15582","False","5dfef06f-16a0-454b-bcbd-3d8eb602e93b"
"2026-08-04T20:47:08.0337567+08:00","814.373","99072","96016","electron.exe","2026/8/4 20:46:17","1.297","112.3","""C:\Program Files\Blackmagic Design\DaVinci Resolve\Electron\electron.exe"" --type=gpu-process --user-data-dir=""C:\Users\Administrator\AppData\Roaming\Clackly Workflow Plugin"" --gpu-preferences=UAAAAAAAAADgAAAEAAAAAAAAAAAAAAAAAABgAAEAAAAAAAAAAAAAAAAAAAACAAAAAAAAAAAAAAAAAAAAAAAAABAAAAAAAAAAEAAAAAAAAAAIAAAAAAAAAAgAAAAAAAAA --field-trial-handle=2028,i,17482855028509734347,18321238386746490031,262144 --enable-features=PdfUseShowSaveFilePicker --disable-features=SpareRendererForSitePerProcess,WinDelaySpellcheckServiceInit --variations-seed-version --mojo-platform-channel-handle=2024 /prefetch:2","localhost","a6f5a6ab-ff96-4694-8eba-443e2db15582","False","5dfef06f-16a0-454b-bcbd-3d8eb602e93b"
"2026-08-04T20:47:08.0337567+08:00","814.398","71072","96016","electron.exe","2026/8/4 20:46:17","0.094","48.9","""C:\Program Files\Blackmagic Design\DaVinci Resolve\Electron\electron.exe"" --type=utility --utility-sub-type=network.mojom.NetworkService --lang=zh-CN --service-sandbox-type=none --user-data-dir=""C:\Users\Administrator\AppData\Roaming\Clackly Workflow Plugin"" --field-trial-handle=2028,i,17482855028509734347,18321238386746490031,262144 --enable-features=PdfUseShowSaveFilePicker --disable-features=SpareRendererForSitePerProcess,WinDelaySpellcheckServiceInit --variations-seed-version --mojo-platform-channel-handle=2288 /prefetch:11","localhost","a6f5a6ab-ff96-4694-8eba-443e2db15582","False","5dfef06f-16a0-454b-bcbd-3d8eb602e93b"
"2026-08-04T20:47:08.0337567+08:00","814.423","95128","96016","electron.exe","2026/8/4 20:46:17","0.219","87.8","""C:\Program Files\Blackmagic Design\DaVinci Resolve\Electron\electron.exe"" --type=renderer --user-data-dir=""C:\Users\Administrator\AppData\Roaming\Clackly Workflow Plugin"" --app-path=""C:\ProgramData\Blackmagic Design\DaVinci Resolve\Support\Workflow Integration Plugins\com.wutpeach.clackly\workflow-plugin"" --no-sandbox --no-zygote --video-capture-use-gpu-memory-buffer --lang=zh-CN --device-scale-factor=1 --num-raster-threads=4 --enable-main-frame-before-activation --renderer-client-id=4 --time-ticks-at-unix-epoch=-1783908253862340 --launch-time-ticks=1939323759056 --field-trial-handle=2028,i,17482855028509734347,18321238386746490031,262144 --enable-features=PdfUseShowSaveFilePicker --disable-features=SpareRendererForSitePerProcess,WinDelaySpellcheckServiceInit --variations-seed-version --mojo-platform-channel-handle=3260 /prefetch:1","localhost","a6f5a6ab-ff96-4694-8eba-443e2db15582","False","5dfef06f-16a0-454b-bcbd-3d8eb602e93b"
"2026-08-04T20:47:10.0375164+08:00","807.258","84256","79828","Resolve.exe","2026/8/4 20:46:01","97.438","2515.1","""C:\Program Files\Blackmagic Design\DaVinci Resolve\Resolve.exe"" ","localhost","a6f5a6ab-ff96-4694-8eba-443e2db15582","False","5dfef06f-16a0-454b-bcbd-3d8eb602e93b"
"2026-08-04T20:47:10.0375164+08:00","807.339","96016","84256","electron.exe","2026/8/4 20:46:17","0.812","106.2","""C:/Program Files/Blackmagic Design/DaVinci Resolve\Electron\electron.exe"" ""C:\ProgramData\Blackmagic Design\DaVinci Resolve\Support\Workflow Integration Plugins\com.wutpeach.clackly\workflow-plugin/main.js"" --plugin-id=com.wutpeach.clackly","localhost","a6f5a6ab-ff96-4694-8eba-443e2db15582","False","5dfef06f-16a0-454b-bcbd-3d8eb602e93b"
"2026-08-04T20:47:10.0375164+08:00","807.371","99072","96016","electron.exe","2026/8/4 20:46:17","1.297","112.3","""C:\Program Files\Blackmagic Design\DaVinci Resolve\Electron\electron.exe"" --type=gpu-process --user-data-dir=""C:\Users\Administrator\AppData\Roaming\Clackly Workflow Plugin"" --gpu-preferences=UAAAAAAAAADgAAAEAAAAAAAAAAAAAAAAAABgAAEAAAAAAAAAAAAAAAAAAAACAAAAAAAAAAAAAAAAAAAAAAAAABAAAAAAAAAAEAAAAAAAAAAIAAAAAAAAAAgAAAAAAAAA --field-trial-handle=2028,i,17482855028509734347,18321238386746490031,262144 --enable-features=PdfUseShowSaveFilePicker --disable-features=SpareRendererForSitePerProcess,WinDelaySpellcheckServiceInit --variations-seed-version --mojo-platform-channel-handle=2024 /prefetch:2","localhost","a6f5a6ab-ff96-4694-8eba-443e2db15582","False","5dfef06f-16a0-454b-bcbd-3d8eb602e93b"
"2026-08-04T20:47:10.0375164+08:00","807.397","71072","96016","electron.exe","2026/8/4 20:46:17","0.094","48.9","""C:\Program Files\Blackmagic Design\DaVinci Resolve\Electron\electron.exe"" --type=utility --utility-sub-type=network.mojom.NetworkService --lang=zh-CN --service-sandbox-type=none --user-data-dir=""C:\Users\Administrator\AppData\Roaming\Clackly Workflow Plugin"" --field-trial-handle=2028,i,17482855028509734347,18321238386746490031,262144 --enable-features=PdfUseShowSaveFilePicker --disable-features=SpareRendererForSitePerProcess,WinDelaySpellcheckServiceInit --variations-seed-version --mojo-platform-channel-handle=2288 /prefetch:11","localhost","a6f5a6ab-ff96-4694-8eba-443e2db15582","False","5dfef06f-16a0-454b-bcbd-3d8eb602e93b"
"2026-08-04T20:47:10.0375164+08:00","807.424","95128","96016","electron.exe","2026/8/4 20:46:17","0.219","87.8","""C:\Program Files\Blackmagic Design\DaVinci Resolve\Electron\electron.exe"" --type=renderer --user-data-dir=""C:\Users\Administrator\AppData\Roaming\Clackly Workflow Plugin"" --app-path=""C:\ProgramData\Blackmagic Design\DaVinci Resolve\Support\Workflow Integration Plugins\com.wutpeach.clackly\workflow-plugin"" --no-sandbox --no-zygote --video-capture-use-gpu-memory-buffer --lang=zh-CN --device-scale-factor=1 --num-raster-threads=4 --enable-main-frame-before-activation --renderer-client-id=4 --time-ticks-at-unix-epoch=-1783908253862340 --launch-time-ticks=1939323759056 --field-trial-handle=2028,i,17482855028509734347,18321238386746490031,262144 --enable-features=PdfUseShowSaveFilePicker --disable-features=SpareRendererForSitePerProcess,WinDelaySpellcheckServiceInit --variations-seed-version --mojo-platform-channel-handle=3260 /prefetch:1","localhost","a6f5a6ab-ff96-4694-8eba-443e2db15582","False","5dfef06f-16a0-454b-bcbd-3d8eb602e93b"
"2026-08-04T20:47:12.0453084+08:00","814.851","84256","79828","Resolve.exe","2026/8/4 20:46:01","97.516","2515.1","""C:\Program Files\Blackmagic Design\DaVinci Resolve\Resolve.exe"" ","localhost","a6f5a6ab-ff96-4694-8eba-443e2db15582","False","5dfef06f-16a0-454b-bcbd-3d8eb602e93b"
"2026-08-04T20:47:12.0453084+08:00","814.939","96016","84256","electron.exe","2026/8/4 20:46:17","0.828","106.2","""C:/Program Files/Blackmagic Design/DaVinci Resolve\Electron\electron.exe"" ""C:\ProgramData\Blackmagic Design\DaVinci Resolve\Support\Workflow Integration Plugins\com.wutpeach.clackly\workflow-plugin/main.js"" --plugin-id=com.wutpeach.clackly","localhost","a6f5a6ab-ff96-4694-8eba-443e2db15582","False","5dfef06f-16a0-454b-bcbd-3d8eb602e93b"
"2026-08-04T20:47:12.0453084+08:00","814.968","99072","96016","electron.exe","2026/8/4 20:46:17","1.297","112.3","""C:\Program Files\Blackmagic Design\DaVinci Resolve\Electron\electron.exe"" --type=gpu-process --user-data-dir=""C:\Users\Administrator\AppData\Roaming\Clackly Workflow Plugin"" --gpu-preferences=UAAAAAAAAADgAAAEAAAAAAAAAAAAAAAAAABgAAEAAAAAAAAAAAAAAAAAAAACAAAAAAAAAAAAAAAAAAAAAAAAABAAAAAAAAAAEAAAAAAAAAAIAAAAAAAAAAgAAAAAAAAA --field-trial-handle=2028,i,17482855028509734347,18321238386746490031,262144 --enable-features=PdfUseShowSaveFilePicker --disable-features=SpareRendererForSitePerProcess,WinDelaySpellcheckServiceInit --variations-seed-version --mojo-platform-channel-handle=2024 /prefetch:2","localhost","a6f5a6ab-ff96-4694-8eba-443e2db15582","False","5dfef06f-16a0-454b-bcbd-3d8eb602e93b"
"2026-08-04T20:47:12.0453084+08:00","814.993","71072","96016","electron.exe","2026/8/4 20:46:17","0.094","48.9","""C:\Program Files\Blackmagic Design\DaVinci Resolve\Electron\electron.exe"" --type=utility --utility-sub-type=network.mojom.NetworkService --lang=zh-CN --service-sandbox-type=none --user-data-dir=""C:\Users\Administrator\AppData\Roaming\Clackly Workflow Plugin"" --field-trial-handle=2028,i,17482855028509734347,18321238386746490031,262144 --enable-features=PdfUseShowSaveFilePicker --disable-features=SpareRendererForSitePerProcess,WinDelaySpellcheckServiceInit --variations-seed-version --mojo-platform-channel-handle=2288 /prefetch:11","localhost","a6f5a6ab-ff96-4694-8eba-443e2db15582","False","5dfef06f-16a0-454b-bcbd-3d8eb602e93b"
"2026-08-04T20:47:12.0453084+08:00","815.018","95128","96016","electron.exe","2026/8/4 20:46:17","0.219","87.8","""C:\Program Files\Blackmagic Design\DaVinci Resolve\Electron\electron.exe"" --type=renderer --user-data-dir=""C:\Users\Administrator\AppData\Roaming\Clackly Workflow Plugin"" --app-path=""C:\ProgramData\Blackmagic Design\DaVinci Resolve\Support\Workflow Integration Plugins\com.wutpeach.clackly\workflow-plugin"" --no-sandbox --no-zygote --video-capture-use-gpu-memory-buffer --lang=zh-CN --device-scale-factor=1 --num-raster-threads=4 --enable-main-frame-before-activation --renderer-client-id=4 --time-ticks-at-unix-epoch=-1783908253862340 --launch-time-ticks=1939323759056 --field-trial-handle=2028,i,17482855028509734347,18321238386746490031,262144 --enable-features=PdfUseShowSaveFilePicker --disable-features=SpareRendererForSitePerProcess,WinDelaySpellcheckServiceInit --variations-seed-version --mojo-platform-channel-handle=3260 /prefetch:1","localhost","a6f5a6ab-ff96-4694-8eba-443e2db15582","False","5dfef06f-16a0-454b-bcbd-3d8eb602e93b"
"2026-08-04T20:47:14.0500456+08:00","812.764","84256","79828","Resolve.exe","2026/8/4 20:46:01","97.641","2515.1","""C:\Program Files\Blackmagic Design\DaVinci Resolve\Resolve.exe"" ","localhost","a6f5a6ab-ff96-4694-8eba-443e2db15582","False","5dfef06f-16a0-454b-bcbd-3d8eb602e93b"
"2026-08-04T20:47:14.0500456+08:00","812.845","96016","84256","electron.exe","2026/8/4 20:46:17","0.828","106.2","""C:/Program Files/Blackmagic Design/DaVinci Resolve\Electron\electron.exe"" ""C:\ProgramData\Blackmagic Design\DaVinci Resolve\Support\Workflow Integration Plugins\com.wutpeach.clackly\workflow-plugin/main.js"" --plugin-id=com.wutpeach.clackly","localhost","a6f5a6ab-ff96-4694-8eba-443e2db15582","False","5dfef06f-16a0-454b-bcbd-3d8eb602e93b"
"2026-08-04T20:47:14.0500456+08:00","812.873","99072","96016","electron.exe","2026/8/4 20:46:17","1.297","112.3","""C:\Program Files\Blackmagic Design\DaVinci Resolve\Electron\electron.exe"" --type=gpu-process --user-data-dir=""C:\Users\Administrator\AppData\Roaming\Clackly Workflow Plugin"" --gpu-preferences=UAAAAAAAAADgAAAEAAAAAAAAAAAAAAAAAABgAAEAAAAAAAAAAAAAAAAAAAACAAAAAAAAAAAAAAAAAAAAAAAAABAAAAAAAAAAEAAAAAAAAAAIAAAAAAAAAAgAAAAAAAAA --field-trial-handle=2028,i,17482855028509734347,18321238386746490031,262144 --enable-features=PdfUseShowSaveFilePicker --disable-features=SpareRendererForSitePerProcess,WinDelaySpellcheckServiceInit --variations-seed-version --mojo-platform-channel-handle=2024 /prefetch:2","localhost","a6f5a6ab-ff96-4694-8eba-443e2db15582","False","5dfef06f-16a0-454b-bcbd-3d8eb602e93b"
"2026-08-04T20:47:14.0500456+08:00","812.898","71072","96016","electron.exe","2026/8/4 20:46:17","0.094","48.9","""C:\Program Files\Blackmagic Design\DaVinci Resolve\Electron\electron.exe"" --type=utility --utility-sub-type=network.mojom.NetworkService --lang=zh-CN --service-sandbox-type=none --user-data-dir=""C:\Users\Administrator\AppData\Roaming\Clackly Workflow Plugin"" --field-trial-handle=2028,i,17482855028509734347,18321238386746490031,262144 --enable-features=PdfUseShowSaveFilePicker --disable-features=SpareRendererForSitePerProcess,WinDelaySpellcheckServiceInit --variations-seed-version --mojo-platform-channel-handle=2288 /prefetch:11","localhost","a6f5a6ab-ff96-4694-8eba-443e2db15582","False","5dfef06f-16a0-454b-bcbd-3d8eb602e93b"
"2026-08-04T20:47:14.0500456+08:00","812.923","95128","96016","electron.exe","2026/8/4 20:46:17","0.219","87.8","""C:\Program Files\Blackmagic Design\DaVinci Resolve\Electron\electron.exe"" --type=renderer --user-data-dir=""C:\Users\Administrator\AppData\Roaming\Clackly Workflow Plugin"" --app-path=""C:\ProgramData\Blackmagic Design\DaVinci Resolve\Support\Workflow Integration Plugins\com.wutpeach.clackly\workflow-plugin"" --no-sandbox --no-zygote --video-capture-use-gpu-memory-buffer --lang=zh-CN --device-scale-factor=1 --num-raster-threads=4 --enable-main-frame-before-activation --renderer-client-id=4 --time-ticks-at-unix-epoch=-1783908253862340 --launch-time-ticks=1939323759056 --field-trial-handle=2028,i,17482855028509734347,18321238386746490031,262144 --enable-features=PdfUseShowSaveFilePicker --disable-features=SpareRendererForSitePerProcess,WinDelaySpellcheckServiceInit --variations-seed-version --mojo-platform-channel-handle=3260 /prefetch:1","localhost","a6f5a6ab-ff96-4694-8eba-443e2db15582","False","5dfef06f-16a0-454b-bcbd-3d8eb602e93b"
"2026-08-04T20:47:16.0548009+08:00","852.336","84256","79828","Resolve.exe","2026/8/4 20:46:01","97.734","2515.1","""C:\Program Files\Blackmagic Design\DaVinci Resolve\Resolve.exe"" ","localhost","a6f5a6ab-ff96-4694-8eba-443e2db15582","False","5dfef06f-16a0-454b-bcbd-3d8eb602e93b"
"2026-08-04T20:47:16.0548009+08:00","852.418","96016","84256","electron.exe","2026/8/4 20:46:17","0.828","106.2","""C:/Program Files/Blackmagic Design/DaVinci Resolve\Electron\electron.exe"" ""C:\ProgramData\Blackmagic Design\DaVinci Resolve\Support\Workflow Integration Plugins\com.wutpeach.clackly\workflow-plugin/main.js"" --plugin-id=com.wutpeach.clackly","localhost","a6f5a6ab-ff96-4694-8eba-443e2db15582","False","5dfef06f-16a0-454b-bcbd-3d8eb602e93b"
"2026-08-04T20:47:16.0548009+08:00","852.468","99072","96016","electron.exe","2026/8/4 20:46:17","1.297","112.3","""C:\Program Files\Blackmagic Design\DaVinci Resolve\Electron\electron.exe"" --type=gpu-process --user-data-dir=""C:\Users\Administrator\AppData\Roaming\Clackly Workflow Plugin"" --gpu-preferences=UAAAAAAAAADgAAAEAAAAAAAAAAAAAAAAAABgAAEAAAAAAAAAAAAAAAAAAAACAAAAAAAAAAAAAAAAAAAAAAAAABAAAAAAAAAAEAAAAAAAAAAIAAAAAAAAAAgAAAAAAAAA --field-trial-handle=2028,i,17482855028509734347,18321238386746490031,262144 --enable-features=PdfUseShowSaveFilePicker --disable-features=SpareRendererForSitePerProcess,WinDelaySpellcheckServiceInit --variations-seed-version --mojo-platform-channel-handle=2024 /prefetch:2","localhost","a6f5a6ab-ff96-4694-8eba-443e2db15582","False","5dfef06f-16a0-454b-bcbd-3d8eb602e93b"
"2026-08-04T20:47:16.0548009+08:00","852.5","71072","96016","electron.exe","2026/8/4 20:46:17","0.094","48.9","""C:\Program Files\Blackmagic Design\DaVinci Resolve\Electron\electron.exe"" --type=utility --utility-sub-type=network.mojom.NetworkService --lang=zh-CN --service-sandbox-type=none --user-data-dir=""C:\Users\Administrator\AppData\Roaming\Clackly Workflow Plugin"" --field-trial-handle=2028,i,17482855028509734347,18321238386746490031,262144 --enable-features=PdfUseShowSaveFilePicker --disable-features=SpareRendererForSitePerProcess,WinDelaySpellcheckServiceInit --variations-seed-version --mojo-platform-channel-handle=2288 /prefetch:11","localhost","a6f5a6ab-ff96-4694-8eba-443e2db15582","False","5dfef06f-16a0-454b-bcbd-3d8eb602e93b"
"2026-08-04T20:47:16.0548009+08:00","852.525","95128","96016","electron.exe","2026/8/4 20:46:17","0.219","87.8","""C:\Program Files\Blackmagic Design\DaVinci Resolve\Electron\electron.exe"" --type=renderer --user-data-dir=""C:\Users\Administrator\AppData\Roaming\Clackly Workflow Plugin"" --app-path=""C:\ProgramData\Blackmagic Design\DaVinci Resolve\Support\Workflow Integration Plugins\com.wutpeach.clackly\workflow-plugin"" --no-sandbox --no-zygote --video-capture-use-gpu-memory-buffer --lang=zh-CN --device-scale-factor=1 --num-raster-threads=4 --enable-main-frame-before-activation --renderer-client-id=4 --time-ticks-at-unix-epoch=-1783908253862340 --launch-time-ticks=1939323759056 --field-trial-handle=2028,i,17482855028509734347,18321238386746490031,262144 --enable-features=PdfUseShowSaveFilePicker --disable-features=SpareRendererForSitePerProcess,WinDelaySpellcheckServiceInit --variations-seed-version --mojo-platform-channel-handle=3260 /prefetch:1","localhost","a6f5a6ab-ff96-4694-8eba-443e2db15582","False","5dfef06f-16a0-454b-bcbd-3d8eb602e93b"
"2026-08-04T20:47:18.0648407+08:00","803.9","84256","79828","Resolve.exe","2026/8/4 20:46:01","97.938","2515.1","""C:\Program Files\Blackmagic Design\DaVinci Resolve\Resolve.exe"" ","localhost","a6f5a6ab-ff96-4694-8eba-443e2db15582","False","5dfef06f-16a0-454b-bcbd-3d8eb602e93b"
"2026-08-04T20:47:18.0648407+08:00","803.985","96016","84256","electron.exe","2026/8/4 20:46:17","0.828","105.1","""C:/Program Files/Blackmagic Design/DaVinci Resolve\Electron\electron.exe"" ""C:\ProgramData\Blackmagic Design\DaVinci Resolve\Support\Workflow Integration Plugins\com.wutpeach.clackly\workflow-plugin/main.js"" --plugin-id=com.wutpeach.clackly","localhost","a6f5a6ab-ff96-4694-8eba-443e2db15582","False","5dfef06f-16a0-454b-bcbd-3d8eb602e93b"
"2026-08-04T20:47:18.0648407+08:00","804.016","99072","96016","electron.exe","2026/8/4 20:46:17","1.297","112","""C:\Program Files\Blackmagic Design\DaVinci Resolve\Electron\electron.exe"" --type=gpu-process --user-data-dir=""C:\Users\Administrator\AppData\Roaming\Clackly Workflow Plugin"" --gpu-preferences=UAAAAAAAAADgAAAEAAAAAAAAAAAAAAAAAABgAAEAAAAAAAAAAAAAAAAAAAACAAAAAAAAAAAAAAAAAAAAAAAAABAAAAAAAAAAEAAAAAAAAAAIAAAAAAAAAAgAAAAAAAAA --field-trial-handle=2028,i,17482855028509734347,18321238386746490031,262144 --enable-features=PdfUseShowSaveFilePicker --disable-features=SpareRendererForSitePerProcess,WinDelaySpellcheckServiceInit --variations-seed-version --mojo-platform-channel-handle=2024 /prefetch:2","localhost","a6f5a6ab-ff96-4694-8eba-443e2db15582","False","5dfef06f-16a0-454b-bcbd-3d8eb602e93b"
"2026-08-04T20:47:18.0648407+08:00","804.042","71072","96016","electron.exe","2026/8/4 20:46:17","0.094","48.8","""C:\Program Files\Blackmagic Design\DaVinci Resolve\Electron\electron.exe"" --type=utility --utility-sub-type=network.mojom.NetworkService --lang=zh-CN --service-sandbox-type=none --user-data-dir=""C:\Users\Administrator\AppData\Roaming\Clackly Workflow Plugin"" --field-trial-handle=2028,i,17482855028509734347,18321238386746490031,262144 --enable-features=PdfUseShowSaveFilePicker --disable-features=SpareRendererForSitePerProcess,WinDelaySpellcheckServiceInit --variations-seed-version --mojo-platform-channel-handle=2288 /prefetch:11","localhost","a6f5a6ab-ff96-4694-8eba-443e2db15582","False","5dfef06f-16a0-454b-bcbd-3d8eb602e93b"
"2026-08-04T20:47:18.0648407+08:00","804.067","95128","96016","electron.exe","2026/8/4 20:46:17","0.219","87.8","""C:\Program Files\Blackmagic Design\DaVinci Resolve\Electron\electron.exe"" --type=renderer --user-data-dir=""C:\Users\Administrator\AppData\Roaming\Clackly Workflow Plugin"" --app-path=""C:\ProgramData\Blackmagic Design\DaVinci Resolve\Support\Workflow Integration Plugins\com.wutpeach.clackly\workflow-plugin"" --no-sandbox --no-zygote --video-capture-use-gpu-memory-buffer --lang=zh-CN --device-scale-factor=1 --num-raster-threads=4 --enable-main-frame-before-activation --renderer-client-id=4 --time-ticks-at-unix-epoch=-1783908253862340 --launch-time-ticks=1939323759056 --field-trial-handle=2028,i,17482855028509734347,18321238386746490031,262144 --enable-features=PdfUseShowSaveFilePicker --disable-features=SpareRendererForSitePerProcess,WinDelaySpellcheckServiceInit --variations-seed-version --mojo-platform-channel-handle=3260 /prefetch:1","localhost","a6f5a6ab-ff96-4694-8eba-443e2db15582","False","5dfef06f-16a0-454b-bcbd-3d8eb602e93b"
"2026-08-04T20:47:20.0651248+08:00","803.547","84256","79828","Resolve.exe","2026/8/4 20:46:01","98.094","2515.1","""C:\Program Files\Blackmagic Design\DaVinci Resolve\Resolve.exe"" ","localhost","a6f5a6ab-ff96-4694-8eba-443e2db15582","False","5dfef06f-16a0-454b-bcbd-3d8eb602e93b"
"2026-08-04T20:47:20.0651248+08:00","803.626","96016","84256","electron.exe","2026/8/4 20:46:17","0.828","105.1","""C:/Program Files/Blackmagic Design/DaVinci Resolve\Electron\electron.exe"" ""C:\ProgramData\Blackmagic Design\DaVinci Resolve\Support\Workflow Integration Plugins\com.wutpeach.clackly\workflow-plugin/main.js"" --plugin-id=com.wutpeach.clackly","localhost","a6f5a6ab-ff96-4694-8eba-443e2db15582","False","5dfef06f-16a0-454b-bcbd-3d8eb602e93b"
"2026-08-04T20:47:20.0651248+08:00","803.654","99072","96016","electron.exe","2026/8/4 20:46:17","1.297","112","""C:\Program Files\Blackmagic Design\DaVinci Resolve\Electron\electron.exe"" --type=gpu-process --user-data-dir=""C:\Users\Administrator\AppData\Roaming\Clackly Workflow Plugin"" --gpu-preferences=UAAAAAAAAADgAAAEAAAAAAAAAAAAAAAAAABgAAEAAAAAAAAAAAAAAAAAAAACAAAAAAAAAAAAAAAAAAAAAAAAABAAAAAAAAAAEAAAAAAAAAAIAAAAAAAAAAgAAAAAAAAA --field-trial-handle=2028,i,17482855028509734347,18321238386746490031,262144 --enable-features=PdfUseShowSaveFilePicker --disable-features=SpareRendererForSitePerProcess,WinDelaySpellcheckServiceInit --variations-seed-version --mojo-platform-channel-handle=2024 /prefetch:2","localhost","a6f5a6ab-ff96-4694-8eba-443e2db15582","False","5dfef06f-16a0-454b-bcbd-3d8eb602e93b"
"2026-08-04T20:47:20.0651248+08:00","803.679","71072","96016","electron.exe","2026/8/4 20:46:17","0.094","48.8","""C:\Program Files\Blackmagic Design\DaVinci Resolve\Electron\electron.exe"" --type=utility --utility-sub-type=network.mojom.NetworkService --lang=zh-CN --service-sandbox-type=none --user-data-dir=""C:\Users\Administrator\AppData\Roaming\Clackly Workflow Plugin"" --field-trial-handle=2028,i,17482855028509734347,18321238386746490031,262144 --enable-features=PdfUseShowSaveFilePicker --disable-features=SpareRendererForSitePerProcess,WinDelaySpellcheckServiceInit --variations-seed-version --mojo-platform-channel-handle=2288 /prefetch:11","localhost","a6f5a6ab-ff96-4694-8eba-443e2db15582","False","5dfef06f-16a0-454b-bcbd-3d8eb602e93b"
"2026-08-04T20:47:20.0651248+08:00","803.711","95128","96016","electron.exe","2026/8/4 20:46:17","0.219","87.8","""C:\Program Files\Blackmagic Design\DaVinci Resolve\Electron\electron.exe"" --type=renderer --user-data-dir=""C:\Users\Administrator\AppData\Roaming\Clackly Workflow Plugin"" --app-path=""C:\ProgramData\Blackmagic Design\DaVinci Resolve\Support\Workflow Integration Plugins\com.wutpeach.clackly\workflow-plugin"" --no-sandbox --no-zygote --video-capture-use-gpu-memory-buffer --lang=zh-CN --device-scale-factor=1 --num-raster-threads=4 --enable-main-frame-before-activation --renderer-client-id=4 --time-ticks-at-unix-epoch=-1783908253862340 --launch-time-ticks=1939323759056 --field-trial-handle=2028,i,17482855028509734347,18321238386746490031,262144 --enable-features=PdfUseShowSaveFilePicker --disable-features=SpareRendererForSitePerProcess,WinDelaySpellcheckServiceInit --variations-seed-version --mojo-platform-channel-handle=3260 /prefetch:1","localhost","a6f5a6ab-ff96-4694-8eba-443e2db15582","False","5dfef06f-16a0-454b-bcbd-3d8eb602e93b"
"2026-08-04T20:47:22.0683198+08:00","792.919","84256","79828","Resolve.exe","2026/8/4 20:46:01","98.172","2515.1","""C:\Program Files\Blackmagic Design\DaVinci Resolve\Resolve.exe"" ","localhost","a6f5a6ab-ff96-4694-8eba-443e2db15582","False","5dfef06f-16a0-454b-bcbd-3d8eb602e93b"
"2026-08-04T20:47:22.0683198+08:00","793","96016","84256","electron.exe","2026/8/4 20:46:17","0.828","105.1","""C:/Program Files/Blackmagic Design/DaVinci Resolve\Electron\electron.exe"" ""C:\ProgramData\Blackmagic Design\DaVinci Resolve\Support\Workflow Integration Plugins\com.wutpeach.clackly\workflow-plugin/main.js"" --plugin-id=com.wutpeach.clackly","localhost","a6f5a6ab-ff96-4694-8eba-443e2db15582","False","5dfef06f-16a0-454b-bcbd-3d8eb602e93b"
"2026-08-04T20:47:22.0683198+08:00","793.027","99072","96016","electron.exe","2026/8/4 20:46:17","1.297","112","""C:\Program Files\Blackmagic Design\DaVinci Resolve\Electron\electron.exe"" --type=gpu-process --user-data-dir=""C:\Users\Administrator\AppData\Roaming\Clackly Workflow Plugin"" --gpu-preferences=UAAAAAAAAADgAAAEAAAAAAAAAAAAAAAAAABgAAEAAAAAAAAAAAAAAAAAAAACAAAAAAAAAAAAAAAAAAAAAAAAABAAAAAAAAAAEAAAAAAAAAAIAAAAAAAAAAgAAAAAAAAA --field-trial-handle=2028,i,17482855028509734347,18321238386746490031,262144 --enable-features=PdfUseShowSaveFilePicker --disable-features=SpareRendererForSitePerProcess,WinDelaySpellcheckServiceInit --variations-seed-version --mojo-platform-channel-handle=2024 /prefetch:2","localhost","a6f5a6ab-ff96-4694-8eba-443e2db15582","False","5dfef06f-16a0-454b-bcbd-3d8eb602e93b"
"2026-08-04T20:47:22.0683198+08:00","793.057","71072","96016","electron.exe","2026/8/4 20:46:17","0.094","48.8","""C:\Program Files\Blackmagic Design\DaVinci Resolve\Electron\electron.exe"" --type=utility --utility-sub-type=network.mojom.NetworkService --lang=zh-CN --service-sandbox-type=none --user-data-dir=""C:\Users\Administrator\AppData\Roaming\Clackly Workflow Plugin"" --field-trial-handle=2028,i,17482855028509734347,18321238386746490031,262144 --enable-features=PdfUseShowSaveFilePicker --disable-features=SpareRendererForSitePerProcess,WinDelaySpellcheckServiceInit --variations-seed-version --mojo-platform-channel-handle=2288 /prefetch:11","localhost","a6f5a6ab-ff96-4694-8eba-443e2db15582","False","5dfef06f-16a0-454b-bcbd-3d8eb602e93b"
"2026-08-04T20:47:22.0683198+08:00","793.081","95128","96016","electron.exe","2026/8/4 20:46:17","0.219","87.8","""C:\Program Files\Blackmagic Design\DaVinci Resolve\Electron\electron.exe"" --type=renderer --user-data-dir=""C:\Users\Administrator\AppData\Roaming\Clackly Workflow Plugin"" --app-path=""C:\ProgramData\Blackmagic Design\DaVinci Resolve\Support\Workflow Integration Plugins\com.wutpeach.clackly\workflow-plugin"" --no-sandbox --no-zygote --video-capture-use-gpu-memory-buffer --lang=zh-CN --device-scale-factor=1 --num-raster-threads=4 --enable-main-frame-before-activation --renderer-client-id=4 --time-ticks-at-unix-epoch=-1783908253862340 --launch-time-ticks=1939323759056 --field-trial-handle=2028,i,17482855028509734347,18321238386746490031,262144 --enable-features=PdfUseShowSaveFilePicker --disable-features=SpareRendererForSitePerProcess,WinDelaySpellcheckServiceInit --variations-seed-version --mojo-platform-channel-handle=3260 /prefetch:1","localhost","a6f5a6ab-ff96-4694-8eba-443e2db15582","False","5dfef06f-16a0-454b-bcbd-3d8eb602e93b"
"2026-08-04T20:47:24.0793110+08:00","821.161","84256","79828","Resolve.exe","2026/8/4 20:46:01","98.359","2515.1","""C:\Program Files\Blackmagic Design\DaVinci Resolve\Resolve.exe"" ","localhost","a6f5a6ab-ff96-4694-8eba-443e2db15582","False","5dfef06f-16a0-454b-bcbd-3d8eb602e93b"
"2026-08-04T20:47:24.0793110+08:00","821.249","96016","84256","electron.exe","2026/8/4 20:46:17","0.828","105.1","""C:/Program Files/Blackmagic Design/DaVinci Resolve\Electron\electron.exe"" ""C:\ProgramData\Blackmagic Design\DaVinci Resolve\Support\Workflow Integration Plugins\com.wutpeach.clackly\workflow-plugin/main.js"" --plugin-id=com.wutpeach.clackly","localhost","a6f5a6ab-ff96-4694-8eba-443e2db15582","False","5dfef06f-16a0-454b-bcbd-3d8eb602e93b"
"2026-08-04T20:47:24.0793110+08:00","821.279","99072","96016","electron.exe","2026/8/4 20:46:17","1.297","112","""C:\Program Files\Blackmagic Design\DaVinci Resolve\Electron\electron.exe"" --type=gpu-process --user-data-dir=""C:\Users\Administrator\AppData\Roaming\Clackly Workflow Plugin"" --gpu-preferences=UAAAAAAAAADgAAAEAAAAAAAAAAAAAAAAAABgAAEAAAAAAAAAAAAAAAAAAAACAAAAAAAAAAAAAAAAAAAAAAAAABAAAAAAAAAAEAAAAAAAAAAIAAAAAAAAAAgAAAAAAAAA --field-trial-handle=2028,i,17482855028509734347,18321238386746490031,262144 --enable-features=PdfUseShowSaveFilePicker --disable-features=SpareRendererForSitePerProcess,WinDelaySpellcheckServiceInit --variations-seed-version --mojo-platform-channel-handle=2024 /prefetch:2","localhost","a6f5a6ab-ff96-4694-8eba-443e2db15582","False","5dfef06f-16a0-454b-bcbd-3d8eb602e93b"
"2026-08-04T20:47:24.0793110+08:00","821.305","71072","96016","electron.exe","2026/8/4 20:46:17","0.094","48.8","""C:\Program Files\Blackmagic Design\DaVinci Resolve\Electron\electron.exe"" --type=utility --utility-sub-type=network.mojom.NetworkService --lang=zh-CN --service-sandbox-type=none --user-data-dir=""C:\Users\Administrator\AppData\Roaming\Clackly Workflow Plugin"" --field-trial-handle=2028,i,17482855028509734347,18321238386746490031,262144 --enable-features=PdfUseShowSaveFilePicker --disable-features=SpareRendererForSitePerProcess,WinDelaySpellcheckServiceInit --variations-seed-version --mojo-platform-channel-handle=2288 /prefetch:11","localhost","a6f5a6ab-ff96-4694-8eba-443e2db15582","False","5dfef06f-16a0-454b-bcbd-3d8eb602e93b"
"2026-08-04T20:47:24.0793110+08:00","821.33","95128","96016","electron.exe","2026/8/4 20:46:17","0.219","87.8","""C:\Program Files\Blackmagic Design\DaVinci Resolve\Electron\electron.exe"" --type=renderer --user-data-dir=""C:\Users\Administrator\AppData\Roaming\Clackly Workflow Plugin"" --app-path=""C:\ProgramData\Blackmagic Design\DaVinci Resolve\Support\Workflow Integration Plugins\com.wutpeach.clackly\workflow-plugin"" --no-sandbox --no-zygote --video-capture-use-gpu-memory-buffer --lang=zh-CN --device-scale-factor=1 --num-raster-threads=4 --enable-main-frame-before-activation --renderer-client-id=4 --time-ticks-at-unix-epoch=-1783908253862340 --launch-time-ticks=1939323759056 --field-trial-handle=2028,i,17482855028509734347,18321238386746490031,262144 --enable-features=PdfUseShowSaveFilePicker --disable-features=SpareRendererForSitePerProcess,WinDelaySpellcheckServiceInit --variations-seed-version --mojo-platform-channel-handle=3260 /prefetch:1","localhost","a6f5a6ab-ff96-4694-8eba-443e2db15582","False","5dfef06f-16a0-454b-bcbd-3d8eb602e93b"
"2026-08-04T20:47:26.0934646+08:00","807.398","84256","79828","Resolve.exe","2026/8/4 20:46:01","98.516","2515.1","""C:\Program Files\Blackmagic Design\DaVinci Resolve\Resolve.exe"" ","localhost","a6f5a6ab-ff96-4694-8eba-443e2db15582","False","5dfef06f-16a0-454b-bcbd-3d8eb602e93b"
"2026-08-04T20:47:26.0934646+08:00","807.473","96016","84256","electron.exe","2026/8/4 20:46:17","0.828","105.1","""C:/Program Files/Blackmagic Design/DaVinci Resolve\Electron\electron.exe"" ""C:\ProgramData\Blackmagic Design\DaVinci Resolve\Support\Workflow Integration Plugins\com.wutpeach.clackly\workflow-plugin/main.js"" --plugin-id=com.wutpeach.clackly","localhost","a6f5a6ab-ff96-4694-8eba-443e2db15582","False","5dfef06f-16a0-454b-bcbd-3d8eb602e93b"
"2026-08-04T20:47:26.0934646+08:00","807.501","99072","96016","electron.exe","2026/8/4 20:46:17","1.297","112","""C:\Program Files\Blackmagic Design\DaVinci Resolve\Electron\electron.exe"" --type=gpu-process --user-data-dir=""C:\Users\Administrator\AppData\Roaming\Clackly Workflow Plugin"" --gpu-preferences=UAAAAAAAAADgAAAEAAAAAAAAAAAAAAAAAABgAAEAAAAAAAAAAAAAAAAAAAACAAAAAAAAAAAAAAAAAAAAAAAAABAAAAAAAAAAEAAAAAAAAAAIAAAAAAAAAAgAAAAAAAAA --field-trial-handle=2028,i,17482855028509734347,18321238386746490031,262144 --enable-features=PdfUseShowSaveFilePicker --disable-features=SpareRendererForSitePerProcess,WinDelaySpellcheckServiceInit --variations-seed-version --mojo-platform-channel-handle=2024 /prefetch:2","localhost","a6f5a6ab-ff96-4694-8eba-443e2db15582","False","5dfef06f-16a0-454b-bcbd-3d8eb602e93b"
"2026-08-04T20:47:26.0934646+08:00","807.527","71072","96016","electron.exe","2026/8/4 20:46:17","0.094","48.8","""C:\Program Files\Blackmagic Design\DaVinci Resolve\Electron\electron.exe"" --type=utility --utility-sub-type=network.mojom.NetworkService --lang=zh-CN --service-sandbox-type=none --user-data-dir=""C:\Users\Administrator\AppData\Roaming\Clackly Workflow Plugin"" --field-trial-handle=2028,i,17482855028509734347,18321238386746490031,262144 --enable-features=PdfUseShowSaveFilePicker --disable-features=SpareRendererForSitePerProcess,WinDelaySpellcheckServiceInit --variations-seed-version --mojo-platform-channel-handle=2288 /prefetch:11","localhost","a6f5a6ab-ff96-4694-8eba-443e2db15582","False","5dfef06f-16a0-454b-bcbd-3d8eb602e93b"
"2026-08-04T20:47:26.0934646+08:00","807.551","95128","96016","electron.exe","2026/8/4 20:46:17","0.219","87.8","""C:\Program Files\Blackmagic Design\DaVinci Resolve\Electron\electron.exe"" --type=renderer --user-data-dir=""C:\Users\Administrator\AppData\Roaming\Clackly Workflow Plugin"" --app-path=""C:\ProgramData\Blackmagic Design\DaVinci Resolve\Support\Workflow Integration Plugins\com.wutpeach.clackly\workflow-plugin"" --no-sandbox --no-zygote --video-capture-use-gpu-memory-buffer --lang=zh-CN --device-scale-factor=1 --num-raster-threads=4 --enable-main-frame-before-activation --renderer-client-id=4 --time-ticks-at-unix-epoch=-1783908253862340 --launch-time-ticks=1939323759056 --field-trial-handle=2028,i,17482855028509734347,18321238386746490031,262144 --enable-features=PdfUseShowSaveFilePicker --disable-features=SpareRendererForSitePerProcess,WinDelaySpellcheckServiceInit --variations-seed-version --mojo-platform-channel-handle=3260 /prefetch:1","localhost","a6f5a6ab-ff96-4694-8eba-443e2db15582","False","5dfef06f-16a0-454b-bcbd-3d8eb602e93b"
"2026-08-04T20:47:28.1032723+08:00","814.148","84256","79828","Resolve.exe","2026/8/4 20:46:01","98.609","2515.1","""C:\Program Files\Blackmagic Design\DaVinci Resolve\Resolve.exe"" ","localhost","a6f5a6ab-ff96-4694-8eba-443e2db15582","False","5dfef06f-16a0-454b-bcbd-3d8eb602e93b"
"2026-08-04T20:47:28.1032723+08:00","814.228","96016","84256","electron.exe","2026/8/4 20:46:17","0.828","105.1","""C:/Program Files/Blackmagic Design/DaVinci Resolve\Electron\electron.exe"" ""C:\ProgramData\Blackmagic Design\DaVinci Resolve\Support\Workflow Integration Plugins\com.wutpeach.clackly\workflow-plugin/main.js"" --plugin-id=com.wutpeach.clackly","localhost","a6f5a6ab-ff96-4694-8eba-443e2db15582","False","5dfef06f-16a0-454b-bcbd-3d8eb602e93b"
"2026-08-04T20:47:28.1032723+08:00","814.256","99072","96016","electron.exe","2026/8/4 20:46:17","1.297","112","""C:\Program Files\Blackmagic Design\DaVinci Resolve\Electron\electron.exe"" --type=gpu-process --user-data-dir=""C:\Users\Administrator\AppData\Roaming\Clackly Workflow Plugin"" --gpu-preferences=UAAAAAAAAADgAAAEAAAAAAAAAAAAAAAAAABgAAEAAAAAAAAAAAAAAAAAAAACAAAAAAAAAAAAAAAAAAAAAAAAABAAAAAAAAAAEAAAAAAAAAAIAAAAAAAAAAgAAAAAAAAA --field-trial-handle=2028,i,17482855028509734347,18321238386746490031,262144 --enable-features=PdfUseShowSaveFilePicker --disable-features=SpareRendererForSitePerProcess,WinDelaySpellcheckServiceInit --variations-seed-version --mojo-platform-channel-handle=2024 /prefetch:2","localhost","a6f5a6ab-ff96-4694-8eba-443e2db15582","False","5dfef06f-16a0-454b-bcbd-3d8eb602e93b"
"2026-08-04T20:47:28.1032723+08:00","814.28","71072","96016","electron.exe","2026/8/4 20:46:17","0.094","48.8","""C:\Program Files\Blackmagic Design\DaVinci Resolve\Electron\electron.exe"" --type=utility --utility-sub-type=network.mojom.NetworkService --lang=zh-CN --service-sandbox-type=none --user-data-dir=""C:\Users\Administrator\AppData\Roaming\Clackly Workflow Plugin"" --field-trial-handle=2028,i,17482855028509734347,18321238386746490031,262144 --enable-features=PdfUseShowSaveFilePicker --disable-features=SpareRendererForSitePerProcess,WinDelaySpellcheckServiceInit --variations-seed-version --mojo-platform-channel-handle=2288 /prefetch:11","localhost","a6f5a6ab-ff96-4694-8eba-443e2db15582","False","5dfef06f-16a0-454b-bcbd-3d8eb602e93b"
"2026-08-04T20:47:28.1032723+08:00","814.305","95128","96016","electron.exe","2026/8/4 20:46:17","0.219","87.8","""C:\Program Files\Blackmagic Design\DaVinci Resolve\Electron\electron.exe"" --type=renderer --user-data-dir=""C:\Users\Administrator\AppData\Roaming\Clackly Workflow Plugin"" --app-path=""C:\ProgramData\Blackmagic Design\DaVinci Resolve\Support\Workflow Integration Plugins\com.wutpeach.clackly\workflow-plugin"" --no-sandbox --no-zygote --video-capture-use-gpu-memory-buffer --lang=zh-CN --device-scale-factor=1 --num-raster-threads=4 --enable-main-frame-before-activation --renderer-client-id=4 --time-ticks-at-unix-epoch=-1783908253862340 --launch-time-ticks=1939323759056 --field-trial-handle=2028,i,17482855028509734347,18321238386746490031,262144 --enable-features=PdfUseShowSaveFilePicker --disable-features=SpareRendererForSitePerProcess,WinDelaySpellcheckServiceInit --variations-seed-version --mojo-platform-channel-handle=3260 /prefetch:1","localhost","a6f5a6ab-ff96-4694-8eba-443e2db15582","False","5dfef06f-16a0-454b-bcbd-3d8eb602e93b"
"2026-08-04T20:47:30.1152617+08:00","801.245","84256","79828","Resolve.exe","2026/8/4 20:46:01","98.734","2515.1","""C:\Program Files\Blackmagic Design\DaVinci Resolve\Resolve.exe"" ","localhost","a6f5a6ab-ff96-4694-8eba-443e2db15582","False","5dfef06f-16a0-454b-bcbd-3d8eb602e93b"
"2026-08-04T20:47:30.1152617+08:00","801.328","96016","84256","electron.exe","2026/8/4 20:46:17","0.828","105.1","""C:/Program Files/Blackmagic Design/DaVinci Resolve\Electron\electron.exe"" ""C:\ProgramData\Blackmagic Design\DaVinci Resolve\Support\Workflow Integration Plugins\com.wutpeach.clackly\workflow-plugin/main.js"" --plugin-id=com.wutpeach.clackly","localhost","a6f5a6ab-ff96-4694-8eba-443e2db15582","False","5dfef06f-16a0-454b-bcbd-3d8eb602e93b"
"2026-08-04T20:47:30.1152617+08:00","801.356","99072","96016","electron.exe","2026/8/4 20:46:17","1.297","112","""C:\Program Files\Blackmagic Design\DaVinci Resolve\Electron\electron.exe"" --type=gpu-process --user-data-dir=""C:\Users\Administrator\AppData\Roaming\Clackly Workflow Plugin"" --gpu-preferences=UAAAAAAAAADgAAAEAAAAAAAAAAAAAAAAAABgAAEAAAAAAAAAAAAAAAAAAAACAAAAAAAAAAAAAAAAAAAAAAAAABAAAAAAAAAAEAAAAAAAAAAIAAAAAAAAAAgAAAAAAAAA --field-trial-handle=2028,i,17482855028509734347,18321238386746490031,262144 --enable-features=PdfUseShowSaveFilePicker --disable-features=SpareRendererForSitePerProcess,WinDelaySpellcheckServiceInit --variations-seed-version --mojo-platform-channel-handle=2024 /prefetch:2","localhost","a6f5a6ab-ff96-4694-8eba-443e2db15582","False","5dfef06f-16a0-454b-bcbd-3d8eb602e93b"
"2026-08-04T20:47:30.1152617+08:00","801.384","71072","96016","electron.exe","2026/8/4 20:46:17","0.094","48.8","""C:\Program Files\Blackmagic Design\DaVinci Resolve\Electron\electron.exe"" --type=utility --utility-sub-type=network.mojom.NetworkService --lang=zh-CN --service-sandbox-type=none --user-data-dir=""C:\Users\Administrator\AppData\Roaming\Clackly Workflow Plugin"" --field-trial-handle=2028,i,17482855028509734347,18321238386746490031,262144 --enable-features=PdfUseShowSaveFilePicker --disable-features=SpareRendererForSitePerProcess,WinDelaySpellcheckServiceInit --variations-seed-version --mojo-platform-channel-handle=2288 /prefetch:11","localhost","a6f5a6ab-ff96-4694-8eba-443e2db15582","False","5dfef06f-16a0-454b-bcbd-3d8eb602e93b"
"2026-08-04T20:47:30.1152617+08:00","801.409","95128","96016","electron.exe","2026/8/4 20:46:17","0.219","87.8","""C:\Program Files\Blackmagic Design\DaVinci Resolve\Electron\electron.exe"" --type=renderer --user-data-dir=""C:\Users\Administrator\AppData\Roaming\Clackly Workflow Plugin"" --app-path=""C:\ProgramData\Blackmagic Design\DaVinci Resolve\Support\Workflow Integration Plugins\com.wutpeach.clackly\workflow-plugin"" --no-sandbox --no-zygote --video-capture-use-gpu-memory-buffer --lang=zh-CN --device-scale-factor=1 --num-raster-threads=4 --enable-main-frame-before-activation --renderer-client-id=4 --time-ticks-at-unix-epoch=-1783908253862340 --launch-time-ticks=1939323759056 --field-trial-handle=2028,i,17482855028509734347,18321238386746490031,262144 --enable-features=PdfUseShowSaveFilePicker --disable-features=SpareRendererForSitePerProcess,WinDelaySpellcheckServiceInit --variations-seed-version --mojo-platform-channel-handle=3260 /prefetch:1","localhost","a6f5a6ab-ff96-4694-8eba-443e2db15582","False","5dfef06f-16a0-454b-bcbd-3d8eb602e93b"
