"Timestamp","ProcessId","ParentProcessId","Name","Responding","CpuSeconds","WorkingSetMB","CreationDate","CommandLine"
"2026-07-29T15:09:01.3597452+08:00","66208","15420","Resolve.exe","True","30.547","2190.8","2026/7/29 15:08:02","""C:\Program Files\Blackmagic Design\DaVinci Resolve\Resolve.exe"" "
"2026-07-29T15:09:02.6296905+08:00","66208","15420","Resolve.exe","True","32.281","2314.3","2026/7/29 15:08:02","""C:\Program Files\Blackmagic Design\DaVinci Resolve\Resolve.exe"" "
"2026-07-29T15:09:03.7718723+08:00","66208","15420","Resolve.exe","True","32.609","2317.3","2026/7/29 15:08:02","""C:\Program Files\Blackmagic Design\DaVinci Resolve\Resolve.exe"" "
"2026-07-29T15:09:04.9167619+08:00","66208","15420","Resolve.exe","True","33.875","2337.7","2026/7/29 15:08:02","""C:\Program Files\Blackmagic Design\DaVinci Resolve\Resolve.exe"" "
"2026-07-29T15:09:06.0613888+08:00","66208","15420","Resolve.exe","True","34.656","2346.3","2026/7/29 15:08:02","""C:\Program Files\Blackmagic Design\DaVinci Resolve\Resolve.exe"" "
"2026-07-29T15:09:07.2004979+08:00","66208","15420","Resolve.exe","True","34.812","2346.3","2026/7/29 15:08:02","""C:\Program Files\Blackmagic Design\DaVinci Resolve\Resolve.exe"" "
"2026-07-29T15:09:08.3698203+08:00","66208","15420","Resolve.exe","True","34.891","2345.7","2026/7/29 15:08:02","""C:\Program Files\Blackmagic Design\DaVinci Resolve\Resolve.exe"" "
"2026-07-29T15:09:09.7099453+08:00","66208","15420","Resolve.exe","True","36.016","2361.1","2026/7/29 15:08:02","""C:\Program Files\Blackmagic Design\DaVinci Resolve\Resolve.exe"" "
"2026-07-29T15:09:10.8684385+08:00","66208","15420","Resolve.exe","True","36.797","2367.2","2026/7/29 15:08:02","""C:\Program Files\Blackmagic Design\DaVinci Resolve\Resolve.exe"" "
"2026-07-29T15:09:12.0825713+08:00","66208","15420","Resolve.exe","True","38.312","2376.4","2026/7/29 15:08:02","""C:\Program Files\Blackmagic Design\DaVinci Resolve\Resolve.exe"" "
"2026-07-29T15:09:13.2998522+08:00","66208","15420","Resolve.exe","True","39.531","2381","2026/7/29 15:08:02","""C:\Program Files\Blackmagic Design\DaVinci Resolve\Resolve.exe"" "
"2026-07-29T15:09:14.5315538+08:00","66208","15420","Resolve.exe","True","40.766","2384.8","2026/7/29 15:08:02","""C:\Program Files\Blackmagic Design\DaVinci Resolve\Resolve.exe"" "
"2026-07-29T15:09:15.7396343+08:00","66208","15420","Resolve.exe","True","41.953","2384.8","2026/7/29 15:08:02","""C:\Program Files\Blackmagic Design\DaVinci Resolve\Resolve.exe"" "
"2026-07-29T15:09:16.8975758+08:00","66208","15420","Resolve.exe","True","43.359","2385.6","2026/7/29 15:08:02","""C:\Program Files\Blackmagic Design\DaVinci Resolve\Resolve.exe"" "
"2026-07-29T15:09:18.1232006+08:00","66208","15420","Resolve.exe","True","44.891","2386.1","2026/7/29 15:08:02","""C:\Program Files\Blackmagic Design\DaVinci Resolve\Resolve.exe"" "
"2026-07-29T15:09:19.3254265+08:00","66208","15420","Resolve.exe","True","46.078","2386.3","2026/7/29 15:08:02","""C:\Program Files\Blackmagic Design\DaVinci Resolve\Resolve.exe"" "
"2026-07-29T15:09:20.5593131+08:00","66208","15420","Resolve.exe","True","47.172","2385.1","2026/7/29 15:08:02","""C:\Program Files\Blackmagic Design\DaVinci Resolve\Resolve.exe"" "
"2026-07-29T15:09:21.6979798+08:00","66208","15420","Resolve.exe","True","47.516","2385.1","2026/7/29 15:08:02","""C:\Program Files\Blackmagic Design\DaVinci Resolve\Resolve.exe"" "
"2026-07-29T15:09:22.8372408+08:00","66208","15420","Resolve.exe","True","47.578","2385.1","2026/7/29 15:08:02","""C:\Program Files\Blackmagic Design\DaVinci Resolve\Resolve.exe"" "
"2026-07-29T15:09:24.0069113+08:00","66208","15420","Resolve.exe","True","48.75","2388.1","2026/7/29 15:08:02","""C:\Program Files\Blackmagic Design\DaVinci Resolve\Resolve.exe"" "
"2026-07-29T15:09:25.1921754+08:00","66208","15420","Resolve.exe","True","49.594","2388.2","2026/7/29 15:08:02","""C:\Program Files\Blackmagic Design\DaVinci Resolve\Resolve.exe"" "
"2026-07-29T15:09:26.3623517+08:00","66208","15420","Resolve.exe","True","49.953","2390.1","2026/7/29 15:08:02","""C:\Program Files\Blackmagic Design\DaVinci Resolve\Resolve.exe"" "
"2026-07-29T15:09:27.5169423+08:00","66208","15420","Resolve.exe","True","50.078","2389.5","2026/7/29 15:08:02","""C:\Program Files\Blackmagic Design\DaVinci Resolve\Resolve.exe"" "
"2026-07-29T15:09:28.7352950+08:00","66208","15420","Resolve.exe","True","50.688","2390.3","2026/7/29 15:08:02","""C:\Program Files\Blackmagic Design\DaVinci Resolve\Resolve.exe"" "
"2026-07-29T15:09:29.9668876+08:00","66208","15420","Resolve.exe","True","52.031","2393","2026/7/29 15:08:02","""C:\Program Files\Blackmagic Design\DaVinci Resolve\Resolve.exe"" "
"2026-07-29T15:09:31.2466636+08:00","66208","15420","Resolve.exe","True","53.391","2399.3","2026/7/29 15:08:02","""C:\Program Files\Blackmagic Design\DaVinci Resolve\Resolve.exe"" "
"2026-07-29T15:09:32.4817148+08:00","66208","15420","Resolve.exe","True","53.703","2398.8","2026/7/29 15:08:02","""C:\Program Files\Blackmagic Design\DaVinci Resolve\Resolve.exe"" "
"2026-07-29T15:09:33.6165468+08:00","66208","15420","Resolve.exe","True","54","2398.2","2026/7/29 15:08:02","""C:\Program Files\Blackmagic Design\DaVinci Resolve\Resolve.exe"" "
"2026-07-29T15:09:33.6165468+08:00","81432","66208","electron.exe","True","0.109","55.4","2026/7/29 15:09:33","""C:/Program Files/Blackmagic Design/DaVinci Resolve\Electron\electron.exe"" ""C:\ProgramData\Blackmagic Design\DaVinci Resolve\Support\Workflow Integration Plugins\com.wutpeach.clackly\workflow-plugin/main.js"" --plugin-id=com.wutpeach.clackly"
"2026-07-29T15:09:34.8337015+08:00","66208","15420","Resolve.exe","True","54.125","2398.4","2026/7/29 15:08:02","""C:\Program Files\Blackmagic Design\DaVinci Resolve\Resolve.exe"" "
"2026-07-29T15:09:34.8337015+08:00","81432","66208","electron.exe","True","0.359","104.9","2026/7/29 15:09:33","""C:/Program Files/Blackmagic Design/DaVinci Resolve\Electron\electron.exe"" ""C:\ProgramData\Blackmagic Design\DaVinci Resolve\Support\Workflow Integration Plugins\com.wutpeach.clackly\workflow-plugin/main.js"" --plugin-id=com.wutpeach.clackly"
"2026-07-29T15:09:34.8337015+08:00","71268","81432","electron.exe","True","0.266","90.3","2026/7/29 15:09:34","""C:\Program Files\Blackmagic Design\DaVinci Resolve\Electron\electron.exe"" --type=gpu-process --user-data-dir=""C:\Users\Administrator\AppData\Roaming\Clackly Workflow Plugin"" --gpu-preferences=UAAAAAAAAADgAAAEAAAAAAAAAAAAAAAAAABgAAEAAAAAAAAAAAAAAAAAAAACAAAAAAAAAAAAAAAAAAAAAAAAABAAAAAAAAAAEAAAAAAAAAAIAAAAAAAAAAgAAAAAAAAA --field-trial-handle=2024,i,1323165279999340045,16426289729370756592,262144 --enable-features=PdfUseShowSaveFilePicker --disable-features=SpareRendererForSitePerProcess,WinDelaySpellcheckServiceInit --variations-seed-version --mojo-platform-channel-handle=2020 /prefetch:2"
"2026-07-29T15:09:34.8337015+08:00","78688","81432","electron.exe","True","0.047","46.1","2026/7/29 15:09:34","""C:\Program Files\Blackmagic Design\DaVinci Resolve\Electron\electron.exe"" --type=utility --utility-sub-type=network.mojom.NetworkService --lang=zh-CN --service-sandbox-type=none --user-data-dir=""C:\Users\Administrator\AppData\Roaming\Clackly Workflow Plugin"" --field-trial-handle=2024,i,1323165279999340045,16426289729370756592,262144 --enable-features=PdfUseShowSaveFilePicker --disable-features=SpareRendererForSitePerProcess,WinDelaySpellcheckServiceInit --variations-seed-version --mojo-platform-channel-handle=2132 /prefetch:11"
"2026-07-29T15:09:34.8337015+08:00","31868","81432","electron.exe","True","0.078","80.3","2026/7/29 15:09:34","""C:\Program Files\Blackmagic Design\DaVinci Resolve\Electron\electron.exe"" --type=renderer --user-data-dir=""C:\Users\Administrator\AppData\Roaming\Clackly Workflow Plugin"" --app-path=""D:\Clackly\resolve-command-center\workflow-plugin"" --no-sandbox --no-zygote --video-capture-use-gpu-memory-buffer --lang=zh-CN --device-scale-factor=1 --num-raster-threads=4 --enable-main-frame-before-activation --renderer-client-id=4 --time-ticks-at-unix-epoch=-1783908236173370 --launch-time-ticks=1400737997635 --field-trial-handle=2024,i,1323165279999340045,16426289729370756592,262144 --enable-features=PdfUseShowSaveFilePicker --disable-features=SpareRendererForSitePerProcess,WinDelaySpellcheckServiceInit --variations-seed-version --mojo-platform-channel-handle=3212 /prefetch:1"
"2026-07-29T15:09:36.0469839+08:00","66208","15420","Resolve.exe","True","54.938","2398.8","2026/7/29 15:08:02","""C:\Program Files\Blackmagic Design\DaVinci Resolve\Resolve.exe"" "
"2026-07-29T15:09:36.0469839+08:00","81432","66208","electron.exe","True","0.359","105.1","2026/7/29 15:09:33","""C:/Program Files/Blackmagic Design/DaVinci Resolve\Electron\electron.exe"" ""C:\ProgramData\Blackmagic Design\DaVinci Resolve\Support\Workflow Integration Plugins\com.wutpeach.clackly\workflow-plugin/main.js"" --plugin-id=com.wutpeach.clackly"
"2026-07-29T15:09:36.0469839+08:00","71268","81432","electron.exe","True","0.266","90.4","2026/7/29 15:09:34","""C:\Program Files\Blackmagic Design\DaVinci Resolve\Electron\electron.exe"" --type=gpu-process --user-data-dir=""C:\Users\Administrator\AppData\Roaming\Clackly Workflow Plugin"" --gpu-preferences=UAAAAAAAAADgAAAEAAAAAAAAAAAAAAAAAABgAAEAAAAAAAAAAAAAAAAAAAACAAAAAAAAAAAAAAAAAAAAAAAAABAAAAAAAAAAEAAAAAAAAAAIAAAAAAAAAAgAAAAAAAAA --field-trial-handle=2024,i,1323165279999340045,16426289729370756592,262144 --enable-features=PdfUseShowSaveFilePicker --disable-features=SpareRendererForSitePerProcess,WinDelaySpellcheckServiceInit --variations-seed-version --mojo-platform-channel-handle=2020 /prefetch:2"
"2026-07-29T15:09:36.0469839+08:00","78688","81432","electron.exe","True","0.047","46.1","2026/7/29 15:09:34","""C:\Program Files\Blackmagic Design\DaVinci Resolve\Electron\electron.exe"" --type=utility --utility-sub-type=network.mojom.NetworkService --lang=zh-CN --service-sandbox-type=none --user-data-dir=""C:\Users\Administrator\AppData\Roaming\Clackly Workflow Plugin"" --field-trial-handle=2024,i,1323165279999340045,16426289729370756592,262144 --enable-features=PdfUseShowSaveFilePicker --disable-features=SpareRendererForSitePerProcess,WinDelaySpellcheckServiceInit --variations-seed-version --mojo-platform-channel-handle=2132 /prefetch:11"
"2026-07-29T15:09:36.0469839+08:00","31868","81432","electron.exe","True","0.094","80.4","2026/7/29 15:09:34","""C:\Program Files\Blackmagic Design\DaVinci Resolve\Electron\electron.exe"" --type=renderer --user-data-dir=""C:\Users\Administrator\AppData\Roaming\Clackly Workflow Plugin"" --app-path=""D:\Clackly\resolve-command-center\workflow-plugin"" --no-sandbox --no-zygote --video-capture-use-gpu-memory-buffer --lang=zh-CN --device-scale-factor=1 --num-raster-threads=4 --enable-main-frame-before-activation --renderer-client-id=4 --time-ticks-at-unix-epoch=-1783908236173370 --launch-time-ticks=1400737997635 --field-trial-handle=2024,i,1323165279999340045,16426289729370756592,262144 --enable-features=PdfUseShowSaveFilePicker --disable-features=SpareRendererForSitePerProcess,WinDelaySpellcheckServiceInit --variations-seed-version --mojo-platform-channel-handle=3212 /prefetch:1"
"2026-07-29T15:09:37.3217674+08:00","66208","15420","Resolve.exe","True","55.25","2398.5","2026/7/29 15:08:02","""C:\Program Files\Blackmagic Design\DaVinci Resolve\Resolve.exe"" "
"2026-07-29T15:09:37.3217674+08:00","81432","66208","electron.exe","True","0.391","105.3","2026/7/29 15:09:33","""C:/Program Files/Blackmagic Design/DaVinci Resolve\Electron\electron.exe"" ""C:\ProgramData\Blackmagic Design\DaVinci Resolve\Support\Workflow Integration Plugins\com.wutpeach.clackly\workflow-plugin/main.js"" --plugin-id=com.wutpeach.clackly"
"2026-07-29T15:09:37.3217674+08:00","71268","81432","electron.exe","True","0.359","90.9","2026/7/29 15:09:34","""C:\Program Files\Blackmagic Design\DaVinci Resolve\Electron\electron.exe"" --type=gpu-process --user-data-dir=""C:\Users\Administrator\AppData\Roaming\Clackly Workflow Plugin"" --gpu-preferences=UAAAAAAAAADgAAAEAAAAAAAAAAAAAAAAAABgAAEAAAAAAAAAAAAAAAAAAAACAAAAAAAAAAAAAAAAAAAAAAAAABAAAAAAAAAAEAAAAAAAAAAIAAAAAAAAAAgAAAAAAAAA --field-trial-handle=2024,i,1323165279999340045,16426289729370756592,262144 --enable-features=PdfUseShowSaveFilePicker --disable-features=SpareRendererForSitePerProcess,WinDelaySpellcheckServiceInit --variations-seed-version --mojo-platform-channel-handle=2020 /prefetch:2"
"2026-07-29T15:09:37.3217674+08:00","78688","81432","electron.exe","True","0.047","46.1","2026/7/29 15:09:34","""C:\Program Files\Blackmagic Design\DaVinci Resolve\Electron\electron.exe"" --type=utility --utility-sub-type=network.mojom.NetworkService --lang=zh-CN --service-sandbox-type=none --user-data-dir=""C:\Users\Administrator\AppData\Roaming\Clackly Workflow Plugin"" --field-trial-handle=2024,i,1323165279999340045,16426289729370756592,262144 --enable-features=PdfUseShowSaveFilePicker --disable-features=SpareRendererForSitePerProcess,WinDelaySpellcheckServiceInit --variations-seed-version --mojo-platform-channel-handle=2132 /prefetch:11"
"2026-07-29T15:09:37.3217674+08:00","31868","81432","electron.exe","True","0.125","80.7","2026/7/29 15:09:34","""C:\Program Files\Blackmagic Design\DaVinci Resolve\Electron\electron.exe"" --type=renderer --user-data-dir=""C:\Users\Administrator\AppData\Roaming\Clackly Workflow Plugin"" --app-path=""D:\Clackly\resolve-command-center\workflow-plugin"" --no-sandbox --no-zygote --video-capture-use-gpu-memory-buffer --lang=zh-CN --device-scale-factor=1 --num-raster-threads=4 --enable-main-frame-before-activation --renderer-client-id=4 --time-ticks-at-unix-epoch=-1783908236173370 --launch-time-ticks=1400737997635 --field-trial-handle=2024,i,1323165279999340045,16426289729370756592,262144 --enable-features=PdfUseShowSaveFilePicker --disable-features=SpareRendererForSitePerProcess,WinDelaySpellcheckServiceInit --variations-seed-version --mojo-platform-channel-handle=3212 /prefetch:1"
"2026-07-29T15:09:38.4569172+08:00","66208","15420","Resolve.exe","True","55.625","2399.9","2026/7/29 15:08:02","""C:\Program Files\Blackmagic Design\DaVinci Resolve\Resolve.exe"" "
"2026-07-29T15:09:38.4569172+08:00","81432","66208","electron.exe","True","0.422","105.4","2026/7/29 15:09:33","""C:/Program Files/Blackmagic Design/DaVinci Resolve\Electron\electron.exe"" ""C:\ProgramData\Blackmagic Design\DaVinci Resolve\Support\Workflow Integration Plugins\com.wutpeach.clackly\workflow-plugin/main.js"" --plugin-id=com.wutpeach.clackly"
"2026-07-29T15:09:38.4569172+08:00","71268","81432","electron.exe","True","0.359","91","2026/7/29 15:09:34","""C:\Program Files\Blackmagic Design\DaVinci Resolve\Electron\electron.exe"" --type=gpu-process --user-data-dir=""C:\Users\Administrator\AppData\Roaming\Clackly Workflow Plugin"" --gpu-preferences=UAAAAAAAAADgAAAEAAAAAAAAAAAAAAAAAABgAAEAAAAAAAAAAAAAAAAAAAACAAAAAAAAAAAAAAAAAAAAAAAAABAAAAAAAAAAEAAAAAAAAAAIAAAAAAAAAAgAAAAAAAAA --field-trial-handle=2024,i,1323165279999340045,16426289729370756592,262144 --enable-features=PdfUseShowSaveFilePicker --disable-features=SpareRendererForSitePerProcess,WinDelaySpellcheckServiceInit --variations-seed-version --mojo-platform-channel-handle=2020 /prefetch:2"
"2026-07-29T15:09:38.4569172+08:00","78688","81432","electron.exe","True","0.047","46.1","2026/7/29 15:09:34","""C:\Program Files\Blackmagic Design\DaVinci Resolve\Electron\electron.exe"" --type=utility --utility-sub-type=network.mojom.NetworkService --lang=zh-CN --service-sandbox-type=none --user-data-dir=""C:\Users\Administrator\AppData\Roaming\Clackly Workflow Plugin"" --field-trial-handle=2024,i,1323165279999340045,16426289729370756592,262144 --enable-features=PdfUseShowSaveFilePicker --disable-features=SpareRendererForSitePerProcess,WinDelaySpellcheckServiceInit --variations-seed-version --mojo-platform-channel-handle=2132 /prefetch:11"
"2026-07-29T15:09:38.4569172+08:00","31868","81432","electron.exe","True","0.141","81","2026/7/29 15:09:34","""C:\Program Files\Blackmagic Design\DaVinci Resolve\Electron\electron.exe"" --type=renderer --user-data-dir=""C:\Users\Administrator\AppData\Roaming\Clackly Workflow Plugin"" --app-path=""D:\Clackly\resolve-command-center\workflow-plugin"" --no-sandbox --no-zygote --video-capture-use-gpu-memory-buffer --lang=zh-CN --device-scale-factor=1 --num-raster-threads=4 --enable-main-frame-before-activation --renderer-client-id=4 --time-ticks-at-unix-epoch=-1783908236173370 --launch-time-ticks=1400737997635 --field-trial-handle=2024,i,1323165279999340045,16426289729370756592,262144 --enable-features=PdfUseShowSaveFilePicker --disable-features=SpareRendererForSitePerProcess,WinDelaySpellcheckServiceInit --variations-seed-version --mojo-platform-channel-handle=3212 /prefetch:1"
"2026-07-29T15:09:39.7536243+08:00","66208","15420","Resolve.exe","True","57.156","2399.3","2026/7/29 15:08:02","""C:\Program Files\Blackmagic Design\DaVinci Resolve\Resolve.exe"" "
"2026-07-29T15:09:39.7536243+08:00","81432","66208","electron.exe","True","0.422","105.4","2026/7/29 15:09:33","""C:/Program Files/Blackmagic Design/DaVinci Resolve\Electron\electron.exe"" ""C:\ProgramData\Blackmagic Design\DaVinci Resolve\Support\Workflow Integration Plugins\com.wutpeach.clackly\workflow-plugin/main.js"" --plugin-id=com.wutpeach.clackly"
"2026-07-29T15:09:39.7536243+08:00","71268","81432","electron.exe","True","0.359","90.9","2026/7/29 15:09:34","""C:\Program Files\Blackmagic Design\DaVinci Resolve\Electron\electron.exe"" --type=gpu-process --user-data-dir=""C:\Users\Administrator\AppData\Roaming\Clackly Workflow Plugin"" --gpu-preferences=UAAAAAAAAADgAAAEAAAAAAAAAAAAAAAAAABgAAEAAAAAAAAAAAAAAAAAAAACAAAAAAAAAAAAAAAAAAAAAAAAABAAAAAAAAAAEAAAAAAAAAAIAAAAAAAAAAgAAAAAAAAA --field-trial-handle=2024,i,1323165279999340045,16426289729370756592,262144 --enable-features=PdfUseShowSaveFilePicker --disable-features=SpareRendererForSitePerProcess,WinDelaySpellcheckServiceInit --variations-seed-version --mojo-platform-channel-handle=2020 /prefetch:2"
"2026-07-29T15:09:39.7536243+08:00","78688","81432","electron.exe","True","0.047","46.1","2026/7/29 15:09:34","""C:\Program Files\Blackmagic Design\DaVinci Resolve\Electron\electron.exe"" --type=utility --utility-sub-type=network.mojom.NetworkService --lang=zh-CN --service-sandbox-type=none --user-data-dir=""C:\Users\Administrator\AppData\Roaming\Clackly Workflow Plugin"" --field-trial-handle=2024,i,1323165279999340045,16426289729370756592,262144 --enable-features=PdfUseShowSaveFilePicker --disable-features=SpareRendererForSitePerProcess,WinDelaySpellcheckServiceInit --variations-seed-version --mojo-platform-channel-handle=2132 /prefetch:11"
"2026-07-29T15:09:39.7536243+08:00","31868","81432","electron.exe","True","0.141","81","2026/7/29 15:09:34","""C:\Program Files\Blackmagic Design\DaVinci Resolve\Electron\electron.exe"" --type=renderer --user-data-dir=""C:\Users\Administrator\AppData\Roaming\Clackly Workflow Plugin"" --app-path=""D:\Clackly\resolve-command-center\workflow-plugin"" --no-sandbox --no-zygote --video-capture-use-gpu-memory-buffer --lang=zh-CN --device-scale-factor=1 --num-raster-threads=4 --enable-main-frame-before-activation --renderer-client-id=4 --time-ticks-at-unix-epoch=-1783908236173370 --launch-time-ticks=1400737997635 --field-trial-handle=2024,i,1323165279999340045,16426289729370756592,262144 --enable-features=PdfUseShowSaveFilePicker --disable-features=SpareRendererForSitePerProcess,WinDelaySpellcheckServiceInit --variations-seed-version --mojo-platform-channel-handle=3212 /prefetch:1"
"2026-07-29T15:09:41.0920181+08:00","66208","15420","Resolve.exe","True","58.016","2399","2026/7/29 15:08:02","""C:\Program Files\Blackmagic Design\DaVinci Resolve\Resolve.exe"" "
"2026-07-29T15:09:41.0920181+08:00","81432","66208","electron.exe","True","0.422","105.4","2026/7/29 15:09:33","""C:/Program Files/Blackmagic Design/DaVinci Resolve\Electron\electron.exe"" ""C:\ProgramData\Blackmagic Design\DaVinci Resolve\Support\Workflow Integration Plugins\com.wutpeach.clackly\workflow-plugin/main.js"" --plugin-id=com.wutpeach.clackly"
"2026-07-29T15:09:41.0920181+08:00","71268","81432","electron.exe","True","0.359","90.9","2026/7/29 15:09:34","""C:\Program Files\Blackmagic Design\DaVinci Resolve\Electron\electron.exe"" --type=gpu-process --user-data-dir=""C:\Users\Administrator\AppData\Roaming\Clackly Workflow Plugin"" --gpu-preferences=UAAAAAAAAADgAAAEAAAAAAAAAAAAAAAAAABgAAEAAAAAAAAAAAAAAAAAAAACAAAAAAAAAAAAAAAAAAAAAAAAABAAAAAAAAAAEAAAAAAAAAAIAAAAAAAAAAgAAAAAAAAA --field-trial-handle=2024,i,1323165279999340045,16426289729370756592,262144 --enable-features=PdfUseShowSaveFilePicker --disable-features=SpareRendererForSitePerProcess,WinDelaySpellcheckServiceInit --variations-seed-version --mojo-platform-channel-handle=2020 /prefetch:2"
"2026-07-29T15:09:41.0920181+08:00","78688","81432","electron.exe","True","0.047","46.1","2026/7/29 15:09:34","""C:\Program Files\Blackmagic Design\DaVinci Resolve\Electron\electron.exe"" --type=utility --utility-sub-type=network.mojom.NetworkService --lang=zh-CN --service-sandbox-type=none --user-data-dir=""C:\Users\Administrator\AppData\Roaming\Clackly Workflow Plugin"" --field-trial-handle=2024,i,1323165279999340045,16426289729370756592,262144 --enable-features=PdfUseShowSaveFilePicker --disable-features=SpareRendererForSitePerProcess,WinDelaySpellcheckServiceInit --variations-seed-version --mojo-platform-channel-handle=2132 /prefetch:11"
"2026-07-29T15:09:41.0920181+08:00","31868","81432","electron.exe","True","0.141","81","2026/7/29 15:09:34","""C:\Program Files\Blackmagic Design\DaVinci Resolve\Electron\electron.exe"" --type=renderer --user-data-dir=""C:\Users\Administrator\AppData\Roaming\Clackly Workflow Plugin"" --app-path=""D:\Clackly\resolve-command-center\workflow-plugin"" --no-sandbox --no-zygote --video-capture-use-gpu-memory-buffer --lang=zh-CN --device-scale-factor=1 --num-raster-threads=4 --enable-main-frame-before-activation --renderer-client-id=4 --time-ticks-at-unix-epoch=-1783908236173370 --launch-time-ticks=1400737997635 --field-trial-handle=2024,i,1323165279999340045,16426289729370756592,262144 --enable-features=PdfUseShowSaveFilePicker --disable-features=SpareRendererForSitePerProcess,WinDelaySpellcheckServiceInit --variations-seed-version --mojo-platform-channel-handle=3212 /prefetch:1"
"2026-07-29T15:09:42.3266916+08:00","66208","15420","Resolve.exe","True","58.25","2398.6","2026/7/29 15:08:02","""C:\Program Files\Blackmagic Design\DaVinci Resolve\Resolve.exe"" "
"2026-07-29T15:09:42.3266916+08:00","81432","66208","electron.exe","True","0.422","105.4","2026/7/29 15:09:33","""C:/Program Files/Blackmagic Design/DaVinci Resolve\Electron\electron.exe"" ""C:\ProgramData\Blackmagic Design\DaVinci Resolve\Support\Workflow Integration Plugins\com.wutpeach.clackly\workflow-plugin/main.js"" --plugin-id=com.wutpeach.clackly"
"2026-07-29T15:09:42.3266916+08:00","71268","81432","electron.exe","True","0.359","90.9","2026/7/29 15:09:34","""C:\Program Files\Blackmagic Design\DaVinci Resolve\Electron\electron.exe"" --type=gpu-process --user-data-dir=""C:\Users\Administrator\AppData\Roaming\Clackly Workflow Plugin"" --gpu-preferences=UAAAAAAAAADgAAAEAAAAAAAAAAAAAAAAAABgAAEAAAAAAAAAAAAAAAAAAAACAAAAAAAAAAAAAAAAAAAAAAAAABAAAAAAAAAAEAAAAAAAAAAIAAAAAAAAAAgAAAAAAAAA --field-trial-handle=2024,i,1323165279999340045,16426289729370756592,262144 --enable-features=PdfUseShowSaveFilePicker --disable-features=SpareRendererForSitePerProcess,WinDelaySpellcheckServiceInit --variations-seed-version --mojo-platform-channel-handle=2020 /prefetch:2"
"2026-07-29T15:09:42.3266916+08:00","78688","81432","electron.exe","True","0.047","46.1","2026/7/29 15:09:34","""C:\Program Files\Blackmagic Design\DaVinci Resolve\Electron\electron.exe"" --type=utility --utility-sub-type=network.mojom.NetworkService --lang=zh-CN --service-sandbox-type=none --user-data-dir=""C:\Users\Administrator\AppData\Roaming\Clackly Workflow Plugin"" --field-trial-handle=2024,i,1323165279999340045,16426289729370756592,262144 --enable-features=PdfUseShowSaveFilePicker --disable-features=SpareRendererForSitePerProcess,WinDelaySpellcheckServiceInit --variations-seed-version --mojo-platform-channel-handle=2132 /prefetch:11"
"2026-07-29T15:09:42.3266916+08:00","31868","81432","electron.exe","True","0.141","81","2026/7/29 15:09:34","""C:\Program Files\Blackmagic Design\DaVinci Resolve\Electron\electron.exe"" --type=renderer --user-data-dir=""C:\Users\Administrator\AppData\Roaming\Clackly Workflow Plugin"" --app-path=""D:\Clackly\resolve-command-center\workflow-plugin"" --no-sandbox --no-zygote --video-capture-use-gpu-memory-buffer --lang=zh-CN --device-scale-factor=1 --num-raster-threads=4 --enable-main-frame-before-activation --renderer-client-id=4 --time-ticks-at-unix-epoch=-1783908236173370 --launch-time-ticks=1400737997635 --field-trial-handle=2024,i,1323165279999340045,16426289729370756592,262144 --enable-features=PdfUseShowSaveFilePicker --disable-features=SpareRendererForSitePerProcess,WinDelaySpellcheckServiceInit --variations-seed-version --mojo-platform-channel-handle=3212 /prefetch:1"
"2026-07-29T15:09:43.4810655+08:00","66208","15420","Resolve.exe","True","58.297","2398.6","2026/7/29 15:08:02","""C:\Program Files\Blackmagic Design\DaVinci Resolve\Resolve.exe"" "
"2026-07-29T15:09:43.4810655+08:00","81432","66208","electron.exe","True","0.422","105.4","2026/7/29 15:09:33","""C:/Program Files/Blackmagic Design/DaVinci Resolve\Electron\electron.exe"" ""C:\ProgramData\Blackmagic Design\DaVinci Resolve\Support\Workflow Integration Plugins\com.wutpeach.clackly\workflow-plugin/main.js"" --plugin-id=com.wutpeach.clackly"
"2026-07-29T15:09:43.4810655+08:00","71268","81432","electron.exe","True","0.359","90.6","2026/7/29 15:09:34","""C:\Program Files\Blackmagic Design\DaVinci Resolve\Electron\electron.exe"" --type=gpu-process --user-data-dir=""C:\Users\Administrator\AppData\Roaming\Clackly Workflow Plugin"" --gpu-preferences=UAAAAAAAAADgAAAEAAAAAAAAAAAAAAAAAABgAAEAAAAAAAAAAAAAAAAAAAACAAAAAAAAAAAAAAAAAAAAAAAAABAAAAAAAAAAEAAAAAAAAAAIAAAAAAAAAAgAAAAAAAAA --field-trial-handle=2024,i,1323165279999340045,16426289729370756592,262144 --enable-features=PdfUseShowSaveFilePicker --disable-features=SpareRendererForSitePerProcess,WinDelaySpellcheckServiceInit --variations-seed-version --mojo-platform-channel-handle=2020 /prefetch:2"
"2026-07-29T15:09:43.4810655+08:00","78688","81432","electron.exe","True","0.047","46.1","2026/7/29 15:09:34","""C:\Program Files\Blackmagic Design\DaVinci Resolve\Electron\electron.exe"" --type=utility --utility-sub-type=network.mojom.NetworkService --lang=zh-CN --service-sandbox-type=none --user-data-dir=""C:\Users\Administrator\AppData\Roaming\Clackly Workflow Plugin"" --field-trial-handle=2024,i,1323165279999340045,16426289729370756592,262144 --enable-features=PdfUseShowSaveFilePicker --disable-features=SpareRendererForSitePerProcess,WinDelaySpellcheckServiceInit --variations-seed-version --mojo-platform-channel-handle=2132 /prefetch:11"
"2026-07-29T15:09:43.4810655+08:00","31868","81432","electron.exe","True","0.141","81","2026/7/29 15:09:34","""C:\Program Files\Blackmagic Design\DaVinci Resolve\Electron\electron.exe"" --type=renderer --user-data-dir=""C:\Users\Administrator\AppData\Roaming\Clackly Workflow Plugin"" --app-path=""D:\Clackly\resolve-command-center\workflow-plugin"" --no-sandbox --no-zygote --video-capture-use-gpu-memory-buffer --lang=zh-CN --device-scale-factor=1 --num-raster-threads=4 --enable-main-frame-before-activation --renderer-client-id=4 --time-ticks-at-unix-epoch=-1783908236173370 --launch-time-ticks=1400737997635 --field-trial-handle=2024,i,1323165279999340045,16426289729370756592,262144 --enable-features=PdfUseShowSaveFilePicker --disable-features=SpareRendererForSitePerProcess,WinDelaySpellcheckServiceInit --variations-seed-version --mojo-platform-channel-handle=3212 /prefetch:1"
"2026-07-29T15:09:44.6192511+08:00","66208","15420","Resolve.exe","True","58.375","2398.6","2026/7/29 15:08:02","""C:\Program Files\Blackmagic Design\DaVinci Resolve\Resolve.exe"" "
"2026-07-29T15:09:44.6192511+08:00","81432","66208","electron.exe","True","0.422","105.4","2026/7/29 15:09:33","""C:/Program Files/Blackmagic Design/DaVinci Resolve\Electron\electron.exe"" ""C:\ProgramData\Blackmagic Design\DaVinci Resolve\Support\Workflow Integration Plugins\com.wutpeach.clackly\workflow-plugin/main.js"" --plugin-id=com.wutpeach.clackly"
"2026-07-29T15:09:44.6192511+08:00","71268","81432","electron.exe","True","0.359","90.6","2026/7/29 15:09:34","""C:\Program Files\Blackmagic Design\DaVinci Resolve\Electron\electron.exe"" --type=gpu-process --user-data-dir=""C:\Users\Administrator\AppData\Roaming\Clackly Workflow Plugin"" --gpu-preferences=UAAAAAAAAADgAAAEAAAAAAAAAAAAAAAAAABgAAEAAAAAAAAAAAAAAAAAAAACAAAAAAAAAAAAAAAAAAAAAAAAABAAAAAAAAAAEAAAAAAAAAAIAAAAAAAAAAgAAAAAAAAA --field-trial-handle=2024,i,1323165279999340045,16426289729370756592,262144 --enable-features=PdfUseShowSaveFilePicker --disable-features=SpareRendererForSitePerProcess,WinDelaySpellcheckServiceInit --variations-seed-version --mojo-platform-channel-handle=2020 /prefetch:2"
"2026-07-29T15:09:44.6192511+08:00","78688","81432","electron.exe","True","0.047","46.1","2026/7/29 15:09:34","""C:\Program Files\Blackmagic Design\DaVinci Resolve\Electron\electron.exe"" --type=utility --utility-sub-type=network.mojom.NetworkService --lang=zh-CN --service-sandbox-type=none --user-data-dir=""C:\Users\Administrator\AppData\Roaming\Clackly Workflow Plugin"" --field-trial-handle=2024,i,1323165279999340045,16426289729370756592,262144 --enable-features=PdfUseShowSaveFilePicker --disable-features=SpareRendererForSitePerProcess,WinDelaySpellcheckServiceInit --variations-seed-version --mojo-platform-channel-handle=2132 /prefetch:11"
"2026-07-29T15:09:44.6192511+08:00","31868","81432","electron.exe","True","0.141","81","2026/7/29 15:09:34","""C:\Program Files\Blackmagic Design\DaVinci Resolve\Electron\electron.exe"" --type=renderer --user-data-dir=""C:\Users\Administrator\AppData\Roaming\Clackly Workflow Plugin"" --app-path=""D:\Clackly\resolve-command-center\workflow-plugin"" --no-sandbox --no-zygote --video-capture-use-gpu-memory-buffer --lang=zh-CN --device-scale-factor=1 --num-raster-threads=4 --enable-main-frame-before-activation --renderer-client-id=4 --time-ticks-at-unix-epoch=-1783908236173370 --launch-time-ticks=1400737997635 --field-trial-handle=2024,i,1323165279999340045,16426289729370756592,262144 --enable-features=PdfUseShowSaveFilePicker --disable-features=SpareRendererForSitePerProcess,WinDelaySpellcheckServiceInit --variations-seed-version --mojo-platform-channel-handle=3212 /prefetch:1"
"2026-07-29T15:09:45.7571952+08:00","66208","15420","Resolve.exe","True","58.5","2398.6","2026/7/29 15:08:02","""C:\Program Files\Blackmagic Design\DaVinci Resolve\Resolve.exe"" "
"2026-07-29T15:09:45.7571952+08:00","81432","66208","electron.exe","True","0.422","105.4","2026/7/29 15:09:33","""C:/Program Files/Blackmagic Design/DaVinci Resolve\Electron\electron.exe"" ""C:\ProgramData\Blackmagic Design\DaVinci Resolve\Support\Workflow Integration Plugins\com.wutpeach.clackly\workflow-plugin/main.js"" --plugin-id=com.wutpeach.clackly"
"2026-07-29T15:09:45.7571952+08:00","71268","81432","electron.exe","True","0.359","90.5","2026/7/29 15:09:34","""C:\Program Files\Blackmagic Design\DaVinci Resolve\Electron\electron.exe"" --type=gpu-process --user-data-dir=""C:\Users\Administrator\AppData\Roaming\Clackly Workflow Plugin"" --gpu-preferences=UAAAAAAAAADgAAAEAAAAAAAAAAAAAAAAAABgAAEAAAAAAAAAAAAAAAAAAAACAAAAAAAAAAAAAAAAAAAAAAAAABAAAAAAAAAAEAAAAAAAAAAIAAAAAAAAAAgAAAAAAAAA --field-trial-handle=2024,i,1323165279999340045,16426289729370756592,262144 --enable-features=PdfUseShowSaveFilePicker --disable-features=SpareRendererForSitePerProcess,WinDelaySpellcheckServiceInit --variations-seed-version --mojo-platform-channel-handle=2020 /prefetch:2"
"2026-07-29T15:09:45.7571952+08:00","78688","81432","electron.exe","True","0.047","46.1","2026/7/29 15:09:34","""C:\Program Files\Blackmagic Design\DaVinci Resolve\Electron\electron.exe"" --type=utility --utility-sub-type=network.mojom.NetworkService --lang=zh-CN --service-sandbox-type=none --user-data-dir=""C:\Users\Administrator\AppData\Roaming\Clackly Workflow Plugin"" --field-trial-handle=2024,i,1323165279999340045,16426289729370756592,262144 --enable-features=PdfUseShowSaveFilePicker --disable-features=SpareRendererForSitePerProcess,WinDelaySpellcheckServiceInit --variations-seed-version --mojo-platform-channel-handle=2132 /prefetch:11"
"2026-07-29T15:09:45.7571952+08:00","31868","81432","electron.exe","True","0.141","80.1","2026/7/29 15:09:34","""C:\Program Files\Blackmagic Design\DaVinci Resolve\Electron\electron.exe"" --type=renderer --user-data-dir=""C:\Users\Administrator\AppData\Roaming\Clackly Workflow Plugin"" --app-path=""D:\Clackly\resolve-command-center\workflow-plugin"" --no-sandbox --no-zygote --video-capture-use-gpu-memory-buffer --lang=zh-CN --device-scale-factor=1 --num-raster-threads=4 --enable-main-frame-before-activation --renderer-client-id=4 --time-ticks-at-unix-epoch=-1783908236173370 --launch-time-ticks=1400737997635 --field-trial-handle=2024,i,1323165279999340045,16426289729370756592,262144 --enable-features=PdfUseShowSaveFilePicker --disable-features=SpareRendererForSitePerProcess,WinDelaySpellcheckServiceInit --variations-seed-version --mojo-platform-channel-handle=3212 /prefetch:1"
"2026-07-29T15:09:46.9029930+08:00","66208","15420","Resolve.exe","True","58.531","2398.6","2026/7/29 15:08:02","""C:\Program Files\Blackmagic Design\DaVinci Resolve\Resolve.exe"" "
"2026-07-29T15:09:46.9029930+08:00","81432","66208","electron.exe","True","0.422","105.4","2026/7/29 15:09:33","""C:/Program Files/Blackmagic Design/DaVinci Resolve\Electron\electron.exe"" ""C:\ProgramData\Blackmagic Design\DaVinci Resolve\Support\Workflow Integration Plugins\com.wutpeach.clackly\workflow-plugin/main.js"" --plugin-id=com.wutpeach.clackly"
"2026-07-29T15:09:46.9029930+08:00","71268","81432","electron.exe","True","0.359","90.5","2026/7/29 15:09:34","""C:\Program Files\Blackmagic Design\DaVinci Resolve\Electron\electron.exe"" --type=gpu-process --user-data-dir=""C:\Users\Administrator\AppData\Roaming\Clackly Workflow Plugin"" --gpu-preferences=UAAAAAAAAADgAAAEAAAAAAAAAAAAAAAAAABgAAEAAAAAAAAAAAAAAAAAAAACAAAAAAAAAAAAAAAAAAAAAAAAABAAAAAAAAAAEAAAAAAAAAAIAAAAAAAAAAgAAAAAAAAA --field-trial-handle=2024,i,1323165279999340045,16426289729370756592,262144 --enable-features=PdfUseShowSaveFilePicker --disable-features=SpareRendererForSitePerProcess,WinDelaySpellcheckServiceInit --variations-seed-version --mojo-platform-channel-handle=2020 /prefetch:2"
"2026-07-29T15:09:46.9029930+08:00","78688","81432","electron.exe","True","0.047","46.1","2026/7/29 15:09:34","""C:\Program Files\Blackmagic Design\DaVinci Resolve\Electron\electron.exe"" --type=utility --utility-sub-type=network.mojom.NetworkService --lang=zh-CN --service-sandbox-type=none --user-data-dir=""C:\Users\Administrator\AppData\Roaming\Clackly Workflow Plugin"" --field-trial-handle=2024,i,1323165279999340045,16426289729370756592,262144 --enable-features=PdfUseShowSaveFilePicker --disable-features=SpareRendererForSitePerProcess,WinDelaySpellcheckServiceInit --variations-seed-version --mojo-platform-channel-handle=2132 /prefetch:11"
"2026-07-29T15:09:46.9029930+08:00","31868","81432","electron.exe","True","0.141","80.1","2026/7/29 15:09:34","""C:\Program Files\Blackmagic Design\DaVinci Resolve\Electron\electron.exe"" --type=renderer --user-data-dir=""C:\Users\Administrator\AppData\Roaming\Clackly Workflow Plugin"" --app-path=""D:\Clackly\resolve-command-center\workflow-plugin"" --no-sandbox --no-zygote --video-capture-use-gpu-memory-buffer --lang=zh-CN --device-scale-factor=1 --num-raster-threads=4 --enable-main-frame-before-activation --renderer-client-id=4 --time-ticks-at-unix-epoch=-1783908236173370 --launch-time-ticks=1400737997635 --field-trial-handle=2024,i,1323165279999340045,16426289729370756592,262144 --enable-features=PdfUseShowSaveFilePicker --disable-features=SpareRendererForSitePerProcess,WinDelaySpellcheckServiceInit --variations-seed-version --mojo-platform-channel-handle=3212 /prefetch:1"
"2026-07-29T15:09:48.0206157+08:00","66208","15420","Resolve.exe","True","58.531","2398.6","2026/7/29 15:08:02","""C:\Program Files\Blackmagic Design\DaVinci Resolve\Resolve.exe"" "
"2026-07-29T15:09:48.0206157+08:00","81432","66208","electron.exe","True","0.422","105.4","2026/7/29 15:09:33","""C:/Program Files/Blackmagic Design/DaVinci Resolve\Electron\electron.exe"" ""C:\ProgramData\Blackmagic Design\DaVinci Resolve\Support\Workflow Integration Plugins\com.wutpeach.clackly\workflow-plugin/main.js"" --plugin-id=com.wutpeach.clackly"
"2026-07-29T15:09:48.0206157+08:00","71268","81432","electron.exe","True","0.359","90.5","2026/7/29 15:09:34","""C:\Program Files\Blackmagic Design\DaVinci Resolve\Electron\electron.exe"" --type=gpu-process --user-data-dir=""C:\Users\Administrator\AppData\Roaming\Clackly Workflow Plugin"" --gpu-preferences=UAAAAAAAAADgAAAEAAAAAAAAAAAAAAAAAABgAAEAAAAAAAAAAAAAAAAAAAACAAAAAAAAAAAAAAAAAAAAAAAAABAAAAAAAAAAEAAAAAAAAAAIAAAAAAAAAAgAAAAAAAAA --field-trial-handle=2024,i,1323165279999340045,16426289729370756592,262144 --enable-features=PdfUseShowSaveFilePicker --disable-features=SpareRendererForSitePerProcess,WinDelaySpellcheckServiceInit --variations-seed-version --mojo-platform-channel-handle=2020 /prefetch:2"
"2026-07-29T15:09:48.0206157+08:00","78688","81432","electron.exe","True","0.047","46.1","2026/7/29 15:09:34","""C:\Program Files\Blackmagic Design\DaVinci Resolve\Electron\electron.exe"" --type=utility --utility-sub-type=network.mojom.NetworkService --lang=zh-CN --service-sandbox-type=none --user-data-dir=""C:\Users\Administrator\AppData\Roaming\Clackly Workflow Plugin"" --field-trial-handle=2024,i,1323165279999340045,16426289729370756592,262144 --enable-features=PdfUseShowSaveFilePicker --disable-features=SpareRendererForSitePerProcess,WinDelaySpellcheckServiceInit --variations-seed-version --mojo-platform-channel-handle=2132 /prefetch:11"
"2026-07-29T15:09:48.0206157+08:00","31868","81432","electron.exe","True","0.141","80.1","2026/7/29 15:09:34","""C:\Program Files\Blackmagic Design\DaVinci Resolve\Electron\electron.exe"" --type=renderer --user-data-dir=""C:\Users\Administrator\AppData\Roaming\Clackly Workflow Plugin"" --app-path=""D:\Clackly\resolve-command-center\workflow-plugin"" --no-sandbox --no-zygote --video-capture-use-gpu-memory-buffer --lang=zh-CN --device-scale-factor=1 --num-raster-threads=4 --enable-main-frame-before-activation --renderer-client-id=4 --time-ticks-at-unix-epoch=-1783908236173370 --launch-time-ticks=1400737997635 --field-trial-handle=2024,i,1323165279999340045,16426289729370756592,262144 --enable-features=PdfUseShowSaveFilePicker --disable-features=SpareRendererForSitePerProcess,WinDelaySpellcheckServiceInit --variations-seed-version --mojo-platform-channel-handle=3212 /prefetch:1"
"2026-07-29T15:09:49.1739299+08:00","66208","15420","Resolve.exe","True","58.547","2398.6","2026/7/29 15:08:02","""C:\Program Files\Blackmagic Design\DaVinci Resolve\Resolve.exe"" "
"2026-07-29T15:09:49.1739299+08:00","81432","66208","electron.exe","True","0.453","105.4","2026/7/29 15:09:33","""C:/Program Files/Blackmagic Design/DaVinci Resolve\Electron\electron.exe"" ""C:\ProgramData\Blackmagic Design\DaVinci Resolve\Support\Workflow Integration Plugins\com.wutpeach.clackly\workflow-plugin/main.js"" --plugin-id=com.wutpeach.clackly"
"2026-07-29T15:09:49.1739299+08:00","71268","81432","electron.exe","True","0.359","90.5","2026/7/29 15:09:34","""C:\Program Files\Blackmagic Design\DaVinci Resolve\Electron\electron.exe"" --type=gpu-process --user-data-dir=""C:\Users\Administrator\AppData\Roaming\Clackly Workflow Plugin"" --gpu-preferences=UAAAAAAAAADgAAAEAAAAAAAAAAAAAAAAAABgAAEAAAAAAAAAAAAAAAAAAAACAAAAAAAAAAAAAAAAAAAAAAAAABAAAAAAAAAAEAAAAAAAAAAIAAAAAAAAAAgAAAAAAAAA --field-trial-handle=2024,i,1323165279999340045,16426289729370756592,262144 --enable-features=PdfUseShowSaveFilePicker --disable-features=SpareRendererForSitePerProcess,WinDelaySpellcheckServiceInit --variations-seed-version --mojo-platform-channel-handle=2020 /prefetch:2"
"2026-07-29T15:09:49.1739299+08:00","78688","81432","electron.exe","True","0.047","46.1","2026/7/29 15:09:34","""C:\Program Files\Blackmagic Design\DaVinci Resolve\Electron\electron.exe"" --type=utility --utility-sub-type=network.mojom.NetworkService --lang=zh-CN --service-sandbox-type=none --user-data-dir=""C:\Users\Administrator\AppData\Roaming\Clackly Workflow Plugin"" --field-trial-handle=2024,i,1323165279999340045,16426289729370756592,262144 --enable-features=PdfUseShowSaveFilePicker --disable-features=SpareRendererForSitePerProcess,WinDelaySpellcheckServiceInit --variations-seed-version --mojo-platform-channel-handle=2132 /prefetch:11"
"2026-07-29T15:09:49.1739299+08:00","31868","81432","electron.exe","True","0.141","80.1","2026/7/29 15:09:34","""C:\Program Files\Blackmagic Design\DaVinci Resolve\Electron\electron.exe"" --type=renderer --user-data-dir=""C:\Users\Administrator\AppData\Roaming\Clackly Workflow Plugin"" --app-path=""D:\Clackly\resolve-command-center\workflow-plugin"" --no-sandbox --no-zygote --video-capture-use-gpu-memory-buffer --lang=zh-CN --device-scale-factor=1 --num-raster-threads=4 --enable-main-frame-before-activation --renderer-client-id=4 --time-ticks-at-unix-epoch=-1783908236173370 --launch-time-ticks=1400737997635 --field-trial-handle=2024,i,1323165279999340045,16426289729370756592,262144 --enable-features=PdfUseShowSaveFilePicker --disable-features=SpareRendererForSitePerProcess,WinDelaySpellcheckServiceInit --variations-seed-version --mojo-platform-channel-handle=3212 /prefetch:1"
"2026-07-29T15:09:50.3560369+08:00","66208","15420","Resolve.exe","True","58.594","2398.6","2026/7/29 15:08:02","""C:\Program Files\Blackmagic Design\DaVinci Resolve\Resolve.exe"" "
"2026-07-29T15:09:50.3560369+08:00","81432","66208","electron.exe","True","0.453","105.4","2026/7/29 15:09:33","""C:/Program Files/Blackmagic Design/DaVinci Resolve\Electron\electron.exe"" ""C:\ProgramData\Blackmagic Design\DaVinci Resolve\Support\Workflow Integration Plugins\com.wutpeach.clackly\workflow-plugin/main.js"" --plugin-id=com.wutpeach.clackly"
"2026-07-29T15:09:50.3560369+08:00","71268","81432","electron.exe","True","0.359","90.5","2026/7/29 15:09:34","""C:\Program Files\Blackmagic Design\DaVinci Resolve\Electron\electron.exe"" --type=gpu-process --user-data-dir=""C:\Users\Administrator\AppData\Roaming\Clackly Workflow Plugin"" --gpu-preferences=UAAAAAAAAADgAAAEAAAAAAAAAAAAAAAAAABgAAEAAAAAAAAAAAAAAAAAAAACAAAAAAAAAAAAAAAAAAAAAAAAABAAAAAAAAAAEAAAAAAAAAAIAAAAAAAAAAgAAAAAAAAA --field-trial-handle=2024,i,1323165279999340045,16426289729370756592,262144 --enable-features=PdfUseShowSaveFilePicker --disable-features=SpareRendererForSitePerProcess,WinDelaySpellcheckServiceInit --variations-seed-version --mojo-platform-channel-handle=2020 /prefetch:2"
"2026-07-29T15:09:50.3560369+08:00","78688","81432","electron.exe","True","0.047","46.1","2026/7/29 15:09:34","""C:\Program Files\Blackmagic Design\DaVinci Resolve\Electron\electron.exe"" --type=utility --utility-sub-type=network.mojom.NetworkService --lang=zh-CN --service-sandbox-type=none --user-data-dir=""C:\Users\Administrator\AppData\Roaming\Clackly Workflow Plugin"" --field-trial-handle=2024,i,1323165279999340045,16426289729370756592,262144 --enable-features=PdfUseShowSaveFilePicker --disable-features=SpareRendererForSitePerProcess,WinDelaySpellcheckServiceInit --variations-seed-version --mojo-platform-channel-handle=2132 /prefetch:11"
"2026-07-29T15:09:50.3560369+08:00","31868","81432","electron.exe","True","0.141","80.1","2026/7/29 15:09:34","""C:\Program Files\Blackmagic Design\DaVinci Resolve\Electron\electron.exe"" --type=renderer --user-data-dir=""C:\Users\Administrator\AppData\Roaming\Clackly Workflow Plugin"" --app-path=""D:\Clackly\resolve-command-center\workflow-plugin"" --no-sandbox --no-zygote --video-capture-use-gpu-memory-buffer --lang=zh-CN --device-scale-factor=1 --num-raster-threads=4 --enable-main-frame-before-activation --renderer-client-id=4 --time-ticks-at-unix-epoch=-1783908236173370 --launch-time-ticks=1400737997635 --field-trial-handle=2024,i,1323165279999340045,16426289729370756592,262144 --enable-features=PdfUseShowSaveFilePicker --disable-features=SpareRendererForSitePerProcess,WinDelaySpellcheckServiceInit --variations-seed-version --mojo-platform-channel-handle=3212 /prefetch:1"
"2026-07-29T15:09:51.4907009+08:00","66208","15420","Resolve.exe","True","58.672","2398.6","2026/7/29 15:08:02","""C:\Program Files\Blackmagic Design\DaVinci Resolve\Resolve.exe"" "
"2026-07-29T15:09:51.4907009+08:00","81432","66208","electron.exe","True","0.453","105.4","2026/7/29 15:09:33","""C:/Program Files/Blackmagic Design/DaVinci Resolve\Electron\electron.exe"" ""C:\ProgramData\Blackmagic Design\DaVinci Resolve\Support\Workflow Integration Plugins\com.wutpeach.clackly\workflow-plugin/main.js"" --plugin-id=com.wutpeach.clackly"
"2026-07-29T15:09:51.4907009+08:00","71268","81432","electron.exe","True","0.359","90.5","2026/7/29 15:09:34","""C:\Program Files\Blackmagic Design\DaVinci Resolve\Electron\electron.exe"" --type=gpu-process --user-data-dir=""C:\Users\Administrator\AppData\Roaming\Clackly Workflow Plugin"" --gpu-preferences=UAAAAAAAAADgAAAEAAAAAAAAAAAAAAAAAABgAAEAAAAAAAAAAAAAAAAAAAACAAAAAAAAAAAAAAAAAAAAAAAAABAAAAAAAAAAEAAAAAAAAAAIAAAAAAAAAAgAAAAAAAAA --field-trial-handle=2024,i,1323165279999340045,16426289729370756592,262144 --enable-features=PdfUseShowSaveFilePicker --disable-features=SpareRendererForSitePerProcess,WinDelaySpellcheckServiceInit --variations-seed-version --mojo-platform-channel-handle=2020 /prefetch:2"
"2026-07-29T15:09:51.4907009+08:00","78688","81432","electron.exe","True","0.047","46.1","2026/7/29 15:09:34","""C:\Program Files\Blackmagic Design\DaVinci Resolve\Electron\electron.exe"" --type=utility --utility-sub-type=network.mojom.NetworkService --lang=zh-CN --service-sandbox-type=none --user-data-dir=""C:\Users\Administrator\AppData\Roaming\Clackly Workflow Plugin"" --field-trial-handle=2024,i,1323165279999340045,16426289729370756592,262144 --enable-features=PdfUseShowSaveFilePicker --disable-features=SpareRendererForSitePerProcess,WinDelaySpellcheckServiceInit --variations-seed-version --mojo-platform-channel-handle=2132 /prefetch:11"
"2026-07-29T15:09:51.4907009+08:00","31868","81432","electron.exe","True","0.141","80.1","2026/7/29 15:09:34","""C:\Program Files\Blackmagic Design\DaVinci Resolve\Electron\electron.exe"" --type=renderer --user-data-dir=""C:\Users\Administrator\AppData\Roaming\Clackly Workflow Plugin"" --app-path=""D:\Clackly\resolve-command-center\workflow-plugin"" --no-sandbox --no-zygote --video-capture-use-gpu-memory-buffer --lang=zh-CN --device-scale-factor=1 --num-raster-threads=4 --enable-main-frame-before-activation --renderer-client-id=4 --time-ticks-at-unix-epoch=-1783908236173370 --launch-time-ticks=1400737997635 --field-trial-handle=2024,i,1323165279999340045,16426289729370756592,262144 --enable-features=PdfUseShowSaveFilePicker --disable-features=SpareRendererForSitePerProcess,WinDelaySpellcheckServiceInit --variations-seed-version --mojo-platform-channel-handle=3212 /prefetch:1"
"2026-07-29T15:09:52.6310646+08:00","66208","15420","Resolve.exe","True","58.766","2398.6","2026/7/29 15:08:02","""C:\Program Files\Blackmagic Design\DaVinci Resolve\Resolve.exe"" "
"2026-07-29T15:09:52.6310646+08:00","81432","66208","electron.exe","True","0.453","105.4","2026/7/29 15:09:33","""C:/Program Files/Blackmagic Design/DaVinci Resolve\Electron\electron.exe"" ""C:\ProgramData\Blackmagic Design\DaVinci Resolve\Support\Workflow Integration Plugins\com.wutpeach.clackly\workflow-plugin/main.js"" --plugin-id=com.wutpeach.clackly"
"2026-07-29T15:09:52.6310646+08:00","71268","81432","electron.exe","True","0.359","90.5","2026/7/29 15:09:34","""C:\Program Files\Blackmagic Design\DaVinci Resolve\Electron\electron.exe"" --type=gpu-process --user-data-dir=""C:\Users\Administrator\AppData\Roaming\Clackly Workflow Plugin"" --gpu-preferences=UAAAAAAAAADgAAAEAAAAAAAAAAAAAAAAAABgAAEAAAAAAAAAAAAAAAAAAAACAAAAAAAAAAAAAAAAAAAAAAAAABAAAAAAAAAAEAAAAAAAAAAIAAAAAAAAAAgAAAAAAAAA --field-trial-handle=2024,i,1323165279999340045,16426289729370756592,262144 --enable-features=PdfUseShowSaveFilePicker --disable-features=SpareRendererForSitePerProcess,WinDelaySpellcheckServiceInit --variations-seed-version --mojo-platform-channel-handle=2020 /prefetch:2"
"2026-07-29T15:09:52.6310646+08:00","78688","81432","electron.exe","True","0.047","46.1","2026/7/29 15:09:34","""C:\Program Files\Blackmagic Design\DaVinci Resolve\Electron\electron.exe"" --type=utility --utility-sub-type=network.mojom.NetworkService --lang=zh-CN --service-sandbox-type=none --user-data-dir=""C:\Users\Administrator\AppData\Roaming\Clackly Workflow Plugin"" --field-trial-handle=2024,i,1323165279999340045,16426289729370756592,262144 --enable-features=PdfUseShowSaveFilePicker --disable-features=SpareRendererForSitePerProcess,WinDelaySpellcheckServiceInit --variations-seed-version --mojo-platform-channel-handle=2132 /prefetch:11"
"2026-07-29T15:09:52.6310646+08:00","31868","81432","electron.exe","True","0.141","80.1","2026/7/29 15:09:34","""C:\Program Files\Blackmagic Design\DaVinci Resolve\Electron\electron.exe"" --type=renderer --user-data-dir=""C:\Users\Administrator\AppData\Roaming\Clackly Workflow Plugin"" --app-path=""D:\Clackly\resolve-command-center\workflow-plugin"" --no-sandbox --no-zygote --video-capture-use-gpu-memory-buffer --lang=zh-CN --device-scale-factor=1 --num-raster-threads=4 --enable-main-frame-before-activation --renderer-client-id=4 --time-ticks-at-unix-epoch=-1783908236173370 --launch-time-ticks=1400737997635 --field-trial-handle=2024,i,1323165279999340045,16426289729370756592,262144 --enable-features=PdfUseShowSaveFilePicker --disable-features=SpareRendererForSitePerProcess,WinDelaySpellcheckServiceInit --variations-seed-version --mojo-platform-channel-handle=3212 /prefetch:1"
"2026-07-29T15:09:53.8041689+08:00","66208","15420","Resolve.exe","True","58.828","2398.6","2026/7/29 15:08:02","""C:\Program Files\Blackmagic Design\DaVinci Resolve\Resolve.exe"" "
"2026-07-29T15:09:53.8041689+08:00","81432","66208","electron.exe","True","0.453","105.4","2026/7/29 15:09:33","""C:/Program Files/Blackmagic Design/DaVinci Resolve\Electron\electron.exe"" ""C:\ProgramData\Blackmagic Design\DaVinci Resolve\Support\Workflow Integration Plugins\com.wutpeach.clackly\workflow-plugin/main.js"" --plugin-id=com.wutpeach.clackly"
"2026-07-29T15:09:53.8041689+08:00","71268","81432","electron.exe","True","0.359","90.5","2026/7/29 15:09:34","""C:\Program Files\Blackmagic Design\DaVinci Resolve\Electron\electron.exe"" --type=gpu-process --user-data-dir=""C:\Users\Administrator\AppData\Roaming\Clackly Workflow Plugin"" --gpu-preferences=UAAAAAAAAADgAAAEAAAAAAAAAAAAAAAAAABgAAEAAAAAAAAAAAAAAAAAAAACAAAAAAAAAAAAAAAAAAAAAAAAABAAAAAAAAAAEAAAAAAAAAAIAAAAAAAAAAgAAAAAAAAA --field-trial-handle=2024,i,1323165279999340045,16426289729370756592,262144 --enable-features=PdfUseShowSaveFilePicker --disable-features=SpareRendererForSitePerProcess,WinDelaySpellcheckServiceInit --variations-seed-version --mojo-platform-channel-handle=2020 /prefetch:2"
"2026-07-29T15:09:53.8041689+08:00","78688","81432","electron.exe","True","0.047","46.1","2026/7/29 15:09:34","""C:\Program Files\Blackmagic Design\DaVinci Resolve\Electron\electron.exe"" --type=utility --utility-sub-type=network.mojom.NetworkService --lang=zh-CN --service-sandbox-type=none --user-data-dir=""C:\Users\Administrator\AppData\Roaming\Clackly Workflow Plugin"" --field-trial-handle=2024,i,1323165279999340045,16426289729370756592,262144 --enable-features=PdfUseShowSaveFilePicker --disable-features=SpareRendererForSitePerProcess,WinDelaySpellcheckServiceInit --variations-seed-version --mojo-platform-channel-handle=2132 /prefetch:11"
"2026-07-29T15:09:53.8041689+08:00","31868","81432","electron.exe","True","0.141","80.1","2026/7/29 15:09:34","""C:\Program Files\Blackmagic Design\DaVinci Resolve\Electron\electron.exe"" --type=renderer --user-data-dir=""C:\Users\Administrator\AppData\Roaming\Clackly Workflow Plugin"" --app-path=""D:\Clackly\resolve-command-center\workflow-plugin"" --no-sandbox --no-zygote --video-capture-use-gpu-memory-buffer --lang=zh-CN --device-scale-factor=1 --num-raster-threads=4 --enable-main-frame-before-activation --renderer-client-id=4 --time-ticks-at-unix-epoch=-1783908236173370 --launch-time-ticks=1400737997635 --field-trial-handle=2024,i,1323165279999340045,16426289729370756592,262144 --enable-features=PdfUseShowSaveFilePicker --disable-features=SpareRendererForSitePerProcess,WinDelaySpellcheckServiceInit --variations-seed-version --mojo-platform-channel-handle=3212 /prefetch:1"
"2026-07-29T15:09:54.9259424+08:00","66208","15420","Resolve.exe","True","58.859","2398.6","2026/7/29 15:08:02","""C:\Program Files\Blackmagic Design\DaVinci Resolve\Resolve.exe"" "
"2026-07-29T15:09:54.9259424+08:00","81432","66208","electron.exe","True","0.453","105.4","2026/7/29 15:09:33","""C:/Program Files/Blackmagic Design/DaVinci Resolve\Electron\electron.exe"" ""C:\ProgramData\Blackmagic Design\DaVinci Resolve\Support\Workflow Integration Plugins\com.wutpeach.clackly\workflow-plugin/main.js"" --plugin-id=com.wutpeach.clackly"
"2026-07-29T15:09:54.9259424+08:00","71268","81432","electron.exe","True","0.359","90.5","2026/7/29 15:09:34","""C:\Program Files\Blackmagic Design\DaVinci Resolve\Electron\electron.exe"" --type=gpu-process --user-data-dir=""C:\Users\Administrator\AppData\Roaming\Clackly Workflow Plugin"" --gpu-preferences=UAAAAAAAAADgAAAEAAAAAAAAAAAAAAAAAABgAAEAAAAAAAAAAAAAAAAAAAACAAAAAAAAAAAAAAAAAAAAAAAAABAAAAAAAAAAEAAAAAAAAAAIAAAAAAAAAAgAAAAAAAAA --field-trial-handle=2024,i,1323165279999340045,16426289729370756592,262144 --enable-features=PdfUseShowSaveFilePicker --disable-features=SpareRendererForSitePerProcess,WinDelaySpellcheckServiceInit --variations-seed-version --mojo-platform-channel-handle=2020 /prefetch:2"
"2026-07-29T15:09:54.9259424+08:00","78688","81432","electron.exe","True","0.047","46.1","2026/7/29 15:09:34","""C:\Program Files\Blackmagic Design\DaVinci Resolve\Electron\electron.exe"" --type=utility --utility-sub-type=network.mojom.NetworkService --lang=zh-CN --service-sandbox-type=none --user-data-dir=""C:\Users\Administrator\AppData\Roaming\Clackly Workflow Plugin"" --field-trial-handle=2024,i,1323165279999340045,16426289729370756592,262144 --enable-features=PdfUseShowSaveFilePicker --disable-features=SpareRendererForSitePerProcess,WinDelaySpellcheckServiceInit --variations-seed-version --mojo-platform-channel-handle=2132 /prefetch:11"
"2026-07-29T15:09:54.9259424+08:00","31868","81432","electron.exe","True","0.141","80.1","2026/7/29 15:09:34","""C:\Program Files\Blackmagic Design\DaVinci Resolve\Electron\electron.exe"" --type=renderer --user-data-dir=""C:\Users\Administrator\AppData\Roaming\Clackly Workflow Plugin"" --app-path=""D:\Clackly\resolve-command-center\workflow-plugin"" --no-sandbox --no-zygote --video-capture-use-gpu-memory-buffer --lang=zh-CN --device-scale-factor=1 --num-raster-threads=4 --enable-main-frame-before-activation --renderer-client-id=4 --time-ticks-at-unix-epoch=-1783908236173370 --launch-time-ticks=1400737997635 --field-trial-handle=2024,i,1323165279999340045,16426289729370756592,262144 --enable-features=PdfUseShowSaveFilePicker --disable-features=SpareRendererForSitePerProcess,WinDelaySpellcheckServiceInit --variations-seed-version --mojo-platform-channel-handle=3212 /prefetch:1"
"2026-07-29T15:09:56.0323819+08:00","66208","15420","Resolve.exe","True","59","2398.6","2026/7/29 15:08:02","""C:\Program Files\Blackmagic Design\DaVinci Resolve\Resolve.exe"" "
"2026-07-29T15:09:56.0323819+08:00","81432","66208","electron.exe","True","0.453","105.4","2026/7/29 15:09:33","""C:/Program Files/Blackmagic Design/DaVinci Resolve\Electron\electron.exe"" ""C:\ProgramData\Blackmagic Design\DaVinci Resolve\Support\Workflow Integration Plugins\com.wutpeach.clackly\workflow-plugin/main.js"" --plugin-id=com.wutpeach.clackly"
"2026-07-29T15:09:56.0323819+08:00","71268","81432","electron.exe","True","0.359","90.5","2026/7/29 15:09:34","""C:\Program Files\Blackmagic Design\DaVinci Resolve\Electron\electron.exe"" --type=gpu-process --user-data-dir=""C:\Users\Administrator\AppData\Roaming\Clackly Workflow Plugin"" --gpu-preferences=UAAAAAAAAADgAAAEAAAAAAAAAAAAAAAAAABgAAEAAAAAAAAAAAAAAAAAAAACAAAAAAAAAAAAAAAAAAAAAAAAABAAAAAAAAAAEAAAAAAAAAAIAAAAAAAAAAgAAAAAAAAA --field-trial-handle=2024,i,1323165279999340045,16426289729370756592,262144 --enable-features=PdfUseShowSaveFilePicker --disable-features=SpareRendererForSitePerProcess,WinDelaySpellcheckServiceInit --variations-seed-version --mojo-platform-channel-handle=2020 /prefetch:2"
"2026-07-29T15:09:56.0323819+08:00","78688","81432","electron.exe","True","0.047","46.1","2026/7/29 15:09:34","""C:\Program Files\Blackmagic Design\DaVinci Resolve\Electron\electron.exe"" --type=utility --utility-sub-type=network.mojom.NetworkService --lang=zh-CN --service-sandbox-type=none --user-data-dir=""C:\Users\Administrator\AppData\Roaming\Clackly Workflow Plugin"" --field-trial-handle=2024,i,1323165279999340045,16426289729370756592,262144 --enable-features=PdfUseShowSaveFilePicker --disable-features=SpareRendererForSitePerProcess,WinDelaySpellcheckServiceInit --variations-seed-version --mojo-platform-channel-handle=2132 /prefetch:11"
"2026-07-29T15:09:56.0323819+08:00","31868","81432","electron.exe","True","0.141","80.1","2026/7/29 15:09:34","""C:\Program Files\Blackmagic Design\DaVinci Resolve\Electron\electron.exe"" --type=renderer --user-data-dir=""C:\Users\Administrator\AppData\Roaming\Clackly Workflow Plugin"" --app-path=""D:\Clackly\resolve-command-center\workflow-plugin"" --no-sandbox --no-zygote --video-capture-use-gpu-memory-buffer --lang=zh-CN --device-scale-factor=1 --num-raster-threads=4 --enable-main-frame-before-activation --renderer-client-id=4 --time-ticks-at-unix-epoch=-1783908236173370 --launch-time-ticks=1400737997635 --field-trial-handle=2024,i,1323165279999340045,16426289729370756592,262144 --enable-features=PdfUseShowSaveFilePicker --disable-features=SpareRendererForSitePerProcess,WinDelaySpellcheckServiceInit --variations-seed-version --mojo-platform-channel-handle=3212 /prefetch:1"
"2026-07-29T15:09:57.1893755+08:00","66208","15420","Resolve.exe","True","59.156","2398.6","2026/7/29 15:08:02","""C:\Program Files\Blackmagic Design\DaVinci Resolve\Resolve.exe"" "
"2026-07-29T15:09:57.1893755+08:00","81432","66208","electron.exe","True","0.453","105.4","2026/7/29 15:09:33","""C:/Program Files/Blackmagic Design/DaVinci Resolve\Electron\electron.exe"" ""C:\ProgramData\Blackmagic Design\DaVinci Resolve\Support\Workflow Integration Plugins\com.wutpeach.clackly\workflow-plugin/main.js"" --plugin-id=com.wutpeach.clackly"
"2026-07-29T15:09:57.1893755+08:00","71268","81432","electron.exe","True","0.359","90.5","2026/7/29 15:09:34","""C:\Program Files\Blackmagic Design\DaVinci Resolve\Electron\electron.exe"" --type=gpu-process --user-data-dir=""C:\Users\Administrator\AppData\Roaming\Clackly Workflow Plugin"" --gpu-preferences=UAAAAAAAAADgAAAEAAAAAAAAAAAAAAAAAABgAAEAAAAAAAAAAAAAAAAAAAACAAAAAAAAAAAAAAAAAAAAAAAAABAAAAAAAAAAEAAAAAAAAAAIAAAAAAAAAAgAAAAAAAAA --field-trial-handle=2024,i,1323165279999340045,16426289729370756592,262144 --enable-features=PdfUseShowSaveFilePicker --disable-features=SpareRendererForSitePerProcess,WinDelaySpellcheckServiceInit --variations-seed-version --mojo-platform-channel-handle=2020 /prefetch:2"
"2026-07-29T15:09:57.1893755+08:00","78688","81432","electron.exe","True","0.047","46.1","2026/7/29 15:09:34","""C:\Program Files\Blackmagic Design\DaVinci Resolve\Electron\electron.exe"" --type=utility --utility-sub-type=network.mojom.NetworkService --lang=zh-CN --service-sandbox-type=none --user-data-dir=""C:\Users\Administrator\AppData\Roaming\Clackly Workflow Plugin"" --field-trial-handle=2024,i,1323165279999340045,16426289729370756592,262144 --enable-features=PdfUseShowSaveFilePicker --disable-features=SpareRendererForSitePerProcess,WinDelaySpellcheckServiceInit --variations-seed-version --mojo-platform-channel-handle=2132 /prefetch:11"
"2026-07-29T15:09:57.1893755+08:00","31868","81432","electron.exe","True","0.141","80.1","2026/7/29 15:09:34","""C:\Program Files\Blackmagic Design\DaVinci Resolve\Electron\electron.exe"" --type=renderer --user-data-dir=""C:\Users\Administrator\AppData\Roaming\Clackly Workflow Plugin"" --app-path=""D:\Clackly\resolve-command-center\workflow-plugin"" --no-sandbox --no-zygote --video-capture-use-gpu-memory-buffer --lang=zh-CN --device-scale-factor=1 --num-raster-threads=4 --enable-main-frame-before-activation --renderer-client-id=4 --time-ticks-at-unix-epoch=-1783908236173370 --launch-time-ticks=1400737997635 --field-trial-handle=2024,i,1323165279999340045,16426289729370756592,262144 --enable-features=PdfUseShowSaveFilePicker --disable-features=SpareRendererForSitePerProcess,WinDelaySpellcheckServiceInit --variations-seed-version --mojo-platform-channel-handle=3212 /prefetch:1"
"2026-07-29T15:09:58.3428661+08:00","66208","15420","Resolve.exe","True","59.281","2398.6","2026/7/29 15:08:02","""C:\Program Files\Blackmagic Design\DaVinci Resolve\Resolve.exe"" "
"2026-07-29T15:09:58.3428661+08:00","81432","66208","electron.exe","True","0.453","105.4","2026/7/29 15:09:33","""C:/Program Files/Blackmagic Design/DaVinci Resolve\Electron\electron.exe"" ""C:\ProgramData\Blackmagic Design\DaVinci Resolve\Support\Workflow Integration Plugins\com.wutpeach.clackly\workflow-plugin/main.js"" --plugin-id=com.wutpeach.clackly"
"2026-07-29T15:09:58.3428661+08:00","71268","81432","electron.exe","True","0.359","90.5","2026/7/29 15:09:34","""C:\Program Files\Blackmagic Design\DaVinci Resolve\Electron\electron.exe"" --type=gpu-process --user-data-dir=""C:\Users\Administrator\AppData\Roaming\Clackly Workflow Plugin"" --gpu-preferences=UAAAAAAAAADgAAAEAAAAAAAAAAAAAAAAAABgAAEAAAAAAAAAAAAAAAAAAAACAAAAAAAAAAAAAAAAAAAAAAAAABAAAAAAAAAAEAAAAAAAAAAIAAAAAAAAAAgAAAAAAAAA --field-trial-handle=2024,i,1323165279999340045,16426289729370756592,262144 --enable-features=PdfUseShowSaveFilePicker --disable-features=SpareRendererForSitePerProcess,WinDelaySpellcheckServiceInit --variations-seed-version --mojo-platform-channel-handle=2020 /prefetch:2"
"2026-07-29T15:09:58.3428661+08:00","78688","81432","electron.exe","True","0.047","46.1","2026/7/29 15:09:34","""C:\Program Files\Blackmagic Design\DaVinci Resolve\Electron\electron.exe"" --type=utility --utility-sub-type=network.mojom.NetworkService --lang=zh-CN --service-sandbox-type=none --user-data-dir=""C:\Users\Administrator\AppData\Roaming\Clackly Workflow Plugin"" --field-trial-handle=2024,i,1323165279999340045,16426289729370756592,262144 --enable-features=PdfUseShowSaveFilePicker --disable-features=SpareRendererForSitePerProcess,WinDelaySpellcheckServiceInit --variations-seed-version --mojo-platform-channel-handle=2132 /prefetch:11"
"2026-07-29T15:09:58.3428661+08:00","31868","81432","electron.exe","True","0.141","80.1","2026/7/29 15:09:34","""C:\Program Files\Blackmagic Design\DaVinci Resolve\Electron\electron.exe"" --type=renderer --user-data-dir=""C:\Users\Administrator\AppData\Roaming\Clackly Workflow Plugin"" --app-path=""D:\Clackly\resolve-command-center\workflow-plugin"" --no-sandbox --no-zygote --video-capture-use-gpu-memory-buffer --lang=zh-CN --device-scale-factor=1 --num-raster-threads=4 --enable-main-frame-before-activation --renderer-client-id=4 --time-ticks-at-unix-epoch=-1783908236173370 --launch-time-ticks=1400737997635 --field-trial-handle=2024,i,1323165279999340045,16426289729370756592,262144 --enable-features=PdfUseShowSaveFilePicker --disable-features=SpareRendererForSitePerProcess,WinDelaySpellcheckServiceInit --variations-seed-version --mojo-platform-channel-handle=3212 /prefetch:1"
"2026-07-29T15:09:59.5620126+08:00","66208","15420","Resolve.exe","True","59.375","2398.6","2026/7/29 15:08:02","""C:\Program Files\Blackmagic Design\DaVinci Resolve\Resolve.exe"" "
"2026-07-29T15:09:59.5620126+08:00","81432","66208","electron.exe","True","0.453","105.4","2026/7/29 15:09:33","""C:/Program Files/Blackmagic Design/DaVinci Resolve\Electron\electron.exe"" ""C:\ProgramData\Blackmagic Design\DaVinci Resolve\Support\Workflow Integration Plugins\com.wutpeach.clackly\workflow-plugin/main.js"" --plugin-id=com.wutpeach.clackly"
"2026-07-29T15:09:59.5620126+08:00","71268","81432","electron.exe","True","0.359","90.5","2026/7/29 15:09:34","""C:\Program Files\Blackmagic Design\DaVinci Resolve\Electron\electron.exe"" --type=gpu-process --user-data-dir=""C:\Users\Administrator\AppData\Roaming\Clackly Workflow Plugin"" --gpu-preferences=UAAAAAAAAADgAAAEAAAAAAAAAAAAAAAAAABgAAEAAAAAAAAAAAAAAAAAAAACAAAAAAAAAAAAAAAAAAAAAAAAABAAAAAAAAAAEAAAAAAAAAAIAAAAAAAAAAgAAAAAAAAA --field-trial-handle=2024,i,1323165279999340045,16426289729370756592,262144 --enable-features=PdfUseShowSaveFilePicker --disable-features=SpareRendererForSitePerProcess,WinDelaySpellcheckServiceInit --variations-seed-version --mojo-platform-channel-handle=2020 /prefetch:2"
"2026-07-29T15:09:59.5620126+08:00","78688","81432","electron.exe","True","0.047","46.1","2026/7/29 15:09:34","""C:\Program Files\Blackmagic Design\DaVinci Resolve\Electron\electron.exe"" --type=utility --utility-sub-type=network.mojom.NetworkService --lang=zh-CN --service-sandbox-type=none --user-data-dir=""C:\Users\Administrator\AppData\Roaming\Clackly Workflow Plugin"" --field-trial-handle=2024,i,1323165279999340045,16426289729370756592,262144 --enable-features=PdfUseShowSaveFilePicker --disable-features=SpareRendererForSitePerProcess,WinDelaySpellcheckServiceInit --variations-seed-version --mojo-platform-channel-handle=2132 /prefetch:11"
"2026-07-29T15:09:59.5620126+08:00","31868","81432","electron.exe","True","0.141","80.1","2026/7/29 15:09:34","""C:\Program Files\Blackmagic Design\DaVinci Resolve\Electron\electron.exe"" --type=renderer --user-data-dir=""C:\Users\Administrator\AppData\Roaming\Clackly Workflow Plugin"" --app-path=""D:\Clackly\resolve-command-center\workflow-plugin"" --no-sandbox --no-zygote --video-capture-use-gpu-memory-buffer --lang=zh-CN --device-scale-factor=1 --num-raster-threads=4 --enable-main-frame-before-activation --renderer-client-id=4 --time-ticks-at-unix-epoch=-1783908236173370 --launch-time-ticks=1400737997635 --field-trial-handle=2024,i,1323165279999340045,16426289729370756592,262144 --enable-features=PdfUseShowSaveFilePicker --disable-features=SpareRendererForSitePerProcess,WinDelaySpellcheckServiceInit --variations-seed-version --mojo-platform-channel-handle=3212 /prefetch:1"
"2026-07-29T15:10:00.7140280+08:00","66208","15420","Resolve.exe","True","59.5","2398.6","2026/7/29 15:08:02","""C:\Program Files\Blackmagic Design\DaVinci Resolve\Resolve.exe"" "
"2026-07-29T15:10:00.7140280+08:00","81432","66208","electron.exe","True","0.453","105.4","2026/7/29 15:09:33","""C:/Program Files/Blackmagic Design/DaVinci Resolve\Electron\electron.exe"" ""C:\ProgramData\Blackmagic Design\DaVinci Resolve\Support\Workflow Integration Plugins\com.wutpeach.clackly\workflow-plugin/main.js"" --plugin-id=com.wutpeach.clackly"
"2026-07-29T15:10:00.7140280+08:00","71268","81432","electron.exe","True","0.359","90.5","2026/7/29 15:09:34","""C:\Program Files\Blackmagic Design\DaVinci Resolve\Electron\electron.exe"" --type=gpu-process --user-data-dir=""C:\Users\Administrator\AppData\Roaming\Clackly Workflow Plugin"" --gpu-preferences=UAAAAAAAAADgAAAEAAAAAAAAAAAAAAAAAABgAAEAAAAAAAAAAAAAAAAAAAACAAAAAAAAAAAAAAAAAAAAAAAAABAAAAAAAAAAEAAAAAAAAAAIAAAAAAAAAAgAAAAAAAAA --field-trial-handle=2024,i,1323165279999340045,16426289729370756592,262144 --enable-features=PdfUseShowSaveFilePicker --disable-features=SpareRendererForSitePerProcess,WinDelaySpellcheckServiceInit --variations-seed-version --mojo-platform-channel-handle=2020 /prefetch:2"
"2026-07-29T15:10:00.7140280+08:00","78688","81432","electron.exe","True","0.047","46.1","2026/7/29 15:09:34","""C:\Program Files\Blackmagic Design\DaVinci Resolve\Electron\electron.exe"" --type=utility --utility-sub-type=network.mojom.NetworkService --lang=zh-CN --service-sandbox-type=none --user-data-dir=""C:\Users\Administrator\AppData\Roaming\Clackly Workflow Plugin"" --field-trial-handle=2024,i,1323165279999340045,16426289729370756592,262144 --enable-features=PdfUseShowSaveFilePicker --disable-features=SpareRendererForSitePerProcess,WinDelaySpellcheckServiceInit --variations-seed-version --mojo-platform-channel-handle=2132 /prefetch:11"
"2026-07-29T15:10:00.7140280+08:00","31868","81432","electron.exe","True","0.141","80.1","2026/7/29 15:09:34","""C:\Program Files\Blackmagic Design\DaVinci Resolve\Electron\electron.exe"" --type=renderer --user-data-dir=""C:\Users\Administrator\AppData\Roaming\Clackly Workflow Plugin"" --app-path=""D:\Clackly\resolve-command-center\workflow-plugin"" --no-sandbox --no-zygote --video-capture-use-gpu-memory-buffer --lang=zh-CN --device-scale-factor=1 --num-raster-threads=4 --enable-main-frame-before-activation --renderer-client-id=4 --time-ticks-at-unix-epoch=-1783908236173370 --launch-time-ticks=1400737997635 --field-trial-handle=2024,i,1323165279999340045,16426289729370756592,262144 --enable-features=PdfUseShowSaveFilePicker --disable-features=SpareRendererForSitePerProcess,WinDelaySpellcheckServiceInit --variations-seed-version --mojo-platform-channel-handle=3212 /prefetch:1"
"2026-07-29T15:10:01.8366708+08:00","66208","15420","Resolve.exe","True","59.531","2398.6","2026/7/29 15:08:02","""C:\Program Files\Blackmagic Design\DaVinci Resolve\Resolve.exe"" "
"2026-07-29T15:10:01.8366708+08:00","81432","66208","electron.exe","True","0.469","105.4","2026/7/29 15:09:33","""C:/Program Files/Blackmagic Design/DaVinci Resolve\Electron\electron.exe"" ""C:\ProgramData\Blackmagic Design\DaVinci Resolve\Support\Workflow Integration Plugins\com.wutpeach.clackly\workflow-plugin/main.js"" --plugin-id=com.wutpeach.clackly"
"2026-07-29T15:10:01.8366708+08:00","71268","81432","electron.exe","True","0.359","90.5","2026/7/29 15:09:34","""C:\Program Files\Blackmagic Design\DaVinci Resolve\Electron\electron.exe"" --type=gpu-process --user-data-dir=""C:\Users\Administrator\AppData\Roaming\Clackly Workflow Plugin"" --gpu-preferences=UAAAAAAAAADgAAAEAAAAAAAAAAAAAAAAAABgAAEAAAAAAAAAAAAAAAAAAAACAAAAAAAAAAAAAAAAAAAAAAAAABAAAAAAAAAAEAAAAAAAAAAIAAAAAAAAAAgAAAAAAAAA --field-trial-handle=2024,i,1323165279999340045,16426289729370756592,262144 --enable-features=PdfUseShowSaveFilePicker --disable-features=SpareRendererForSitePerProcess,WinDelaySpellcheckServiceInit --variations-seed-version --mojo-platform-channel-handle=2020 /prefetch:2"
"2026-07-29T15:10:01.8366708+08:00","78688","81432","electron.exe","True","0.047","46.1","2026/7/29 15:09:34","""C:\Program Files\Blackmagic Design\DaVinci Resolve\Electron\electron.exe"" --type=utility --utility-sub-type=network.mojom.NetworkService --lang=zh-CN --service-sandbox-type=none --user-data-dir=""C:\Users\Administrator\AppData\Roaming\Clackly Workflow Plugin"" --field-trial-handle=2024,i,1323165279999340045,16426289729370756592,262144 --enable-features=PdfUseShowSaveFilePicker --disable-features=SpareRendererForSitePerProcess,WinDelaySpellcheckServiceInit --variations-seed-version --mojo-platform-channel-handle=2132 /prefetch:11"
"2026-07-29T15:10:01.8366708+08:00","31868","81432","electron.exe","True","0.141","80.1","2026/7/29 15:09:34","""C:\Program Files\Blackmagic Design\DaVinci Resolve\Electron\electron.exe"" --type=renderer --user-data-dir=""C:\Users\Administrator\AppData\Roaming\Clackly Workflow Plugin"" --app-path=""D:\Clackly\resolve-command-center\workflow-plugin"" --no-sandbox --no-zygote --video-capture-use-gpu-memory-buffer --lang=zh-CN --device-scale-factor=1 --num-raster-threads=4 --enable-main-frame-before-activation --renderer-client-id=4 --time-ticks-at-unix-epoch=-1783908236173370 --launch-time-ticks=1400737997635 --field-trial-handle=2024,i,1323165279999340045,16426289729370756592,262144 --enable-features=PdfUseShowSaveFilePicker --disable-features=SpareRendererForSitePerProcess,WinDelaySpellcheckServiceInit --variations-seed-version --mojo-platform-channel-handle=3212 /prefetch:1"
"2026-07-29T15:10:02.9804855+08:00","66208","15420","Resolve.exe","True","59.891","2398.6","2026/7/29 15:08:02","""C:\Program Files\Blackmagic Design\DaVinci Resolve\Resolve.exe"" "
"2026-07-29T15:10:02.9804855+08:00","81432","66208","electron.exe","True","0.469","105.4","2026/7/29 15:09:33","""C:/Program Files/Blackmagic Design/DaVinci Resolve\Electron\electron.exe"" ""C:\ProgramData\Blackmagic Design\DaVinci Resolve\Support\Workflow Integration Plugins\com.wutpeach.clackly\workflow-plugin/main.js"" --plugin-id=com.wutpeach.clackly"
"2026-07-29T15:10:02.9804855+08:00","71268","81432","electron.exe","True","0.359","90.5","2026/7/29 15:09:34","""C:\Program Files\Blackmagic Design\DaVinci Resolve\Electron\electron.exe"" --type=gpu-process --user-data-dir=""C:\Users\Administrator\AppData\Roaming\Clackly Workflow Plugin"" --gpu-preferences=UAAAAAAAAADgAAAEAAAAAAAAAAAAAAAAAABgAAEAAAAAAAAAAAAAAAAAAAACAAAAAAAAAAAAAAAAAAAAAAAAABAAAAAAAAAAEAAAAAAAAAAIAAAAAAAAAAgAAAAAAAAA --field-trial-handle=2024,i,1323165279999340045,16426289729370756592,262144 --enable-features=PdfUseShowSaveFilePicker --disable-features=SpareRendererForSitePerProcess,WinDelaySpellcheckServiceInit --variations-seed-version --mojo-platform-channel-handle=2020 /prefetch:2"
"2026-07-29T15:10:02.9804855+08:00","78688","81432","electron.exe","True","0.047","46.1","2026/7/29 15:09:34","""C:\Program Files\Blackmagic Design\DaVinci Resolve\Electron\electron.exe"" --type=utility --utility-sub-type=network.mojom.NetworkService --lang=zh-CN --service-sandbox-type=none --user-data-dir=""C:\Users\Administrator\AppData\Roaming\Clackly Workflow Plugin"" --field-trial-handle=2024,i,1323165279999340045,16426289729370756592,262144 --enable-features=PdfUseShowSaveFilePicker --disable-features=SpareRendererForSitePerProcess,WinDelaySpellcheckServiceInit --variations-seed-version --mojo-platform-channel-handle=2132 /prefetch:11"
"2026-07-29T15:10:02.9804855+08:00","31868","81432","electron.exe","True","0.141","80.1","2026/7/29 15:09:34","""C:\Program Files\Blackmagic Design\DaVinci Resolve\Electron\electron.exe"" --type=renderer --user-data-dir=""C:\Users\Administrator\AppData\Roaming\Clackly Workflow Plugin"" --app-path=""D:\Clackly\resolve-command-center\workflow-plugin"" --no-sandbox --no-zygote --video-capture-use-gpu-memory-buffer --lang=zh-CN --device-scale-factor=1 --num-raster-threads=4 --enable-main-frame-before-activation --renderer-client-id=4 --time-ticks-at-unix-epoch=-1783908236173370 --launch-time-ticks=1400737997635 --field-trial-handle=2024,i,1323165279999340045,16426289729370756592,262144 --enable-features=PdfUseShowSaveFilePicker --disable-features=SpareRendererForSitePerProcess,WinDelaySpellcheckServiceInit --variations-seed-version --mojo-platform-channel-handle=3212 /prefetch:1"
"2026-07-29T15:10:04.1528635+08:00","66208","15420","Resolve.exe","True","60","2398.6","2026/7/29 15:08:02","""C:\Program Files\Blackmagic Design\DaVinci Resolve\Resolve.exe"" "
"2026-07-29T15:10:04.1528635+08:00","81432","66208","electron.exe","True","0.469","105.4","2026/7/29 15:09:33","""C:/Program Files/Blackmagic Design/DaVinci Resolve\Electron\electron.exe"" ""C:\ProgramData\Blackmagic Design\DaVinci Resolve\Support\Workflow Integration Plugins\com.wutpeach.clackly\workflow-plugin/main.js"" --plugin-id=com.wutpeach.clackly"
"2026-07-29T15:10:04.1528635+08:00","71268","81432","electron.exe","True","0.359","90.5","2026/7/29 15:09:34","""C:\Program Files\Blackmagic Design\DaVinci Resolve\Electron\electron.exe"" --type=gpu-process --user-data-dir=""C:\Users\Administrator\AppData\Roaming\Clackly Workflow Plugin"" --gpu-preferences=UAAAAAAAAADgAAAEAAAAAAAAAAAAAAAAAABgAAEAAAAAAAAAAAAAAAAAAAACAAAAAAAAAAAAAAAAAAAAAAAAABAAAAAAAAAAEAAAAAAAAAAIAAAAAAAAAAgAAAAAAAAA --field-trial-handle=2024,i,1323165279999340045,16426289729370756592,262144 --enable-features=PdfUseShowSaveFilePicker --disable-features=SpareRendererForSitePerProcess,WinDelaySpellcheckServiceInit --variations-seed-version --mojo-platform-channel-handle=2020 /prefetch:2"
"2026-07-29T15:10:04.1528635+08:00","78688","81432","electron.exe","True","0.047","46.1","2026/7/29 15:09:34","""C:\Program Files\Blackmagic Design\DaVinci Resolve\Electron\electron.exe"" --type=utility --utility-sub-type=network.mojom.NetworkService --lang=zh-CN --service-sandbox-type=none --user-data-dir=""C:\Users\Administrator\AppData\Roaming\Clackly Workflow Plugin"" --field-trial-handle=2024,i,1323165279999340045,16426289729370756592,262144 --enable-features=PdfUseShowSaveFilePicker --disable-features=SpareRendererForSitePerProcess,WinDelaySpellcheckServiceInit --variations-seed-version --mojo-platform-channel-handle=2132 /prefetch:11"
"2026-07-29T15:10:04.1528635+08:00","31868","81432","electron.exe","True","0.156","80.6","2026/7/29 15:09:34","""C:\Program Files\Blackmagic Design\DaVinci Resolve\Electron\electron.exe"" --type=renderer --user-data-dir=""C:\Users\Administrator\AppData\Roaming\Clackly Workflow Plugin"" --app-path=""D:\Clackly\resolve-command-center\workflow-plugin"" --no-sandbox --no-zygote --video-capture-use-gpu-memory-buffer --lang=zh-CN --device-scale-factor=1 --num-raster-threads=4 --enable-main-frame-before-activation --renderer-client-id=4 --time-ticks-at-unix-epoch=-1783908236173370 --launch-time-ticks=1400737997635 --field-trial-handle=2024,i,1323165279999340045,16426289729370756592,262144 --enable-features=PdfUseShowSaveFilePicker --disable-features=SpareRendererForSitePerProcess,WinDelaySpellcheckServiceInit --variations-seed-version --mojo-platform-channel-handle=3212 /prefetch:1"
"2026-07-29T15:10:05.3831474+08:00","66208","15420","Resolve.exe","True","60.062","2398.6","2026/7/29 15:08:02","""C:\Program Files\Blackmagic Design\DaVinci Resolve\Resolve.exe"" "
"2026-07-29T15:10:05.3831474+08:00","81432","66208","electron.exe","True","0.469","105.4","2026/7/29 15:09:33","""C:/Program Files/Blackmagic Design/DaVinci Resolve\Electron\electron.exe"" ""C:\ProgramData\Blackmagic Design\DaVinci Resolve\Support\Workflow Integration Plugins\com.wutpeach.clackly\workflow-plugin/main.js"" --plugin-id=com.wutpeach.clackly"
"2026-07-29T15:10:05.3831474+08:00","71268","81432","electron.exe","True","0.359","90.5","2026/7/29 15:09:34","""C:\Program Files\Blackmagic Design\DaVinci Resolve\Electron\electron.exe"" --type=gpu-process --user-data-dir=""C:\Users\Administrator\AppData\Roaming\Clackly Workflow Plugin"" --gpu-preferences=UAAAAAAAAADgAAAEAAAAAAAAAAAAAAAAAABgAAEAAAAAAAAAAAAAAAAAAAACAAAAAAAAAAAAAAAAAAAAAAAAABAAAAAAAAAAEAAAAAAAAAAIAAAAAAAAAAgAAAAAAAAA --field-trial-handle=2024,i,1323165279999340045,16426289729370756592,262144 --enable-features=PdfUseShowSaveFilePicker --disable-features=SpareRendererForSitePerProcess,WinDelaySpellcheckServiceInit --variations-seed-version --mojo-platform-channel-handle=2020 /prefetch:2"
"2026-07-29T15:10:05.3831474+08:00","78688","81432","electron.exe","True","0.047","46.1","2026/7/29 15:09:34","""C:\Program Files\Blackmagic Design\DaVinci Resolve\Electron\electron.exe"" --type=utility --utility-sub-type=network.mojom.NetworkService --lang=zh-CN --service-sandbox-type=none --user-data-dir=""C:\Users\Administrator\AppData\Roaming\Clackly Workflow Plugin"" --field-trial-handle=2024,i,1323165279999340045,16426289729370756592,262144 --enable-features=PdfUseShowSaveFilePicker --disable-features=SpareRendererForSitePerProcess,WinDelaySpellcheckServiceInit --variations-seed-version --mojo-platform-channel-handle=2132 /prefetch:11"
"2026-07-29T15:10:05.3831474+08:00","31868","81432","electron.exe","True","0.156","79.7","2026/7/29 15:09:34","""C:\Program Files\Blackmagic Design\DaVinci Resolve\Electron\electron.exe"" --type=renderer --user-data-dir=""C:\Users\Administrator\AppData\Roaming\Clackly Workflow Plugin"" --app-path=""D:\Clackly\resolve-command-center\workflow-plugin"" --no-sandbox --no-zygote --video-capture-use-gpu-memory-buffer --lang=zh-CN --device-scale-factor=1 --num-raster-threads=4 --enable-main-frame-before-activation --renderer-client-id=4 --time-ticks-at-unix-epoch=-1783908236173370 --launch-time-ticks=1400737997635 --field-trial-handle=2024,i,1323165279999340045,16426289729370756592,262144 --enable-features=PdfUseShowSaveFilePicker --disable-features=SpareRendererForSitePerProcess,WinDelaySpellcheckServiceInit --variations-seed-version --mojo-platform-channel-handle=3212 /prefetch:1"
"2026-07-29T15:10:06.5685020+08:00","66208","15420","Resolve.exe","True","60.609","2398.8","2026/7/29 15:08:02","""C:\Program Files\Blackmagic Design\DaVinci Resolve\Resolve.exe"" "
"2026-07-29T15:10:06.5685020+08:00","81432","66208","electron.exe","True","0.469","105.4","2026/7/29 15:09:33","""C:/Program Files/Blackmagic Design/DaVinci Resolve\Electron\electron.exe"" ""C:\ProgramData\Blackmagic Design\DaVinci Resolve\Support\Workflow Integration Plugins\com.wutpeach.clackly\workflow-plugin/main.js"" --plugin-id=com.wutpeach.clackly"
"2026-07-29T15:10:06.5685020+08:00","71268","81432","electron.exe","True","0.359","90.5","2026/7/29 15:09:34","""C:\Program Files\Blackmagic Design\DaVinci Resolve\Electron\electron.exe"" --type=gpu-process --user-data-dir=""C:\Users\Administrator\AppData\Roaming\Clackly Workflow Plugin"" --gpu-preferences=UAAAAAAAAADgAAAEAAAAAAAAAAAAAAAAAABgAAEAAAAAAAAAAAAAAAAAAAACAAAAAAAAAAAAAAAAAAAAAAAAABAAAAAAAAAAEAAAAAAAAAAIAAAAAAAAAAgAAAAAAAAA --field-trial-handle=2024,i,1323165279999340045,16426289729370756592,262144 --enable-features=PdfUseShowSaveFilePicker --disable-features=SpareRendererForSitePerProcess,WinDelaySpellcheckServiceInit --variations-seed-version --mojo-platform-channel-handle=2020 /prefetch:2"
"2026-07-29T15:10:06.5685020+08:00","78688","81432","electron.exe","True","0.047","46.1","2026/7/29 15:09:34","""C:\Program Files\Blackmagic Design\DaVinci Resolve\Electron\electron.exe"" --type=utility --utility-sub-type=network.mojom.NetworkService --lang=zh-CN --service-sandbox-type=none --user-data-dir=""C:\Users\Administrator\AppData\Roaming\Clackly Workflow Plugin"" --field-trial-handle=2024,i,1323165279999340045,16426289729370756592,262144 --enable-features=PdfUseShowSaveFilePicker --disable-features=SpareRendererForSitePerProcess,WinDelaySpellcheckServiceInit --variations-seed-version --mojo-platform-channel-handle=2132 /prefetch:11"
"2026-07-29T15:10:06.5685020+08:00","31868","81432","electron.exe","True","0.156","79.7","2026/7/29 15:09:34","""C:\Program Files\Blackmagic Design\DaVinci Resolve\Electron\electron.exe"" --type=renderer --user-data-dir=""C:\Users\Administrator\AppData\Roaming\Clackly Workflow Plugin"" --app-path=""D:\Clackly\resolve-command-center\workflow-plugin"" --no-sandbox --no-zygote --video-capture-use-gpu-memory-buffer --lang=zh-CN --device-scale-factor=1 --num-raster-threads=4 --enable-main-frame-before-activation --renderer-client-id=4 --time-ticks-at-unix-epoch=-1783908236173370 --launch-time-ticks=1400737997635 --field-trial-handle=2024,i,1323165279999340045,16426289729370756592,262144 --enable-features=PdfUseShowSaveFilePicker --disable-features=SpareRendererForSitePerProcess,WinDelaySpellcheckServiceInit --variations-seed-version --mojo-platform-channel-handle=3212 /prefetch:1"
"2026-07-29T15:10:07.9253043+08:00","66208","15420","Resolve.exe","True","61.766","2398.8","2026/7/29 15:08:02","""C:\Program Files\Blackmagic Design\DaVinci Resolve\Resolve.exe"" "
"2026-07-29T15:10:07.9253043+08:00","81432","66208","electron.exe","True","0.469","105.4","2026/7/29 15:09:33","""C:/Program Files/Blackmagic Design/DaVinci Resolve\Electron\electron.exe"" ""C:\ProgramData\Blackmagic Design\DaVinci Resolve\Support\Workflow Integration Plugins\com.wutpeach.clackly\workflow-plugin/main.js"" --plugin-id=com.wutpeach.clackly"
"2026-07-29T15:10:07.9253043+08:00","71268","81432","electron.exe","True","0.359","90.5","2026/7/29 15:09:34","""C:\Program Files\Blackmagic Design\DaVinci Resolve\Electron\electron.exe"" --type=gpu-process --user-data-dir=""C:\Users\Administrator\AppData\Roaming\Clackly Workflow Plugin"" --gpu-preferences=UAAAAAAAAADgAAAEAAAAAAAAAAAAAAAAAABgAAEAAAAAAAAAAAAAAAAAAAACAAAAAAAAAAAAAAAAAAAAAAAAABAAAAAAAAAAEAAAAAAAAAAIAAAAAAAAAAgAAAAAAAAA --field-trial-handle=2024,i,1323165279999340045,16426289729370756592,262144 --enable-features=PdfUseShowSaveFilePicker --disable-features=SpareRendererForSitePerProcess,WinDelaySpellcheckServiceInit --variations-seed-version --mojo-platform-channel-handle=2020 /prefetch:2"
"2026-07-29T15:10:07.9253043+08:00","78688","81432","electron.exe","True","0.047","46.1","2026/7/29 15:09:34","""C:\Program Files\Blackmagic Design\DaVinci Resolve\Electron\electron.exe"" --type=utility --utility-sub-type=network.mojom.NetworkService --lang=zh-CN --service-sandbox-type=none --user-data-dir=""C:\Users\Administrator\AppData\Roaming\Clackly Workflow Plugin"" --field-trial-handle=2024,i,1323165279999340045,16426289729370756592,262144 --enable-features=PdfUseShowSaveFilePicker --disable-features=SpareRendererForSitePerProcess,WinDelaySpellcheckServiceInit --variations-seed-version --mojo-platform-channel-handle=2132 /prefetch:11"
"2026-07-29T15:10:07.9253043+08:00","31868","81432","electron.exe","True","0.156","79.7","2026/7/29 15:09:34","""C:\Program Files\Blackmagic Design\DaVinci Resolve\Electron\electron.exe"" --type=renderer --user-data-dir=""C:\Users\Administrator\AppData\Roaming\Clackly Workflow Plugin"" --app-path=""D:\Clackly\resolve-command-center\workflow-plugin"" --no-sandbox --no-zygote --video-capture-use-gpu-memory-buffer --lang=zh-CN --device-scale-factor=1 --num-raster-threads=4 --enable-main-frame-before-activation --renderer-client-id=4 --time-ticks-at-unix-epoch=-1783908236173370 --launch-time-ticks=1400737997635 --field-trial-handle=2024,i,1323165279999340045,16426289729370756592,262144 --enable-features=PdfUseShowSaveFilePicker --disable-features=SpareRendererForSitePerProcess,WinDelaySpellcheckServiceInit --variations-seed-version --mojo-platform-channel-handle=3212 /prefetch:1"
"2026-07-29T15:10:09.1766149+08:00","66208","15420","Resolve.exe","True","62.406","2398.8","2026/7/29 15:08:02","""C:\Program Files\Blackmagic Design\DaVinci Resolve\Resolve.exe"" "
"2026-07-29T15:10:09.1766149+08:00","81432","66208","electron.exe","True","0.469","105.4","2026/7/29 15:09:33","""C:/Program Files/Blackmagic Design/DaVinci Resolve\Electron\electron.exe"" ""C:\ProgramData\Blackmagic Design\DaVinci Resolve\Support\Workflow Integration Plugins\com.wutpeach.clackly\workflow-plugin/main.js"" --plugin-id=com.wutpeach.clackly"
"2026-07-29T15:10:09.1766149+08:00","71268","81432","electron.exe","True","0.359","90.5","2026/7/29 15:09:34","""C:\Program Files\Blackmagic Design\DaVinci Resolve\Electron\electron.exe"" --type=gpu-process --user-data-dir=""C:\Users\Administrator\AppData\Roaming\Clackly Workflow Plugin"" --gpu-preferences=UAAAAAAAAADgAAAEAAAAAAAAAAAAAAAAAABgAAEAAAAAAAAAAAAAAAAAAAACAAAAAAAAAAAAAAAAAAAAAAAAABAAAAAAAAAAEAAAAAAAAAAIAAAAAAAAAAgAAAAAAAAA --field-trial-handle=2024,i,1323165279999340045,16426289729370756592,262144 --enable-features=PdfUseShowSaveFilePicker --disable-features=SpareRendererForSitePerProcess,WinDelaySpellcheckServiceInit --variations-seed-version --mojo-platform-channel-handle=2020 /prefetch:2"
"2026-07-29T15:10:09.1766149+08:00","78688","81432","electron.exe","True","0.047","46.1","2026/7/29 15:09:34","""C:\Program Files\Blackmagic Design\DaVinci Resolve\Electron\electron.exe"" --type=utility --utility-sub-type=network.mojom.NetworkService --lang=zh-CN --service-sandbox-type=none --user-data-dir=""C:\Users\Administrator\AppData\Roaming\Clackly Workflow Plugin"" --field-trial-handle=2024,i,1323165279999340045,16426289729370756592,262144 --enable-features=PdfUseShowSaveFilePicker --disable-features=SpareRendererForSitePerProcess,WinDelaySpellcheckServiceInit --variations-seed-version --mojo-platform-channel-handle=2132 /prefetch:11"
"2026-07-29T15:10:09.1766149+08:00","31868","81432","electron.exe","True","0.156","79.7","2026/7/29 15:09:34","""C:\Program Files\Blackmagic Design\DaVinci Resolve\Electron\electron.exe"" --type=renderer --user-data-dir=""C:\Users\Administrator\AppData\Roaming\Clackly Workflow Plugin"" --app-path=""D:\Clackly\resolve-command-center\workflow-plugin"" --no-sandbox --no-zygote --video-capture-use-gpu-memory-buffer --lang=zh-CN --device-scale-factor=1 --num-raster-threads=4 --enable-main-frame-before-activation --renderer-client-id=4 --time-ticks-at-unix-epoch=-1783908236173370 --launch-time-ticks=1400737997635 --field-trial-handle=2024,i,1323165279999340045,16426289729370756592,262144 --enable-features=PdfUseShowSaveFilePicker --disable-features=SpareRendererForSitePerProcess,WinDelaySpellcheckServiceInit --variations-seed-version --mojo-platform-channel-handle=3212 /prefetch:1"
"2026-07-29T15:10:10.3634948+08:00","66208","15420","Resolve.exe","True","62.844","2199.7","2026/7/29 15:08:02","""C:\Program Files\Blackmagic Design\DaVinci Resolve\Resolve.exe"" "
"2026-07-29T15:10:10.3634948+08:00","81432","66208","electron.exe","True","0.469","105.8","2026/7/29 15:09:33","""C:/Program Files/Blackmagic Design/DaVinci Resolve\Electron\electron.exe"" ""C:\ProgramData\Blackmagic Design\DaVinci Resolve\Support\Workflow Integration Plugins\com.wutpeach.clackly\workflow-plugin/main.js"" --plugin-id=com.wutpeach.clackly"
"2026-07-29T15:10:10.3634948+08:00","71268","81432","electron.exe","True","0.359","90.7","2026/7/29 15:09:34","""C:\Program Files\Blackmagic Design\DaVinci Resolve\Electron\electron.exe"" --type=gpu-process --user-data-dir=""C:\Users\Administrator\AppData\Roaming\Clackly Workflow Plugin"" --gpu-preferences=UAAAAAAAAADgAAAEAAAAAAAAAAAAAAAAAABgAAEAAAAAAAAAAAAAAAAAAAACAAAAAAAAAAAAAAAAAAAAAAAAABAAAAAAAAAAEAAAAAAAAAAIAAAAAAAAAAgAAAAAAAAA --field-trial-handle=2024,i,1323165279999340045,16426289729370756592,262144 --enable-features=PdfUseShowSaveFilePicker --disable-features=SpareRendererForSitePerProcess,WinDelaySpellcheckServiceInit --variations-seed-version --mojo-platform-channel-handle=2020 /prefetch:2"
"2026-07-29T15:10:10.3634948+08:00","78688","81432","electron.exe","True","0.047","46.1","2026/7/29 15:09:34","""C:\Program Files\Blackmagic Design\DaVinci Resolve\Electron\electron.exe"" --type=utility --utility-sub-type=network.mojom.NetworkService --lang=zh-CN --service-sandbox-type=none --user-data-dir=""C:\Users\Administrator\AppData\Roaming\Clackly Workflow Plugin"" --field-trial-handle=2024,i,1323165279999340045,16426289729370756592,262144 --enable-features=PdfUseShowSaveFilePicker --disable-features=SpareRendererForSitePerProcess,WinDelaySpellcheckServiceInit --variations-seed-version --mojo-platform-channel-handle=2132 /prefetch:11"
"2026-07-29T15:10:10.3634948+08:00","31868","81432","electron.exe","True","0.156","79.7","2026/7/29 15:09:34","""C:\Program Files\Blackmagic Design\DaVinci Resolve\Electron\electron.exe"" --type=renderer --user-data-dir=""C:\Users\Administrator\AppData\Roaming\Clackly Workflow Plugin"" --app-path=""D:\Clackly\resolve-command-center\workflow-plugin"" --no-sandbox --no-zygote --video-capture-use-gpu-memory-buffer --lang=zh-CN --device-scale-factor=1 --num-raster-threads=4 --enable-main-frame-before-activation --renderer-client-id=4 --time-ticks-at-unix-epoch=-1783908236173370 --launch-time-ticks=1400737997635 --field-trial-handle=2024,i,1323165279999340045,16426289729370756592,262144 --enable-features=PdfUseShowSaveFilePicker --disable-features=SpareRendererForSitePerProcess,WinDelaySpellcheckServiceInit --variations-seed-version --mojo-platform-channel-handle=3212 /prefetch:1"
"2026-07-29T15:10:11.5150571+08:00","66208","15420","Resolve.exe","True","62.844","2199.7","2026/7/29 15:08:02","""C:\Program Files\Blackmagic Design\DaVinci Resolve\Resolve.exe"" "
"2026-07-29T15:10:11.5150571+08:00","81432","66208","electron.exe","True","0.469","105.8","2026/7/29 15:09:33","""C:/Program Files/Blackmagic Design/DaVinci Resolve\Electron\electron.exe"" ""C:\ProgramData\Blackmagic Design\DaVinci Resolve\Support\Workflow Integration Plugins\com.wutpeach.clackly\workflow-plugin/main.js"" --plugin-id=com.wutpeach.clackly"
"2026-07-29T15:10:11.5150571+08:00","71268","81432","electron.exe","True","0.359","90.7","2026/7/29 15:09:34","""C:\Program Files\Blackmagic Design\DaVinci Resolve\Electron\electron.exe"" --type=gpu-process --user-data-dir=""C:\Users\Administrator\AppData\Roaming\Clackly Workflow Plugin"" --gpu-preferences=UAAAAAAAAADgAAAEAAAAAAAAAAAAAAAAAABgAAEAAAAAAAAAAAAAAAAAAAACAAAAAAAAAAAAAAAAAAAAAAAAABAAAAAAAAAAEAAAAAAAAAAIAAAAAAAAAAgAAAAAAAAA --field-trial-handle=2024,i,1323165279999340045,16426289729370756592,262144 --enable-features=PdfUseShowSaveFilePicker --disable-features=SpareRendererForSitePerProcess,WinDelaySpellcheckServiceInit --variations-seed-version --mojo-platform-channel-handle=2020 /prefetch:2"
"2026-07-29T15:10:11.5150571+08:00","78688","81432","electron.exe","True","0.047","46.1","2026/7/29 15:09:34","""C:\Program Files\Blackmagic Design\DaVinci Resolve\Electron\electron.exe"" --type=utility --utility-sub-type=network.mojom.NetworkService --lang=zh-CN --service-sandbox-type=none --user-data-dir=""C:\Users\Administrator\AppData\Roaming\Clackly Workflow Plugin"" --field-trial-handle=2024,i,1323165279999340045,16426289729370756592,262144 --enable-features=PdfUseShowSaveFilePicker --disable-features=SpareRendererForSitePerProcess,WinDelaySpellcheckServiceInit --variations-seed-version --mojo-platform-channel-handle=2132 /prefetch:11"
"2026-07-29T15:10:11.5150571+08:00","31868","81432","electron.exe","True","0.156","79.7","2026/7/29 15:09:34","""C:\Program Files\Blackmagic Design\DaVinci Resolve\Electron\electron.exe"" --type=renderer --user-data-dir=""C:\Users\Administrator\AppData\Roaming\Clackly Workflow Plugin"" --app-path=""D:\Clackly\resolve-command-center\workflow-plugin"" --no-sandbox --no-zygote --video-capture-use-gpu-memory-buffer --lang=zh-CN --device-scale-factor=1 --num-raster-threads=4 --enable-main-frame-before-activation --renderer-client-id=4 --time-ticks-at-unix-epoch=-1783908236173370 --launch-time-ticks=1400737997635 --field-trial-handle=2024,i,1323165279999340045,16426289729370756592,262144 --enable-features=PdfUseShowSaveFilePicker --disable-features=SpareRendererForSitePerProcess,WinDelaySpellcheckServiceInit --variations-seed-version --mojo-platform-channel-handle=3212 /prefetch:1"
"2026-07-29T15:10:12.6550051+08:00","66208","15420","Resolve.exe","True","62.844","2199.7","2026/7/29 15:08:02","""C:\Program Files\Blackmagic Design\DaVinci Resolve\Resolve.exe"" "
"2026-07-29T15:10:12.6550051+08:00","81432","66208","electron.exe","True","0.469","105.8","2026/7/29 15:09:33","""C:/Program Files/Blackmagic Design/DaVinci Resolve\Electron\electron.exe"" ""C:\ProgramData\Blackmagic Design\DaVinci Resolve\Support\Workflow Integration Plugins\com.wutpeach.clackly\workflow-plugin/main.js"" --plugin-id=com.wutpeach.clackly"
"2026-07-29T15:10:12.6550051+08:00","71268","81432","electron.exe","True","0.359","90.7","2026/7/29 15:09:34","""C:\Program Files\Blackmagic Design\DaVinci Resolve\Electron\electron.exe"" --type=gpu-process --user-data-dir=""C:\Users\Administrator\AppData\Roaming\Clackly Workflow Plugin"" --gpu-preferences=UAAAAAAAAADgAAAEAAAAAAAAAAAAAAAAAABgAAEAAAAAAAAAAAAAAAAAAAACAAAAAAAAAAAAAAAAAAAAAAAAABAAAAAAAAAAEAAAAAAAAAAIAAAAAAAAAAgAAAAAAAAA --field-trial-handle=2024,i,1323165279999340045,16426289729370756592,262144 --enable-features=PdfUseShowSaveFilePicker --disable-features=SpareRendererForSitePerProcess,WinDelaySpellcheckServiceInit --variations-seed-version --mojo-platform-channel-handle=2020 /prefetch:2"
"2026-07-29T15:10:12.6550051+08:00","78688","81432","electron.exe","True","0.047","46.1","2026/7/29 15:09:34","""C:\Program Files\Blackmagic Design\DaVinci Resolve\Electron\electron.exe"" --type=utility --utility-sub-type=network.mojom.NetworkService --lang=zh-CN --service-sandbox-type=none --user-data-dir=""C:\Users\Administrator\AppData\Roaming\Clackly Workflow Plugin"" --field-trial-handle=2024,i,1323165279999340045,16426289729370756592,262144 --enable-features=PdfUseShowSaveFilePicker --disable-features=SpareRendererForSitePerProcess,WinDelaySpellcheckServiceInit --variations-seed-version --mojo-platform-channel-handle=2132 /prefetch:11"
"2026-07-29T15:10:12.6550051+08:00","31868","81432","electron.exe","True","0.156","79.7","2026/7/29 15:09:34","""C:\Program Files\Blackmagic Design\DaVinci Resolve\Electron\electron.exe"" --type=renderer --user-data-dir=""C:\Users\Administrator\AppData\Roaming\Clackly Workflow Plugin"" --app-path=""D:\Clackly\resolve-command-center\workflow-plugin"" --no-sandbox --no-zygote --video-capture-use-gpu-memory-buffer --lang=zh-CN --device-scale-factor=1 --num-raster-threads=4 --enable-main-frame-before-activation --renderer-client-id=4 --time-ticks-at-unix-epoch=-1783908236173370 --launch-time-ticks=1400737997635 --field-trial-handle=2024,i,1323165279999340045,16426289729370756592,262144 --enable-features=PdfUseShowSaveFilePicker --disable-features=SpareRendererForSitePerProcess,WinDelaySpellcheckServiceInit --variations-seed-version --mojo-platform-channel-handle=3212 /prefetch:1"
"2026-07-29T15:10:13.8278517+08:00","66208","15420","Resolve.exe","True","62.859","2199.7","2026/7/29 15:08:02","""C:\Program Files\Blackmagic Design\DaVinci Resolve\Resolve.exe"" "
"2026-07-29T15:10:13.8278517+08:00","81432","66208","electron.exe","True","0.469","105.8","2026/7/29 15:09:33","""C:/Program Files/Blackmagic Design/DaVinci Resolve\Electron\electron.exe"" ""C:\ProgramData\Blackmagic Design\DaVinci Resolve\Support\Workflow Integration Plugins\com.wutpeach.clackly\workflow-plugin/main.js"" --plugin-id=com.wutpeach.clackly"
"2026-07-29T15:10:13.8278517+08:00","71268","81432","electron.exe","True","0.359","90.7","2026/7/29 15:09:34","""C:\Program Files\Blackmagic Design\DaVinci Resolve\Electron\electron.exe"" --type=gpu-process --user-data-dir=""C:\Users\Administrator\AppData\Roaming\Clackly Workflow Plugin"" --gpu-preferences=UAAAAAAAAADgAAAEAAAAAAAAAAAAAAAAAABgAAEAAAAAAAAAAAAAAAAAAAACAAAAAAAAAAAAAAAAAAAAAAAAABAAAAAAAAAAEAAAAAAAAAAIAAAAAAAAAAgAAAAAAAAA --field-trial-handle=2024,i,1323165279999340045,16426289729370756592,262144 --enable-features=PdfUseShowSaveFilePicker --disable-features=SpareRendererForSitePerProcess,WinDelaySpellcheckServiceInit --variations-seed-version --mojo-platform-channel-handle=2020 /prefetch:2"
"2026-07-29T15:10:13.8278517+08:00","78688","81432","electron.exe","True","0.047","46.1","2026/7/29 15:09:34","""C:\Program Files\Blackmagic Design\DaVinci Resolve\Electron\electron.exe"" --type=utility --utility-sub-type=network.mojom.NetworkService --lang=zh-CN --service-sandbox-type=none --user-data-dir=""C:\Users\Administrator\AppData\Roaming\Clackly Workflow Plugin"" --field-trial-handle=2024,i,1323165279999340045,16426289729370756592,262144 --enable-features=PdfUseShowSaveFilePicker --disable-features=SpareRendererForSitePerProcess,WinDelaySpellcheckServiceInit --variations-seed-version --mojo-platform-channel-handle=2132 /prefetch:11"
"2026-07-29T15:10:13.8278517+08:00","31868","81432","electron.exe","True","0.156","79.7","2026/7/29 15:09:34","""C:\Program Files\Blackmagic Design\DaVinci Resolve\Electron\electron.exe"" --type=renderer --user-data-dir=""C:\Users\Administrator\AppData\Roaming\Clackly Workflow Plugin"" --app-path=""D:\Clackly\resolve-command-center\workflow-plugin"" --no-sandbox --no-zygote --video-capture-use-gpu-memory-buffer --lang=zh-CN --device-scale-factor=1 --num-raster-threads=4 --enable-main-frame-before-activation --renderer-client-id=4 --time-ticks-at-unix-epoch=-1783908236173370 --launch-time-ticks=1400737997635 --field-trial-handle=2024,i,1323165279999340045,16426289729370756592,262144 --enable-features=PdfUseShowSaveFilePicker --disable-features=SpareRendererForSitePerProcess,WinDelaySpellcheckServiceInit --variations-seed-version --mojo-platform-channel-handle=3212 /prefetch:1"
"2026-07-29T15:10:15.0602198+08:00","66208","15420","Resolve.exe","True","62.875","2198.7","2026/7/29 15:08:02","""C:\Program Files\Blackmagic Design\DaVinci Resolve\Resolve.exe"" "
"2026-07-29T15:10:15.0602198+08:00","81432","66208","electron.exe","True","0.469","105.8","2026/7/29 15:09:33","""C:/Program Files/Blackmagic Design/DaVinci Resolve\Electron\electron.exe"" ""C:\ProgramData\Blackmagic Design\DaVinci Resolve\Support\Workflow Integration Plugins\com.wutpeach.clackly\workflow-plugin/main.js"" --plugin-id=com.wutpeach.clackly"
"2026-07-29T15:10:15.0602198+08:00","71268","81432","electron.exe","True","0.359","90.7","2026/7/29 15:09:34","""C:\Program Files\Blackmagic Design\DaVinci Resolve\Electron\electron.exe"" --type=gpu-process --user-data-dir=""C:\Users\Administrator\AppData\Roaming\Clackly Workflow Plugin"" --gpu-preferences=UAAAAAAAAADgAAAEAAAAAAAAAAAAAAAAAABgAAEAAAAAAAAAAAAAAAAAAAACAAAAAAAAAAAAAAAAAAAAAAAAABAAAAAAAAAAEAAAAAAAAAAIAAAAAAAAAAgAAAAAAAAA --field-trial-handle=2024,i,1323165279999340045,16426289729370756592,262144 --enable-features=PdfUseShowSaveFilePicker --disable-features=SpareRendererForSitePerProcess,WinDelaySpellcheckServiceInit --variations-seed-version --mojo-platform-channel-handle=2020 /prefetch:2"
"2026-07-29T15:10:15.0602198+08:00","78688","81432","electron.exe","True","0.047","46.1","2026/7/29 15:09:34","""C:\Program Files\Blackmagic Design\DaVinci Resolve\Electron\electron.exe"" --type=utility --utility-sub-type=network.mojom.NetworkService --lang=zh-CN --service-sandbox-type=none --user-data-dir=""C:\Users\Administrator\AppData\Roaming\Clackly Workflow Plugin"" --field-trial-handle=2024,i,1323165279999340045,16426289729370756592,262144 --enable-features=PdfUseShowSaveFilePicker --disable-features=SpareRendererForSitePerProcess,WinDelaySpellcheckServiceInit --variations-seed-version --mojo-platform-channel-handle=2132 /prefetch:11"
"2026-07-29T15:10:15.0602198+08:00","31868","81432","electron.exe","True","0.156","79.7","2026/7/29 15:09:34","""C:\Program Files\Blackmagic Design\DaVinci Resolve\Electron\electron.exe"" --type=renderer --user-data-dir=""C:\Users\Administrator\AppData\Roaming\Clackly Workflow Plugin"" --app-path=""D:\Clackly\resolve-command-center\workflow-plugin"" --no-sandbox --no-zygote --video-capture-use-gpu-memory-buffer --lang=zh-CN --device-scale-factor=1 --num-raster-threads=4 --enable-main-frame-before-activation --renderer-client-id=4 --time-ticks-at-unix-epoch=-1783908236173370 --launch-time-ticks=1400737997635 --field-trial-handle=2024,i,1323165279999340045,16426289729370756592,262144 --enable-features=PdfUseShowSaveFilePicker --disable-features=SpareRendererForSitePerProcess,WinDelaySpellcheckServiceInit --variations-seed-version --mojo-platform-channel-handle=3212 /prefetch:1"
"2026-07-29T15:10:16.2927905+08:00","66208","15420","Resolve.exe","True","63.531","1300.6","2026/7/29 15:08:02","""C:\Program Files\Blackmagic Design\DaVinci Resolve\Resolve.exe"" "
