"Timestamp","ProcessId","Responding","CpuSeconds","WorkingSetMB","Exited","IdentityMismatch"
"2026-08-06T11:22:29.4661899+08:00","21692","True","0.391","246.9","False","False"
"2026-08-06T11:22:29.5820204+08:00","21692","True","0.609","261.4","False","False"
"2026-08-06T11:22:29.6770789+08:00","21692","True","0.797","273.4","False","False"
"2026-08-06T11:22:29.7712599+08:00","21692","True","0.984","285.4","False","False"
"2026-08-06T11:22:29.8656773+08:00","21692","True","1.172","294.9","False","False"
"2026-08-06T11:22:29.9762494+08:00","21692","True","1.391","304.3","False","False"
"2026-08-06T11:22:30.0710873+08:00","21692","True","1.562","318.7","False","False"
"2026-08-06T11:22:30.1805130+08:00","21692","True","1.766","331.1","False","False"
"2026-08-06T11:22:30.2770434+08:00","21692","True","1.922","337.8","False","False"
"2026-08-06T11:22:30.3711322+08:00","21692","True","2.094","342.6","False","False"
"2026-08-06T11:22:30.4667584+08:00","21692","True","2.25","351.1","False","False"
"2026-08-06T11:22:30.5787331+08:00","21692","True","2.406","361","False","False"
"2026-08-06T11:22:30.6878001+08:00","21692","True","2.516","366.2","False","False"
"2026-08-06T11:22:30.7834292+08:00","21692","True","2.609","371.8","False","False"
"2026-08-06T11:22:30.8761190+08:00","21692","True","2.703","380.7","False","False"
"2026-08-06T11:22:30.9870990+08:00","21692","True","2.812","382.2","False","False"
"2026-08-06T11:22:31.0793389+08:00","21692","True","2.906","393.2","False","False"
"2026-08-06T11:22:31.1753647+08:00","21692","True","3","412.4","False","False"
"2026-08-06T11:22:31.2706080+08:00","21692","True","3.078","527.7","False","False"
"2026-08-06T11:22:31.3803621+08:00","21692","True","3.234","667.7","False","False"
"2026-08-06T11:22:31.4755735+08:00","21692","True","3.359","702.7","False","False"
"2026-08-06T11:22:31.5706960+08:00","21692","True","3.5","727.8","False","False"
"2026-08-06T11:22:31.8666650+08:00","21692","True","3.5","729.4","False","False"
"2026-08-06T11:22:31.8720291+08:00","21692","True","3.797","804","False","False"
"2026-08-06T11:22:32.0515852+08:00","21692","True","4","865.1","False","False"
"2026-08-06T11:22:32.1105738+08:00","21692","True","4.062","866.8","False","False"
"2026-08-06T11:22:32.1152310+08:00","21692","True","4.062","867.5","False","False"
"2026-08-06T11:22:32.1719215+08:00","21692","True","4.609","912","False","False"
"2026-08-06T11:22:32.2824879+08:00","21692","True","4.797","920.7","False","False"
"2026-08-06T11:22:32.3764702+08:00","21692","True","5.266","967.5","False","False"
"2026-08-06T11:22:32.5158043+08:00","21692","True","7.812","1607.2","False","False"
"2026-08-06T11:22:36.0147291+08:00","21692","True","8.688","1736.8","False","False"
"2026-08-06T11:22:36.8123385+08:00","21692","True","9.578","1781.8","False","False"
"2026-08-06T11:22:37.6762232+08:00","21692","True","10.078","1825.8","False","False"
"2026-08-06T11:22:38.1133486+08:00","21692","True","10.406","1867.1","False","False"
"2026-08-06T11:22:38.4554690+08:00","21692","True","10.469","1872.2","False","False"
"2026-08-06T11:22:38.5062795+08:00","21692","True","10.484","1874.4","False","False"
"2026-08-06T11:22:38.5236295+08:00","21692","True","10.766","1894.4","False","False"
"2026-08-06T11:22:38.8001242+08:00","21692","True","12.5","1981.2","False","False"
"2026-08-06T11:22:40.6174588+08:00","21692","True","12.594","1988.7","False","False"
"2026-08-06T11:22:40.7156177+08:00","21692","True","12.656","1996.3","False","False"
"2026-08-06T11:22:40.7658810+08:00","21692","True","12.875","2008.5","False","False"
"2026-08-06T11:22:40.9868302+08:00","21692","True","13.172","2047.6","False","False"
"2026-08-06T11:22:41.3998906+08:00","21692","True","13.188","2047.9","False","False"
"2026-08-06T11:22:41.4127506+08:00","21692","True","13.188","2042.2","False","False"
"2026-08-06T11:22:41.4244978+08:00","21692","True","13.312","2042.8","False","False"
"2026-08-06T11:22:41.4346837+08:00","21692","True","13.328","2045.6","False","False"
"2026-08-06T11:22:41.4411554+08:00","21692","True","13.797","2111.9","False","False"
"2026-08-06T11:22:41.6549717+08:00","21692","True","13.859","2112.4","False","False"
"2026-08-06T11:22:41.6608118+08:00","21692","True","13.859","2112.6","False","False"
"2026-08-06T11:22:41.6656374+08:00","21692","True","13.859","2112.7","False","False"
"2026-08-06T11:22:41.6699308+08:00","21692","True","13.906","2112.8","False","False"
"2026-08-06T11:22:41.6745817+08:00","21692","True","13.906","2112.9","False","False"
"2026-08-06T11:22:41.6796572+08:00","21692","True","13.906","2112.9","False","False"
"2026-08-06T11:22:41.6846673+08:00","21692","True","13.906","2112.9","False","False"
"2026-08-06T11:22:41.6903121+08:00","21692","True","13.938","2113","False","False"
"2026-08-06T11:22:41.6958131+08:00","21692","True","13.938","2113","False","False"
"2026-08-06T11:22:41.7006579+08:00","21692","True","13.969","2113.1","False","False"
"2026-08-06T11:22:41.7056483+08:00","21692","True","13.969","2111.9","False","False"
"2026-08-06T11:22:41.7107906+08:00","21692","True","13.984","2111.2","False","False"
"2026-08-06T11:22:41.7330598+08:00","21692","True","14.234","2100.9","False","False"
"2026-08-06T11:22:42.2680279+08:00","21692","True","14.25","2100.9","False","False"
"2026-08-06T11:22:42.2733815+08:00","21692","True","14.25","2100.9","False","False"
"2026-08-06T11:22:42.2780304+08:00","21692","True","14.25","2100.9","False","False"
"2026-08-06T11:22:42.2831264+08:00","21692","True","14.281","2100.9","False","False"
"2026-08-06T11:22:42.2882814+08:00","21692","True","14.281","2100.9","False","False"
"2026-08-06T11:22:42.2928025+08:00","21692","True","14.281","2100.9","False","False"
"2026-08-06T11:22:42.2970434+08:00","21692","True","14.297","2100.9","False","False"
"2026-08-06T11:22:42.3012873+08:00","21692","True","14.297","2100.9","False","False"
"2026-08-06T11:22:42.3055319+08:00","21692","True","14.297","2100.9","False","False"
"2026-08-06T11:22:42.3097262+08:00","21692","True","14.297","2100.9","False","False"
"2026-08-06T11:22:42.3137349+08:00","21692","True","14.312","2100.9","False","False"
"2026-08-06T11:22:42.3180219+08:00","21692","True","14.312","2100.9","False","False"
"2026-08-06T11:22:42.3226905+08:00","21692","True","14.312","2100.9","False","False"
"2026-08-06T11:22:42.3269423+08:00","21692","True","14.328","2100.9","False","False"
"2026-08-06T11:22:42.3311092+08:00","21692","True","14.328","2100.9","False","False"
"2026-08-06T11:22:42.3351471+08:00","21692","True","14.328","2100.9","False","False"
"2026-08-06T11:22:42.3392799+08:00","21692","True","14.328","2100.9","False","False"
"2026-08-06T11:22:42.3432208+08:00","21692","True","14.359","2100.9","False","False"
"2026-08-06T11:22:42.3470557+08:00","21692","True","14.359","2100.9","False","False"
"2026-08-06T11:22:42.3519870+08:00","21692","True","14.359","2100.9","False","False"
"2026-08-06T11:22:42.3566998+08:00","21692","True","14.359","2100.9","False","False"
"2026-08-06T11:22:42.3608707+08:00","21692","True","14.391","2100.9","False","False"
"2026-08-06T11:22:42.3650684+08:00","21692","True","14.391","2100.9","False","False"
"2026-08-06T11:22:42.3690661+08:00","21692","True","14.391","2100.9","False","False"
"2026-08-06T11:22:42.3731326+08:00","21692","True","14.406","2100.9","False","False"
"2026-08-06T11:22:42.3770545+08:00","21692","True","14.422","2100.9","False","False"
"2026-08-06T11:22:42.3811895+08:00","21692","True","14.422","2100.9","False","False"
"2026-08-06T11:22:42.3851961+08:00","21692","True","14.422","2100.9","False","False"
"2026-08-06T11:22:42.3894129+08:00","21692","True","14.453","2100.9","False","False"
"2026-08-06T11:22:42.3938812+08:00","21692","True","14.453","2100.9","False","False"
"2026-08-06T11:22:42.3983535+08:00","21692","True","14.453","2100.9","False","False"
"2026-08-06T11:22:42.4023995+08:00","21692","True","14.453","2100.9","False","False"
"2026-08-06T11:22:42.4064749+08:00","21692","True","14.469","2100.9","False","False"
"2026-08-06T11:22:42.4107627+08:00","21692","True","14.469","2100.9","False","False"
"2026-08-06T11:22:42.4148760+08:00","21692","True","14.469","2100.9","False","False"
"2026-08-06T11:22:42.4189259+08:00","21692","True","14.469","2100.9","False","False"
"2026-08-06T11:22:42.4234899+08:00","21692","True","14.484","2100.9","False","False"
"2026-08-06T11:22:42.4278314+08:00","21692","True","14.484","2100.9","False","False"
"2026-08-06T11:22:42.4319278+08:00","21692","True","14.484","2100.9","False","False"
"2026-08-06T11:22:42.4357947+08:00","21692","True","14.5","2100.9","False","False"
"2026-08-06T11:22:42.4398949+08:00","21692","True","14.5","2100.9","False","False"
"2026-08-06T11:22:42.4442616+08:00","21692","True","14.5","2100.9","False","False"
"2026-08-06T11:22:42.4483767+08:00","21692","True","14.5","2100.9","False","False"
"2026-08-06T11:22:42.4524847+08:00","21692","True","14.516","2100.9","False","False"
"2026-08-06T11:22:42.4569874+08:00","21692","True","14.516","2100.9","False","False"
"2026-08-06T11:22:42.4612366+08:00","21692","True","14.516","2100.9","False","False"
"2026-08-06T11:22:42.4653782+08:00","21692","True","14.516","2100.9","False","False"
"2026-08-06T11:22:42.4694089+08:00","21692","True","14.531","2100.9","False","False"
"2026-08-06T11:22:42.4737386+08:00","21692","True","14.531","2101.4","False","False"
"2026-08-06T11:22:42.4781577+08:00","21692","True","14.531","2101.4","False","False"
"2026-08-06T11:22:42.4822959+08:00","21692","True","14.531","2101.4","False","False"
"2026-08-06T11:22:42.4866270+08:00","21692","True","14.547","2101.4","False","False"
"2026-08-06T11:22:42.4910926+08:00","21692","True","14.547","2101.4","False","False"
"2026-08-06T11:22:42.4952355+08:00","21692","True","14.547","2101.4","False","False"
"2026-08-06T11:22:42.4991960+08:00","21692","True","14.562","2101.4","False","False"
"2026-08-06T11:22:42.5031489+08:00","21692","True","14.562","2101.4","False","False"
"2026-08-06T11:22:42.5084140+08:00","21692","True","14.562","2101.4","False","False"
"2026-08-06T11:22:42.5125415+08:00","21692","True","14.562","2101.4","False","False"
"2026-08-06T11:22:42.5166187+08:00","21692","True","14.594","2101.4","False","False"
"2026-08-06T11:22:42.5210142+08:00","21692","True","14.594","2101.4","False","False"
"2026-08-06T11:22:42.5253349+08:00","21692","True","14.594","2101.4","False","False"
"2026-08-06T11:22:42.5294472+08:00","21692","True","14.609","2101.4","False","False"
"2026-08-06T11:22:42.5334532+08:00","21692","True","14.625","2101.4","False","False"
"2026-08-06T11:22:42.5376281+08:00","21692","True","14.625","2101.4","False","False"
"2026-08-06T11:22:42.5418141+08:00","21692","True","14.625","2101.4","False","False"
"2026-08-06T11:22:42.5457353+08:00","21692","True","14.641","2101.4","False","False"
"2026-08-06T11:22:42.5495987+08:00","21692","True","14.641","2101.4","False","False"
"2026-08-06T11:22:42.5540847+08:00","21692","True","14.641","2101.4","False","False"
"2026-08-06T11:22:42.5586451+08:00","21692","True","14.641","2101.4","False","False"
"2026-08-06T11:22:42.5629746+08:00","21692","True","14.656","2101.4","False","False"
"2026-08-06T11:22:42.5670178+08:00","21692","True","14.656","2101.4","False","False"
"2026-08-06T11:22:42.6769484+08:00","21692","True","14.781","2101.5","False","False"
"2026-08-06T11:22:42.7709637+08:00","21692","True","14.938","2101.6","False","False"
"2026-08-06T11:22:42.8789172+08:00","21692","True","15.109","2101.6","False","False"
"2026-08-06T11:22:42.9719619+08:00","21692","True","15.266","2101.6","False","False"
"2026-08-06T11:22:43.0799070+08:00","21692","True","15.422","2101.6","False","False"
"2026-08-06T11:22:43.1888136+08:00","21692","True","15.578","2101.6","False","False"
"2026-08-06T11:22:43.2830632+08:00","21692","True","15.703","2101.6","False","False"
"2026-08-06T11:22:43.3766633+08:00","21692","True","15.844","2101.6","False","False"
"2026-08-06T11:22:43.4849274+08:00","21692","True","16","2101.6","False","False"
"2026-08-06T11:22:43.5794823+08:00","21692","True","16.094","2101.6","False","False"
"2026-08-06T11:22:43.6876705+08:00","21692","True","16.312","2101.6","False","False"
"2026-08-06T11:22:43.7822752+08:00","21692","True","16.875","2101.6","False","False"
"2026-08-06T11:22:43.8916600+08:00","21692","True","17.031","2101.6","False","False"
"2026-08-06T11:22:43.9849129+08:00","21692","True","17.062","2101.6","False","False"
"2026-08-06T11:22:44.0785125+08:00","21692","True","17.094","2101.6","False","False"
"2026-08-06T11:22:44.1858980+08:00","21692","True","17.125","2101.7","False","False"
"2026-08-06T11:22:44.2786172+08:00","21692","True","17.188","2102.4","False","False"
"2026-08-06T11:22:44.3876305+08:00","21692","True","17.219","2103.8","False","False"
"2026-08-06T11:22:44.4809817+08:00","21692","True","18.875","2337.9","False","False"
"2026-08-06T11:22:45.4170939+08:00","21692","True","18.906","2340.4","False","False"
"2026-08-06T11:22:45.4278864+08:00","21692","True","18.906","2340.2","False","False"
"2026-08-06T11:22:45.4332610+08:00","21692","True","19.781","2405.6","False","False"
"2026-08-06T11:22:46.1349029+08:00","21692","True","19.906","2466.9","False","False"
"2026-08-06T11:22:46.2114829+08:00","21692","True","19.906","2466.9","False","False"
"2026-08-06T11:22:46.2195312+08:00","21692","True","20.062","2474.9","False","False"
"2026-08-06T11:22:46.3196815+08:00","21692","True","20.062","2481.1","False","False"
"2026-08-06T11:22:46.3277671+08:00","21692","True","20.062","2481.1","False","False"
"2026-08-06T11:22:46.3324413+08:00","21692","True","20.062","2481.1","False","False"
"2026-08-06T11:22:46.3370893+08:00","21692","True","20.062","2481.1","False","False"
"2026-08-06T11:22:46.3419946+08:00","21692","True","20.062","2481.1","False","False"
"2026-08-06T11:22:46.3465383+08:00","21692","True","20.062","2481.1","False","False"
"2026-08-06T11:22:46.3540416+08:00","21692","True","20.062","2481.1","False","False"
"2026-08-06T11:22:46.3585767+08:00","21692","True","20.078","2481.1","False","False"
"2026-08-06T11:22:46.3628964+08:00","21692","True","20.078","2481.1","False","False"
"2026-08-06T11:22:46.3676129+08:00","21692","True","20.078","2481.1","False","False"
"2026-08-06T11:22:46.3720602+08:00","21692","True","20.078","2481.1","False","False"
"2026-08-06T11:22:46.3763518+08:00","21692","True","20.078","2481.1","False","False"
"2026-08-06T11:22:46.3808542+08:00","21692","True","20.078","2481.1","False","False"
"2026-08-06T11:22:46.4757034+08:00","21692","True","20.141","2481.1","False","False"
"2026-08-06T11:22:46.5688493+08:00","21692","True","20.141","2481.1","False","False"
"2026-08-06T11:22:46.6800161+08:00","21692","True","20.156","2481.1","False","False"
"2026-08-06T11:22:46.7732764+08:00","21692","True","20.188","2488.9","False","False"
"2026-08-06T11:22:46.8666069+08:00","21692","True","20.203","2489","False","False"
"2026-08-06T11:22:46.9757296+08:00","21692","True","20.203","2489","False","False"
"2026-08-06T11:22:47.0685250+08:00","21692","True","20.219","2489.1","False","False"
"2026-08-06T11:22:47.1784766+08:00","21692","True","20.219","2489.1","False","False"
"2026-08-06T11:22:47.2725100+08:00","21692","True","20.234","2489.1","False","False"
"2026-08-06T11:22:47.3806875+08:00","21692","True","20.25","2489.1","False","False"
"2026-08-06T11:22:47.4750224+08:00","21692","True","20.25","2489.1","False","False"
"2026-08-06T11:22:47.5683521+08:00","21692","True","20.281","2490.9","False","False"
"2026-08-06T11:22:47.6778661+08:00","21692","True","20.453","2501.6","False","False"
"2026-08-06T11:22:47.7709619+08:00","21692","True","20.578","2513.3","False","False"
"2026-08-06T11:22:47.8808069+08:00","21692","True","20.844","2517.2","False","False"
"2026-08-06T11:22:47.9754989+08:00","21692","True","21","2527.1","False","False"
"2026-08-06T11:22:48.1257993+08:00","21692","True","21.062","2527.1","False","False"
"2026-08-06T11:22:48.1764424+08:00","21692","True","21.156","2525.9","False","False"
"2026-08-06T11:22:48.2708181+08:00","21692","True","21.281","2528.6","False","False"
"2026-08-06T11:22:48.3786912+08:00","21692","True","21.453","2528.6","False","False"
"2026-08-06T11:22:48.4728966+08:00","21692","True","21.531","2530.5","False","False"
"2026-08-06T11:22:48.5660469+08:00","21692","True","21.562","2530.5","False","False"
"2026-08-06T11:22:48.6755277+08:00","21692","True","21.578","2530.6","False","False"
"2026-08-06T11:22:48.7701654+08:00","21692","True","21.609","2530.6","False","False"
"2026-08-06T11:22:48.8796998+08:00","21692","True","21.703","2531.8","False","False"
"2026-08-06T11:22:48.9728879+08:00","21692","True","21.781","2531.8","False","False"
"2026-08-06T11:22:49.0670430+08:00","21692","True","21.797","2535.6","False","False"
"2026-08-06T11:22:49.1756503+08:00","21692","True","21.906","2540.4","False","False"
"2026-08-06T11:22:49.2698090+08:00","21692","True","21.984","2540.4","False","False"
"2026-08-06T11:22:49.3785296+08:00","21692","True","22.094","2540.4","False","False"
"2026-08-06T11:22:49.4869737+08:00","21692","True","22.156","2540.7","False","False"
"2026-08-06T11:22:49.5654427+08:00","21692","True","22.188","2540.7","False","False"
"2026-08-06T11:22:49.6765448+08:00","21692","True","22.297","2540.8","False","False"
"2026-08-06T11:22:49.7687046+08:00","21692","True","22.422","2540.8","False","False"
"2026-08-06T11:22:49.8789436+08:00","21692","True","22.656","2549.7","False","False"
"2026-08-06T11:22:49.9860931+08:00","21692","True","22.828","2550.4","False","False"
"2026-08-06T11:22:50.0795946+08:00","21692","True","23.125","2552","False","False"
"2026-08-06T11:22:50.1886025+08:00","21692","True","23.344","2559.5","False","False"
"2026-08-06T11:22:50.2827564+08:00","21692","True","23.547","2562.2","False","False"
"2026-08-06T11:22:50.4216140+08:00","21692","True","23.594","2562.2","False","False"
"2026-08-06T11:22:50.4847209+08:00","21692","True","23.672","2559.9","False","False"
"2026-08-06T11:22:50.5786459+08:00","21692","True","23.75","2563.3","False","False"
"2026-08-06T11:22:50.6892950+08:00","21692","True","23.766","2563.4","False","False"
"2026-08-06T11:22:50.7685723+08:00","21692","True","23.828","2563.4","False","False"
"2026-08-06T11:22:50.8772277+08:00","21692","True","23.875","2563.4","False","False"
"2026-08-06T11:22:50.9722923+08:00","21692","True","23.906","2563.5","False","False"
"2026-08-06T11:22:51.0659443+08:00","21692","True","23.953","2563.5","False","False"
"2026-08-06T11:22:51.1743936+08:00","21692","True","23.969","2563.5","False","False"
"2026-08-06T11:22:51.2818747+08:00","21692","True","24.016","2563.6","False","False"
"2026-08-06T11:22:51.3757480+08:00","21692","True","24.062","2563.6","False","False"
"2026-08-06T11:22:51.4837755+08:00","21692","True","24.219","2563.6","False","False"
"2026-08-06T11:22:51.5787990+08:00","21692","True","24.25","2563.6","False","False"
"2026-08-06T11:22:51.6884345+08:00","21692","True","24.25","2563.6","False","False"
"2026-08-06T11:22:51.7806329+08:00","21692","True","24.297","2563.6","False","False"
"2026-08-06T11:22:51.8904220+08:00","21692","True","24.328","2563.6","False","False"
"2026-08-06T11:22:51.9843180+08:00","21692","True","24.391","2563.6","False","False"
"2026-08-06T11:22:52.0773392+08:00","21692","True","24.406","2563.6","False","False"
"2026-08-06T11:22:52.1864982+08:00","21692","True","24.5","2563.6","False","False"
"2026-08-06T11:22:52.2799725+08:00","21692","True","24.609","2563.7","False","False"
"2026-08-06T11:22:52.3743624+08:00","21692","True","24.703","2563.7","False","False"
"2026-08-06T11:22:52.4827121+08:00","21692","True","24.922","2563.2","False","False"
"2026-08-06T11:22:52.5766316+08:00","21692","True","25.031","2563.2","False","False"
"2026-08-06T11:22:52.6700584+08:00","21692","True","25.156","2563.4","False","False"
"2026-08-06T11:22:52.7797502+08:00","21692","True","25.25","2566.4","False","False"
"2026-08-06T11:22:52.8882669+08:00","21692","True","25.438","2569.1","False","False"
"2026-08-06T11:22:52.9805950+08:00","21692","True","25.469","2569.2","False","False"
"2026-08-06T11:22:53.0743487+08:00","21692","True","25.469","2569.2","False","False"
"2026-08-06T11:22:53.1729815+08:00","21692","True","25.484","2569.2","False","False"
"2026-08-06T11:22:53.2786947+08:00","21692","True","25.516","2569.2","False","False"
"2026-08-06T11:22:53.3898065+08:00","21692","True","25.531","2569.2","False","False"
"2026-08-06T11:22:53.4830161+08:00","21692","True","25.562","2569.2","False","False"
"2026-08-06T11:22:53.5762087+08:00","21692","True","25.578","2569.2","False","False"
"2026-08-06T11:22:53.6874121+08:00","21692","True","25.703","2563.3","False","False"
"2026-08-06T11:22:53.7798506+08:00","21692","True","25.75","2563.4","False","False"
"2026-08-06T11:22:53.8905814+08:00","21692","True","30.219","2560.9","False","False"
"2026-08-06T11:22:54.0462103+08:00","21692","False","36.469","2559.4","False","False"
"2026-08-06T11:22:59.0559203+08:00","21692","False","36.469","2559.4","False","False"
"2026-08-06T11:22:59.0608629+08:00","21692","False","36.484","2559.4","False","False"
"2026-08-06T11:22:59.0653106+08:00","21692","False","36.484","2559.4","False","False"
"2026-08-06T11:22:59.0699319+08:00","21692","False","36.484","2559.4","False","False"
"2026-08-06T11:22:59.0748267+08:00","21692","False","36.484","2559.4","False","False"
"2026-08-06T11:22:59.0790191+08:00","21692","False","36.516","2559.4","False","False"
"2026-08-06T11:22:59.0835072+08:00","21692","False","36.516","2559.4","False","False"
"2026-08-06T11:22:59.0880316+08:00","21692","False","36.516","2559.4","False","False"
"2026-08-06T11:22:59.0925154+08:00","21692","False","36.531","2559.4","False","False"
"2026-08-06T11:22:59.0967386+08:00","21692","False","36.531","2559.4","False","False"
"2026-08-06T11:22:59.1009133+08:00","21692","False","36.531","2559.4","False","False"
"2026-08-06T11:22:59.1053449+08:00","21692","False","36.531","2559.4","False","False"
"2026-08-06T11:22:59.1094203+08:00","21692","False","36.562","2559.4","False","False"
"2026-08-06T11:22:59.1133673+08:00","21692","False","36.562","2559.4","False","False"
"2026-08-06T11:22:59.1178977+08:00","21692","False","36.562","2559.4","False","False"
"2026-08-06T11:22:59.1224949+08:00","21692","False","36.562","2559.4","False","False"
"2026-08-06T11:22:59.1268196+08:00","21692","False","36.578","2559.4","False","False"
"2026-08-06T11:22:59.1308725+08:00","21692","False","36.578","2559.4","False","False"
"2026-08-06T11:22:59.1347183+08:00","21692","False","36.578","2559.4","False","False"
"2026-08-06T11:22:59.1386598+08:00","21692","False","36.578","2559.4","False","False"
"2026-08-06T11:22:59.1424694+08:00","21692","False","36.594","2559.4","False","False"
"2026-08-06T11:22:59.1464115+08:00","21692","False","36.594","2559.4","False","False"
"2026-08-06T11:22:59.1506325+08:00","21692","False","36.594","2559.4","False","False"
"2026-08-06T11:22:59.1546619+08:00","21692","False","36.609","2559.4","False","False"
"2026-08-06T11:22:59.1588014+08:00","21692","False","36.609","2559.4","False","False"
"2026-08-06T11:22:59.1628663+08:00","21692","False","36.609","2559.4","False","False"
"2026-08-06T11:22:59.1667344+08:00","21692","False","36.609","2559.4","False","False"
"2026-08-06T11:22:59.1705351+08:00","21692","False","36.625","2559.4","False","False"
"2026-08-06T11:22:59.1748587+08:00","21692","False","36.625","2559.4","False","False"
"2026-08-06T11:22:59.1795025+08:00","21692","False","36.625","2559.4","False","False"
"2026-08-06T11:22:59.1834591+08:00","21692","False","36.625","2559.4","False","False"
"2026-08-06T11:22:59.1874618+08:00","21692","False","36.641","2559.4","False","False"
"2026-08-06T11:22:59.1917346+08:00","21692","False","36.641","2559.4","False","False"
"2026-08-06T11:22:59.1961187+08:00","21692","False","36.641","2559.4","False","False"
"2026-08-06T11:22:59.2000139+08:00","21692","False","36.641","2559.4","False","False"
"2026-08-06T11:22:59.2038611+08:00","21692","False","36.656","2559.4","False","False"
"2026-08-06T11:22:59.2077133+08:00","21692","False","36.656","2559.4","False","False"
"2026-08-06T11:22:59.2131613+08:00","21692","False","36.656","2559.4","False","False"
"2026-08-06T11:22:59.2171982+08:00","21692","False","36.672","2559.4","False","False"
"2026-08-06T11:22:59.2212007+08:00","21692","False","36.672","2559.4","False","False"
"2026-08-06T11:22:59.2257348+08:00","21692","False","36.672","2559.4","False","False"
"2026-08-06T11:22:59.2297418+08:00","21692","False","36.672","2559.4","False","False"
"2026-08-06T11:22:59.2336266+08:00","21692","False","36.688","2559.4","False","False"
"2026-08-06T11:22:59.2374140+08:00","21692","False","36.688","2559.4","False","False"
"2026-08-06T11:22:59.2422254+08:00","21692","False","36.688","2559.4","False","False"
"2026-08-06T11:22:59.2464406+08:00","21692","False","36.688","2559.4","False","False"
"2026-08-06T11:22:59.2505268+08:00","21692","False","36.703","2559.4","False","False"
"2026-08-06T11:22:59.2551503+08:00","21692","False","36.703","2559.4","False","False"
"2026-08-06T11:22:59.2600318+08:00","21692","False","36.703","2559.4","False","False"
"2026-08-06T11:22:59.2643749+08:00","21692","False","36.703","2559.4","False","False"
"2026-08-06T11:22:59.2681816+08:00","21692","False","36.719","2559.4","False","False"
"2026-08-06T11:22:59.2727081+08:00","21692","False","36.719","2559.4","False","False"
"2026-08-06T11:22:59.2774471+08:00","21692","False","36.719","2559.4","False","False"
"2026-08-06T11:22:59.3810413+08:00","21692","False","36.812","2559.4","False","False"
"2026-08-06T11:22:59.4750184+08:00","21692","False","36.906","2559.4","False","False"
"2026-08-06T11:22:59.5685465+08:00","21692","False","37","2559.4","False","False"
"2026-08-06T11:22:59.6792713+08:00","21692","False","37.109","2559.4","False","False"
"2026-08-06T11:22:59.7720054+08:00","21692","False","37.203","2559.4","False","False"
"2026-08-06T11:22:59.8803844+08:00","21692","False","37.328","2559.4","False","False"
"2026-08-06T11:22:59.9743313+08:00","21692","False","37.422","2559.4","False","False"
"2026-08-06T11:23:00.0682341+08:00","21692","False","37.516","2559.4","False","False"
"2026-08-06T11:23:00.1774203+08:00","21692","False","37.625","2495.6","False","False"
"2026-08-06T11:23:00.2715248+08:00","21692","False","37.719","2495.6","False","False"
"2026-08-06T11:23:00.3810461+08:00","21692","False","37.828","2495.6","False","False"
"2026-08-06T11:23:00.4747332+08:00","21692","False","37.922","2495.6","False","False"
"2026-08-06T11:23:00.5702255+08:00","21692","False","38.016","2495.6","False","False"
"2026-08-06T11:23:00.6805652+08:00","21692","False","38.125","2495.6","False","False"
"2026-08-06T11:23:00.7740634+08:00","21692","False","38.219","2495.6","False","False"
"2026-08-06T11:23:00.8680957+08:00","21692","False","38.312","2495.6","False","False"
"2026-08-06T11:23:00.9781221+08:00","21692","False","38.422","2495.6","False","False"
"2026-08-06T11:23:01.0724550+08:00","21692","False","38.516","2495.6","False","False"
"2026-08-06T11:23:01.1671190+08:00","21692","False","38.609","2495.6","False","False"
"2026-08-06T11:23:01.2760497+08:00","21692","False","38.719","2495.6","False","False"
"2026-08-06T11:23:01.3711252+08:00","21692","False","38.812","2495.6","False","False"
"2026-08-06T11:23:01.4805482+08:00","21692","False","38.922","2495.6","False","False"
"2026-08-06T11:23:01.5735927+08:00","21692","False","39.016","2495.6","False","False"
"2026-08-06T11:23:01.6681180+08:00","21692","False","39.109","2495.6","False","False"
"2026-08-06T11:23:01.7780587+08:00","21692","False","39.219","2495.6","False","False"
"2026-08-06T11:23:01.8728494+08:00","21692","False","39.328","2495.6","False","False"
"2026-08-06T11:23:01.9672014+08:00","21692","True","39.438","2561.8","False","False"
"2026-08-06T11:23:02.0777488+08:00","21692","True","39.578","2561.8","False","False"
"2026-08-06T11:23:02.1858147+08:00","21692","True","39.688","2561.8","False","False"
"2026-08-06T11:23:02.2795894+08:00","21692","True","39.703","2561.9","False","False"
"2026-08-06T11:23:02.3872600+08:00","21692","True","39.734","2561.9","False","False"
"2026-08-06T11:23:02.4812428+08:00","21692","True","39.766","2562","False","False"
"2026-08-06T11:23:02.5742805+08:00","21692","True","39.781","2562","False","False"
"2026-08-06T11:23:02.6845106+08:00","21692","True","39.828","2562","False","False"
"2026-08-06T11:23:02.7775483+08:00","21692","True","39.953","2562.1","False","False"
"2026-08-06T11:23:02.8713887+08:00","21692","True","40.094","2562.8","False","False"
"2026-08-06T11:23:02.9796878+08:00","21692","True","40.188","2562.8","False","False"
"2026-08-06T11:23:03.0759538+08:00","21692","True","40.203","2562.8","False","False"
"2026-08-06T11:23:03.1865056+08:00","21692","True","40.203","2562.8","False","False"
"2026-08-06T11:23:03.2817648+08:00","21692","True","40.203","2562.8","False","False"
"2026-08-06T11:23:03.3753725+08:00","21692","True","40.234","2562.8","False","False"
"2026-08-06T11:23:03.4844573+08:00","21692","True","40.25","2562.8","False","False"
"2026-08-06T11:23:03.5775272+08:00","21692","True","40.312","2562.8","False","False"
"2026-08-06T11:23:03.6713326+08:00","21692","True","40.312","2562.8","False","False"
"2026-08-06T11:23:03.7821173+08:00","21692","True","40.312","2562.8","False","False"
"2026-08-06T11:23:03.8750680+08:00","21692","True","40.328","2562.8","False","False"
"2026-08-06T11:23:03.9832984+08:00","21692","True","40.344","2562.8","False","False"
"2026-08-06T11:23:04.0767024+08:00","21692","True","40.344","2562.8","False","False"
"2026-08-06T11:23:04.1859597+08:00","21692","True","40.391","2562.8","False","False"
"2026-08-06T11:23:04.2796408+08:00","21692","True","40.391","2562.8","False","False"
"2026-08-06T11:23:04.3888102+08:00","21692","True","40.391","2562.8","False","False"
"2026-08-06T11:23:04.4828515+08:00","21692","True","40.406","2562.8","False","False"
"2026-08-06T11:23:04.5756666+08:00","21692","True","40.406","2562.8","False","False"
"2026-08-06T11:23:04.6846777+08:00","21692","True","40.422","2562.8","False","False"
"2026-08-06T11:23:04.7778801+08:00","21692","True","40.469","2562.8","False","False"
"2026-08-06T11:23:04.8865459+08:00","21692","True","40.5","2562.8","False","False"
"2026-08-06T11:23:04.9797326+08:00","21692","True","40.5","2562.8","False","False"
"2026-08-06T11:23:05.0743932+08:00","21692","True","40.5","2562.8","False","False"
"2026-08-06T11:23:05.1833374+08:00","21692","True","40.5","2562.8","False","False"
"2026-08-06T11:23:05.2781909+08:00","21692","True","40.5","2562.8","False","False"
"2026-08-06T11:23:05.3871551+08:00","21692","True","40.516","2562.8","False","False"
"2026-08-06T11:23:05.4831576+08:00","21692","True","40.531","2562.8","False","False"
"2026-08-06T11:23:05.5764116+08:00","21692","True","40.531","2562.8","False","False"
"2026-08-06T11:23:05.6846130+08:00","21692","True","40.547","2562.8","False","False"
"2026-08-06T11:23:05.7774059+08:00","21692","True","40.547","2562.8","False","False"
"2026-08-06T11:23:05.8879969+08:00","21692","True","40.562","2562.8","False","False"
"2026-08-06T11:23:05.9661889+08:00","21692","True","40.562","2561.2","False","False"
"2026-08-06T11:23:06.0755141+08:00","21692","True","40.562","2561.2","False","False"
"2026-08-06T11:23:06.1705012+08:00","21692","True","40.641","2561.2","False","False"
"2026-08-06T11:23:06.2800079+08:00","21692","True","40.641","2561.2","False","False"
"2026-08-06T11:23:06.3910510+08:00","21692","True","40.641","2561.2","False","False"
"2026-08-06T11:23:06.4830086+08:00","21692","True","40.641","2561.2","False","False"
"2026-08-06T11:23:06.5764383+08:00","21692","True","40.672","2561.2","False","False"
"2026-08-06T11:23:06.6865443+08:00","21692","True","40.672","2561.2","False","False"
"2026-08-06T11:23:06.7792360+08:00","21692","True","40.688","2561.2","False","False"
"2026-08-06T11:23:06.8864315+08:00","21692","True","40.688","2561.2","False","False"
"2026-08-06T11:23:06.9795377+08:00","21692","True","40.688","2561.2","False","False"
"2026-08-06T11:23:07.0724656+08:00","21692","True","40.719","2561.2","False","False"
"2026-08-06T11:23:07.1802267+08:00","21692","True","40.719","2561.2","False","False"
"2026-08-06T11:23:07.2732276+08:00","21692","True","40.719","2561.2","False","False"
"2026-08-06T11:23:07.3689202+08:00","21692","True","40.719","2561.2","False","False"
"2026-08-06T11:23:07.4783239+08:00","21692","True","40.719","2561.2","False","False"
"2026-08-06T11:23:07.5714755+08:00","21692","True","40.719","2561.2","False","False"
"2026-08-06T11:23:07.6805066+08:00","21692","True","40.719","2561.2","False","False"
"2026-08-06T11:23:07.7738342+08:00","21692","True","40.719","2561.2","False","False"
"2026-08-06T11:23:07.8672565+08:00","21692","True","40.719","2561.2","False","False"
"2026-08-06T11:23:07.9762700+08:00","21692","True","40.719","2561.2","False","False"
"2026-08-06T11:23:08.0708112+08:00","21692","True","40.734","2561.2","False","False"
"2026-08-06T11:23:08.1657197+08:00","21692","True","40.734","2561.2","False","False"
"2026-08-06T11:23:08.2754344+08:00","21692","True","40.734","2561.2","False","False"
"2026-08-06T11:23:08.3695068+08:00","21692","True","40.75","2561.2","False","False"
"2026-08-06T11:23:08.4783217+08:00","21692","True","40.75","2561.2","False","False"
"2026-08-06T11:23:08.5712155+08:00","21692","True","40.766","2561.2","False","False"
"2026-08-06T11:23:08.6795993+08:00","21692","True","40.766","2561.2","False","False"
"2026-08-06T11:23:08.7740374+08:00","21692","True","40.766","2561.2","False","False"
"2026-08-06T11:23:08.8685546+08:00","21692","True","40.797","2561.2","False","False"
"2026-08-06T11:23:08.9775319+08:00","21692","True","40.797","2561.2","False","False"
"2026-08-06T11:23:09.0711173+08:00","21692","True","40.797","2497.4","False","False"
"2026-08-06T11:23:09.1658824+08:00","21692","True","40.797","2497.4","False","False"
"2026-08-06T11:23:09.2730879+08:00","21692","True","40.797","2497.4","False","False"
"2026-08-06T11:23:09.3662655+08:00","21692","True","40.812","2497.4","False","False"
"2026-08-06T11:23:09.4765225+08:00","21692","True","40.812","2497.4","False","False"
"2026-08-06T11:23:09.5706321+08:00","21692","True","40.828","2497.4","False","False"
"2026-08-06T11:23:09.6785306+08:00","21692","True","40.828","2497.4","False","False"
"2026-08-06T11:23:09.7734155+08:00","21692","True","40.828","2497.4","False","False"
"2026-08-06T11:23:09.8664911+08:00","21692","True","40.844","2497.4","False","False"
"2026-08-06T11:23:09.9766248+08:00","21692","True","40.875","2497.4","False","False"
"2026-08-06T11:23:10.0704241+08:00","21692","True","40.875","2497.4","False","False"
"2026-08-06T11:23:10.1796101+08:00","21692","True","40.875","2497.4","False","False"
"2026-08-06T11:23:10.2727941+08:00","21692","True","40.922","2497.4","False","False"
"2026-08-06T11:23:10.3674095+08:00","21692","True","40.984","2497.4","False","False"
"2026-08-06T11:23:10.4752495+08:00","21692","True","41","2497.4","False","False"
"2026-08-06T11:23:10.5706654+08:00","21692","True","41","2497.4","False","False"
"2026-08-06T11:23:10.6780796+08:00","21692","True","41","2497.4","False","False"
"2026-08-06T11:23:10.7705703+08:00","21692","True","41","2497.4","False","False"
"2026-08-06T11:23:10.8794780+08:00","21692","True","41","2497.4","False","False"
"2026-08-06T11:23:10.9726919+08:00","21692","True","41","2497.4","False","False"
"2026-08-06T11:23:11.0656728+08:00","21692","True","41","2497.4","False","False"
"2026-08-06T11:23:11.1742530+08:00","21692","True","41","2497.4","False","False"
"2026-08-06T11:23:11.2683006+08:00","21692","True","41","2497.4","False","False"
"2026-08-06T11:23:11.3766521+08:00","21692","True","41","2497.4","False","False"
"2026-08-06T11:23:11.4711850+08:00","21692","True","41","2497.4","False","False"
"2026-08-06T11:23:11.5653090+08:00","21692","True","41.031","2497.4","False","False"
"2026-08-06T11:23:11.6742126+08:00","21692","True","41.047","2497.4","False","False"
"2026-08-06T11:23:11.7695758+08:00","21692","True","41.062","2497.4","False","False"
"2026-08-06T11:23:11.8763354+08:00","21692","True","41.078","2497.4","False","False"
"2026-08-06T11:23:11.9861278+08:00","21692","True","41.078","2497.4","False","False"
"2026-08-06T11:23:12.0781529+08:00","21692","True","41.078","2497.3","False","False"
"2026-08-06T11:23:12.1871124+08:00","21692","True","41.094","2497.3","False","False"
"2026-08-06T11:23:12.2799348+08:00","21692","True","41.094","2497.3","False","False"
"2026-08-06T11:23:12.3749819+08:00","21692","True","41.094","2497.3","False","False"
"2026-08-06T11:23:12.4847074+08:00","21692","True","41.094","2497.3","False","False"
"2026-08-06T11:23:12.5778388+08:00","21692","True","41.109","2497.3","False","False"
"2026-08-06T11:23:12.6874369+08:00","21692","True","41.125","2497.3","False","False"
"2026-08-06T11:23:12.7787044+08:00","21692","True","41.172","2497.3","False","False"
"2026-08-06T11:23:12.8869065+08:00","21692","True","41.172","2497.3","False","False"
"2026-08-06T11:23:12.9806507+08:00","21692","True","41.203","2497.3","False","False"
"2026-08-06T11:23:13.0733213+08:00","21692","True","41.234","2497.3","False","False"
"2026-08-06T11:23:13.1679756+08:00","21692","True","41.234","2497.3","False","False"
"2026-08-06T11:23:13.2782253+08:00","21692","True","41.328","2562.9","False","False"
"2026-08-06T11:23:13.3706767+08:00","21692","True","41.469","2562.9","False","False"
"2026-08-06T11:23:13.4816150+08:00","21692","True","41.656","2563","False","False"
"2026-08-06T11:23:13.5749882+08:00","21692","True","41.766","2563","False","False"
"2026-08-06T11:23:13.6692630+08:00","21692","True","41.828","2563","False","False"
"2026-08-06T11:23:13.7768303+08:00","21692","True","41.891","2563","False","False"
"2026-08-06T11:23:13.8703319+08:00","21692","True","42.016","2563","False","False"
"2026-08-06T11:23:13.9772151+08:00","21692","True","42.062","2563","False","False"
"2026-08-06T11:23:14.0710308+08:00","21692","True","42.078","2563","False","False"
"2026-08-06T11:23:14.1780320+08:00","21692","True","42.094","2563","False","False"
"2026-08-06T11:23:14.2718001+08:00","21692","True","42.156","2559.1","False","False"
"2026-08-06T11:23:14.3799951+08:00","21692","True","42.156","2559.2","False","False"
"2026-08-06T11:23:14.4749674+08:00","21692","True","42.234","2559.1","False","False"
"2026-08-06T11:23:14.5693172+08:00","21692","True","42.375","2561","False","False"
"2026-08-06T11:23:14.6783436+08:00","21692","True","42.547","2562.9","False","False"
"2026-08-06T11:23:14.7708343+08:00","21692","True","42.578","2562.9","False","False"
"2026-08-06T11:23:14.8801215+08:00","21692","True","42.609","2562.9","False","False"
"2026-08-06T11:23:14.9739708+08:00","21692","True","42.625","2562.9","False","False"
"2026-08-06T11:23:15.0662520+08:00","21692","True","42.641","2562.9","False","False"
"2026-08-06T11:23:15.1744751+08:00","21692","True","42.641","2562.9","False","False"
"2026-08-06T11:23:15.2690600+08:00","21692","True","42.672","2562.9","False","False"
"2026-08-06T11:23:15.3790276+08:00","21692","True","42.781","2562.9","False","False"
"2026-08-06T11:23:15.4739539+08:00","21692","True","42.781","2562.9","False","False"
"2026-08-06T11:23:15.5677983+08:00","21692","True","42.859","2562.9","False","False"
"2026-08-06T11:23:15.6772329+08:00","21692","True","42.969","2562.9","False","False"
"2026-08-06T11:23:15.7702094+08:00","21692","True","42.969","2562.9","False","False"
"2026-08-06T11:23:15.8791119+08:00","21692","True","42.984","2559.1","False","False"
"2026-08-06T11:23:15.9730118+08:00","21692","True","43.109","2559.1","False","False"
"2026-08-06T11:23:16.0679276+08:00","21692","True","43.125","2559.1","False","False"
"2026-08-06T11:23:16.1769422+08:00","21692","True","43.172","2559","False","False"
"2026-08-06T11:23:16.2721492+08:00","21692","True","43.297","2562.9","False","False"
"2026-08-06T11:23:16.3652719+08:00","21692","True","43.297","2562.9","False","False"
"2026-08-06T11:23:16.4756158+08:00","21692","True","43.375","2562.9","False","False"
"2026-08-06T11:23:16.5698220+08:00","21692","True","43.562","2562.9","False","False"
"2026-08-06T11:23:16.6804679+08:00","21692","True","43.703","2562.9","False","False"
"2026-08-06T11:23:16.7726207+08:00","21692","True","43.828","2561.1","False","False"
"2026-08-06T11:23:16.8658112+08:00","21692","True","44.047","2563.9","False","False"
"2026-08-06T11:23:16.9763263+08:00","21692","True","44.125","2563.9","False","False"
"2026-08-06T11:23:17.0699547+08:00","21692","True","44.172","2564.2","False","False"
"2026-08-06T11:23:17.1773411+08:00","21692","True","44.188","2564.2","False","False"
"2026-08-06T11:23:17.2712408+08:00","21692","True","44.188","2564.2","False","False"
"2026-08-06T11:23:17.3809919+08:00","21692","True","44.281","2564.2","False","False"
"2026-08-06T11:23:17.4719822+08:00","21692","True","44.312","2564.2","False","False"
"2026-08-06T11:23:17.5799993+08:00","21692","True","44.328","2564.2","False","False"
"2026-08-06T11:23:17.6881066+08:00","21692","True","44.328","2564.2","False","False"
"2026-08-06T11:23:17.7800965+08:00","21692","True","44.344","2564.2","False","False"
"2026-08-06T11:23:17.8731001+08:00","21692","True","44.406","2564.2","False","False"
"2026-08-06T11:23:17.9828676+08:00","21692","True","44.438","2564.2","False","False"
"2026-08-06T11:23:18.0780284+08:00","21692","True","44.438","2564.2","False","False"
"2026-08-06T11:23:18.1880239+08:00","21692","True","44.469","2564.2","False","False"
"2026-08-06T11:23:18.2820589+08:00","21692","True","44.469","2564.2","False","False"
"2026-08-06T11:23:18.3763269+08:00","21692","True","44.469","2564.2","False","False"
"2026-08-06T11:23:18.4857410+08:00","21692","True","44.562","2559.4","False","False"
"2026-08-06T11:23:18.5788149+08:00","21692","True","44.797","2563.3","False","False"
"2026-08-06T11:23:18.6886812+08:00","21692","True","45.062","2563.3","False","False"
"2026-08-06T11:23:18.7835458+08:00","21692","True","45.25","2563.3","False","False"
"2026-08-06T11:23:18.8747100+08:00","21692","True","45.312","2566.4","False","False"
"2026-08-06T11:23:18.9836344+08:00","21692","True","45.328","2566.4","False","False"
"2026-08-06T11:23:19.0777095+08:00","21692","True","45.328","2566.4","False","False"
"2026-08-06T11:23:19.1876563+08:00","21692","True","45.359","2566.4","False","False"
"2026-08-06T11:23:19.2812288+08:00","21692","True","45.422","2566.4","False","False"
"2026-08-06T11:23:19.3754465+08:00","21692","True","45.422","2566.4","False","False"
"2026-08-06T11:23:19.4848173+08:00","21692","True","45.516","2563.3","False","False"
"2026-08-06T11:23:19.5784991+08:00","21692","True","45.609","2565.3","False","False"
"2026-08-06T11:23:19.6702112+08:00","21692","True","45.672","2565.3","False","False"
"2026-08-06T11:23:19.7785762+08:00","21692","True","45.703","2565.3","False","False"
"2026-08-06T11:23:19.8722246+08:00","21692","True","45.875","2565.3","False","False"
"2026-08-06T11:23:19.9820022+08:00","21692","True","46.031","2565.3","False","False"
"2026-08-06T11:23:20.0757275+08:00","21692","True","46.125","2567.3","False","False"
"2026-08-06T11:23:20.1699640+08:00","21692","True","46.156","2567.3","False","False"
"2026-08-06T11:23:20.2785653+08:00","21692","True","46.25","2567.3","False","False"
"2026-08-06T11:23:20.3868750+08:00","21692","True","46.266","2567.3","False","False"
"2026-08-06T11:23:20.4662584+08:00","21692","True","46.281","2565.3","False","False"
"2026-08-06T11:23:20.5754808+08:00","21692","True","46.469","2565.3","False","False"
"2026-08-06T11:23:20.6838858+08:00","21692","True","46.609","2565.3","False","False"
"2026-08-06T11:23:20.7774186+08:00","21692","True","46.844","2565.8","False","False"
"2026-08-06T11:23:20.8711849+08:00","21692","True","47.062","2566","False","False"
"2026-08-06T11:23:20.9806848+08:00","21692","True","47.188","2566","False","False"
"2026-08-06T11:23:21.0749180+08:00","21692","True","47.312","2569","False","False"
"2026-08-06T11:23:21.1709683+08:00","21692","True","47.312","2569","False","False"
"2026-08-06T11:23:21.2801873+08:00","21692","True","47.359","2569","False","False"
"2026-08-06T11:23:21.3877196+08:00","21692","True","47.359","2569","False","False"
"2026-08-06T11:23:21.4811171+08:00","21692","True","47.406","2569","False","False"
"2026-08-06T11:23:21.5755299+08:00","21692","True","47.438","2569","False","False"
"2026-08-06T11:23:21.6844590+08:00","21692","True","47.469","2569","False","False"
"2026-08-06T11:23:21.7783945+08:00","21692","True","47.484","2569","False","False"
"2026-08-06T11:23:21.8711098+08:00","21692","True","47.5","2569","False","False"
"2026-08-06T11:23:21.9796331+08:00","21692","True","47.594","2569","False","False"
"2026-08-06T11:23:22.0713853+08:00","21692","True","47.594","2569","False","False"
"2026-08-06T11:23:22.1650750+08:00","21692","True","47.594","2569","False","False"
"2026-08-06T11:23:22.2760566+08:00","21692","True","47.609","2569","False","False"
"2026-08-06T11:23:22.3691258+08:00","21692","True","47.609","2569","False","False"
"2026-08-06T11:23:22.4765771+08:00","21692","True","47.609","2569","False","False"
"2026-08-06T11:23:22.5689268+08:00","21692","True","47.609","2569","False","False"
"2026-08-06T11:23:22.6786891+08:00","21692","True","47.641","2569","False","False"
"2026-08-06T11:23:22.7735862+08:00","21692","True","47.641","2569","False","False"
"2026-08-06T11:23:22.8677130+08:00","21692","True","47.641","2569","False","False"
"2026-08-06T11:23:22.9768883+08:00","21692","True","47.688","2569.1","False","False"
"2026-08-06T11:23:23.0726906+08:00","21692","True","47.688","2569.1","False","False"
"2026-08-06T11:23:23.1667259+08:00","21692","True","47.781","2569.1","False","False"
"2026-08-06T11:23:23.2746897+08:00","21692","True","47.781","2567.4","False","False"
"2026-08-06T11:23:23.3679978+08:00","21692","True","47.797","2567.4","False","False"
"2026-08-06T11:23:23.4766659+08:00","21692","True","47.797","2567.4","False","False"
"2026-08-06T11:23:23.5701679+08:00","21692","True","47.797","2567.4","False","False"
"2026-08-06T11:23:23.6784304+08:00","21692","True","47.797","2567.4","False","False"
"2026-08-06T11:23:23.7705398+08:00","21692","True","47.797","2567.4","False","False"
"2026-08-06T11:23:23.8789971+08:00","21692","True","47.797","2567.4","False","False"
"2026-08-06T11:23:23.9743536+08:00","21692","True","47.797","2567.4","False","False"
"2026-08-06T11:23:24.0678595+08:00","21692","True","47.797","2567.4","False","False"
"2026-08-06T11:23:24.1770025+08:00","21692","True","47.797","2567.4","False","False"
"2026-08-06T11:23:24.2709786+08:00","21692","True","47.797","2567.4","False","False"
"2026-08-06T11:23:24.3802694+08:00","21692","True","47.812","2567.4","False","False"
"2026-08-06T11:23:24.4749093+08:00","21692","True","47.812","2567.4","False","False"
"2026-08-06T11:23:24.5689658+08:00","21692","True","47.812","2567.4","False","False"
"2026-08-06T11:23:24.6772029+08:00","21692","True","47.812","2567.4","False","False"
"2026-08-06T11:23:24.7702427+08:00","21692","True","47.828","2567.4","False","False"
"2026-08-06T11:23:24.8778926+08:00","21692","True","47.828","2567.4","False","False"
"2026-08-06T11:23:24.9871415+08:00","21692","True","47.906","2567.4","False","False"
"2026-08-06T11:23:25.0653962+08:00","21692","True","47.906","2567.4","False","False"
"2026-08-06T11:23:25.1756574+08:00","21692","True","47.906","2567.4","False","False"
"2026-08-06T11:23:25.2696113+08:00","21692","True","47.906","2567.4","False","False"
"2026-08-06T11:23:25.3786192+08:00","21692","True","47.906","2567.4","False","False"
"2026-08-06T11:23:25.4734236+08:00","21692","True","47.906","2567.4","False","False"
"2026-08-06T11:23:25.5677427+08:00","21692","True","47.922","2567.4","False","False"
"2026-08-06T11:23:25.6765919+08:00","21692","True","47.922","2567.4","False","False"
"2026-08-06T11:23:25.7838171+08:00","21692","True","47.922","2567.4","False","False"
"2026-08-06T11:23:25.8779955+08:00","21692","True","47.922","2567.4","False","False"
"2026-08-06T11:23:25.9721078+08:00","21692","True","47.922","2567.4","False","False"
"2026-08-06T11:23:26.0666624+08:00","21692","True","47.922","2567.4","False","False"
"2026-08-06T11:23:26.1761861+08:00","21692","True","47.922","2567.4","False","False"
"2026-08-06T11:23:26.2702480+08:00","21692","True","47.922","2567.4","False","False"
"2026-08-06T11:23:26.3804149+08:00","21692","True","47.922","2503.7","False","False"
"2026-08-06T11:23:26.4728469+08:00","21692","True","47.922","2503.7","False","False"
"2026-08-06T11:23:26.5680447+08:00","21692","True","47.922","2503.7","False","False"
"2026-08-06T11:23:26.6778046+08:00","21692","True","47.922","2503.7","False","False"
"2026-08-06T11:23:26.7719670+08:00","21692","True","47.922","2503.7","False","False"
"2026-08-06T11:23:26.8812771+08:00","21692","True","47.922","2503.7","False","False"
"2026-08-06T11:23:26.9748655+08:00","21692","True","47.984","2503.7","False","False"
"2026-08-06T11:23:27.0688154+08:00","21692","True","48.031","2503.7","False","False"
"2026-08-06T11:23:27.1793884+08:00","21692","True","48.031","2503.7","False","False"
"2026-08-06T11:23:27.2718728+08:00","21692","True","48.031","2503.7","False","False"
"2026-08-06T11:23:27.3658220+08:00","21692","True","48.031","2503.7","False","False"
"2026-08-06T11:23:27.4748479+08:00","21692","True","48.031","2503.7","False","False"
"2026-08-06T11:23:27.5689839+08:00","21692","True","48.031","2503.7","False","False"
"2026-08-06T11:23:27.6776723+08:00","21692","True","48.031","2503.7","False","False"
"2026-08-06T11:23:27.7716701+08:00","21692","True","48.031","2503.7","False","False"
"2026-08-06T11:23:27.8802609+08:00","21692","True","48.031","2503.7","False","False"
"2026-08-06T11:23:27.9734291+08:00","21692","True","48.031","2503.7","False","False"
"2026-08-06T11:23:28.0672888+08:00","21692","True","48.031","2503.7","False","False"
"2026-08-06T11:23:28.1768818+08:00","21692","True","48.031","2503.7","False","False"
"2026-08-06T11:23:28.2693363+08:00","21692","True","48.031","2503.7","False","False"
"2026-08-06T11:23:28.3778839+08:00","21692","True","48.031","2503.7","False","False"
"2026-08-06T11:23:28.4724406+08:00","21692","True","48.031","2503.7","False","False"
"2026-08-06T11:23:28.5656037+08:00","21692","True","48.031","2503.7","False","False"
"2026-08-06T11:23:28.6756594+08:00","21692","True","48.031","2503.7","False","False"
"2026-08-06T11:23:28.7691229+08:00","21692","True","48.078","2503.7","False","False"
"2026-08-06T11:23:28.8766345+08:00","21692","True","48.078","2503.7","False","False"
"2026-08-06T11:23:28.9853711+08:00","21692","True","48.078","2503.7","False","False"
"2026-08-06T11:23:29.0790034+08:00","21692","True","48.078","2503.7","False","False"
"2026-08-06T11:23:29.1866103+08:00","21692","True","48.078","2503.7","False","False"
"2026-08-06T11:23:29.2805843+08:00","21692","True","48.078","2503.6","False","False"
"2026-08-06T11:23:29.3902209+08:00","21692","True","48.156","2503.5","False","False"
"2026-08-06T11:23:29.4829970+08:00","21692","True","48.172","2503.5","False","False"
"2026-08-06T11:23:29.5769552+08:00","21692","True","48.172","2503.5","False","False"
"2026-08-06T11:23:29.6848267+08:00","21692","True","48.172","2503.4","False","False"
"2026-08-06T11:23:29.7781299+08:00","21692","True","48.172","2503.4","False","False"
"2026-08-06T11:23:29.8715631+08:00","21692","True","48.172","2503.4","False","False"
"2026-08-06T11:23:29.9795771+08:00","21692","True","48.172","2503.4","False","False"
"2026-08-06T11:23:30.0737575+08:00","21692","True","48.172","2503.4","False","False"
"2026-08-06T11:23:30.1675893+08:00","21692","True","48.172","2503.4","False","False"
"2026-08-06T11:23:30.2763901+08:00","21692","True","48.172","2503.4","False","False"
"2026-08-06T11:23:30.3688697+08:00","21692","True","48.172","2503.4","False","False"
"2026-08-06T11:23:30.4763328+08:00","21692","True","48.172","2503.4","False","False"
"2026-08-06T11:23:30.5686899+08:00","21692","True","48.172","2503.4","False","False"
"2026-08-06T11:23:30.6767851+08:00","21692","True","48.172","2503.4","False","False"
"2026-08-06T11:23:30.7696952+08:00","21692","True","48.219","2503.4","False","False"
"2026-08-06T11:23:30.8804407+08:00","21692","True","48.281","2503.4","False","False"
"2026-08-06T11:23:30.9727663+08:00","21692","True","48.344","2503.3","False","False"
"2026-08-06T11:23:31.0812131+08:00","21692","True","48.344","2503.3","False","False"
"2026-08-06T11:23:31.1735736+08:00","21692","True","48.344","2503.3","False","False"
"2026-08-06T11:23:31.2816030+08:00","21692","True","48.344","2503.3","False","False"
"2026-08-06T11:23:31.3749282+08:00","21692","True","48.406","2503.3","False","False"
"2026-08-06T11:23:31.4837049+08:00","21692","True","48.438","2503.3","False","False"
"2026-08-06T11:23:31.5800348+08:00","21692","True","48.438","2503.3","False","False"
"2026-08-06T11:23:31.6880294+08:00","21692","True","48.5","2503.3","False","False"
"2026-08-06T11:23:31.7793580+08:00","21692","True","48.5","2503.3","False","False"
"2026-08-06T11:23:31.8888231+08:00","21692","True","48.516","2503.3","False","False"
"2026-08-06T11:23:31.9825674+08:00","21692","True","48.516","2503.3","False","False"
"2026-08-06T11:23:32.0754690+08:00","21692","True","48.516","2503.3","False","False"
"2026-08-06T11:23:32.1846482+08:00","21692","True","48.547","2503.3","False","False"
"2026-08-06T11:23:32.2789782+08:00","21692","True","48.547","2503.3","False","False"
"2026-08-06T11:23:32.3872472+08:00","21692","True","48.547","2503.3","False","False"
"2026-08-06T11:23:32.4827572+08:00","21692","True","48.594","2503.3","False","False"
"2026-08-06T11:23:32.5749329+08:00","21692","True","48.594","2503.3","False","False"
"2026-08-06T11:23:32.6687290+08:00","21692","True","48.656","2503.3","False","False"
"2026-08-06T11:23:32.7768148+08:00","21692","True","48.656","2503.3","False","False"
"2026-08-06T11:23:32.8692717+08:00","21692","True","48.656","2503.3","False","False"
"2026-08-06T11:23:32.9786156+08:00","21692","True","48.672","2503.3","False","False"
"2026-08-06T11:23:33.0713559+08:00","21692","True","48.672","2503.3","False","False"
"2026-08-06T11:23:33.1657798+08:00","21692","True","48.688","2503.3","False","False"
"2026-08-06T11:23:33.2751917+08:00","21692","True","48.688","2503.3","False","False"
"2026-08-06T11:23:33.3677663+08:00","21692","True","48.734","2503.3","False","False"
"2026-08-06T11:23:33.4766676+08:00","21692","True","48.75","2503.3","False","False"
"2026-08-06T11:23:33.5707074+08:00","21692","True","48.75","2503.3","False","False"
"2026-08-06T11:23:33.6800252+08:00","21692","True","48.75","2503.3","False","False"
"2026-08-06T11:23:33.7725847+08:00","21692","True","48.75","2503.3","False","False"
"2026-08-06T11:23:33.8666819+08:00","21692","True","48.75","2503.3","False","False"
"2026-08-06T11:23:33.9749700+08:00","21692","True","48.75","2503.3","False","False"
"2026-08-06T11:23:34.0676667+08:00","21692","True","48.75","2503.3","False","False"
"2026-08-06T11:23:34.1776115+08:00","21692","True","48.766","2503.3","False","False"
"2026-08-06T11:23:34.2700997+08:00","21692","True","48.766","2503.3","False","False"
"2026-08-06T11:23:34.3803588+08:00","21692","True","48.766","2503.3","False","False"
"2026-08-06T11:23:34.4743792+08:00","21692","True","48.781","2503.3","False","False"
"2026-08-06T11:23:34.5681212+08:00","21692","True","48.812","2503.3","False","False"
"2026-08-06T11:23:34.6765805+08:00","21692","True","48.812","2503.3","False","False"
"2026-08-06T11:23:34.7696516+08:00","21692","True","48.812","2503.3","False","False"
"2026-08-06T11:23:34.8775478+08:00","21692","True","48.844","2503.3","False","False"
"2026-08-06T11:23:34.9723863+08:00","21692","True","48.844","2503.3","False","False"
"2026-08-06T11:23:35.0795621+08:00","21692","True","48.844","2503.3","False","False"
"2026-08-06T11:23:35.1744982+08:00","21692","True","48.844","2503.3","False","False"
"2026-08-06T11:23:35.2832814+08:00","21692","True","48.859","2503.3","False","False"
"2026-08-06T11:23:35.3768074+08:00","21692","True","48.859","2503.3","False","False"
"2026-08-06T11:23:35.4867624+08:00","21692","True","48.859","2503.3","False","False"
"2026-08-06T11:23:35.5666034+08:00","21692","True","48.859","2503.3","False","False"
"2026-08-06T11:23:35.6775326+08:00","21692","True","48.859","2503.3","False","False"
"2026-08-06T11:23:35.7710316+08:00","21692","True","48.859","2503.3","False","False"
"2026-08-06T11:23:35.8787058+08:00","21692","True","48.938","2503.3","False","False"
"2026-08-06T11:23:35.9733938+08:00","21692","True","48.938","2503.3","False","False"
"2026-08-06T11:23:36.0684451+08:00","21692","True","48.938","2503.3","False","False"
"2026-08-06T11:23:36.1781473+08:00","21692","True","48.969","2503.3","False","False"
"2026-08-06T11:23:36.2723244+08:00","21692","True","48.984","2503.3","False","False"
"2026-08-06T11:23:36.3672179+08:00","21692","True","48.984","2503.3","False","False"
"2026-08-06T11:23:36.4767851+08:00","21692","True","48.984","2503.3","False","False"
"2026-08-06T11:23:36.5698811+08:00","21692","True","48.984","2503.3","False","False"
"2026-08-06T11:23:36.6784812+08:00","21692","True","49.094","2503.3","False","False"
"2026-08-06T11:23:36.7711342+08:00","21692","True","49.094","2503.3","False","False"
"2026-08-06T11:23:36.8796865+08:00","21692","True","49.094","2503.3","False","False"
"2026-08-06T11:23:36.9714963+08:00","21692","True","49.094","2503.3","False","False"
"2026-08-06T11:23:37.0656243+08:00","21692","True","49.094","2503.3","False","False"
"2026-08-06T11:23:37.1758382+08:00","21692","True","49.094","2503.3","False","False"
"2026-08-06T11:23:37.2699606+08:00","21692","True","49.094","2503.3","False","False"
"2026-08-06T11:23:37.3788355+08:00","21692","True","49.094","2503.3","False","False"
"2026-08-06T11:23:37.4722135+08:00","21692","True","49.156","2503.3","False","False"
"2026-08-06T11:23:37.5794013+08:00","21692","True","49.156","2503.3","False","False"
"2026-08-06T11:23:37.6730542+08:00","21692","True","49.156","2503.3","False","False"
"2026-08-06T11:23:37.7826282+08:00","21692","True","49.156","2503.3","False","False"
"2026-08-06T11:23:37.8756278+08:00","21692","True","49.156","2503.3","False","False"
"2026-08-06T11:23:37.9835928+08:00","21692","True","49.156","2503.3","False","False"
"2026-08-06T11:23:38.0762393+08:00","21692","True","49.172","2503.3","False","False"
"2026-08-06T11:23:38.1703246+08:00","21692","True","49.188","2503.3","False","False"
"2026-08-06T11:23:38.2785495+08:00","21692","True","49.188","2503.3","False","False"
"2026-08-06T11:23:38.3876705+08:00","21692","True","49.188","2503.3","False","False"
"2026-08-06T11:23:38.4830940+08:00","21692","True","49.188","2503.3","False","False"
"2026-08-06T11:23:38.5763273+08:00","21692","True","49.188","2503.3","False","False"
"2026-08-06T11:23:38.6843493+08:00","21692","True","49.188","2503.3","False","False"
"2026-08-06T11:23:38.7780704+08:00","21692","True","49.188","2503.3","False","False"
"2026-08-06T11:23:38.8835823+08:00","21692","True","49.25","2503.3","False","False"
"2026-08-06T11:23:38.9767518+08:00","21692","True","49.25","2503.3","False","False"
"2026-08-06T11:23:39.0719853+08:00","21692","True","49.25","2503.3","False","False"
"2026-08-06T11:23:39.1794514+08:00","21692","True","49.312","2503.3","False","False"
"2026-08-06T11:23:39.2705865+08:00","21692","True","49.312","2503.3","False","False"
"2026-08-06T11:23:39.3804294+08:00","21692","True","49.328","2503.3","False","False"
"2026-08-06T11:23:39.4760569+08:00","21692","True","49.328","2503.3","False","False"
"2026-08-06T11:23:39.5686177+08:00","21692","True","49.328","2503.3","False","False"
"2026-08-06T11:23:39.6794690+08:00","21692","True","49.328","2503.3","False","False"
"2026-08-06T11:23:39.7744930+08:00","21692","True","49.328","2503.3","False","False"
"2026-08-06T11:23:39.8681456+08:00","21692","True","49.328","2503.3","False","False"
"2026-08-06T11:23:39.9794277+08:00","21692","True","49.328","2503.3","False","False"
"2026-08-06T11:23:40.0733266+08:00","21692","True","49.328","2503.3","False","False"
"2026-08-06T11:23:40.1674298+08:00","21692","True","49.328","2503.3","False","False"
"2026-08-06T11:23:40.2790511+08:00","21692","True","49.359","2503.3","False","False"
"2026-08-06T11:23:40.3880153+08:00","21692","True","49.359","2503.3","False","False"
"2026-08-06T11:23:40.4824426+08:00","21692","True","49.359","2503.3","False","False"
"2026-08-06T11:23:40.5754374+08:00","21692","True","49.359","2503.3","False","False"
"2026-08-06T11:23:40.6855474+08:00","21692","True","49.359","2503.3","False","False"
"2026-08-06T11:23:40.7779829+08:00","21692","True","49.359","2503.3","False","False"
"2026-08-06T11:23:40.8722802+08:00","21692","True","49.375","2503.3","False","False"
"2026-08-06T11:23:40.9811886+08:00","21692","True","49.375","2503.3","False","False"
"2026-08-06T11:23:41.0753539+08:00","21692","True","49.375","2503.3","False","False"
"2026-08-06T11:23:41.1685111+08:00","21692","True","49.375","2503.3","False","False"
"2026-08-06T11:23:41.2807805+08:00","21692","True","49.453","2503.3","False","False"
"2026-08-06T11:23:41.3876722+08:00","21692","True","49.453","2503.3","False","False"
"2026-08-06T11:23:41.4818530+08:00","21692","True","49.469","2503.3","False","False"
"2026-08-06T11:23:41.5747870+08:00","21692","True","49.484","2503.3","False","False"
"2026-08-06T11:23:41.6842756+08:00","21692","True","49.484","2503.4","False","False"
"2026-08-06T11:23:41.7764378+08:00","21692","True","49.484","2503.4","False","False"
"2026-08-06T11:23:41.8692868+08:00","21692","True","49.484","2503.4","False","False"
"2026-08-06T11:23:41.9786440+08:00","21692","True","49.5","2503.4","False","False"
"2026-08-06T11:23:42.0743086+08:00","21692","True","49.5","2503.4","False","False"
"2026-08-06T11:23:42.1820604+08:00","21692","True","49.5","2503.4","False","False"
"2026-08-06T11:23:42.2771130+08:00","21692","True","49.5","2503.4","False","False"
"2026-08-06T11:23:42.3706011+08:00","21692","True","49.5","2503.4","False","False"
"2026-08-06T11:23:42.4793994+08:00","21692","True","49.5","2503.4","False","False"
"2026-08-06T11:23:42.5736258+08:00","21692","True","49.5","2503.4","False","False"
"2026-08-06T11:23:42.6673977+08:00","21692","True","49.5","2503.4","False","False"
"2026-08-06T11:23:42.7759727+08:00","21692","True","49.5","2503.4","False","False"
"2026-08-06T11:23:42.8711711+08:00","21692","True","49.516","2503.4","False","False"
"2026-08-06T11:23:42.9808858+08:00","21692","True","49.516","2503.4","False","False"
"2026-08-06T11:23:43.0744016+08:00","21692","True","49.516","2503.4","False","False"
"2026-08-06T11:23:43.1670233+08:00","21692","True","49.516","2503.4","False","False"
"2026-08-06T11:23:43.2757135+08:00","21692","True","49.547","2503.4","False","False"
"2026-08-06T11:23:43.3695140+08:00","21692","True","49.547","2503.4","False","False"
"2026-08-06T11:23:43.4790508+08:00","21692","True","49.547","2503.4","False","False"
"2026-08-06T11:23:43.5713501+08:00","21692","True","49.547","2503.4","False","False"
"2026-08-06T11:23:43.6652348+08:00","21692","True","49.547","2503.4","False","False"
"2026-08-06T11:23:43.7734471+08:00","21692","True","49.562","2503.4","False","False"
"2026-08-06T11:23:43.8673078+08:00","21692","True","49.562","2503.4","False","False"
"2026-08-06T11:23:43.9776020+08:00","21692","True","49.562","2503.4","False","False"
"2026-08-06T11:23:44.0709714+08:00","21692","True","49.656","2503.4","False","False"
"2026-08-06T11:23:44.1645225+08:00","21692","True","49.688","2503.4","False","False"
"2026-08-06T11:23:44.2738623+08:00","21692","True","49.703","2503.4","False","False"
"2026-08-06T11:23:44.3669606+08:00","21692","True","49.703","2503.4","False","False"
"2026-08-06T11:23:44.4761631+08:00","21692","True","49.703","2503.4","False","False"
"2026-08-06T11:23:44.5703360+08:00","21692","True","49.703","2503.4","False","False"
"2026-08-06T11:23:44.6793090+08:00","21692","True","49.703","2503.4","False","False"
"2026-08-06T11:23:44.7728335+08:00","21692","True","49.703","2503.4","False","False"
"2026-08-06T11:23:44.8675441+08:00","21692","True","49.703","2503.4","False","False"
"2026-08-06T11:23:44.9758057+08:00","21692","True","49.703","2503.4","False","False"
"2026-08-06T11:23:45.0693159+08:00","21692","True","49.703","2503.4","False","False"
"2026-08-06T11:23:45.1782720+08:00","21692","True","49.703","2503.4","False","False"
"2026-08-06T11:23:45.2725999+08:00","21692","True","49.703","2503.4","False","False"
"2026-08-06T11:23:45.3667039+08:00","21692","True","49.703","2503.4","False","False"
"2026-08-06T11:23:45.4763631+08:00","21692","True","49.703","2503.4","False","False"
"2026-08-06T11:23:45.5688551+08:00","21692","True","49.703","2503.4","False","False"
"2026-08-06T11:23:45.6784861+08:00","21692","True","49.703","2503.4","False","False"
"2026-08-06T11:23:45.7721240+08:00","21692","True","49.703","2503.4","False","False"
"2026-08-06T11:23:45.8790379+08:00","21692","True","49.719","2503.4","False","False"
"2026-08-06T11:23:45.9733786+08:00","21692","True","49.719","2503.4","False","False"
"2026-08-06T11:23:46.0671851+08:00","21692","True","49.719","2503.4","False","False"
"2026-08-06T11:23:46.1761429+08:00","21692","True","49.719","2503.4","False","False"
"2026-08-06T11:23:46.2694243+08:00","21692","True","49.719","2503.4","False","False"
"2026-08-06T11:23:46.3783908+08:00","21692","True","49.719","2503.4","False","False"
"2026-08-06T11:23:46.4724627+08:00","21692","True","49.719","2503.4","False","False"
"2026-08-06T11:23:46.5789375+08:00","21692","True","49.719","2503.4","False","False"
"2026-08-06T11:23:46.6891163+08:00","21692","True","49.719","2503.4","False","False"
"2026-08-06T11:23:46.7831368+08:00","21692","True","49.719","2503.4","False","False"
"2026-08-06T11:23:46.8771710+08:00","21692","True","49.734","2503.4","False","False"
"2026-08-06T11:23:46.9712020+08:00","21692","True","49.734","2503.4","False","False"
"2026-08-06T11:23:47.0803614+08:00","21692","True","49.734","2503.4","False","False"
"2026-08-06T11:23:47.1755566+08:00","21692","True","49.734","2503.4","False","False"
"2026-08-06T11:23:47.2701732+08:00","21692","True","49.734","2503.4","False","False"
"2026-08-06T11:23:47.3786283+08:00","21692","True","49.734","2503.4","False","False"
"2026-08-06T11:23:47.4720979+08:00","21692","True","49.75","2503.4","False","False"
"2026-08-06T11:23:47.5806931+08:00","21692","True","49.75","2503.4","False","False"
"2026-08-06T11:23:47.6750873+08:00","21692","True","49.75","2503.4","False","False"
"2026-08-06T11:23:47.7689597+08:00","21692","True","49.75","2503.4","False","False"
"2026-08-06T11:23:47.8780675+08:00","21692","True","49.75","2503.4","False","False"
"2026-08-06T11:23:47.9856959+08:00","21692","True","49.766","2503.4","False","False"
"2026-08-06T11:23:48.0791098+08:00","21692","True","49.766","2503.4","False","False"
"2026-08-06T11:23:48.1879958+08:00","21692","True","49.766","2503.4","False","False"
"2026-08-06T11:23:48.2825118+08:00","21692","True","49.766","2503.4","False","False"
"2026-08-06T11:23:48.3745610+08:00","21692","True","49.766","2503.4","False","False"
"2026-08-06T11:23:48.4840286+08:00","21692","True","49.766","2503.4","False","False"
"2026-08-06T11:23:48.5783287+08:00","21692","True","49.781","2503.4","False","False"
"2026-08-06T11:23:48.6884269+08:00","21692","True","49.781","2503.4","False","False"
"2026-08-06T11:23:48.7823401+08:00","21692","True","49.797","2503.4","False","False"
"2026-08-06T11:23:48.8740511+08:00","21692","True","49.797","2503.4","False","False"
"2026-08-06T11:23:48.9841350+08:00","21692","True","49.797","2503.4","False","False"
"2026-08-06T11:23:49.0773989+08:00","21692","True","49.797","2503.4","False","False"
"2026-08-06T11:23:49.1854975+08:00","21692","True","49.797","2503.4","False","False"
"2026-08-06T11:23:49.2790547+08:00","21692","True","49.812","2503.4","False","False"
"2026-08-06T11:23:49.3890386+08:00","21692","True","49.812","2503.4","False","False"
"2026-08-06T11:23:49.4835017+08:00","21692","True","49.828","2503.4","False","False"
"2026-08-06T11:23:49.5774951+08:00","21692","True","49.828","2503.4","False","False"
"2026-08-06T11:23:49.6856532+08:00","21692","True","49.828","2503.4","False","False"
"2026-08-06T11:23:49.7777083+08:00","21692","True","49.828","2503.4","False","False"
"2026-08-06T11:23:49.8706817+08:00","21692","True","49.828","2503.4","False","False"
"2026-08-06T11:23:49.9799117+08:00","21692","True","49.828","2503.4","False","False"
"2026-08-06T11:23:50.0736018+08:00","21692","True","49.828","2503.4","False","False"
"2026-08-06T11:23:50.1686168+08:00","21692","True","49.859","2503.4","False","False"
"2026-08-06T11:23:50.2763251+08:00","21692","True","49.859","2503.4","False","False"
"2026-08-06T11:23:50.3683620+08:00","21692","True","49.859","2503.4","False","False"
"2026-08-06T11:23:50.4772221+08:00","21692","True","49.859","2503.4","False","False"
"2026-08-06T11:23:50.5723690+08:00","21692","True","49.859","2503.4","False","False"
"2026-08-06T11:23:50.6655848+08:00","21692","True","49.859","2503.4","False","False"
"2026-08-06T11:23:50.7751777+08:00","21692","True","49.859","2503.4","False","False"
"2026-08-06T11:23:50.8690313+08:00","21692","True","49.938","2503.4","False","False"
"2026-08-06T11:23:50.9771388+08:00","21692","True","49.938","2503.4","False","False"
"2026-08-06T11:23:51.0718942+08:00","21692","True","49.938","2503.4","False","False"
"2026-08-06T11:23:51.1801529+08:00","21692","True","49.938","2503.4","False","False"
"2026-08-06T11:23:51.2744721+08:00","21692","True","49.938","2503.4","False","False"
"2026-08-06T11:23:51.3675292+08:00","21692","True","49.938","2503.4","False","False"
"2026-08-06T11:23:51.4771375+08:00","21692","True","49.938","2503.4","False","False"
"2026-08-06T11:23:51.5701557+08:00","21692","True","49.938","2503.4","False","False"
"2026-08-06T11:23:51.6783336+08:00","21692","True","49.938","2503.4","False","False"
"2026-08-06T11:23:51.7706799+08:00","21692","True","49.938","2503.4","False","False"
"2026-08-06T11:23:51.8655957+08:00","21692","True","49.938","2503.4","False","False"
"2026-08-06T11:23:51.9752819+08:00","21692","True","49.938","2503.4","False","False"
"2026-08-06T11:23:52.0705446+08:00","21692","True","49.938","2503.4","False","False"
"2026-08-06T11:23:52.1791691+08:00","21692","True","49.953","2503.4","False","False"
"2026-08-06T11:23:52.2746524+08:00","21692","True","49.969","2503.4","False","False"
"2026-08-06T11:23:52.3684015+08:00","21692","True","49.969","2503.4","False","False"
"2026-08-06T11:23:52.4781378+08:00","21692","True","49.969","2503.4","False","False"
"2026-08-06T11:23:52.5713024+08:00","21692","True","49.969","2503.4","False","False"
"2026-08-06T11:23:52.6814398+08:00","21692","True","49.969","2503.4","False","False"
"2026-08-06T11:23:52.7742957+08:00","21692","True","49.969","2503.4","False","False"
"2026-08-06T11:23:52.8685836+08:00","21692","True","50","2503.4","False","False"
"2026-08-06T11:23:52.9773324+08:00","21692","True","50","2503.4","False","False"
"2026-08-06T11:23:53.0715756+08:00","21692","True","50","2503.4","False","False"
"2026-08-06T11:23:53.1656759+08:00","21692","True","50","2503.4","False","False"
"2026-08-06T11:23:53.2741421+08:00","21692","True","50","2503.4","False","False"
"2026-08-06T11:23:53.3670262+08:00","21692","True","50.016","2503.4","False","False"
"2026-08-06T11:23:53.4753669+08:00","21692","True","50.016","2503.4","False","False"
"2026-08-06T11:23:53.5680440+08:00","21692","True","50.031","2503.4","False","False"
"2026-08-06T11:23:53.6778240+08:00","21692","True","50.031","2503.4","False","False"
"2026-08-06T11:23:53.7717347+08:00","21692","True","50.031","2503.4","False","False"
"2026-08-06T11:23:53.8656481+08:00","21692","True","50.031","2503.4","False","False"
"2026-08-06T11:23:53.9764176+08:00","21692","True","50.031","2503.4","False","False"
"2026-08-06T11:23:54.0690737+08:00","21692","True","50.031","2503.4","False","False"
"2026-08-06T11:23:54.1791390+08:00","21692","True","50.047","2503.4","False","False"
"2026-08-06T11:23:54.2731318+08:00","21692","True","50.047","2503.4","False","False"
"2026-08-06T11:23:54.3657754+08:00","21692","True","50.047","2503.4","False","False"
"2026-08-06T11:23:54.4752267+08:00","21692","True","50.047","2503.4","False","False"
"2026-08-06T11:23:54.5693434+08:00","21692","True","50.047","2503.4","False","False"
"2026-08-06T11:23:54.6794471+08:00","21692","True","50.047","2503.4","False","False"
"2026-08-06T11:23:54.7711695+08:00","21692","True","50.047","2503.4","False","False"
"2026-08-06T11:23:54.8790341+08:00","21692","True","50.094","2503.4","False","False"
"2026-08-06T11:23:54.9744117+08:00","21692","True","50.094","2503.4","False","False"
"2026-08-06T11:23:55.0681252+08:00","21692","True","50.094","2503.4","False","False"
"2026-08-06T11:23:55.1745593+08:00","21692","True","50.094","2503.4","False","False"
"2026-08-06T11:23:55.2702231+08:00","21692","True","50.094","2503.4","False","False"
"2026-08-06T11:23:55.3780586+08:00","21692","True","50.109","2503.4","False","False"
"2026-08-06T11:23:55.4721046+08:00","21692","True","50.109","2503.4","False","False"
"2026-08-06T11:23:55.5666298+08:00","21692","True","50.109","2503.4","False","False"
"2026-08-06T11:23:55.6735600+08:00","21692","True","50.109","2503.4","False","False"
"2026-08-06T11:23:55.7829496+08:00","21692","True","50.109","2503.4","False","False"
"2026-08-06T11:23:55.8768934+08:00","21692","True","50.109","2503.4","False","False"
"2026-08-06T11:23:55.9861770+08:00","21692","True","50.109","2503.4","False","False"
"2026-08-06T11:23:56.0796932+08:00","21692","True","50.109","2503.4","False","False"
"2026-08-06T11:23:56.1881287+08:00","21692","True","50.125","2503.4","False","False"
"2026-08-06T11:23:56.2816799+08:00","21692","True","50.125","2503.4","False","False"
"2026-08-06T11:23:56.3743207+08:00","21692","True","50.125","2503.4","False","False"
"2026-08-06T11:23:56.4824421+08:00","21692","True","50.125","2503.4","False","False"
"2026-08-06T11:23:56.5762624+08:00","21692","True","50.141","2503.4","False","False"
"2026-08-06T11:23:56.6843234+08:00","21692","True","50.141","2503.4","False","False"
"2026-08-06T11:23:56.7796032+08:00","21692","True","50.141","2503.4","False","False"
"2026-08-06T11:23:56.8882098+08:00","21692","True","50.156","2503.4","False","False"
"2026-08-06T11:23:56.9823178+08:00","21692","True","50.156","2503.4","False","False"
"2026-08-06T11:23:57.0764162+08:00","21692","True","50.156","2503.4","False","False"
"2026-08-06T11:23:57.1859610+08:00","21692","True","50.156","2503.4","False","False"
"2026-08-06T11:23:57.2797762+08:00","21692","True","50.172","2503.4","False","False"
"2026-08-06T11:23:57.3897349+08:00","21692","True","50.172","2503.4","False","False"
"2026-08-06T11:23:57.4834374+08:00","21692","True","50.172","2503.4","False","False"
"2026-08-06T11:23:57.5771661+08:00","21692","True","50.188","2503.4","False","False"
"2026-08-06T11:23:57.6874479+08:00","21692","True","50.188","2503.4","False","False"
"2026-08-06T11:23:57.7797023+08:00","21692","True","50.219","2503.4","False","False"
"2026-08-06T11:23:57.8881101+08:00","21692","True","50.219","2503.4","False","False"
"2026-08-06T11:23:57.9826679+08:00","21692","True","50.219","2503.4","False","False"
"2026-08-06T11:23:58.0751648+08:00","21692","True","50.219","2503.4","False","False"
"2026-08-06T11:23:58.1856488+08:00","21692","True","50.219","2503.4","False","False"
"2026-08-06T11:23:58.2798105+08:00","21692","True","50.25","2503.4","False","False"
"2026-08-06T11:23:58.3877334+08:00","21692","True","50.25","2503.4","False","False"
"2026-08-06T11:23:58.4656532+08:00","21692","True","50.25","2503.4","False","False"
"2026-08-06T11:23:58.5755355+08:00","21692","True","50.25","2503.4","False","False"
"2026-08-06T11:23:58.6841763+08:00","21692","True","50.25","2503.4","False","False"
"2026-08-06T11:23:58.7768904+08:00","21692","True","50.25","2503.4","False","False"
"2026-08-06T11:23:58.8700868+08:00","21692","True","50.266","2503.4","False","False"
"2026-08-06T11:23:58.9784029+08:00","21692","True","50.266","2503.4","False","False"
"2026-08-06T11:23:59.0714001+08:00","21692","True","50.328","2503.4","False","False"
"2026-08-06T11:23:59.1800031+08:00","21692","True","50.328","2503.4","False","False"
"2026-08-06T11:23:59.2739916+08:00","21692","True","50.328","2503.4","False","False"
"2026-08-06T11:23:59.3686210+08:00","21692","True","50.406","2503.4","False","False"
"2026-08-06T11:23:59.4769556+08:00","21692","True","50.406","2503.4","False","False"
"2026-08-06T11:23:59.5704165+08:00","21692","True","50.406","2503.4","False","False"
"2026-08-06T11:23:59.6795178+08:00","21692","True","50.406","2503.4","False","False"
"2026-08-06T11:23:59.7732644+08:00","21692","True","50.453","2503.4","False","False"
"2026-08-06T11:23:59.8671249+08:00","21692","True","50.453","2503.4","False","False"
"2026-08-06T11:23:59.9761851+08:00","21692","True","50.453","2503.4","False","False"
"2026-08-06T11:24:00.0691264+08:00","21692","True","50.453","2503.4","False","False"
"2026-08-06T11:24:00.1766013+08:00","21692","True","50.453","2503.4","False","False"
"2026-08-06T11:24:00.2695885+08:00","21692","True","50.453","2503.4","False","False"
"2026-08-06T11:24:00.3790443+08:00","21692","True","50.453","2503.4","False","False"
"2026-08-06T11:24:00.4731852+08:00","21692","True","50.453","2503.4","False","False"
"2026-08-06T11:24:00.5807553+08:00","21692","True","50.453","2503.4","False","False"
"2026-08-06T11:24:00.6742883+08:00","21692","True","50.453","2503.4","False","False"
"2026-08-06T11:24:00.7696789+08:00","21692","True","50.453","2503.4","False","False"
"2026-08-06T11:24:00.8776057+08:00","21692","True","50.5","2503.4","False","False"
"2026-08-06T11:24:00.9871958+08:00","21692","True","50.5","2503.4","False","False"
"2026-08-06T11:24:01.0806870+08:00","21692","True","50.516","2503.4","False","False"
"2026-08-06T11:24:01.1758720+08:00","21692","True","50.516","2503.4","False","False"
"2026-08-06T11:24:01.2698765+08:00","21692","True","50.516","2503.4","False","False"
"2026-08-06T11:24:01.3786349+08:00","21692","True","50.516","2503.4","False","False"
"2026-08-06T11:24:01.4724966+08:00","21692","True","50.516","2503.4","False","False"
"2026-08-06T11:24:01.5798242+08:00","21692","True","50.516","2503.4","False","False"
"2026-08-06T11:24:01.6748184+08:00","21692","True","50.562","2503.4","False","False"
"2026-08-06T11:24:01.7822147+08:00","21692","True","50.562","2503.4","False","False"
"2026-08-06T11:24:01.8757179+08:00","21692","True","50.562","2503.4","False","False"
"2026-08-06T11:24:01.9839781+08:00","21692","True","50.562","2503.4","False","False"
"2026-08-06T11:24:02.0778872+08:00","21692","True","50.562","2503.4","False","False"
"2026-08-06T11:24:02.1876603+08:00","21692","True","50.578","2503.4","False","False"
"2026-08-06T11:24:02.2814529+08:00","21692","True","50.656","2503.4","False","False"
"2026-08-06T11:24:02.3884158+08:00","21692","True","50.656","2503.4","False","False"
"2026-08-06T11:24:02.4820630+08:00","21692","True","50.656","2503.4","False","False"
"2026-08-06T11:24:02.5740245+08:00","21692","True","50.672","2503.4","False","False"
"2026-08-06T11:24:02.6675230+08:00","21692","True","50.688","2503.4","False","False"
"2026-08-06T11:24:02.7764976+08:00","21692","True","50.688","2503.4","False","False"
"2026-08-06T11:24:02.8687423+08:00","21692","True","50.719","2503.4","False","False"
"2026-08-06T11:24:02.9779892+08:00","21692","True","50.734","2503.4","False","False"
"2026-08-06T11:24:03.0717595+08:00","21692","True","50.828","2503.4","False","False"
"2026-08-06T11:24:03.1660031+08:00","21692","True","50.828","2503.4","False","False"
"2026-08-06T11:24:03.2759996+08:00","21692","True","50.828","2503.4","False","False"
"2026-08-06T11:24:03.3692696+08:00","21692","True","50.828","2503.4","False","False"
"2026-08-06T11:24:03.4791865+08:00","21692","True","50.828","2503.4","False","False"
"2026-08-06T11:24:03.5731964+08:00","21692","True","50.828","2503.4","False","False"
"2026-08-06T11:24:03.6662942+08:00","21692","True","50.844","2503.4","False","False"
"2026-08-06T11:24:03.7771939+08:00","21692","True","50.875","2503.4","False","False"
"2026-08-06T11:24:03.8717306+08:00","21692","True","50.891","2503.4","False","False"
"2026-08-06T11:24:03.9803256+08:00","21692","True","50.891","2503.4","False","False"
"2026-08-06T11:24:04.0730318+08:00","21692","True","50.984","2503.4","False","False"
"2026-08-06T11:24:04.1846535+08:00","21692","True","50.984","2503.4","False","False"
"2026-08-06T11:24:04.2748382+08:00","21692","True","50.984","2503.4","False","False"
"2026-08-06T11:24:04.3678989+08:00","21692","True","50.984","2503.4","False","False"
"2026-08-06T11:24:04.4766994+08:00","21692","True","50.984","2503.4","False","False"
"2026-08-06T11:24:04.5726037+08:00","21692","True","50.984","2503.4","False","False"
"2026-08-06T11:24:04.6666910+08:00","21692","True","50.984","2503.4","False","False"
"2026-08-06T11:24:04.7747248+08:00","21692","True","51.031","2503.4","False","False"
"2026-08-06T11:24:04.8672242+08:00","21692","True","51.031","2503.4","False","False"
"2026-08-06T11:24:04.9771605+08:00","21692","True","51.031","2503.4","False","False"
"2026-08-06T11:24:05.0702866+08:00","21692","True","51.031","2503.4","False","False"
"2026-08-06T11:24:05.1782243+08:00","21692","True","51.078","2503.4","False","False"
"2026-08-06T11:24:05.2711172+08:00","21692","True","51.078","2503.4","False","False"
"2026-08-06T11:24:05.3800657+08:00","21692","True","51.172","2503.4","False","False"
"2026-08-06T11:24:05.4751162+08:00","21692","True","51.172","2503.4","False","False"
"2026-08-06T11:24:05.5688936+08:00","21692","True","51.172","2503.4","False","False"
"2026-08-06T11:24:05.6776886+08:00","21692","True","51.172","2503.4","False","False"
"2026-08-06T11:24:05.7726393+08:00","21692","True","51.172","2503.4","False","False"
"2026-08-06T11:24:05.8797085+08:00","21692","True","51.172","2503.4","False","False"
"2026-08-06T11:24:05.9736218+08:00","21692","True","51.188","2503.4","False","False"
"2026-08-06T11:24:06.0679312+08:00","21692","True","51.188","2503.4","False","False"
"2026-08-06T11:24:06.1769207+08:00","21692","True","51.25","2503.4","False","False"
"2026-08-06T11:24:06.2696049+08:00","21692","True","51.25","2503.4","False","False"
"2026-08-06T11:24:06.3786892+08:00","21692","True","51.25","2503.4","False","False"
"2026-08-06T11:24:06.4720786+08:00","21692","True","51.25","2503.4","False","False"
"2026-08-06T11:24:06.5798852+08:00","21692","True","51.25","2503.4","False","False"
"2026-08-06T11:24:06.6718814+08:00","21692","True","51.25","2503.4","False","False"
"2026-08-06T11:24:06.7795046+08:00","21692","True","51.25","2503.4","False","False"
"2026-08-06T11:24:06.8909470+08:00","21692","True","51.25","2503.4","False","False"
"2026-08-06T11:24:06.9851479+08:00","21692","True","51.25","2503.4","False","False"
"2026-08-06T11:24:07.0780160+08:00","21692","True","51.25","2503.4","False","False"
"2026-08-06T11:24:07.1859055+08:00","21692","True","51.266","2503.4","False","False"
"2026-08-06T11:24:07.2791495+08:00","21692","True","51.266","2503.4","False","False"
"2026-08-06T11:24:07.3868870+08:00","21692","True","51.266","2503.4","False","False"
"2026-08-06T11:24:07.4802446+08:00","21692","True","51.266","2503.4","False","False"
"2026-08-06T11:24:07.5741798+08:00","21692","True","51.297","2503.4","False","False"
"2026-08-06T11:24:07.6808529+08:00","21692","True","51.312","2503.4","False","False"
"2026-08-06T11:24:07.7742927+08:00","21692","True","51.312","2503.4","False","False"
"2026-08-06T11:24:07.8678547+08:00","21692","True","51.312","2503.4","False","False"
"2026-08-06T11:24:07.9771469+08:00","21692","True","51.312","2503.4","False","False"
"2026-08-06T11:24:08.0717822+08:00","21692","True","51.312","2503.4","False","False"
"2026-08-06T11:24:08.1803826+08:00","21692","True","51.312","2503.4","False","False"
"2026-08-06T11:24:08.2727565+08:00","21692","True","51.312","2503.4","False","False"
"2026-08-06T11:24:08.3674126+08:00","21692","True","51.406","2503.4","False","False"
"2026-08-06T11:24:08.4767016+08:00","21692","True","51.406","2503.4","False","False"
"2026-08-06T11:24:08.5707165+08:00","21692","True","51.406","2503.4","False","False"
"2026-08-06T11:24:08.6791093+08:00","21692","True","51.406","2503.4","False","False"
"2026-08-06T11:24:08.7735465+08:00","21692","True","51.453","2503.4","False","False"
"2026-08-06T11:24:08.8661929+08:00","21692","True","51.453","2503.4","False","False"
"2026-08-06T11:24:08.9756915+08:00","21692","True","51.453","2503.4","False","False"
"2026-08-06T11:24:09.0690251+08:00","21692","True","51.453","2503.4","False","False"
"2026-08-06T11:24:09.1765933+08:00","21692","True","51.453","2503.4","False","False"
"2026-08-06T11:24:09.2697972+08:00","21692","True","51.453","2503.4","False","False"
"2026-08-06T11:24:09.3788763+08:00","21692","True","51.453","2503.4","False","False"
"2026-08-06T11:24:09.4741178+08:00","21692","True","51.453","2503.4","False","False"
"2026-08-06T11:24:09.5683664+08:00","21692","True","51.453","2503.4","False","False"
"2026-08-06T11:24:09.6789142+08:00","21692","True","51.453","2503.4","False","False"
"2026-08-06T11:24:09.7722612+08:00","21692","True","51.453","2503.4","False","False"
"2026-08-06T11:24:09.8657453+08:00","21692","True","51.453","2503.4","False","False"
"2026-08-06T11:24:09.9763827+08:00","21692","True","51.469","2503.4","False","False"
"2026-08-06T11:24:10.0700713+08:00","21692","True","51.469","2503.4","False","False"
"2026-08-06T11:24:10.1804681+08:00","21692","True","51.531","2503.4","False","False"
"2026-08-06T11:24:10.2726637+08:00","21692","True","51.531","2503.4","False","False"
"2026-08-06T11:24:10.3658990+08:00","21692","True","51.531","2503.4","False","False"
"2026-08-06T11:24:10.4752942+08:00","21692","True","51.531","2503.4","False","False"
"2026-08-06T11:24:10.5677650+08:00","21692","True","51.531","2503.4","False","False"
"2026-08-06T11:24:10.6757792+08:00","21692","True","51.531","2503.4","False","False"
"2026-08-06T11:24:10.7832464+08:00","21692","True","51.531","2503.4","False","False"
"2026-08-06T11:24:10.8771220+08:00","21692","True","51.531","2503.4","False","False"
"2026-08-06T11:24:10.9720176+08:00","21692","True","51.531","2503.4","False","False"
"2026-08-06T11:24:11.0671304+08:00","21692","True","51.531","2503.4","False","False"
"2026-08-06T11:24:11.1755357+08:00","21692","True","51.531","2503.4","False","False"
"2026-08-06T11:24:11.2691389+08:00","21692","True","51.531","2503.4","False","False"
"2026-08-06T11:24:11.3768945+08:00","21692","True","51.531","2503.4","False","False"
"2026-08-06T11:24:11.4858740+08:00","21692","True","51.547","2503.4","False","False"
"2026-08-06T11:24:11.5796372+08:00","21692","True","51.547","2503.4","False","False"
"2026-08-06T11:24:11.6749769+08:00","21692","True","51.547","2503.4","False","False"
"2026-08-06T11:24:11.7828420+08:00","21692","True","51.547","2503.4","False","False"
"2026-08-06T11:24:11.8768289+08:00","21692","True","51.547","2503.4","False","False"
"2026-08-06T11:24:11.9712820+08:00","21692","True","51.562","2503.4","False","False"
"2026-08-06T11:24:12.0654969+08:00","21692","True","51.562","2503.4","False","False"
"2026-08-06T11:24:12.1745599+08:00","21692","True","51.562","2503.4","False","False"
"2026-08-06T11:24:12.2832891+08:00","21692","True","51.562","2503.4","False","False"
"2026-08-06T11:24:12.3767115+08:00","21692","True","51.562","2503.4","False","False"
"2026-08-06T11:24:12.4718079+08:00","21692","True","51.562","2503.4","False","False"
"2026-08-06T11:24:12.5659348+08:00","21692","True","51.562","2503.4","False","False"
"2026-08-06T11:24:12.6886531+08:00","21692","True","51.562","2503.4","False","False"
"2026-08-06T11:24:12.7830320+08:00","21692","True","51.562","2503.4","False","False"
"2026-08-06T11:24:12.8760203+08:00","21692","True","51.578","2503.4","False","False"
"2026-08-06T11:24:12.9837783+08:00","21692","True","51.578","2503.4","False","False"
"2026-08-06T11:24:13.0795249+08:00","21692","True","51.578","2503.4","False","False"
"2026-08-06T11:24:13.1881987+08:00","21692","True","51.578","2503.4","False","False"
"2026-08-06T11:24:13.2794119+08:00","21692","True","51.578","2503.4","False","False"
"2026-08-06T11:24:13.3885309+08:00","21692","True","51.578","2503.4","False","False"
"2026-08-06T11:24:13.4814846+08:00","21692","True","51.609","2503.4","False","False"
"2026-08-06T11:24:13.5752742+08:00","21692","True","51.609","2503.4","False","False"
"2026-08-06T11:24:13.6679137+08:00","21692","True","51.609","2503.4","False","False"
"2026-08-06T11:24:13.7774600+08:00","21692","True","51.641","2503.4","False","False"
"2026-08-06T11:24:13.8706726+08:00","21692","True","51.703","2503.4","False","False"
"2026-08-06T11:24:13.9807245+08:00","21692","True","51.75","2503.4","False","False"
"2026-08-06T11:24:14.0748454+08:00","21692","True","51.75","2503.4","False","False"
"2026-08-06T11:24:14.1849259+08:00","21692","True","51.75","2503.4","False","False"
"2026-08-06T11:24:14.2793345+08:00","21692","True","51.75","2503.4","False","False"
"2026-08-06T11:24:14.3890141+08:00","21692","True","51.75","2503.4","False","False"
"2026-08-06T11:24:14.4838448+08:00","21692","True","51.75","2503.4","False","False"
"2026-08-06T11:24:14.5794654+08:00","21692","True","51.75","2503.4","False","False"
"2026-08-06T11:24:14.6873108+08:00","21692","True","51.75","2503.4","False","False"
"2026-08-06T11:24:14.7808020+08:00","21692","True","51.75","2503.4","False","False"
"2026-08-06T11:24:14.8904836+08:00","21692","True","51.766","2503.4","False","False"
"2026-08-06T11:24:14.9836973+08:00","21692","True","51.766","2503.4","False","False"
"2026-08-06T11:24:15.0779243+08:00","21692","True","51.766","2503.4","False","False"
"2026-08-06T11:24:15.1877510+08:00","21692","True","51.766","2503.4","False","False"
"2026-08-06T11:24:15.2794610+08:00","21692","True","51.766","2503.4","False","False"
"2026-08-06T11:24:15.3896234+08:00","21692","True","51.766","2503.4","False","False"
"2026-08-06T11:24:15.4829498+08:00","21692","True","51.781","2503.4","False","False"
"2026-08-06T11:24:15.5770851+08:00","21692","True","51.781","2503.4","False","False"
"2026-08-06T11:24:15.6856455+08:00","21692","True","51.781","2503.4","False","False"
"2026-08-06T11:24:15.7792208+08:00","21692","True","51.812","2503.4","False","False"
"2026-08-06T11:24:15.8875423+08:00","21692","True","51.812","2503.4","False","False"
"2026-08-06T11:24:15.9798664+08:00","21692","True","51.812","2503.4","False","False"
"2026-08-06T11:24:16.0740282+08:00","21692","True","51.812","2503.4","False","False"
"2026-08-06T11:24:16.1674799+08:00","21692","True","51.828","2503.4","False","False"
"2026-08-06T11:24:16.2771434+08:00","21692","True","51.828","2503.4","False","False"
"2026-08-06T11:24:16.3726244+08:00","21692","True","51.828","2503.4","False","False"
"2026-08-06T11:24:16.4831644+08:00","21692","True","51.828","2503.4","False","False"
"2026-08-06T11:24:16.5768806+08:00","21692","True","51.828","2503.4","False","False"
"2026-08-06T11:24:16.6862553+08:00","21692","True","51.828","2503.4","False","False"
"2026-08-06T11:24:16.7801748+08:00","21692","True","51.828","2503.4","False","False"
"2026-08-06T11:24:16.8876818+08:00","21692","True","51.828","2503.4","False","False"
"2026-08-06T11:24:16.9814992+08:00","21692","True","51.828","2503.4","False","False"
"2026-08-06T11:24:17.0745239+08:00","21692","True","51.844","2503.4","False","False"
"2026-08-06T11:24:17.1677568+08:00","21692","True","51.844","2503.4","False","False"
"2026-08-06T11:24:17.2796074+08:00","21692","True","51.844","2503.4","False","False"
"2026-08-06T11:24:17.3906556+08:00","21692","True","51.844","2503.4","False","False"
"2026-08-06T11:24:17.4846166+08:00","21692","True","51.844","2503.4","False","False"
"2026-08-06T11:24:17.5785236+08:00","21692","True","51.844","2503.4","False","False"
"2026-08-06T11:24:17.6883436+08:00","21692","True","51.844","2503.4","False","False"
"2026-08-06T11:24:17.7823543+08:00","21692","True","51.844","2503.4","False","False"
"2026-08-06T11:24:17.8918590+08:00","21692","True","51.844","2503.4","False","False"
"2026-08-06T11:24:17.9862128+08:00","21692","True","51.844","2503.4","False","False"
"2026-08-06T11:24:18.0805685+08:00","21692","True","51.844","2503.4","False","False"
"2026-08-06T11:24:18.1746543+08:00","21692","True","51.844","2503.4","False","False"
"2026-08-06T11:24:18.2826710+08:00","21692","True","51.844","2503.4","False","False"
"2026-08-06T11:24:18.3774027+08:00","21692","True","51.844","2503.4","False","False"
"2026-08-06T11:24:18.4863159+08:00","21692","True","51.844","2503.4","False","False"
"2026-08-06T11:24:18.5789379+08:00","21692","True","51.844","2503.4","False","False"
"2026-08-06T11:24:18.6876898+08:00","21692","True","51.844","2503.4","False","False"
"2026-08-06T11:24:18.7825409+08:00","21692","True","51.844","2503.4","False","False"
"2026-08-06T11:24:18.8735317+08:00","21692","True","51.844","2503.4","False","False"
"2026-08-06T11:24:18.9836215+08:00","21692","True","51.844","2503.4","False","False"
"2026-08-06T11:24:19.0772737+08:00","21692","True","51.844","2503.4","False","False"
"2026-08-06T11:24:19.1862541+08:00","21692","True","51.844","2503.4","False","False"
"2026-08-06T11:24:19.2791435+08:00","21692","True","51.859","2503.4","False","False"
"2026-08-06T11:24:19.3891578+08:00","21692","True","51.859","2503.4","False","False"
"2026-08-06T11:24:19.4818922+08:00","21692","True","51.875","2503.4","False","False"
"2026-08-06T11:24:19.5753916+08:00","21692","True","51.891","2503.4","False","False"
"2026-08-06T11:24:19.6840357+08:00","21692","True","51.906","2503.4","False","False"
"2026-08-06T11:24:19.7772991+08:00","21692","True","51.906","2503.4","False","False"
"2026-08-06T11:24:19.8685724+08:00","21692","True","51.906","2503.4","False","False"
"2026-08-06T11:24:19.9775709+08:00","21692","True","51.906","2503.4","False","False"
"2026-08-06T11:24:20.0706663+08:00","21692","True","51.906","2503.4","False","False"
"2026-08-06T11:24:20.1792671+08:00","21692","True","51.969","2503.4","False","False"
"2026-08-06T11:24:20.2722632+08:00","21692","True","51.969","2503.4","False","False"
"2026-08-06T11:24:20.3805926+08:00","21692","True","51.984","2503.4","False","False"
"2026-08-06T11:24:20.4742120+08:00","21692","True","51.984","2503.4","False","False"
"2026-08-06T11:24:20.5673066+08:00","21692","True","51.984","2503.4","False","False"
"2026-08-06T11:24:20.6756635+08:00","21692","True","52","2503.4","False","False"
"2026-08-06T11:24:20.7692133+08:00","21692","True","52","2503.4","False","False"
"2026-08-06T11:24:20.8786299+08:00","21692","True","52.016","2503.4","False","False"
"2026-08-06T11:24:20.9721522+08:00","21692","True","52.016","2503.4","False","False"
"2026-08-06T11:24:21.0676014+08:00","21692","True","52.016","2503.4","False","False"
"2026-08-06T11:24:21.1780182+08:00","21692","True","52.031","2503.4","False","False"
"2026-08-06T11:24:21.2702984+08:00","21692","True","52.031","2503.4","False","False"
"2026-08-06T11:24:21.3793533+08:00","21692","True","52.047","2503.4","False","False"
"2026-08-06T11:24:21.4740478+08:00","21692","True","52.047","2503.4","False","False"
"2026-08-06T11:24:21.5685714+08:00","21692","True","52.047","2503.4","False","False"
"2026-08-06T11:24:21.6802860+08:00","21692","True","52.062","2503.4","False","False"
"2026-08-06T11:24:21.7756526+08:00","21692","True","52.062","2503.4","False","False"
"2026-08-06T11:24:21.8685415+08:00","21692","True","52.078","2503.4","False","False"
"2026-08-06T11:24:21.9763793+08:00","21692","True","52.078","2503.4","False","False"
"2026-08-06T11:24:22.0720338+08:00","21692","True","52.141","2503.4","False","False"
"2026-08-06T11:24:22.1810476+08:00","21692","True","52.141","2503.4","False","False"
"2026-08-06T11:24:22.2751809+08:00","21692","True","52.203","2503.4","False","False"
"2026-08-06T11:24:22.3684917+08:00","21692","True","52.203","2503.4","False","False"
"2026-08-06T11:24:22.4771739+08:00","21692","True","52.203","2503.4","False","False"
"2026-08-06T11:24:22.5710681+08:00","21692","True","52.203","2503.4","False","False"
"2026-08-06T11:24:22.6798725+08:00","21692","True","52.203","2503.4","False","False"
"2026-08-06T11:24:22.7730146+08:00","21692","True","52.203","2503.4","False","False"
"2026-08-06T11:24:22.8673072+08:00","21692","True","52.219","2503.4","False","False"
"2026-08-06T11:24:22.9753187+08:00","21692","True","52.219","2503.4","False","False"
"2026-08-06T11:24:23.0682703+08:00","21692","True","52.219","2503.4","False","False"
"2026-08-06T11:24:23.1771419+08:00","21692","True","52.219","2503.4","False","False"
"2026-08-06T11:24:23.2693259+08:00","21692","True","52.219","2503.4","False","False"
"2026-08-06T11:24:23.3791231+08:00","21692","True","52.219","2503.4","False","False"
"2026-08-06T11:24:23.4737108+08:00","21692","True","52.219","2503.4","False","False"
"2026-08-06T11:24:23.5673478+08:00","21692","True","52.234","2503.4","False","False"
"2026-08-06T11:24:23.6761017+08:00","21692","True","52.234","2503.4","False","False"
"2026-08-06T11:24:23.7708584+08:00","21692","True","52.281","2503.4","False","False"
"2026-08-06T11:24:23.8780405+08:00","21692","True","52.281","2503.4","False","False"
"2026-08-06T11:24:23.9717500+08:00","21692","True","52.281","2503.4","False","False"
"2026-08-06T11:24:24.0812406+08:00","21692","True","52.281","2503.4","False","False"
"2026-08-06T11:24:24.1733465+08:00","21692","True","52.344","2503.4","False","False"
"2026-08-06T11:24:24.2821677+08:00","21692","True","52.344","2503.4","False","False"
"2026-08-06T11:24:24.3760369+08:00","21692","True","52.344","2503.4","False","False"
"2026-08-06T11:24:24.4850280+08:00","21692","True","52.344","2503.4","False","False"
"2026-08-06T11:24:24.5797373+08:00","21692","True","52.344","2503.4","False","False"
"2026-08-06T11:24:24.6893463+08:00","21692","True","52.344","2503.4","False","False"
"2026-08-06T11:24:24.7829565+08:00","21692","True","52.344","2503.4","False","False"
"2026-08-06T11:24:24.8780754+08:00","21692","True","52.344","2503.4","False","False"
"2026-08-06T11:24:24.9715848+08:00","21692","True","52.344","2503.4","False","False"
"2026-08-06T11:24:25.0805198+08:00","21692","True","52.344","2503.4","False","False"
"2026-08-06T11:24:25.1750278+08:00","21692","True","52.344","2503.4","False","False"
"2026-08-06T11:24:25.2814159+08:00","21692","True","52.344","2503.4","False","False"
"2026-08-06T11:24:25.3909688+08:00","21692","True","52.344","2503.4","False","False"
"2026-08-06T11:24:25.4840957+08:00","21692","True","52.359","2503.4","False","False"
"2026-08-06T11:24:25.5790356+08:00","21692","True","52.359","2503.4","False","False"
"2026-08-06T11:24:25.6883896+08:00","21692","True","52.359","2503.4","False","False"
"2026-08-06T11:24:25.7829164+08:00","21692","True","52.375","2503.5","False","False"
"2026-08-06T11:24:25.8759355+08:00","21692","True","52.375","2503.5","False","False"
"2026-08-06T11:24:25.9843952+08:00","21692","True","52.375","2503.5","False","False"
"2026-08-06T11:24:26.0793590+08:00","21692","True","52.375","2503.5","False","False"
"2026-08-06T11:24:26.1879077+08:00","21692","True","52.453","2503.5","False","False"
"2026-08-06T11:24:26.2824359+08:00","21692","True","52.469","2503.5","False","False"
"2026-08-06T11:24:26.3761916+08:00","21692","True","52.469","2503.5","False","False"
"2026-08-06T11:24:26.4852734+08:00","21692","True","52.469","2503.5","False","False"
"2026-08-06T11:24:26.5792361+08:00","21692","True","52.469","2503.5","False","False"
"2026-08-06T11:24:26.6885515+08:00","21692","True","52.469","2503.5","False","False"
"2026-08-06T11:24:26.7817385+08:00","21692","True","52.469","2503.5","False","False"
"2026-08-06T11:24:26.8909800+08:00","21692","True","52.516","2503.5","False","False"
"2026-08-06T11:24:26.9842098+08:00","21692","True","52.516","2503.5","False","False"
"2026-08-06T11:24:27.0782014+08:00","21692","True","52.516","2503.5","False","False"
"2026-08-06T11:24:27.1878515+08:00","21692","True","52.516","2503.5","False","False"
"2026-08-06T11:24:27.2818409+08:00","21692","True","52.516","2503.5","False","False"
"2026-08-06T11:24:27.3742053+08:00","21692","True","52.516","2503.5","False","False"
"2026-08-06T11:24:27.4844049+08:00","21692","True","52.531","2503.5","False","False"
"2026-08-06T11:24:27.5782074+08:00","21692","True","52.531","2503.5","False","False"
"2026-08-06T11:24:27.6865275+08:00","21692","True","52.531","2503.5","False","False"
"2026-08-06T11:24:27.7800431+08:00","21692","True","52.531","2503.5","False","False"
"2026-08-06T11:24:27.8892278+08:00","21692","True","52.531","2503.5","False","False"
"2026-08-06T11:24:27.9821304+08:00","21692","True","52.531","2503.5","False","False"
"2026-08-06T11:24:28.0754035+08:00","21692","True","52.547","2503.5","False","False"
"2026-08-06T11:24:28.1854578+08:00","21692","True","52.562","2503.5","False","False"
"2026-08-06T11:24:28.2791182+08:00","21692","True","52.562","2503.5","False","False"
"2026-08-06T11:24:28.3874043+08:00","21692","True","52.578","2503.5","False","False"
"2026-08-06T11:24:28.4660335+08:00","21692","True","52.578","2503.5","False","False"
"2026-08-06T11:24:28.5758454+08:00","21692","True","52.578","2503.5","False","False"
"2026-08-06T11:24:28.6844302+08:00","21692","True","52.578","2503.5","False","False"
"2026-08-06T11:24:28.7794838+08:00","21692","True","52.578","2503.5","False","False"
"2026-08-06T11:24:28.8889217+08:00","21692","True","52.578","2503.5","False","False"
"2026-08-06T11:24:28.9826279+08:00","21692","True","52.578","2503.5","False","False"
"2026-08-06T11:24:29.0761667+08:00","21692","True","52.578","2503.5","False","False"
"2026-08-06T11:24:29.1881159+08:00","21692","True","52.625","2503.5","False","False"
"2026-08-06T11:24:29.2803180+08:00","21692","True","52.625","2503.5","False","False"
"2026-08-06T11:24:29.3892325+08:00","21692","True","52.625","2503.5","False","False"
"2026-08-06T11:24:29.4830438+08:00","21692","True","52.625","2503.5","False","False"
"2026-08-06T11:24:29.5759935+08:00","21692","True","52.625","2503.5","False","False"
"2026-08-06T11:24:29.6836815+08:00","21692","True","52.641","2503.5","False","False"
"2026-08-06T11:24:29.7769326+08:00","21692","True","52.641","2503.5","False","False"
"2026-08-06T11:24:29.8846987+08:00","21692","True","52.641","2503.5","False","False"
"2026-08-06T11:24:29.9783821+08:00","21692","True","52.641","2503.5","False","False"
"2026-08-06T11:24:30.0731614+08:00","21692","True","52.641","2503.5","False","False"
"2026-08-06T11:24:30.1664259+08:00","21692","True","52.656","2503.5","False","False"
"2026-08-06T11:24:30.2776664+08:00","21692","True","52.656","2503.5","False","False"
"2026-08-06T11:24:30.3873984+08:00","21692","True","52.656","2503.5","False","False"
"2026-08-06T11:24:30.4800845+08:00","21692","True","52.656","2503.5","False","False"
"2026-08-06T11:24:30.5752994+08:00","21692","True","52.656","2503.5","False","False"
"2026-08-06T11:24:30.6843472+08:00","21692","True","52.656","2503.5","False","False"
"2026-08-06T11:24:30.7779195+08:00","21692","True","52.656","2503.5","False","False"
"2026-08-06T11:24:30.8734081+08:00","21692","True","52.656","2503.5","False","False"
"2026-08-06T11:24:30.9830959+08:00","21692","True","52.672","2503.5","False","False"
"2026-08-06T11:24:31.0778509+08:00","21692","True","52.672","2503.5","False","False"
"2026-08-06T11:24:31.1872048+08:00","21692","True","52.672","2503.5","False","False"
"2026-08-06T11:24:31.2810627+08:00","21692","True","52.672","2503.5","False","False"
"2026-08-06T11:24:31.3741029+08:00","21692","True","52.672","2503.5","False","False"
"2026-08-06T11:24:31.4845409+08:00","21692","True","52.672","2503.5","False","False"
"2026-08-06T11:24:31.5789070+08:00","21692","True","52.672","2503.5","False","False"
"2026-08-06T11:24:31.6872156+08:00","21692","True","52.672","2503.5","False","False"
"2026-08-06T11:24:31.7793312+08:00","21692","True","52.672","2503.5","False","False"
"2026-08-06T11:24:31.8874426+08:00","21692","True","52.672","2503.5","False","False"
"2026-08-06T11:24:31.9805258+08:00","21692","True","52.672","2503.5","False","False"
"2026-08-06T11:24:32.0733267+08:00","21692","True","52.672","2503.5","False","False"
"2026-08-06T11:24:32.1836871+08:00","21692","True","52.703","2503.5","False","False"
"2026-08-06T11:24:32.2788120+08:00","21692","True","52.719","2503.5","False","False"
"2026-08-06T11:24:32.3863947+08:00","21692","True","52.734","2503.5","False","False"
"2026-08-06T11:24:32.4790696+08:00","21692","True","52.734","2503.5","False","False"
"2026-08-06T11:24:32.5729861+08:00","21692","True","52.734","2503.5","False","False"
"2026-08-06T11:24:32.6669466+08:00","21692","True","52.734","2503.5","False","False"
"2026-08-06T11:24:32.7782485+08:00","21692","True","52.75","2503.5","False","False"
"2026-08-06T11:24:32.8876149+08:00","21692","True","52.766","2503.5","False","False"
"2026-08-06T11:24:32.9801794+08:00","21692","True","52.781","2503.5","False","False"
"2026-08-06T11:24:33.0729851+08:00","21692","True","52.781","2503.5","False","False"
"2026-08-06T11:24:33.1660667+08:00","21692","True","52.781","2503.5","False","False"
"2026-08-06T11:24:33.2773929+08:00","21692","True","52.781","2503.5","False","False"
"2026-08-06T11:24:33.3718002+08:00","21692","True","52.781","2503.5","False","False"
"2026-08-06T11:24:33.4827791+08:00","21692","True","52.781","2503.5","False","False"
"2026-08-06T11:24:33.5762752+08:00","21692","True","52.797","2503.5","False","False"
"2026-08-06T11:24:33.6849656+08:00","21692","True","52.797","2503.5","False","False"
"2026-08-06T11:24:33.7771530+08:00","21692","True","52.812","2503.5","False","False"
"2026-08-06T11:24:33.8705605+08:00","21692","True","52.812","2503.5","False","False"
"2026-08-06T11:24:33.9802459+08:00","21692","True","52.812","2503.5","False","False"
"2026-08-06T11:24:34.0741564+08:00","21692","True","52.828","2503.5","False","False"
"2026-08-06T11:24:34.1825356+08:00","21692","True","52.828","2503.5","False","False"
"2026-08-06T11:24:34.2760379+08:00","21692","True","52.828","2503.5","False","False"
"2026-08-06T11:24:34.3699249+08:00","21692","True","52.828","2503.5","False","False"
"2026-08-06T11:24:34.4779755+08:00","21692","True","52.828","2503.5","False","False"
"2026-08-06T11:24:34.5712036+08:00","21692","True","52.844","2503.5","False","False"
"2026-08-06T11:24:34.6803201+08:00","21692","True","52.844","2503.5","False","False"
"2026-08-06T11:24:34.7744491+08:00","21692","True","52.859","2503.5","False","False"
"2026-08-06T11:24:34.8677743+08:00","21692","True","52.875","2503.5","False","False"
"2026-08-06T11:24:34.9771828+08:00","21692","True","52.875","2503.5","False","False"
"2026-08-06T11:24:35.0716051+08:00","21692","True","52.875","2503.5","False","False"
"2026-08-06T11:24:35.1792762+08:00","21692","True","52.875","2503.5","False","False"
"2026-08-06T11:24:35.2733605+08:00","21692","True","52.875","2503.5","False","False"
"2026-08-06T11:24:35.3683229+08:00","21692","True","52.875","2503.5","False","False"
"2026-08-06T11:24:35.4762784+08:00","21692","True","52.875","2503.5","False","False"
"2026-08-06T11:24:35.5710151+08:00","21692","True","52.875","2503.5","False","False"
"2026-08-06T11:24:35.6657518+08:00","21692","True","52.875","2503.5","False","False"
"2026-08-06T11:24:35.7741200+08:00","21692","True","52.875","2503.5","False","False"
"2026-08-06T11:24:35.8681637+08:00","21692","True","52.875","2503.5","False","False"
"2026-08-06T11:24:35.9759359+08:00","21692","True","52.875","2503.5","False","False"
"2026-08-06T11:24:36.0692702+08:00","21692","True","52.875","2503.5","False","False"
"2026-08-06T11:24:36.1787993+08:00","21692","True","52.875","2503.5","False","False"
"2026-08-06T11:24:36.2723240+08:00","21692","True","52.922","2503.5","False","False"
"2026-08-06T11:24:36.3666079+08:00","21692","True","52.922","2503.5","False","False"
"2026-08-06T11:24:36.4766862+08:00","21692","True","52.922","2503.5","False","False"
"2026-08-06T11:24:36.5712135+08:00","21692","True","52.922","2503.5","False","False"
"2026-08-06T11:24:36.6797170+08:00","21692","True","52.922","2503.5","False","False"
"2026-08-06T11:24:36.7720655+08:00","21692","True","52.938","2503.5","False","False"
"2026-08-06T11:24:36.8803568+08:00","21692","True","52.938","2503.5","False","False"
"2026-08-06T11:24:36.9733052+08:00","21692","True","52.938","2503.4","False","False"
"2026-08-06T11:24:37.0676242+08:00","21692","True","52.938","2503.4","False","False"
"2026-08-06T11:24:37.1764161+08:00","21692","True","52.938","2503.4","False","False"
"2026-08-06T11:24:37.2703638+08:00","21692","True","52.938","2503.4","False","False"
"2026-08-06T11:24:37.3796082+08:00","21692","True","52.938","2503.4","False","False"
"2026-08-06T11:24:37.4725877+08:00","21692","True","52.938","2503.4","False","False"
"2026-08-06T11:24:37.5798371+08:00","21692","True","52.953","2503.4","False","False"
"2026-08-06T11:24:37.6762824+08:00","21692","True","52.953","2503.4","False","False"
"2026-08-06T11:24:37.7691483+08:00","21692","True","52.953","2503.4","False","False"
"2026-08-06T11:24:37.8769671+08:00","21692","True","52.953","2503.4","False","False"
"2026-08-06T11:24:37.9864238+08:00","21692","True","52.969","2503.4","False","False"
"2026-08-06T11:24:38.0791184+08:00","21692","True","52.969","2503.4","False","False"
"2026-08-06T11:24:38.1867738+08:00","21692","True","52.984","2503.4","False","False"
"2026-08-06T11:24:38.2814984+08:00","21692","True","52.984","2503.4","False","False"
"2026-08-06T11:24:38.3757313+08:00","21692","True","52.984","2503.4","False","False"
"2026-08-06T11:24:38.4855261+08:00","21692","True","52.984","2503.4","False","False"
"2026-08-06T11:24:38.5779059+08:00","21692","True","52.984","2503.4","False","False"
"2026-08-06T11:24:38.6862952+08:00","21692","True","52.984","2503.4","False","False"
"2026-08-06T11:24:38.7797539+08:00","21692","True","52.984","2503.4","False","False"
"2026-08-06T11:24:38.8901681+08:00","21692","True","53.016","2503.4","False","False"
"2026-08-06T11:24:38.9840582+08:00","21692","True","53.016","2503.4","False","False"
"2026-08-06T11:24:39.0782730+08:00","21692","True","53.016","2503.4","False","False"
"2026-08-06T11:24:39.1868503+08:00","21692","True","53.016","2503.4","False","False"
"2026-08-06T11:24:39.2796488+08:00","21692","True","53.016","2503.4","False","False"
"2026-08-06T11:24:39.3897997+08:00","21692","True","53.016","2503.4","False","False"
"2026-08-06T11:24:39.4839471+08:00","21692","True","53.031","2503.4","False","False"
"2026-08-06T11:24:39.5775641+08:00","21692","True","53.047","2503.4","False","False"
"2026-08-06T11:24:39.6869899+08:00","21692","True","53.047","2503.4","False","False"
"2026-08-06T11:24:39.7803706+08:00","21692","True","53.047","2503.4","False","False"
"2026-08-06T11:24:39.8896790+08:00","21692","True","53.047","2503.4","False","False"
"2026-08-06T11:24:39.9832247+08:00","21692","True","53.047","2503.4","False","False"
"2026-08-06T11:24:40.0767318+08:00","21692","True","53.047","2503.4","False","False"
"2026-08-06T11:24:40.1873712+08:00","21692","True","53.078","2503.4","False","False"
"2026-08-06T11:24:40.2804581+08:00","21692","True","53.078","2503.4","False","False"
"2026-08-06T11:24:40.3900712+08:00","21692","True","53.078","2503.4","False","False"
"2026-08-06T11:24:40.4839616+08:00","21692","True","53.078","2503.4","False","False"
"2026-08-06T11:24:40.5788082+08:00","21692","True","53.078","2503.4","False","False"
"2026-08-06T11:24:40.6882185+08:00","21692","True","53.078","2503.4","False","False"
"2026-08-06T11:24:40.7818442+08:00","21692","True","53.094","2568.9","False","False"
"2026-08-06T11:24:40.8751911+08:00","21692","True","53.094","2568.9","False","False"
"2026-08-06T11:24:40.9844146+08:00","21692","True","53.094","2568.9","False","False"
"2026-08-06T11:24:41.0772275+08:00","21692","True","53.094","2568.9","False","False"
"2026-08-06T11:24:41.1844303+08:00","21692","True","53.094","2568.9","False","False"
"2026-08-06T11:24:41.2791709+08:00","21692","True","53.094","2568.9","False","False"
"2026-08-06T11:24:41.3888224+08:00","21692","True","53.094","2568.9","False","False"
"2026-08-06T11:24:41.4829527+08:00","21692","True","53.094","2568.9","False","False"
"2026-08-06T11:24:41.5771337+08:00","21692","True","53.109","2568.9","False","False"
"2026-08-06T11:24:41.6850746+08:00","21692","True","53.109","2568.9","False","False"
"2026-08-06T11:24:41.7778836+08:00","21692","True","53.109","2568.9","False","False"
"2026-08-06T11:24:41.8722084+08:00","21692","True","53.109","2568.9","False","False"
"2026-08-06T11:24:41.9828794+08:00","21692","True","53.109","2568.9","False","False"
"2026-08-06T11:24:42.0772627+08:00","21692","True","53.109","2568.9","False","False"
"2026-08-06T11:24:42.1853206+08:00","21692","True","53.109","2568.9","False","False"
"2026-08-06T11:24:42.2770063+08:00","21692","True","53.125","2568.9","False","False"
"2026-08-06T11:24:42.3705857+08:00","21692","True","53.125","2568.9","False","False"
"2026-08-06T11:24:42.4787130+08:00","21692","True","53.125","2568.9","False","False"
"2026-08-06T11:24:42.5713801+08:00","21692","True","53.156","2568.9","False","False"
"2026-08-06T11:24:42.6811728+08:00","21692","True","53.156","2568.9","False","False"
"2026-08-06T11:24:42.7729630+08:00","21692","True","53.156","2568.9","False","False"
"2026-08-06T11:24:42.8668290+08:00","21692","True","53.156","2568.9","False","False"
"2026-08-06T11:24:42.9768598+08:00","21692","True","53.156","2568.9","False","False"
"2026-08-06T11:24:43.0702395+08:00","21692","True","53.156","2568.9","False","False"
"2026-08-06T11:24:43.1788138+08:00","21692","True","53.156","2568.9","False","False"
"2026-08-06T11:24:43.2716334+08:00","21692","True","53.156","2568.9","False","False"
"2026-08-06T11:24:43.3789313+08:00","21692","True","53.156","2568.9","False","False"
"2026-08-06T11:24:43.4736466+08:00","21692","True","53.156","2568.9","False","False"
"2026-08-06T11:24:43.5798608+08:00","21692","True","53.156","2568.9","False","False"
"2026-08-06T11:24:43.6893630+08:00","21692","True","53.156","2568.9","False","False"
"2026-08-06T11:24:43.7819685+08:00","21692","True","53.156","2568.9","False","False"
"2026-08-06T11:24:43.8760440+08:00","21692","True","53.156","2568.9","False","False"
"2026-08-06T11:24:43.9869038+08:00","21692","True","53.156","2568.9","False","False"
"2026-08-06T11:24:44.0667829+08:00","21692","True","53.156","2568.9","False","False"
"2026-08-06T11:24:44.1773668+08:00","21692","True","53.172","2568.9","False","False"
"2026-08-06T11:24:44.2709490+08:00","21692","True","53.172","2568.9","False","False"
"2026-08-06T11:24:44.3795082+08:00","21692","True","53.172","2568.9","False","False"
"2026-08-06T11:24:44.4742078+08:00","21692","True","53.188","2568.9","False","False"
"2026-08-06T11:24:44.5688452+08:00","21692","True","53.188","2568.9","False","False"
"2026-08-06T11:24:44.6782761+08:00","21692","True","53.188","2568.9","False","False"
"2026-08-06T11:24:44.7724127+08:00","21692","True","53.188","2567.3","False","False"
"2026-08-06T11:24:44.8659792+08:00","21692","True","53.188","2567.3","False","False"
"2026-08-06T11:24:44.9756865+08:00","21692","True","53.203","2567.3","False","False"
"2026-08-06T11:24:45.0699773+08:00","21692","True","53.203","2567.3","False","False"
"2026-08-06T11:24:45.1804873+08:00","21692","True","53.203","2567.3","False","False"
"2026-08-06T11:24:45.2758721+08:00","21692","True","53.281","2567.3","False","False"
"2026-08-06T11:24:45.3668631+08:00","21692","True","53.281","2567.3","False","False"
"2026-08-06T11:24:45.4776421+08:00","21692","True","53.281","2567.3","False","False"
"2026-08-06T11:24:45.5719354+08:00","21692","True","53.281","2567.3","False","False"
"2026-08-06T11:24:45.6656268+08:00","21692","True","53.281","2567.3","False","False"
"2026-08-06T11:24:45.7742626+08:00","21692","True","53.297","2567.3","False","False"
"2026-08-06T11:24:45.8671208+08:00","21692","True","53.297","2567.3","False","False"
"2026-08-06T11:24:45.9756111+08:00","21692","True","53.312","2567.3","False","False"
"2026-08-06T11:24:46.0680552+08:00","21692","True","53.312","2567.3","False","False"
"2026-08-06T11:24:46.1786181+08:00","21692","True","53.312","2567.3","False","False"
"2026-08-06T11:24:46.2705741+08:00","21692","True","53.359","2567.3","False","False"
"2026-08-06T11:24:46.3795643+08:00","21692","True","53.359","2567.3","False","False"
"2026-08-06T11:24:46.4725705+08:00","21692","True","53.375","2567.3","False","False"
"2026-08-06T11:24:46.5799579+08:00","21692","True","53.375","2567.3","False","False"
"2026-08-06T11:24:46.6881077+08:00","21692","True","53.375","2567.3","False","False"
"2026-08-06T11:24:46.7798826+08:00","21692","True","53.391","2567.3","False","False"
"2026-08-06T11:24:46.8882282+08:00","21692","True","53.391","2567.3","False","False"
"2026-08-06T11:24:46.9805696+08:00","21692","True","53.484","2567.3","False","False"
"2026-08-06T11:24:47.0729412+08:00","21692","True","53.484","2567.3","False","False"
"2026-08-06T11:24:47.1665650+08:00","21692","True","53.484","2567.3","False","False"
"2026-08-06T11:24:47.2755162+08:00","21692","True","53.484","2567.3","False","False"
"2026-08-06T11:24:47.3710191+08:00","21692","True","53.484","2567.3","False","False"
"2026-08-06T11:24:47.4801546+08:00","21692","True","53.5","2567.3","False","False"
"2026-08-06T11:24:47.5742135+08:00","21692","True","53.516","2567.3","False","False"
"2026-08-06T11:24:47.6675557+08:00","21692","True","53.516","2567.3","False","False"
"2026-08-06T11:24:47.7764887+08:00","21692","True","53.531","2567.3","False","False"
"2026-08-06T11:24:47.8698874+08:00","21692","True","53.531","2567.3","False","False"
"2026-08-06T11:24:47.9658288+08:00","21692","True","53.531","2567.3","False","False"
"2026-08-06T11:24:48.0766982+08:00","21692","True","53.531","2567.3","False","False"
"2026-08-06T11:24:48.1867396+08:00","21692","True","53.562","2567.3","False","False"
"2026-08-06T11:24:48.2787746+08:00","21692","True","53.562","2567.3","False","False"
"2026-08-06T11:24:48.3873945+08:00","21692","True","53.578","2567.3","False","False"
"2026-08-06T11:24:48.4666831+08:00","21692","True","53.578","2567.3","False","False"
"2026-08-06T11:24:48.5755761+08:00","21692","True","53.578","2567.3","False","False"
"2026-08-06T11:24:48.6838400+08:00","21692","True","53.578","2567.3","False","False"
"2026-08-06T11:24:48.7768094+08:00","21692","True","53.578","2567.3","False","False"
"2026-08-06T11:24:48.8689884+08:00","21692","True","53.578","2567.3","False","False"
"2026-08-06T11:24:48.9780748+08:00","21692","True","53.578","2567.3","False","False"
"2026-08-06T11:24:49.0717379+08:00","21692","True","53.578","2567.3","False","False"
"2026-08-06T11:24:49.1677394+08:00","21692","True","53.578","2567.3","False","False"
"2026-08-06T11:24:49.2767184+08:00","21692","True","53.578","2567.3","False","False"
"2026-08-06T11:24:49.3723989+08:00","21692","True","53.578","2567.3","False","False"
"2026-08-06T11:24:49.4813929+08:00","21692","True","53.578","2567.3","False","False"
"2026-08-06T11:24:49.5743030+08:00","21692","True","53.594","2567.3","False","False"
"2026-08-06T11:24:49.6684323+08:00","21692","True","53.594","2567.3","False","False"
"2026-08-06T11:24:49.7765207+08:00","21692","True","53.594","2567.3","False","False"
"2026-08-06T11:24:49.8697906+08:00","21692","True","53.594","2567.3","False","False"
"2026-08-06T11:24:49.9773531+08:00","21692","True","53.594","2567.3","False","False"
"2026-08-06T11:24:50.0698098+08:00","21692","True","53.594","2567.3","False","False"
"2026-08-06T11:24:50.1800125+08:00","21692","True","53.625","2567.3","False","False"
"2026-08-06T11:24:50.2746240+08:00","21692","True","53.641","2567.3","False","False"
"2026-08-06T11:24:50.3674794+08:00","21692","True","53.641","2567.3","False","False"
"2026-08-06T11:24:50.4764829+08:00","21692","True","53.641","2567.3","False","False"
"2026-08-06T11:24:50.5703887+08:00","21692","True","53.641","2567.3","False","False"
"2026-08-06T11:24:50.6788226+08:00","21692","True","53.641","2567.3","False","False"
"2026-08-06T11:24:50.7721077+08:00","21692","True","53.641","2567.3","False","False"
"2026-08-06T11:24:50.8656515+08:00","21692","True","53.641","2503.4","False","False"
"2026-08-06T11:24:50.9746200+08:00","21692","True","53.641","2503.4","False","False"
"2026-08-06T11:24:51.0685087+08:00","21692","True","53.641","2503.4","False","False"
"2026-08-06T11:24:51.1781155+08:00","21692","True","53.641","2503.4","False","False"
"2026-08-06T11:24:51.2716318+08:00","21692","True","53.656","2503.4","False","False"
"2026-08-06T11:24:51.3801200+08:00","21692","True","53.656","2503.4","False","False"
"2026-08-06T11:24:51.4734363+08:00","21692","True","53.656","2503.4","False","False"
"2026-08-06T11:24:51.5677315+08:00","21692","True","53.656","2503.4","False","False"
"2026-08-06T11:24:51.6770504+08:00","21692","True","53.656","2503.4","False","False"
"2026-08-06T11:24:51.7699396+08:00","21692","True","53.656","2503.4","False","False"
"2026-08-06T11:24:51.8792560+08:00","21692","True","53.672","2503.4","False","False"
"2026-08-06T11:24:51.9737053+08:00","21692","True","53.672","2503.4","False","False"
"2026-08-06T11:24:52.0671072+08:00","21692","True","53.672","2503.4","False","False"
"2026-08-06T11:24:52.1758620+08:00","21692","True","53.75","2503.4","False","False"
"2026-08-06T11:24:52.2694770+08:00","21692","True","53.75","2503.4","False","False"
"2026-08-06T11:24:52.3788743+08:00","21692","True","53.766","2503.4","False","False"
"2026-08-06T11:24:52.4725552+08:00","21692","True","53.766","2503.4","False","False"
"2026-08-06T11:24:52.5654451+08:00","21692","True","53.766","2503.4","False","False"
"2026-08-06T11:24:52.6756214+08:00","21692","True","53.781","2503.4","False","False"
"2026-08-06T11:24:52.7693024+08:00","21692","True","53.781","2503.4","False","False"
"2026-08-06T11:24:52.8804956+08:00","21692","True","53.781","2503.4","False","False"
"2026-08-06T11:24:52.9740408+08:00","21692","True","53.781","2503.4","False","False"
"2026-08-06T11:24:53.0670956+08:00","21692","True","53.781","2503.4","False","False"
"2026-08-06T11:24:53.1769175+08:00","21692","True","53.781","2503.4","False","False"
"2026-08-06T11:24:53.2695699+08:00","21692","True","53.781","2503.4","False","False"
"2026-08-06T11:24:53.3779819+08:00","21692","True","53.781","2503.4","False","False"
"2026-08-06T11:24:53.4863776+08:00","21692","True","53.781","2503.4","False","False"
"2026-08-06T11:24:53.5654938+08:00","21692","True","53.781","2503.4","False","False"
"2026-08-06T11:24:53.6742966+08:00","21692","True","53.844","2503.4","False","False"
"2026-08-06T11:24:53.7816895+08:00","21692","True","53.844","2503.4","False","False"
"2026-08-06T11:24:53.8923988+08:00","21692","True","53.844","2503.4","False","False"
"2026-08-06T11:24:53.9720154+08:00","21692","True","53.844","2503.4","False","False"
"2026-08-06T11:24:54.0800012+08:00","21692","True","53.859","2503.4","False","False"
"2026-08-06T11:24:54.1744653+08:00","21692","True","53.859","2503.4","False","False"
"2026-08-06T11:24:54.2696444+08:00","21692","True","53.859","2503.4","False","False"
"2026-08-06T11:24:54.3754992+08:00","21692","True","53.859","2503.4","False","False"
"2026-08-06T11:24:54.4854208+08:00","21692","True","53.859","2503.4","False","False"
"2026-08-06T11:24:54.5800117+08:00","21692","True","53.859","2503.4","False","False"
"2026-08-06T11:24:54.6885106+08:00","21692","True","53.859","2503.4","False","False"
"2026-08-06T11:24:54.7826224+08:00","21692","True","53.859","2503.4","False","False"
"2026-08-06T11:24:54.8757246+08:00","21692","True","53.859","2503.4","False","False"
"2026-08-06T11:24:54.9852798+08:00","21692","True","53.906","2503.4","False","False"
"2026-08-06T11:24:55.0793864+08:00","21692","True","53.984","2503.4","False","False"
"2026-08-06T11:24:55.1743791+08:00","21692","True","53.984","2503.4","False","False"
"2026-08-06T11:24:55.2827460+08:00","21692","True","53.984","2503.4","False","False"
"2026-08-06T11:24:55.3765206+08:00","21692","True","53.984","2503.4","False","False"
"2026-08-06T11:24:55.4716464+08:00","21692","True","53.984","2503.4","False","False"
"2026-08-06T11:24:55.5663186+08:00","21692","True","53.984","2503.4","False","False"
"2026-08-06T11:24:55.6744278+08:00","21692","True","53.984","2503.4","False","False"
"2026-08-06T11:24:55.7684023+08:00","21692","True","54.016","2503.4","False","False"
"2026-08-06T11:24:55.8762059+08:00","21692","True","54.016","2503.4","False","False"
"2026-08-06T11:24:55.9854020+08:00","21692","True","54.016","2503.4","False","False"
"2026-08-06T11:24:56.0801295+08:00","21692","True","54.031","2503.4","False","False"
"2026-08-06T11:24:56.1735098+08:00","21692","True","54.062","2503.4","False","False"
"2026-08-06T11:24:56.2686691+08:00","21692","True","54.109","2503.4","False","False"
"2026-08-06T11:24:56.3784628+08:00","21692","True","54.109","2503.4","False","False"
"2026-08-06T11:24:56.4713942+08:00","21692","True","54.125","2503.4","False","False"
"2026-08-06T11:24:56.5803249+08:00","21692","True","54.125","2503.4","False","False"
"2026-08-06T11:24:56.6885441+08:00","21692","True","54.125","2503.4","False","False"
"2026-08-06T11:24:56.7803083+08:00","21692","True","54.172","2503.4","False","False"
"2026-08-06T11:24:56.8874463+08:00","21692","True","54.188","2503.4","False","False"
"2026-08-06T11:24:56.9835178+08:00","21692","True","54.188","2503.4","False","False"
"2026-08-06T11:24:57.0774517+08:00","21692","True","54.188","2503.4","False","False"
"2026-08-06T11:24:57.1857247+08:00","21692","True","54.188","2503.4","False","False"
"2026-08-06T11:24:57.2781133+08:00","21692","True","54.188","2503.4","False","False"
"2026-08-06T11:24:57.3888379+08:00","21692","True","54.188","2503.4","False","False"
"2026-08-06T11:24:57.4804255+08:00","21692","True","54.203","2503.4","False","False"
"2026-08-06T11:24:57.5751280+08:00","21692","True","54.219","2503.4","False","False"
"2026-08-06T11:24:57.6862343+08:00","21692","True","54.266","2503.4","False","False"
"2026-08-06T11:24:57.7797611+08:00","21692","True","54.266","2503.4","False","False"
"2026-08-06T11:24:57.8894482+08:00","21692","True","54.281","2503.4","False","False"
"2026-08-06T11:24:57.9842317+08:00","21692","True","54.281","2503.4","False","False"
"2026-08-06T11:24:58.0773289+08:00","21692","True","54.281","2503.4","False","False"
"2026-08-06T11:24:58.1854186+08:00","21692","True","54.281","2503.4","False","False"
"2026-08-06T11:24:58.2788948+08:00","21692","True","54.281","2503.4","False","False"
"2026-08-06T11:24:58.3875164+08:00","21692","True","54.281","2503.4","False","False"
"2026-08-06T11:24:58.4654311+08:00","21692","True","54.312","2503.4","False","False"
"2026-08-06T11:24:58.5740620+08:00","21692","True","54.312","2503.4","False","False"
"2026-08-06T11:24:58.6680797+08:00","21692","True","54.344","2503.4","False","False"
"2026-08-06T11:24:58.7766908+08:00","21692","True","54.359","2503.4","False","False"
"2026-08-06T11:24:58.8711694+08:00","21692","True","54.359","2503.4","False","False"
"2026-08-06T11:24:58.9817255+08:00","21692","True","54.359","2503.4","False","False"
"2026-08-06T11:24:59.0745855+08:00","21692","True","54.359","2503.4","False","False"
"2026-08-06T11:24:59.1681581+08:00","21692","True","54.359","2503.4","False","False"
"2026-08-06T11:24:59.2777340+08:00","21692","True","54.359","2503.4","False","False"
"2026-08-06T11:24:59.3704046+08:00","21692","True","54.359","2503.4","False","False"
"2026-08-06T11:24:59.4803908+08:00","21692","True","54.375","2503.4","False","False"
"2026-08-06T11:24:59.5734772+08:00","21692","True","54.375","2503.4","False","False"
"2026-08-06T11:24:59.6672986+08:00","21692","True","54.375","2503.4","False","False"
"2026-08-06T11:24:59.7765638+08:00","21692","True","54.375","2503.4","False","False"
"2026-08-06T11:24:59.8693557+08:00","21692","True","54.422","2503.4","False","False"
"2026-08-06T11:24:59.9797716+08:00","21692","True","54.422","2503.4","False","False"
"2026-08-06T11:25:00.0725237+08:00","21692","True","54.422","2503.4","False","False"
"2026-08-06T11:25:00.1795592+08:00","21692","True","54.438","2503.4","False","False"
"2026-08-06T11:25:00.2732056+08:00","21692","True","54.438","2503.4","False","False"
"2026-08-06T11:25:00.3669069+08:00","21692","True","54.484","2503.4","False","False"
"2026-08-06T11:25:00.4756401+08:00","21692","True","54.484","2503.4","False","False"
"2026-08-06T11:25:00.5674523+08:00","21692","True","54.484","2503.4","False","False"
"2026-08-06T11:25:00.6763267+08:00","21692","True","54.484","2503.4","False","False"
"2026-08-06T11:25:00.7700560+08:00","21692","True","54.484","2503.4","False","False"
"2026-08-06T11:25:00.8792754+08:00","21692","True","54.5","2503.4","False","False"
"2026-08-06T11:25:00.9740201+08:00","21692","True","54.5","2503.4","False","False"
"2026-08-06T11:25:01.0662785+08:00","21692","True","54.5","2503.4","False","False"
"2026-08-06T11:25:01.1747425+08:00","21692","True","54.516","2503.4","False","False"
"2026-08-06T11:25:01.2686407+08:00","21692","True","54.531","2503.4","False","False"
"2026-08-06T11:25:01.3773938+08:00","21692","True","54.531","2503.4","False","False"
"2026-08-06T11:25:01.4861010+08:00","21692","True","54.531","2503.4","False","False"
"2026-08-06T11:25:01.5791680+08:00","21692","True","54.547","2503.4","False","False"
"2026-08-06T11:25:01.6884794+08:00","21692","True","54.547","2503.4","False","False"
"2026-08-06T11:25:01.7687492+08:00","21692","True","54.547","2503.4","False","False"
"2026-08-06T11:25:01.8774921+08:00","21692","True","54.547","2503.4","False","False"
"2026-08-06T11:25:01.9861188+08:00","21692","True","54.547","2503.4","False","False"
"2026-08-06T11:25:02.0800202+08:00","21692","True","54.562","2503.4","False","False"
"2026-08-06T11:25:02.1754094+08:00","21692","True","54.562","2503.4","False","False"
"2026-08-06T11:25:02.2708288+08:00","21692","True","54.562","2503.4","False","False"
"2026-08-06T11:25:02.3792742+08:00","21692","True","54.562","2503.4","False","False"
"2026-08-06T11:25:02.4720152+08:00","21692","True","54.562","2503.4","False","False"
"2026-08-06T11:25:02.5806178+08:00","21692","True","54.562","2503.4","False","False"
"2026-08-06T11:25:02.6751991+08:00","21692","True","54.562","2503.4","False","False"
"2026-08-06T11:25:02.7688508+08:00","21692","True","54.594","2503.4","False","False"
"2026-08-06T11:25:02.8801852+08:00","21692","True","54.594","2503.4","False","False"
"2026-08-06T11:25:02.9741220+08:00","21692","True","54.594","2503.4","False","False"
"2026-08-06T11:25:03.0653894+08:00","21692","True","54.594","2503.4","False","False"
"2026-08-06T11:25:03.1744992+08:00","21692","True","54.734","2503.4","False","False"
"2026-08-06T11:25:03.2815688+08:00","21692","True","54.734","2503.4","False","False"
"2026-08-06T11:25:03.3754909+08:00","21692","True","54.734","2503.4","False","False"
"2026-08-06T11:25:03.4856967+08:00","21692","True","54.734","2503.4","False","False"
"2026-08-06T11:25:03.5794479+08:00","21692","True","54.734","2503.4","False","False"
"2026-08-06T11:25:03.6881806+08:00","21692","True","54.734","2503.4","False","False"
"2026-08-06T11:25:03.7805437+08:00","21692","True","54.734","2503.4","False","False"
"2026-08-06T11:25:03.8911052+08:00","21692","True","54.734","2503.4","False","False"
"2026-08-06T11:25:03.9829755+08:00","21692","True","54.734","2503.4","False","False"
"2026-08-06T11:25:04.0761972+08:00","21692","True","54.734","2503.4","False","False"
"2026-08-06T11:25:04.1868693+08:00","21692","True","54.734","2503.4","False","False"
"2026-08-06T11:25:04.2792419+08:00","21692","True","54.734","2503.4","False","False"
"2026-08-06T11:25:04.3881021+08:00","21692","True","54.766","2503.4","False","False"
"2026-08-06T11:25:04.4821390+08:00","21692","True","54.766","2503.4","False","False"
"2026-08-06T11:25:04.5765058+08:00","21692","True","54.766","2503.4","False","False"
"2026-08-06T11:25:04.6831660+08:00","21692","True","54.766","2503.4","False","False"
"2026-08-06T11:25:04.7768969+08:00","21692","True","54.781","2503.4","False","False"
"2026-08-06T11:25:04.8721300+08:00","21692","True","54.781","2503.4","False","False"
"2026-08-06T11:25:04.9826653+08:00","21692","True","54.781","2503.4","False","False"
"2026-08-06T11:25:05.0773076+08:00","21692","True","54.781","2503.4","False","False"
"2026-08-06T11:25:05.1877918+08:00","21692","True","54.781","2503.4","False","False"
"2026-08-06T11:25:05.2811808+08:00","21692","True","54.781","2503.4","False","False"
"2026-08-06T11:25:05.3914352+08:00","21692","True","54.781","2503.4","False","False"
"2026-08-06T11:25:05.4850235+08:00","21692","True","54.781","2503.4","False","False"
"2026-08-06T11:25:05.5804848+08:00","21692","True","54.812","2503.4","False","False"
"2026-08-06T11:25:05.6743950+08:00","21692","True","54.828","2503.4","False","False"
"2026-08-06T11:25:05.7683276+08:00","21692","True","54.828","2503.4","False","False"
"2026-08-06T11:25:05.8755604+08:00","21692","True","54.828","2503.4","False","False"
"2026-08-06T11:25:05.9843867+08:00","21692","True","54.844","2503.4","False","False"
"2026-08-06T11:25:06.0784613+08:00","21692","True","54.875","2503.4","False","False"
"2026-08-06T11:25:06.1874439+08:00","21692","True","54.875","2503.4","False","False"
"2026-08-06T11:25:06.2813574+08:00","21692","True","54.875","2503.4","False","False"
"2026-08-06T11:25:06.3750586+08:00","21692","True","54.875","2503.4","False","False"
"2026-08-06T11:25:06.4843006+08:00","21692","True","54.875","2503.4","False","False"
"2026-08-06T11:25:06.5785371+08:00","21692","True","54.875","2503.4","False","False"
"2026-08-06T11:25:06.6871135+08:00","21692","True","54.875","2503.4","False","False"
"2026-08-06T11:25:06.7806767+08:00","21692","True","54.875","2503.4","False","False"
"2026-08-06T11:25:06.8888429+08:00","21692","True","54.891","2503.5","False","False"
"2026-08-06T11:25:06.9831144+08:00","21692","True","54.891","2503.5","False","False"
"2026-08-06T11:25:07.0764077+08:00","21692","True","54.891","2503.5","False","False"
"2026-08-06T11:25:07.1849383+08:00","21692","True","54.891","2503.5","False","False"
"2026-08-06T11:25:07.2771354+08:00","21692","True","54.891","2503.5","False","False"
"2026-08-06T11:25:07.3721472+08:00","21692","True","54.891","2503.5","False","False"
"2026-08-06T11:25:07.4819160+08:00","21692","True","54.953","2503.5","False","False"
"2026-08-06T11:25:07.5761820+08:00","21692","True","54.953","2503.5","False","False"
"2026-08-06T11:25:07.6853607+08:00","21692","True","54.953","2503.5","False","False"
"2026-08-06T11:25:07.7786134+08:00","21692","True","54.953","2503.5","False","False"
"2026-08-06T11:25:07.8872812+08:00","21692","True","54.953","2503.5","False","False"
"2026-08-06T11:25:07.9669292+08:00","21692","True","54.953","2503.5","False","False"
"2026-08-06T11:25:08.0763764+08:00","21692","True","54.953","2503.5","False","False"
"2026-08-06T11:25:08.1875249+08:00","21692","True","54.953","2503.5","False","False"
"2026-08-06T11:25:08.2800406+08:00","21692","True","54.984","2503.5","False","False"
"2026-08-06T11:25:08.3751346+08:00","21692","True","54.984","2503.5","False","False"
"2026-08-06T11:25:08.4868302+08:00","21692","True","54.984","2503.5","False","False"
"2026-08-06T11:25:08.5664404+08:00","21692","True","54.984","2503.5","False","False"
"2026-08-06T11:25:08.6895956+08:00","21692","True","54.984","2503.5","False","False"
"2026-08-06T11:25:08.7686507+08:00","21692","True","54.984","2503.5","False","False"
"2026-08-06T11:25:08.8779627+08:00","21692","True","55","2503.5","False","False"
"2026-08-06T11:25:08.9728771+08:00","21692","True","55","2503.5","False","False"
"2026-08-06T11:25:09.0669323+08:00","21692","True","55","2503.5","False","False"
"2026-08-06T11:25:09.1764365+08:00","21692","True","55","2503.5","False","False"
"2026-08-06T11:25:09.2688345+08:00","21692","True","55","2503.5","False","False"
"2026-08-06T11:25:09.3791028+08:00","21692","True","55.016","2503.5","False","False"
"2026-08-06T11:25:09.4723338+08:00","21692","True","55.016","2503.5","False","False"
"2026-08-06T11:25:09.5668949+08:00","21692","True","55.031","2503.5","False","False"
"2026-08-06T11:25:09.6734481+08:00","21692","True","55.031","2503.5","False","False"
"2026-08-06T11:25:09.7691201+08:00","21692","True","55.031","2503.5","False","False"
"2026-08-06T11:25:09.8782277+08:00","21692","True","55.047","2503.5","False","False"
"2026-08-06T11:25:09.9720391+08:00","21692","True","55.047","2503.5","False","False"
"2026-08-06T11:25:10.0651527+08:00","21692","True","55.047","2503.5","False","False"
"2026-08-06T11:25:10.1757285+08:00","21692","True","55.062","2503.5","False","False"
"2026-08-06T11:25:10.2679882+08:00","21692","True","55.094","2503.5","False","False"
"2026-08-06T11:25:10.3791634+08:00","21692","True","55.109","2503.5","False","False"
"2026-08-06T11:25:10.4749574+08:00","21692","True","55.109","2503.5","False","False"
"2026-08-06T11:25:10.5702966+08:00","21692","True","55.109","2503.5","False","False"
"2026-08-06T11:25:10.6795772+08:00","21692","True","55.109","2503.5","False","False"
"2026-08-06T11:25:10.7735319+08:00","21692","True","55.125","2503.5","False","False"
"2026-08-06T11:25:10.8682268+08:00","21692","True","55.125","2503.5","False","False"
"2026-08-06T11:25:10.9782607+08:00","21692","True","55.125","2503.5","False","False"
"2026-08-06T11:25:11.0711597+08:00","21692","True","55.125","2503.5","False","False"
"2026-08-06T11:25:11.1796112+08:00","21692","True","55.125","2503.5","False","False"
"2026-08-06T11:25:11.2739141+08:00","21692","True","55.125","2503.5","False","False"
"2026-08-06T11:25:11.3688808+08:00","21692","True","55.141","2503.5","False","False"
"2026-08-06T11:25:11.4780405+08:00","21692","True","55.141","2503.5","False","False"
"2026-08-06T11:25:11.5711418+08:00","21692","True","55.141","2503.5","False","False"
"2026-08-06T11:25:11.6671898+08:00","21692","True","55.156","2503.5","False","False"
"2026-08-06T11:25:11.7756874+08:00","21692","True","55.203","2503.5","False","False"
"2026-08-06T11:25:11.8682710+08:00","21692","True","55.219","2503.5","False","False"
"2026-08-06T11:25:11.9778930+08:00","21692","True","55.219","2503.5","False","False"
"2026-08-06T11:25:12.0693148+08:00","21692","True","55.266","2503.5","False","False"
"2026-08-06T11:25:12.1764079+08:00","21692","True","55.266","2503.5","False","False"
"2026-08-06T11:25:12.2706704+08:00","21692","True","55.266","2503.5","False","False"
"2026-08-06T11:25:12.3801841+08:00","21692","True","55.266","2503.5","False","False"
"2026-08-06T11:25:12.4735184+08:00","21692","True","55.266","2503.5","False","False"
"2026-08-06T11:25:12.5685258+08:00","21692","True","55.266","2503.5","False","False"
"2026-08-06T11:25:12.6783297+08:00","21692","True","55.281","2503.5","False","False"
"2026-08-06T11:25:12.7706792+08:00","21692","True","55.281","2503.5","False","False"
"2026-08-06T11:25:12.8792738+08:00","21692","True","55.281","2503.5","False","False"
"2026-08-06T11:25:12.9749021+08:00","21692","True","55.281","2503.5","False","False"
"2026-08-06T11:25:13.0679772+08:00","21692","True","55.281","2503.5","False","False"
"2026-08-06T11:25:13.1762849+08:00","21692","True","55.281","2503.5","False","False"
"2026-08-06T11:25:13.2691748+08:00","21692","True","55.281","2503.5","False","False"
"2026-08-06T11:25:13.3806407+08:00","21692","True","55.281","2503.5","False","False"
"2026-08-06T11:25:13.4722609+08:00","21692","True","55.281","2503.5","False","False"
"2026-08-06T11:25:13.5810461+08:00","21692","True","55.297","2503.5","False","False"
"2026-08-06T11:25:13.6736870+08:00","21692","True","55.312","2503.5","False","False"
"2026-08-06T11:25:13.7834404+08:00","21692","True","55.312","2503.5","False","False"
"2026-08-06T11:25:13.8770923+08:00","21692","True","55.312","2503.5","False","False"
"2026-08-06T11:25:13.9722121+08:00","21692","True","55.312","2503.5","False","False"
"2026-08-06T11:25:14.0800765+08:00","21692","True","55.328","2503.5","False","False"
"2026-08-06T11:25:14.1755689+08:00","21692","True","55.359","2503.5","False","False"
"2026-08-06T11:25:14.2691734+08:00","21692","True","55.375","2503.5","False","False"
"2026-08-06T11:25:14.3795351+08:00","21692","True","55.375","2503.5","False","False"
"2026-08-06T11:25:14.4726415+08:00","21692","True","55.375","2503.5","False","False"
"2026-08-06T11:25:14.5663857+08:00","21692","True","55.391","2503.5","False","False"
"2026-08-06T11:25:14.6749452+08:00","21692","True","55.391","2503.5","False","False"
"2026-08-06T11:25:14.7679141+08:00","21692","True","55.391","2503.5","False","False"
"2026-08-06T11:25:14.8748496+08:00","21692","True","55.422","2503.5","False","False"
"2026-08-06T11:25:14.9853240+08:00","21692","True","55.422","2503.5","False","False"
"2026-08-06T11:25:15.0804561+08:00","21692","True","55.422","2503.5","False","False"
"2026-08-06T11:25:15.1887421+08:00","21692","True","55.422","2503.5","False","False"
"2026-08-06T11:25:15.2827890+08:00","21692","True","55.422","2503.5","False","False"
"2026-08-06T11:25:15.3771361+08:00","21692","True","55.422","2503.5","False","False"
"2026-08-06T11:25:15.4861682+08:00","21692","True","55.438","2503.5","False","False"
"2026-08-06T11:25:15.5801541+08:00","21692","True","55.438","2503.5","False","False"
"2026-08-06T11:25:15.6750872+08:00","21692","True","55.438","2503.5","False","False"
"2026-08-06T11:25:15.7697476+08:00","21692","True","55.438","2503.5","False","False"
"2026-08-06T11:25:15.8789502+08:00","21692","True","55.438","2503.5","False","False"
"2026-08-06T11:25:15.9731220+08:00","21692","True","55.438","2503.5","False","False"
"2026-08-06T11:25:16.0691294+08:00","21692","True","55.438","2503.5","False","False"
"2026-08-06T11:25:16.1775326+08:00","21692","True","55.453","2503.5","False","False"
"2026-08-06T11:25:16.2716770+08:00","21692","True","55.453","2503.5","False","False"
"2026-08-06T11:25:16.3660505+08:00","21692","True","55.531","2503.5","False","False"
"2026-08-06T11:25:16.4769696+08:00","21692","True","55.531","2503.5","False","False"
"2026-08-06T11:25:16.5694710+08:00","21692","True","55.531","2503.5","False","False"
"2026-08-06T11:25:16.6797028+08:00","21692","True","55.531","2503.5","False","False"
"2026-08-06T11:25:16.7715003+08:00","21692","True","55.531","2503.5","False","False"
"2026-08-06T11:25:16.8803663+08:00","21692","True","55.547","2503.5","False","False"
"2026-08-06T11:25:16.9751299+08:00","21692","True","55.547","2503.5","False","False"
"2026-08-06T11:25:17.0682541+08:00","21692","True","55.547","2503.5","False","False"
"2026-08-06T11:25:17.1777586+08:00","21692","True","55.547","2503.5","False","False"
"2026-08-06T11:25:17.2709605+08:00","21692","True","55.547","2503.5","False","False"
"2026-08-06T11:25:17.3786194+08:00","21692","True","55.547","2503.5","False","False"
"2026-08-06T11:25:17.4720411+08:00","21692","True","55.547","2503.5","False","False"
"2026-08-06T11:25:17.5670214+08:00","21692","True","55.547","2503.5","False","False"
"2026-08-06T11:25:17.6781594+08:00","21692","True","55.547","2503.5","False","False"
"2026-08-06T11:25:17.7721995+08:00","21692","True","55.625","2503.5","False","False"
"2026-08-06T11:25:17.8804824+08:00","21692","True","55.625","2503.5","False","False"
"2026-08-06T11:25:17.9736189+08:00","21692","True","55.625","2503.5","False","False"
"2026-08-06T11:25:18.0673623+08:00","21692","True","55.625","2503.5","False","False"
"2026-08-06T11:25:18.1750345+08:00","21692","True","55.625","2503.5","False","False"
"2026-08-06T11:25:18.2827693+08:00","21692","True","55.625","2503.5","False","False"
"2026-08-06T11:25:18.3787047+08:00","21692","True","55.625","2503.5","False","False"
"2026-08-06T11:25:18.4720923+08:00","21692","True","55.625","2503.5","False","False"
"2026-08-06T11:25:18.5666307+08:00","21692","True","55.625","2503.5","False","False"
"2026-08-06T11:25:18.6748442+08:00","21692","True","55.625","2503.5","False","False"
"2026-08-06T11:25:18.7692374+08:00","21692","True","55.625","2503.5","False","False"
"2026-08-06T11:25:18.8748718+08:00","21692","True","55.625","2503.5","False","False"
"2026-08-06T11:25:18.9837285+08:00","21692","True","55.625","2503.5","False","False"
"2026-08-06T11:25:19.0791710+08:00","21692","True","55.625","2503.5","False","False"
"2026-08-06T11:25:19.1879253+08:00","21692","True","55.641","2503.5","False","False"
"2026-08-06T11:25:19.2811576+08:00","21692","True","55.641","2503.5","False","False"
"2026-08-06T11:25:19.3929357+08:00","21692","True","55.641","2503.5","False","False"
"2026-08-06T11:25:19.4860046+08:00","21692","True","55.703","2503.5","False","False"
"2026-08-06T11:25:19.5795208+08:00","21692","True","55.703","2503.5","False","False"
"2026-08-06T11:25:19.6877420+08:00","21692","True","55.703","2503.5","False","False"
"2026-08-06T11:25:19.7831859+08:00","21692","True","55.703","2503.5","False","False"
"2026-08-06T11:25:19.8744891+08:00","21692","True","55.703","2503.5","False","False"
"2026-08-06T11:25:19.9825459+08:00","21692","True","55.703","2503.5","False","False"
"2026-08-06T11:25:20.0756737+08:00","21692","True","55.703","2503.5","False","False"
"2026-08-06T11:25:20.1847592+08:00","21692","True","55.703","2503.5","False","False"
"2026-08-06T11:25:20.2788747+08:00","21692","True","55.719","2503.5","False","False"
"2026-08-06T11:25:20.3881032+08:00","21692","True","55.734","2503.5","False","False"
"2026-08-06T11:25:20.4829564+08:00","21692","True","55.734","2503.5","False","False"
"2026-08-06T11:25:20.5771807+08:00","21692","True","55.734","2503.5","False","False"
"2026-08-06T11:25:20.6862236+08:00","21692","True","55.734","2503.5","False","False"
"2026-08-06T11:25:20.7801446+08:00","21692","True","55.734","2503.5","False","False"
"2026-08-06T11:25:20.8876581+08:00","21692","True","55.75","2503.5","False","False"
"2026-08-06T11:25:20.9814815+08:00","21692","True","55.766","2503.5","False","False"
"2026-08-06T11:25:21.0747458+08:00","21692","True","55.766","2503.5","False","False"
"2026-08-06T11:25:21.1852953+08:00","21692","True","55.766","2503.5","False","False"
"2026-08-06T11:25:21.2778097+08:00","21692","True","55.797","2503.5","False","False"
"2026-08-06T11:25:21.3718482+08:00","21692","True","55.797","2503.5","False","False"
"2026-08-06T11:25:21.4802124+08:00","21692","True","55.797","2503.5","False","False"
"2026-08-06T11:25:21.5743370+08:00","21692","True","55.812","2503.5","False","False"
"2026-08-06T11:25:21.6830024+08:00","21692","True","55.812","2503.5","False","False"
"2026-08-06T11:25:21.7782095+08:00","21692","True","55.812","2503.5","False","False"
"2026-08-06T11:25:21.8686308+08:00","21692","True","55.812","2503.5","False","False"
"2026-08-06T11:25:21.9786288+08:00","21692","True","55.812","2503.5","False","False"
"2026-08-06T11:25:22.0719992+08:00","21692","True","55.812","2503.5","False","False"
"2026-08-06T11:25:22.1661021+08:00","21692","True","55.812","2503.5","False","False"
"2026-08-06T11:25:22.2749392+08:00","21692","True","55.812","2503.5","False","False"
"2026-08-06T11:25:22.3688000+08:00","21692","True","55.812","2503.5","False","False"
"2026-08-06T11:25:22.4800484+08:00","21692","True","55.812","2503.5","False","False"
"2026-08-06T11:25:22.5749010+08:00","21692","True","55.828","2503.5","False","False"
"2026-08-06T11:25:22.6845631+08:00","21692","True","55.828","2503.5","False","False"
"2026-08-06T11:25:22.7786110+08:00","21692","True","55.891","2503.5","False","False"
"2026-08-06T11:25:22.8725119+08:00","21692","True","55.922","2503.5","False","False"
"2026-08-06T11:25:22.9798294+08:00","21692","True","55.938","2503.5","False","False"
"2026-08-06T11:25:23.0725836+08:00","21692","True","55.938","2503.5","False","False"
"2026-08-06T11:25:23.1668963+08:00","21692","True","55.938","2503.5","False","False"
"2026-08-06T11:25:23.2778953+08:00","21692","True","55.938","2503.5","False","False"
"2026-08-06T11:25:23.3718934+08:00","21692","True","55.938","2503.5","False","False"
"2026-08-06T11:25:23.4816175+08:00","21692","True","55.953","2503.5","False","False"
"2026-08-06T11:25:23.5756611+08:00","21692","True","55.953","2503.5","False","False"
"2026-08-06T11:25:23.6690333+08:00","21692","True","55.984","2503.5","False","False"
"2026-08-06T11:25:23.7766224+08:00","21692","True","55.984","2503.5","False","False"
"2026-08-06T11:25:23.8689544+08:00","21692","True","55.984","2503.5","False","False"
"2026-08-06T11:25:23.9791428+08:00","21692","True","55.984","2503.5","False","False"
"2026-08-06T11:25:24.0718423+08:00","21692","True","55.984","2503.5","False","False"
"2026-08-06T11:25:24.1804116+08:00","21692","True","56.031","2503.5","False","False"
"2026-08-06T11:25:24.2749844+08:00","21692","True","56.031","2503.5","False","False"
"2026-08-06T11:25:24.3698201+08:00","21692","True","56.031","2503.5","False","False"
"2026-08-06T11:25:24.4787625+08:00","21692","True","56.172","2503.5","False","False"
"2026-08-06T11:25:24.5727810+08:00","21692","True","56.203","2503.5","False","False"
"2026-08-06T11:25:24.6663383+08:00","21692","True","56.203","2503.5","False","False"
"2026-08-06T11:25:24.7757162+08:00","21692","True","56.203","2503.5","False","False"
"2026-08-06T11:25:24.8705930+08:00","21692","True","56.203","2503.5","False","False"
"2026-08-06T11:25:24.9802159+08:00","21692","True","56.203","2503.5","False","False"
"2026-08-06T11:25:25.0726703+08:00","21692","True","56.203","2503.5","False","False"
"2026-08-06T11:25:25.1680145+08:00","21692","True","56.203","2503.5","False","False"
"2026-08-06T11:25:25.2778696+08:00","21692","True","56.203","2503.5","False","False"
"2026-08-06T11:25:25.3725518+08:00","21692","True","56.203","2503.5","False","False"
"2026-08-06T11:25:25.4818780+08:00","21692","True","56.219","2503.5","False","False"
"2026-08-06T11:25:25.5749315+08:00","21692","True","56.234","2503.5","False","False"
"2026-08-06T11:25:25.6826840+08:00","21692","True","56.234","2503.5","False","False"
"2026-08-06T11:25:25.7774613+08:00","21692","True","56.266","2503.5","False","False"
"2026-08-06T11:25:25.8717315+08:00","21692","True","56.266","2503.5","False","False"
"2026-08-06T11:25:25.9796449+08:00","21692","True","56.266","2503.5","False","False"
"2026-08-06T11:25:26.0750815+08:00","21692","True","56.297","2503.5","False","False"
"2026-08-06T11:25:26.1824799+08:00","21692","True","56.297","2503.5","False","False"
"2026-08-06T11:25:26.2757879+08:00","21692","True","56.297","2503.5","False","False"
"2026-08-06T11:25:26.3682559+08:00","21692","True","56.297","2503.5","False","False"
"2026-08-06T11:25:26.4783655+08:00","21692","True","56.297","2503.5","False","False"
"2026-08-06T11:25:26.5734545+08:00","21692","True","56.297","2503.5","False","False"
"2026-08-06T11:25:26.6673894+08:00","21692","True","56.297","2503.5","False","False"
"2026-08-06T11:25:26.7753303+08:00","21692","True","56.297","2503.5","False","False"
"2026-08-06T11:25:26.8697179+08:00","21692","True","56.297","2503.5","False","False"
"2026-08-06T11:25:26.9788263+08:00","21692","True","56.297","2503.5","False","False"
"2026-08-06T11:25:27.0723191+08:00","21692","True","56.297","2503.5","False","False"
"2026-08-06T11:25:27.1654995+08:00","21692","True","56.297","2503.5","False","False"
"2026-08-06T11:25:27.2766312+08:00","21692","True","56.297","2503.5","False","False"
"2026-08-06T11:25:27.3708918+08:00","21692","True","56.297","2503.5","False","False"
"2026-08-06T11:25:27.4664991+08:00","21692","True","56.297","2503.5","False","False"
"2026-08-06T11:25:27.5756315+08:00","21692","True","56.297","2503.5","False","False"
"2026-08-06T11:25:27.6867127+08:00","21692","True","56.297","2503.5","False","False"
"2026-08-06T11:25:27.7799054+08:00","21692","True","56.297","2503.5","False","False"
"2026-08-06T11:25:27.8884632+08:00","21692","True","56.297","2503.5","False","False"
"2026-08-06T11:25:27.9820366+08:00","21692","True","56.297","2503.5","False","False"
"2026-08-06T11:25:28.0749232+08:00","21692","True","56.328","2503.5","False","False"
"2026-08-06T11:25:28.1822508+08:00","21692","True","56.328","2503.5","False","False"
"2026-08-06T11:25:28.2770110+08:00","21692","True","56.328","2503.5","False","False"
"2026-08-06T11:25:28.3696003+08:00","21692","True","56.375","2503.5","False","False"
"2026-08-06T11:25:28.4787464+08:00","21692","True","56.375","2503.5","False","False"
"2026-08-06T11:25:28.5722567+08:00","21692","True","56.375","2503.5","False","False"
"2026-08-06T11:25:28.6669484+08:00","21692","True","56.391","2503.5","False","False"
"2026-08-06T11:25:28.7767496+08:00","21692","True","56.391","2503.5","False","False"
"2026-08-06T11:25:28.8705372+08:00","21692","True","56.469","2503.5","False","False"
"2026-08-06T11:25:28.9796121+08:00","21692","True","56.484","2503.5","False","False"
"2026-08-06T11:25:29.0736508+08:00","21692","True","56.484","2503.5","False","False"
"2026-08-06T11:25:29.1672703+08:00","21692","True","56.484","2503.5","False","False"
"2026-08-06T11:25:29.2753134+08:00","21692","True","56.484","2503.5","False","False"
