"Timestamp","ProcessId","Responding","CpuSeconds","WorkingSetMB","Exited","IdentityMismatch"
"2026-08-06T11:33:51.1968678+08:00","35632","True","0.406","249.9","False","False"
"2026-08-06T11:33:51.3129889+08:00","35632","True","0.656","265.9","False","False"
"2026-08-06T11:33:51.4081267+08:00","35632","True","0.844","280.1","False","False"
"2026-08-06T11:33:51.5023349+08:00","35632","True","1.031","289.4","False","False"
"2026-08-06T11:33:51.6108738+08:00","35632","True","1.25","298.6","False","False"
"2026-08-06T11:33:51.7041945+08:00","35632","True","1.438","304.5","False","False"
"2026-08-06T11:33:51.8140371+08:00","35632","True","1.625","328.1","False","False"
"2026-08-06T11:33:51.9067308+08:00","35632","True","1.797","330.8","False","False"
"2026-08-06T11:33:52.0161722+08:00","35632","True","1.953","340.7","False","False"
"2026-08-06T11:33:52.1114784+08:00","35632","True","2.047","347.7","False","False"
"2026-08-06T11:33:52.2050615+08:00","35632","True","2.172","351.7","False","False"
"2026-08-06T11:33:52.3151815+08:00","35632","True","2.312","363","False","False"
"2026-08-06T11:33:52.4072144+08:00","35632","True","2.406","369.8","False","False"
"2026-08-06T11:33:52.5182208+08:00","35632","True","2.516","372.1","False","False"
"2026-08-06T11:33:52.6102121+08:00","35632","True","2.609","374.8","False","False"
"2026-08-06T11:33:52.7199049+08:00","35632","True","2.719","381.9","False","False"
"2026-08-06T11:33:52.8137847+08:00","35632","True","2.812","391.5","False","False"
"2026-08-06T11:33:52.9069250+08:00","35632","True","2.891","413.9","False","False"
"2026-08-06T11:33:53.0154301+08:00","35632","True","2.984","527.2","False","False"
"2026-08-06T11:33:53.1111859+08:00","35632","True","3.172","631.4","False","False"
"2026-08-06T11:33:53.2028992+08:00","35632","True","3.328","698.8","False","False"
"2026-08-06T11:33:53.3131499+08:00","35632","True","3.484","725.1","False","False"
"2026-08-06T11:33:53.6124722+08:00","35632","True","3.484","725.3","False","False"
"2026-08-06T11:33:53.6175288+08:00","35632","True","3.688","798.2","False","False"
"2026-08-06T11:33:53.7971004+08:00","35632","True","3.922","861","False","False"
"2026-08-06T11:33:53.8601129+08:00","35632","True","3.984","861.8","False","False"
"2026-08-06T11:33:53.8648553+08:00","35632","True","3.984","863","False","False"
"2026-08-06T11:33:53.9031745+08:00","35632","True","4.406","903.4","False","False"
"2026-08-06T11:33:54.0118886+08:00","35632","True","4.531","910.2","False","False"
"2026-08-06T11:33:54.1050998+08:00","35632","True","5.125","960.8","False","False"
"2026-08-06T11:33:54.2601033+08:00","35632","True","8.016","1602.9","False","False"
"2026-08-06T11:33:57.7102845+08:00","35632","True","8.969","1730.8","False","False"
"2026-08-06T11:33:58.5039737+08:00","35632","True","9.844","1775.7","False","False"
"2026-08-06T11:33:59.3829969+08:00","35632","True","10.359","1819.7","False","False"
"2026-08-06T11:33:59.8392412+08:00","35632","True","10.734","1864.8","False","False"
"2026-08-06T11:34:00.2099566+08:00","35632","True","10.781","1868.8","False","False"
"2026-08-06T11:34:00.2626321+08:00","35632","True","10.797","1869.1","False","False"
"2026-08-06T11:34:00.2803773+08:00","35632","True","11.094","1892.5","False","False"
"2026-08-06T11:34:00.5734465+08:00","35632","True","12.969","1979.3","False","False"
"2026-08-06T11:34:02.4444658+08:00","35632","True","13.062","1987","False","False"
"2026-08-06T11:34:02.5393127+08:00","35632","True","13.125","1990.8","False","False"
"2026-08-06T11:34:02.5873144+08:00","35632","True","13.422","2004.8","False","False"
"2026-08-06T11:34:02.7977792+08:00","35632","True","13.766","2042.9","False","False"
"2026-08-06T11:34:03.2201908+08:00","35632","True","13.781","2039.2","False","False"
"2026-08-06T11:34:03.2339189+08:00","35632","True","13.828","2037.7","False","False"
"2026-08-06T11:34:03.2474308+08:00","35632","True","13.969","2038.3","False","False"
"2026-08-06T11:34:03.2582832+08:00","35632","True","14.359","2104","False","False"
"2026-08-06T11:34:03.4758127+08:00","35632","True","14.359","2104.4","False","False"
"2026-08-06T11:34:03.4805805+08:00","35632","True","14.359","2104.7","False","False"
"2026-08-06T11:34:03.4846755+08:00","35632","True","14.391","2104.7","False","False"
"2026-08-06T11:34:03.4888216+08:00","35632","True","14.391","2104.8","False","False"
"2026-08-06T11:34:03.4932980+08:00","35632","True","14.391","2104.9","False","False"
"2026-08-06T11:34:03.4977592+08:00","35632","True","14.406","2105","False","False"
"2026-08-06T11:34:03.5018845+08:00","35632","True","14.406","2105","False","False"
"2026-08-06T11:34:03.5077136+08:00","35632","True","14.406","2105","False","False"
"2026-08-06T11:34:03.5121151+08:00","35632","True","14.406","2105.1","False","False"
"2026-08-06T11:34:03.5165469+08:00","35632","True","14.438","2105.1","False","False"
"2026-08-06T11:34:03.5209334+08:00","35632","True","14.438","2105.1","False","False"
"2026-08-06T11:34:03.5255188+08:00","35632","True","14.438","2103.6","False","False"
"2026-08-06T11:34:03.5308000+08:00","35632","True","14.469","2103.2","False","False"
"2026-08-06T11:34:03.5567520+08:00","35632","True","14.516","2093.5","False","False"
"2026-08-06T11:34:04.0843058+08:00","35632","True","14.516","2093.5","False","False"
"2026-08-06T11:34:04.0888761+08:00","35632","True","14.516","2093.5","False","False"
"2026-08-06T11:34:04.0936466+08:00","35632","True","14.531","2093.5","False","False"
"2026-08-06T11:34:04.0984101+08:00","35632","True","14.531","2093.5","False","False"
"2026-08-06T11:34:04.1049962+08:00","35632","True","14.531","2093.5","False","False"
"2026-08-06T11:34:04.1098664+08:00","35632","True","14.547","2093.5","False","False"
"2026-08-06T11:34:04.1144939+08:00","35632","True","14.547","2093.5","False","False"
"2026-08-06T11:34:04.1194629+08:00","35632","True","14.547","2093.5","False","False"
"2026-08-06T11:34:04.1238950+08:00","35632","True","14.562","2093.5","False","False"
"2026-08-06T11:34:04.1288177+08:00","35632","True","14.562","2093.5","False","False"
"2026-08-06T11:34:04.1333380+08:00","35632","True","14.562","2093.5","False","False"
"2026-08-06T11:34:04.1379231+08:00","35632","True","14.562","2093.5","False","False"
"2026-08-06T11:34:04.1419857+08:00","35632","True","14.578","2093.5","False","False"
"2026-08-06T11:34:04.1465482+08:00","35632","True","14.578","2093.5","False","False"
"2026-08-06T11:34:04.1507513+08:00","35632","True","14.578","2093.5","False","False"
"2026-08-06T11:34:04.1548444+08:00","35632","True","14.578","2093.5","False","False"
"2026-08-06T11:34:04.1589689+08:00","35632","True","14.594","2093.5","False","False"
"2026-08-06T11:34:04.1637992+08:00","35632","True","14.594","2093.5","False","False"
"2026-08-06T11:34:04.1682047+08:00","35632","True","14.594","2093.5","False","False"
"2026-08-06T11:34:04.1725057+08:00","35632","True","14.625","2093.5","False","False"
"2026-08-06T11:34:04.1771251+08:00","35632","True","14.625","2093.5","False","False"
"2026-08-06T11:34:04.1816112+08:00","35632","True","14.625","2093.5","False","False"
"2026-08-06T11:34:04.1859187+08:00","35632","True","14.641","2093.5","False","False"
"2026-08-06T11:34:04.1902309+08:00","35632","True","14.641","2093.5","False","False"
"2026-08-06T11:34:04.1949554+08:00","35632","True","14.641","2093.5","False","False"
"2026-08-06T11:34:04.1994127+08:00","35632","True","14.641","2093.5","False","False"
"2026-08-06T11:34:04.2038628+08:00","35632","True","14.656","2093.5","False","False"
"2026-08-06T11:34:04.2082930+08:00","35632","True","14.656","2093.5","False","False"
"2026-08-06T11:34:04.2127492+08:00","35632","True","14.656","2093.5","False","False"
"2026-08-06T11:34:04.2171146+08:00","35632","True","14.672","2093.5","False","False"
"2026-08-06T11:34:04.2215010+08:00","35632","True","14.672","2093.5","False","False"
"2026-08-06T11:34:04.2270939+08:00","35632","True","14.672","2093.5","False","False"
"2026-08-06T11:34:04.2317106+08:00","35632","True","14.672","2093.5","False","False"
"2026-08-06T11:34:04.2361893+08:00","35632","True","14.688","2093.5","False","False"
"2026-08-06T11:34:04.2407741+08:00","35632","True","14.688","2093.5","False","False"
"2026-08-06T11:34:04.2452270+08:00","35632","True","14.688","2093.5","False","False"
"2026-08-06T11:34:04.2495310+08:00","35632","True","14.703","2093.5","False","False"
"2026-08-06T11:34:04.2537918+08:00","35632","True","14.703","2093.5","False","False"
"2026-08-06T11:34:04.2589739+08:00","35632","True","14.703","2093.5","False","False"
"2026-08-06T11:34:04.2637926+08:00","35632","True","14.703","2093.5","False","False"
"2026-08-06T11:34:04.2682330+08:00","35632","True","14.719","2093.5","False","False"
"2026-08-06T11:34:04.2725689+08:00","35632","True","14.719","2093.5","False","False"
"2026-08-06T11:34:04.2770819+08:00","35632","True","14.719","2093.5","False","False"
"2026-08-06T11:34:04.2814217+08:00","35632","True","14.734","2093.5","False","False"
"2026-08-06T11:34:04.2859453+08:00","35632","True","14.734","2093.5","False","False"
"2026-08-06T11:34:04.2902116+08:00","35632","True","14.734","2093.5","False","False"
"2026-08-06T11:34:04.2947823+08:00","35632","True","14.734","2093.5","False","False"
"2026-08-06T11:34:04.2992499+08:00","35632","True","14.75","2093.5","False","False"
"2026-08-06T11:34:04.3035613+08:00","35632","True","14.75","2093.5","False","False"
"2026-08-06T11:34:04.3075739+08:00","35632","True","14.75","2093.5","False","False"
"2026-08-06T11:34:04.3118314+08:00","35632","True","14.766","2093.5","False","False"
"2026-08-06T11:34:04.3160748+08:00","35632","True","14.766","2093.5","False","False"
"2026-08-06T11:34:04.3209474+08:00","35632","True","14.766","2093.5","False","False"
"2026-08-06T11:34:04.3251174+08:00","35632","True","14.766","2093.5","False","False"
"2026-08-06T11:34:04.3297353+08:00","35632","True","14.781","2093.5","False","False"
"2026-08-06T11:34:04.3342446+08:00","35632","True","14.781","2093.5","False","False"
"2026-08-06T11:34:04.3384159+08:00","35632","True","14.781","2093.5","False","False"
"2026-08-06T11:34:04.3424707+08:00","35632","True","14.797","2093.5","False","False"
"2026-08-06T11:34:04.3471397+08:00","35632","True","14.797","2093.5","False","False"
"2026-08-06T11:34:04.3516055+08:00","35632","True","14.797","2093.5","False","False"
"2026-08-06T11:34:04.3558212+08:00","35632","True","14.797","2093.5","False","False"
"2026-08-06T11:34:04.3600534+08:00","35632","True","14.812","2093.5","False","False"
"2026-08-06T11:34:04.3644403+08:00","35632","True","14.812","2093.5","False","False"
"2026-08-06T11:34:04.3691373+08:00","35632","True","14.812","2093.5","False","False"
"2026-08-06T11:34:04.3731956+08:00","35632","True","14.828","2093.5","False","False"
"2026-08-06T11:34:04.3773841+08:00","35632","True","14.828","2093.5","False","False"
"2026-08-06T11:34:04.3819301+08:00","35632","True","14.828","2093.5","False","False"
"2026-08-06T11:34:04.3862112+08:00","35632","True","14.828","2093.5","False","False"
"2026-08-06T11:34:04.3903791+08:00","35632","True","14.844","2093.5","False","False"
"2026-08-06T11:34:04.3951863+08:00","35632","True","14.844","2093.5","False","False"
"2026-08-06T11:34:04.4011406+08:00","35632","True","14.844","2093.5","False","False"
"2026-08-06T11:34:04.4055474+08:00","35632","True","14.859","2093.5","False","False"
"2026-08-06T11:34:04.5032090+08:00","35632","True","14.953","2093.5","False","False"
"2026-08-06T11:34:04.5973065+08:00","35632","True","15.188","2094.3","False","False"
"2026-08-06T11:34:04.6987536+08:00","35632","True","15.297","2095.7","False","False"
"2026-08-06T11:34:04.8058434+08:00","35632","True","15.344","2096.4","False","False"
"2026-08-06T11:34:04.9089939+08:00","35632","True","16.828","2341.4","False","False"
"2026-08-06T11:34:05.3947478+08:00","35632","True","18.281","2400.4","False","False"
"2026-08-06T11:34:06.0321633+08:00","35632","True","19.062","2461.7","False","False"
"2026-08-06T11:34:06.1173927+08:00","35632","True","19.062","2464.1","False","False"
"2026-08-06T11:34:06.1276712+08:00","35632","True","19.188","2464.9","False","False"
"2026-08-06T11:34:06.1373996+08:00","35632","True","19.484","2472.6","False","False"
"2026-08-06T11:34:06.2159553+08:00","35632","True","19.516","2473.9","False","False"
"2026-08-06T11:34:06.2339223+08:00","35632","True","19.516","2473.9","False","False"
"2026-08-06T11:34:06.2388377+08:00","35632","True","19.516","2473.9","False","False"
"2026-08-06T11:34:06.2432036+08:00","35632","True","19.516","2473.9","False","False"
"2026-08-06T11:34:06.2474176+08:00","35632","True","19.562","2473.9","False","False"
"2026-08-06T11:34:06.2517583+08:00","35632","True","19.578","2473.9","False","False"
"2026-08-06T11:34:06.2575357+08:00","35632","True","19.578","2473.9","False","False"
"2026-08-06T11:34:06.2620607+08:00","35632","True","19.578","2473.9","False","False"
"2026-08-06T11:34:06.2997160+08:00","35632","True","19.594","2473.9","False","False"
"2026-08-06T11:34:06.4093286+08:00","35632","True","19.594","2473.9","False","False"
"2026-08-06T11:34:06.5035956+08:00","35632","True","19.594","2473.9","False","False"
"2026-08-06T11:34:06.5968126+08:00","35632","True","19.594","2474","False","False"
"2026-08-06T11:34:06.7080591+08:00","35632","True","19.609","2474.4","False","False"
"2026-08-06T11:34:06.8010232+08:00","35632","True","19.75","2474.4","False","False"
"2026-08-06T11:34:06.9080903+08:00","35632","True","19.797","2475","False","False"
"2026-08-06T11:34:07.0023468+08:00","35632","True","19.828","2475","False","False"
"2026-08-06T11:34:07.1099760+08:00","35632","True","19.828","2475","False","False"
"2026-08-06T11:34:07.2029674+08:00","35632","True","19.828","2475","False","False"
"2026-08-06T11:34:07.3134057+08:00","35632","True","19.984","2475.1","False","False"
"2026-08-06T11:34:07.4085228+08:00","35632","True","20.172","2496.5","False","False"
"2026-08-06T11:34:07.5170623+08:00","35632","True","20.641","2500.3","False","False"
"2026-08-06T11:34:07.8563569+08:00","35632","True","20.719","2500.6","False","False"
"2026-08-06T11:34:07.8833760+08:00","35632","True","20.906","2501.7","False","False"
"2026-08-06T11:34:08.0867644+08:00","35632","True","20.953","2501.9","False","False"
"2026-08-06T11:34:08.0981639+08:00","35632","True","20.953","2502","False","False"
"2026-08-06T11:34:08.1031025+08:00","35632","True","20.953","2502.2","False","False"
"2026-08-06T11:34:08.1078548+08:00","35632","True","20.953","2502.3","False","False"
"2026-08-06T11:34:08.2058682+08:00","35632","True","21.078","2518.9","False","False"
"2026-08-06T11:34:08.2992294+08:00","35632","True","21.156","2522.6","False","False"
"2026-08-06T11:34:08.4081645+08:00","35632","True","21.359","2529.1","False","False"
"2026-08-06T11:34:08.5032818+08:00","35632","True","21.438","2531.6","False","False"
"2026-08-06T11:34:08.5978769+08:00","35632","True","21.438","2531.6","False","False"
"2026-08-06T11:34:08.7078263+08:00","35632","True","21.438","2531.6","False","False"
"2026-08-06T11:34:08.8012097+08:00","35632","True","21.469","2538.4","False","False"
"2026-08-06T11:34:08.9093835+08:00","35632","True","21.578","2538.5","False","False"
"2026-08-06T11:34:09.0025683+08:00","35632","True","21.75","2536.2","False","False"
"2026-08-06T11:34:09.1721313+08:00","35632","True","21.766","2536.2","False","False"
"2026-08-06T11:34:09.2059037+08:00","35632","True","21.812","2539.8","False","False"
"2026-08-06T11:34:09.3145735+08:00","35632","True","21.938","2540.2","False","False"
"2026-08-06T11:34:09.4102425+08:00","35632","True","22.016","2540.2","False","False"
"2026-08-06T11:34:09.5047573+08:00","35632","True","22.094","2542.8","False","False"
"2026-08-06T11:34:09.5983530+08:00","35632","True","22.125","2544.8","False","False"
"2026-08-06T11:34:09.7069344+08:00","35632","True","22.156","2544.8","False","False"
"2026-08-06T11:34:09.7996064+08:00","35632","True","22.172","2544.8","False","False"
"2026-08-06T11:34:09.9081667+08:00","35632","True","22.328","2551.5","False","False"
"2026-08-06T11:34:10.0170136+08:00","35632","True","22.547","2558.8","False","False"
"2026-08-06T11:34:10.0965776+08:00","35632","True","22.781","2568.1","False","False"
"2026-08-06T11:34:10.2061067+08:00","35632","True","22.906","2568.1","False","False"
"2026-08-06T11:34:10.3141560+08:00","35632","True","23.172","2568.1","False","False"
"2026-08-06T11:34:10.4089923+08:00","35632","True","23.281","2568.1","False","False"
"2026-08-06T11:34:10.5049272+08:00","35632","True","23.422","2568.1","False","False"
"2026-08-06T11:34:10.5970155+08:00","35632","True","23.484","2568.8","False","False"
"2026-08-06T11:34:10.7059281+08:00","35632","True","23.672","2568.9","False","False"
"2026-08-06T11:34:10.7997524+08:00","35632","True","23.891","2569.3","False","False"
"2026-08-06T11:34:10.9087800+08:00","35632","True","24.031","2571.8","False","False"
"2026-08-06T11:34:11.0184808+08:00","35632","True","24.078","2571.8","False","False"
"2026-08-06T11:34:11.1099893+08:00","35632","True","24.172","2571.8","False","False"
"2026-08-06T11:34:11.2188674+08:00","35632","True","24.266","2571.8","False","False"
"2026-08-06T11:34:11.3131315+08:00","35632","True","24.469","2571.9","False","False"
"2026-08-06T11:34:11.4072038+08:00","35632","True","24.578","2568.8","False","False"
"2026-08-06T11:34:11.5163248+08:00","35632","True","24.797","2572","False","False"
"2026-08-06T11:34:11.6091536+08:00","35632","True","24.859","2572","False","False"
"2026-08-06T11:34:11.7190885+08:00","35632","True","25.078","2572","False","False"
"2026-08-06T11:34:11.7968844+08:00","35632","True","25.234","2572","False","False"
"2026-08-06T11:34:11.9052169+08:00","35632","True","25.406","2572.1","False","False"
"2026-08-06T11:34:12.0159955+08:00","35632","True","25.562","2572.1","False","False"
"2026-08-06T11:34:12.1102080+08:00","35632","True","25.688","2572.1","False","False"
"2026-08-06T11:34:12.2179743+08:00","35632","True","25.859","2572.4","False","False"
"2026-08-06T11:34:12.3099866+08:00","35632","True","25.984","2572.4","False","False"
"2026-08-06T11:34:12.4201560+08:00","35632","True","26.031","2572.1","False","False"
"2026-08-06T11:34:12.5130323+08:00","35632","True","26.031","2572.1","False","False"
"2026-08-06T11:34:12.6083250+08:00","35632","True","26.047","2572.1","False","False"
"2026-08-06T11:34:12.7171723+08:00","35632","True","26.094","2572.1","False","False"
"2026-08-06T11:34:12.8109089+08:00","35632","True","26.141","2572.1","False","False"
"2026-08-06T11:34:12.9217112+08:00","35632","True","26.188","2572.1","False","False"
"2026-08-06T11:34:13.0158626+08:00","35632","True","26.375","2582.2","False","False"
"2026-08-06T11:34:13.1092159+08:00","35632","True","26.641","2584.9","False","False"
"2026-08-06T11:34:13.2177640+08:00","35632","True","26.812","2584.9","False","False"
"2026-08-06T11:34:13.3455850+08:00","35632","True","26.828","2584.9","False","False"
"2026-08-06T11:34:13.4029976+08:00","35632","True","26.891","2584.9","False","False"
"2026-08-06T11:34:13.5137205+08:00","35632","True","27.188","2585.1","False","False"
"2026-08-06T11:34:13.6078642+08:00","35632","True","27.375","2585.2","False","False"
"2026-08-06T11:34:13.7161216+08:00","35632","True","27.578","2585.4","False","False"
"2026-08-06T11:34:13.8099567+08:00","35632","True","27.906","2585.5","False","False"
"2026-08-06T11:34:13.9037671+08:00","35632","True","28","2585.7","False","False"
"2026-08-06T11:34:14.0136659+08:00","35632","True","28.266","2585.8","False","False"
"2026-08-06T11:34:14.1068391+08:00","35632","True","28.391","2586.2","False","False"
"2026-08-06T11:34:14.2148354+08:00","35632","True","28.438","2586.3","False","False"
"2026-08-06T11:34:14.3099771+08:00","35632","True","28.531","2586.3","False","False"
"2026-08-06T11:34:14.4169859+08:00","35632","True","28.672","2586.5","False","False"
"2026-08-06T11:34:14.5110223+08:00","35632","True","28.953","2586.8","False","False"
"2026-08-06T11:34:14.6055845+08:00","35632","True","29.219","2586.9","False","False"
"2026-08-06T11:34:14.7150246+08:00","35632","True","29.344","2587.5","False","False"
"2026-08-06T11:34:14.8085246+08:00","35632","True","29.562","2587.5","False","False"
"2026-08-06T11:34:14.9189804+08:00","35632","True","29.938","2587.7","False","False"
"2026-08-06T11:34:15.0125622+08:00","35632","True","30.094","2587.7","False","False"
"2026-08-06T11:34:15.1067068+08:00","35632","True","30.188","2587.7","False","False"
"2026-08-06T11:34:15.2151746+08:00","35632","True","30.375","2587.8","False","False"
"2026-08-06T11:34:15.3102006+08:00","35632","True","30.547","2587.8","False","False"
"2026-08-06T11:34:15.4202915+08:00","35632","True","30.781","2587.8","False","False"
"2026-08-06T11:34:15.5149158+08:00","35632","True","30.844","2587.8","False","False"
"2026-08-06T11:34:15.6077136+08:00","35632","True","30.938","2587.8","False","False"
"2026-08-06T11:34:15.7168118+08:00","35632","True","31.25","2589.9","False","False"
"2026-08-06T11:34:15.8112274+08:00","35632","True","31.547","2589.9","False","False"
"2026-08-06T11:34:15.9037596+08:00","35632","True","31.688","2589.9","False","False"
"2026-08-06T11:34:16.0112575+08:00","35632","True","31.922","2589.9","False","False"
"2026-08-06T11:34:16.1042767+08:00","35632","True","32.047","2591.3","False","False"
"2026-08-06T11:34:16.2137176+08:00","35632","False","41.484","2679.3","False","False"
"2026-08-06T11:34:21.2305584+08:00","35632","False","41.484","2679.3","False","False"
"2026-08-06T11:34:21.2353105+08:00","35632","False","41.5","2679.3","False","False"
"2026-08-06T11:34:21.2397732+08:00","35632","False","41.5","2679.3","False","False"
"2026-08-06T11:34:21.2444887+08:00","35632","False","41.5","2679.3","False","False"
"2026-08-06T11:34:21.2489883+08:00","35632","False","41.5","2679.3","False","False"
"2026-08-06T11:34:21.2533878+08:00","35632","False","41.516","2679.3","False","False"
"2026-08-06T11:34:21.2579675+08:00","35632","False","41.516","2679.3","False","False"
"2026-08-06T11:34:21.2626476+08:00","35632","False","41.516","2679.3","False","False"
"2026-08-06T11:34:21.2671496+08:00","35632","False","41.531","2679.3","False","False"
"2026-08-06T11:34:21.2714444+08:00","35632","False","41.531","2679.3","False","False"
"2026-08-06T11:34:21.2760123+08:00","35632","False","41.531","2679.3","False","False"
"2026-08-06T11:34:21.2805287+08:00","35632","False","41.547","2679.3","False","False"
"2026-08-06T11:34:21.2850681+08:00","35632","False","41.547","2679.3","False","False"
"2026-08-06T11:34:21.2895698+08:00","35632","False","41.547","2679.3","False","False"
"2026-08-06T11:34:21.2940681+08:00","35632","False","41.547","2679.3","False","False"
"2026-08-06T11:34:21.2985320+08:00","35632","False","41.562","2679.3","False","False"
"2026-08-06T11:34:21.3029899+08:00","35632","False","41.562","2679.3","False","False"
"2026-08-06T11:34:21.3076883+08:00","35632","False","41.562","2679.3","False","False"
"2026-08-06T11:34:21.3122983+08:00","35632","False","41.578","2679.3","False","False"
"2026-08-06T11:34:21.3167256+08:00","35632","False","41.578","2679.3","False","False"
"2026-08-06T11:34:21.3212102+08:00","35632","False","41.578","2679.3","False","False"
"2026-08-06T11:34:21.3257724+08:00","35632","False","41.578","2679.3","False","False"
"2026-08-06T11:34:21.3305630+08:00","35632","False","41.594","2679.3","False","False"
"2026-08-06T11:34:21.3350898+08:00","35632","False","41.594","2679.3","False","False"
"2026-08-06T11:34:21.3396039+08:00","35632","False","41.594","2679.3","False","False"
"2026-08-06T11:34:21.3438949+08:00","35632","False","41.609","2679.3","False","False"
"2026-08-06T11:34:21.3482720+08:00","35632","False","41.609","2679.3","False","False"
"2026-08-06T11:34:21.3527163+08:00","35632","False","41.609","2679.3","False","False"
"2026-08-06T11:34:21.3569547+08:00","35632","False","41.625","2679.3","False","False"
"2026-08-06T11:34:21.3615207+08:00","35632","False","41.625","2679.3","False","False"
"2026-08-06T11:34:21.3660678+08:00","35632","False","41.625","2679.3","False","False"
"2026-08-06T11:34:21.3709771+08:00","35632","False","41.625","2679.3","False","False"
"2026-08-06T11:34:21.3752544+08:00","35632","False","41.641","2679.3","False","False"
"2026-08-06T11:34:21.3795481+08:00","35632","False","41.641","2679.3","False","False"
"2026-08-06T11:34:21.3846797+08:00","35632","False","41.641","2679.3","False","False"
"2026-08-06T11:34:21.3890170+08:00","35632","False","41.641","2679.3","False","False"
"2026-08-06T11:34:21.3933319+08:00","35632","False","41.656","2679.3","False","False"
"2026-08-06T11:34:21.3982365+08:00","35632","False","41.656","2679.3","False","False"
"2026-08-06T11:34:21.4026077+08:00","35632","False","41.656","2679.3","False","False"
"2026-08-06T11:34:21.4069553+08:00","35632","False","41.672","2679.3","False","False"
"2026-08-06T11:34:21.4113546+08:00","35632","False","41.672","2679.3","False","False"
"2026-08-06T11:34:21.4160189+08:00","35632","False","41.672","2679.3","False","False"
"2026-08-06T11:34:21.4203345+08:00","35632","False","41.688","2679.3","False","False"
"2026-08-06T11:34:21.4245216+08:00","35632","False","41.688","2679.3","False","False"
"2026-08-06T11:34:21.4291859+08:00","35632","False","41.688","2679.3","False","False"
"2026-08-06T11:34:21.4337152+08:00","35632","False","41.688","2679.3","False","False"
"2026-08-06T11:34:21.4379826+08:00","35632","False","41.703","2679.3","False","False"
"2026-08-06T11:34:21.4420740+08:00","35632","False","41.703","2679.3","False","False"
"2026-08-06T11:34:21.4464150+08:00","35632","False","41.703","2679.3","False","False"
"2026-08-06T11:34:21.4509877+08:00","35632","False","41.703","2679.3","False","False"
"2026-08-06T11:34:21.4562955+08:00","35632","False","41.719","2679.3","False","False"
"2026-08-06T11:34:21.4615662+08:00","35632","False","41.719","2689.3","False","False"
"2026-08-06T11:34:21.5076968+08:00","35632","False","41.766","2689.3","False","False"
"2026-08-06T11:34:21.5999535+08:00","35632","False","41.891","2689.3","False","False"
"2026-08-06T11:34:21.7099687+08:00","35632","False","42","2689.3","False","False"
"2026-08-06T11:34:21.8035064+08:00","35632","False","42.094","2689.2","False","False"
"2026-08-06T11:34:21.8968254+08:00","35632","False","42.188","2689.2","False","False"
"2026-08-06T11:34:22.0070082+08:00","35632","False","42.312","2699.2","False","False"
"2026-08-06T11:34:22.1009552+08:00","35632","False","42.406","2699.2","False","False"
"2026-08-06T11:34:22.2090026+08:00","35632","False","42.516","2699.2","False","False"
"2026-08-06T11:34:22.3035936+08:00","35632","False","42.609","2699.2","False","False"
"2026-08-06T11:34:22.3993564+08:00","35632","False","42.703","2699.2","False","False"
"2026-08-06T11:34:22.5085380+08:00","35632","False","42.812","2709.2","False","False"
"2026-08-06T11:34:22.6023651+08:00","35632","False","42.922","2709.2","False","False"
"2026-08-06T11:34:22.7114889+08:00","35632","False","43.031","2709.2","False","False"
"2026-08-06T11:34:22.8057602+08:00","35632","False","43.125","2709.2","False","False"
"2026-08-06T11:34:22.9011979+08:00","35632","False","43.219","2709.2","False","False"
"2026-08-06T11:34:23.0115240+08:00","35632","False","43.328","2719.2","False","False"
"2026-08-06T11:34:23.1055743+08:00","35632","False","43.422","2719.2","False","False"
"2026-08-06T11:34:23.1982399+08:00","35632","False","43.516","2719.2","False","False"
"2026-08-06T11:34:23.3079879+08:00","35632","False","43.625","2719.2","False","False"
"2026-08-06T11:34:23.4011805+08:00","35632","False","43.719","2719.2","False","False"
"2026-08-06T11:34:23.5110980+08:00","35632","False","43.828","2729.2","False","False"
"2026-08-06T11:34:23.6041957+08:00","35632","False","43.922","2729.2","False","False"
"2026-08-06T11:34:23.6970741+08:00","35632","False","44.016","2729.2","False","False"
"2026-08-06T11:34:23.8082784+08:00","35632","False","44.125","2729.2","False","False"
"2026-08-06T11:34:23.9031300+08:00","35632","False","44.219","2729.2","False","False"
"2026-08-06T11:34:23.9967445+08:00","35632","False","44.312","2739.2","False","False"
"2026-08-06T11:34:24.1049412+08:00","35632","False","44.422","2739.2","False","False"
"2026-08-06T11:34:24.1992164+08:00","35632","True","44.516","2739.2","False","False"
"2026-08-06T11:34:24.3083019+08:00","35632","True","44.75","2742","False","False"
"2026-08-06T11:34:24.4175407+08:00","35632","True","44.797","2750.1","False","False"
"2026-08-06T11:34:24.5113607+08:00","35632","True","44.812","2750.1","False","False"
"2026-08-06T11:34:24.6045811+08:00","35632","True","44.844","2750.1","False","False"
"2026-08-06T11:34:24.6977403+08:00","35632","True","44.906","2751.9","False","False"
"2026-08-06T11:34:24.8068491+08:00","35632","True","44.938","2751.9","False","False"
"2026-08-06T11:34:24.9015964+08:00","35632","True","44.969","2751.9","False","False"
"2026-08-06T11:34:25.0106672+08:00","35632","True","44.969","2751.9","False","False"
"2026-08-06T11:34:25.1047220+08:00","35632","True","44.969","2751.9","False","False"
"2026-08-06T11:34:25.1973666+08:00","35632","True","44.969","2751.9","False","False"
"2026-08-06T11:34:25.3066500+08:00","35632","True","45.078","2751.9","False","False"
"2026-08-06T11:34:25.4000854+08:00","35632","True","45.094","2751.9","False","False"
"2026-08-06T11:34:25.5101834+08:00","35632","True","45.094","2751.9","False","False"
"2026-08-06T11:34:25.6037058+08:00","35632","True","45.094","2751.9","False","False"
"2026-08-06T11:34:25.6977348+08:00","35632","True","45.094","2751.9","False","False"
"2026-08-06T11:34:25.8062040+08:00","35632","True","45.094","2751.9","False","False"
"2026-08-06T11:34:25.9010347+08:00","35632","True","45.094","2751.9","False","False"
"2026-08-06T11:34:26.0114948+08:00","35632","True","45.094","2751.9","False","False"
"2026-08-06T11:34:26.1053403+08:00","35632","True","45.125","2751.9","False","False"
"2026-08-06T11:34:26.2123522+08:00","35632","True","45.125","2751.9","False","False"
"2026-08-06T11:34:26.3056421+08:00","35632","True","45.172","2751.9","False","False"
"2026-08-06T11:34:26.3998073+08:00","35632","True","45.172","2751.9","False","False"
"2026-08-06T11:34:26.5104070+08:00","35632","True","45.172","2751.9","False","False"
"2026-08-06T11:34:26.6042619+08:00","35632","True","45.25","2751.9","False","False"
"2026-08-06T11:34:26.6974259+08:00","35632","True","45.25","2751.9","False","False"
"2026-08-06T11:34:26.8053631+08:00","35632","True","45.266","2751.9","False","False"
"2026-08-06T11:34:26.8988286+08:00","35632","True","45.266","2751.9","False","False"
"2026-08-06T11:34:27.0085318+08:00","35632","True","45.266","2751.9","False","False"
"2026-08-06T11:34:27.1014888+08:00","35632","True","45.266","2751.9","False","False"
"2026-08-06T11:34:27.2103903+08:00","35632","True","45.266","2751.9","False","False"
"2026-08-06T11:34:27.3050863+08:00","35632","True","45.281","2751.9","False","False"
"2026-08-06T11:34:27.3987985+08:00","35632","True","45.297","2751.9","False","False"
"2026-08-06T11:34:27.5077800+08:00","35632","True","45.328","2751.9","False","False"
"2026-08-06T11:34:27.5999300+08:00","35632","True","45.328","2751.9","False","False"
"2026-08-06T11:34:27.7098194+08:00","35632","True","45.328","2751.9","False","False"
"2026-08-06T11:34:27.8025490+08:00","35632","True","45.375","2751.9","False","False"
"2026-08-06T11:34:27.8967286+08:00","35632","True","45.375","2751.9","False","False"
"2026-08-06T11:34:28.0065343+08:00","35632","True","45.375","2751.9","False","False"
"2026-08-06T11:34:28.0996949+08:00","35632","True","45.391","2751.9","False","False"
"2026-08-06T11:34:28.2114088+08:00","35632","True","45.391","2751.9","False","False"
"2026-08-06T11:34:28.3027156+08:00","35632","True","45.391","2750.3","False","False"
"2026-08-06T11:34:28.3976929+08:00","35632","True","45.391","2750.3","False","False"
"2026-08-06T11:34:28.5088602+08:00","35632","True","45.391","2750.3","False","False"
"2026-08-06T11:34:28.6014333+08:00","35632","True","45.391","2750.3","False","False"
"2026-08-06T11:34:28.7113963+08:00","35632","True","45.391","2750.3","False","False"
"2026-08-06T11:34:28.8024777+08:00","35632","True","45.391","2750.3","False","False"
"2026-08-06T11:34:28.8959220+08:00","35632","True","45.391","2750.3","False","False"
"2026-08-06T11:34:29.0064446+08:00","35632","True","45.453","2750.3","False","False"
"2026-08-06T11:34:29.0990706+08:00","35632","True","45.453","2750.3","False","False"
"2026-08-06T11:34:29.2073595+08:00","35632","True","45.453","2750.3","False","False"
"2026-08-06T11:34:29.3019162+08:00","35632","True","45.453","2750.3","False","False"
"2026-08-06T11:34:29.4095080+08:00","35632","True","45.453","2750.3","False","False"
"2026-08-06T11:34:29.5041410+08:00","35632","True","45.453","2750.3","False","False"
"2026-08-06T11:34:29.5969966+08:00","35632","True","45.453","2750.3","False","False"
"2026-08-06T11:34:29.7048003+08:00","35632","True","45.453","2750.3","False","False"
"2026-08-06T11:34:29.7999230+08:00","35632","True","45.453","2750.3","False","False"
"2026-08-06T11:34:29.9061424+08:00","35632","True","45.453","2750.3","False","False"
"2026-08-06T11:34:30.0157320+08:00","35632","True","45.5","2750.3","False","False"
"2026-08-06T11:34:30.1106397+08:00","35632","True","45.547","2750.3","False","False"
"2026-08-06T11:34:30.2042156+08:00","35632","True","45.547","2750.3","False","False"
"2026-08-06T11:34:30.3126585+08:00","35632","True","45.547","2750.3","False","False"
"2026-08-06T11:34:30.4064533+08:00","35632","True","45.547","2750.3","False","False"
"2026-08-06T11:34:30.5165672+08:00","35632","True","45.547","2750.3","False","False"
"2026-08-06T11:34:30.6106144+08:00","35632","True","45.547","2750.3","False","False"
"2026-08-06T11:34:30.7204939+08:00","35632","True","45.547","2750.3","False","False"
"2026-08-06T11:34:30.7997055+08:00","35632","True","45.562","2750.3","False","False"
"2026-08-06T11:34:30.9084429+08:00","35632","True","45.562","2750.3","False","False"
"2026-08-06T11:34:31.0026419+08:00","35632","True","45.562","2750.3","False","False"
"2026-08-06T11:34:31.0967427+08:00","35632","True","45.562","2750.3","False","False"
"2026-08-06T11:34:31.2060545+08:00","35632","True","45.562","2750.3","False","False"
"2026-08-06T11:34:31.3007567+08:00","35632","True","45.578","2686.6","False","False"
"2026-08-06T11:34:31.4107133+08:00","35632","True","45.594","2686.6","False","False"
"2026-08-06T11:34:31.5046730+08:00","35632","True","45.609","2686.6","False","False"
"2026-08-06T11:34:31.5970493+08:00","35632","True","45.609","2686.6","False","False"
"2026-08-06T11:34:31.7062771+08:00","35632","True","45.609","2686.6","False","False"
"2026-08-06T11:34:31.7996480+08:00","35632","True","45.609","2686.6","False","False"
"2026-08-06T11:34:31.9100988+08:00","35632","True","45.609","2686.6","False","False"
"2026-08-06T11:34:32.0040406+08:00","35632","True","45.609","2686.6","False","False"
"2026-08-06T11:34:32.0979748+08:00","35632","True","45.609","2686.6","False","False"
"2026-08-06T11:34:32.2062809+08:00","35632","True","45.609","2686.6","False","False"
"2026-08-06T11:34:32.3143907+08:00","35632","True","45.609","2686.6","False","False"
"2026-08-06T11:34:32.4073526+08:00","35632","True","45.609","2686.6","False","False"
"2026-08-06T11:34:32.5029976+08:00","35632","True","45.625","2686.6","False","False"
"2026-08-06T11:34:32.6095543+08:00","35632","True","45.625","2686.6","False","False"
"2026-08-06T11:34:32.7182063+08:00","35632","True","45.672","2686.6","False","False"
"2026-08-06T11:34:32.8125164+08:00","35632","True","45.672","2686.6","False","False"
"2026-08-06T11:34:32.9050464+08:00","35632","True","45.672","2686.6","False","False"
"2026-08-06T11:34:33.0154604+08:00","35632","True","45.672","2686.6","False","False"
"2026-08-06T11:34:33.1095595+08:00","35632","True","45.672","2686.6","False","False"
"2026-08-06T11:34:33.2203027+08:00","35632","True","45.672","2686.6","False","False"
"2026-08-06T11:34:33.3133932+08:00","35632","True","45.672","2686.6","False","False"
"2026-08-06T11:34:33.4086329+08:00","35632","True","45.75","2686.6","False","False"
"2026-08-06T11:34:33.5034708+08:00","35632","True","45.75","2686.6","False","False"
"2026-08-06T11:34:33.5967663+08:00","35632","True","45.75","2686.6","False","False"
"2026-08-06T11:34:33.7043103+08:00","35632","True","45.75","2686.6","False","False"
"2026-08-06T11:34:33.8136118+08:00","35632","True","45.75","2686.6","False","False"
"2026-08-06T11:34:33.9074074+08:00","35632","True","45.75","2686.6","False","False"
"2026-08-06T11:34:34.0034809+08:00","35632","True","45.75","2686.6","False","False"
"2026-08-06T11:34:34.0976304+08:00","35632","True","45.797","2686.6","False","False"
"2026-08-06T11:34:34.2055499+08:00","35632","True","45.797","2686.6","False","False"
"2026-08-06T11:34:34.2993291+08:00","35632","True","45.797","2686.6","False","False"
"2026-08-06T11:34:34.4067108+08:00","35632","True","45.891","2686.5","False","False"
"2026-08-06T11:34:34.5026048+08:00","35632","True","45.938","2686.5","False","False"
"2026-08-06T11:34:34.5974422+08:00","35632","True","45.953","2686.5","False","False"
"2026-08-06T11:34:34.7064381+08:00","35632","True","45.984","2686.5","False","False"
"2026-08-06T11:34:34.8011549+08:00","35632","True","46","2686.5","False","False"
"2026-08-06T11:34:34.9095925+08:00","35632","True","46.016","2686.3","False","False"
"2026-08-06T11:34:35.0029222+08:00","35632","True","46.109","2685.9","False","False"
"2026-08-06T11:34:35.0967978+08:00","35632","True","46.125","2685.9","False","False"
"2026-08-06T11:34:35.2056093+08:00","35632","True","46.125","2685.9","False","False"
"2026-08-06T11:34:35.3000017+08:00","35632","True","46.125","2685.9","False","False"
"2026-08-06T11:34:35.4109826+08:00","35632","True","46.156","2685.9","False","False"
"2026-08-06T11:34:35.5045229+08:00","35632","True","46.219","2751.4","False","False"
"2026-08-06T11:34:35.6002155+08:00","35632","True","46.359","2751.4","False","False"
"2026-08-06T11:34:35.7082754+08:00","35632","True","46.5","2751.4","False","False"
"2026-08-06T11:34:35.8002899+08:00","35632","True","46.703","2751.4","False","False"
"2026-08-06T11:34:35.9083460+08:00","35632","True","46.891","2752.5","False","False"
"2026-08-06T11:34:36.0028838+08:00","35632","True","47.203","2752.6","False","False"
"2026-08-06T11:34:36.1105692+08:00","35632","True","47.578","2752.5","False","False"
"2026-08-06T11:34:36.2063189+08:00","35632","True","47.734","2752.6","False","False"
"2026-08-06T11:34:36.3008901+08:00","35632","True","47.984","2752.6","False","False"
"2026-08-06T11:34:36.4106445+08:00","35632","True","48.125","2752.6","False","False"
"2026-08-06T11:34:36.5066195+08:00","35632","True","48.609","2753.6","False","False"
"2026-08-06T11:34:36.6274825+08:00","35632","True","48.609","2753.6","False","False"
"2026-08-06T11:34:36.7094504+08:00","35632","True","48.688","2753.6","False","False"
"2026-08-06T11:34:36.8035178+08:00","35632","True","48.766","2754.7","False","False"
"2026-08-06T11:34:36.8984602+08:00","35632","True","48.859","2754.7","False","False"
"2026-08-06T11:34:37.0073261+08:00","35632","True","48.891","2754.7","False","False"
"2026-08-06T11:34:37.1023127+08:00","35632","True","48.906","2754.7","False","False"
"2026-08-06T11:34:37.1968060+08:00","35632","True","48.922","2754.7","False","False"
"2026-08-06T11:34:37.3045402+08:00","35632","True","48.938","2754.7","False","False"
"2026-08-06T11:34:37.3983792+08:00","35632","True","48.953","2754.7","False","False"
"2026-08-06T11:34:37.5088438+08:00","35632","True","48.953","2754.7","False","False"
"2026-08-06T11:34:37.6015595+08:00","35632","True","49.062","2754.7","False","False"
"2026-08-06T11:34:37.7107100+08:00","35632","True","49.344","2754.7","False","False"
"2026-08-06T11:34:37.8020809+08:00","35632","True","49.469","2754.7","False","False"
"2026-08-06T11:34:37.9086112+08:00","35632","True","49.594","2756","False","False"
"2026-08-06T11:34:38.0165188+08:00","35632","True","49.781","2758","False","False"
"2026-08-06T11:34:38.1100337+08:00","35632","True","49.969","2758.8","False","False"
"2026-08-06T11:34:38.2182630+08:00","35632","True","49.969","2758.8","False","False"
"2026-08-06T11:34:38.3116282+08:00","35632","True","49.969","2758.8","False","False"
"2026-08-06T11:34:38.4220132+08:00","35632","True","49.969","2758.8","False","False"
"2026-08-06T11:34:38.5166400+08:00","35632","True","49.969","2758.8","False","False"
"2026-08-06T11:34:38.6103563+08:00","35632","True","50.016","2758.8","False","False"
"2026-08-06T11:34:38.7054213+08:00","35632","True","50.016","2758.8","False","False"
"2026-08-06T11:34:38.8141135+08:00","35632","True","50.016","2758.8","False","False"
"2026-08-06T11:34:38.9091648+08:00","35632","True","50.016","2758.8","False","False"
"2026-08-06T11:34:39.0165330+08:00","35632","True","50.016","2758.8","False","False"
"2026-08-06T11:34:39.1102917+08:00","35632","True","50.016","2758.8","False","False"
"2026-08-06T11:34:39.2193034+08:00","35632","True","50.016","2758.8","False","False"
"2026-08-06T11:34:39.3139287+08:00","35632","True","50.031","2758.8","False","False"
"2026-08-06T11:34:39.4084944+08:00","35632","True","50.094","2758.8","False","False"
"2026-08-06T11:34:39.5027648+08:00","35632","True","50.094","2758.8","False","False"
"2026-08-06T11:34:39.5965697+08:00","35632","True","50.094","2758.8","False","False"
"2026-08-06T11:34:39.7058796+08:00","35632","True","50.094","2758.8","False","False"
"2026-08-06T11:34:39.8136246+08:00","35632","True","50.109","2758.8","False","False"
"2026-08-06T11:34:39.9067845+08:00","35632","True","50.109","2758.8","False","False"
"2026-08-06T11:34:40.0163303+08:00","35632","True","50.125","2758.8","False","False"
"2026-08-06T11:34:40.1107560+08:00","35632","True","50.156","2758.8","False","False"
"2026-08-06T11:34:40.2192379+08:00","35632","True","50.156","2758.8","False","False"
"2026-08-06T11:34:40.3137456+08:00","35632","True","50.156","2758.8","False","False"
"2026-08-06T11:34:40.4069680+08:00","35632","True","50.219","2758.8","False","False"
"2026-08-06T11:34:40.5177001+08:00","35632","True","50.219","2758.8","False","False"
"2026-08-06T11:34:40.5962251+08:00","35632","True","50.219","2758.8","False","False"
"2026-08-06T11:34:40.7050564+08:00","35632","True","50.234","2758.8","False","False"
"2026-08-06T11:34:40.8144000+08:00","35632","True","50.234","2758.8","False","False"
"2026-08-06T11:34:40.9081852+08:00","35632","True","50.234","2758.8","False","False"
"2026-08-06T11:34:41.0033726+08:00","35632","True","50.234","2758.8","False","False"
"2026-08-06T11:34:41.0962944+08:00","35632","True","50.234","2758.8","False","False"
"2026-08-06T11:34:41.2032738+08:00","35632","True","50.234","2758.8","False","False"
"2026-08-06T11:34:41.3126318+08:00","35632","True","50.234","2758.8","False","False"
"2026-08-06T11:34:41.4054360+08:00","35632","True","50.266","2758.8","False","False"
"2026-08-06T11:34:41.5136398+08:00","35632","True","50.281","2757.2","False","False"
"2026-08-06T11:34:41.6059452+08:00","35632","True","50.281","2757.2","False","False"
"2026-08-06T11:34:41.6994932+08:00","35632","True","50.281","2757.2","False","False"
"2026-08-06T11:34:41.8093290+08:00","35632","True","50.281","2757.2","False","False"
"2026-08-06T11:34:41.9033151+08:00","35632","True","50.281","2757.2","False","False"
"2026-08-06T11:34:42.0111352+08:00","35632","True","50.375","2757.2","False","False"
"2026-08-06T11:34:42.1048385+08:00","35632","True","50.391","2757.2","False","False"
"2026-08-06T11:34:42.2012361+08:00","35632","True","50.391","2757.2","False","False"
"2026-08-06T11:34:42.3114838+08:00","35632","True","50.391","2757.2","False","False"
"2026-08-06T11:34:42.4202383+08:00","35632","True","50.391","2757.2","False","False"
"2026-08-06T11:34:42.5141570+08:00","35632","True","50.391","2757.2","False","False"
"2026-08-06T11:34:42.6077487+08:00","35632","True","50.391","2757.2","False","False"
"2026-08-06T11:34:42.7173148+08:00","35632","True","50.391","2757.2","False","False"
"2026-08-06T11:34:42.8093911+08:00","35632","True","50.406","2757.2","False","False"
"2026-08-06T11:34:42.9193053+08:00","35632","True","50.406","2757.2","False","False"
"2026-08-06T11:34:43.0092904+08:00","35632","True","50.406","2757.2","False","False"
"2026-08-06T11:34:43.1025012+08:00","35632","True","50.406","2757.2","False","False"
"2026-08-06T11:34:43.1972476+08:00","35632","True","50.406","2757.2","False","False"
"2026-08-06T11:34:43.3064542+08:00","35632","True","50.406","2757.2","False","False"
"2026-08-06T11:34:43.4019825+08:00","35632","True","50.406","2757.2","False","False"
"2026-08-06T11:34:43.5110231+08:00","35632","True","50.406","2757.2","False","False"
"2026-08-06T11:34:43.6056551+08:00","35632","True","50.406","2757.2","False","False"
"2026-08-06T11:34:43.6993792+08:00","35632","True","50.406","2757.2","False","False"
"2026-08-06T11:34:43.8076068+08:00","35632","True","50.406","2757.2","False","False"
"2026-08-06T11:34:43.9020655+08:00","35632","True","50.406","2757.2","False","False"
"2026-08-06T11:34:43.9960143+08:00","35632","True","50.422","2757.2","False","False"
"2026-08-06T11:34:44.1067507+08:00","35632","True","50.453","2757.2","False","False"
"2026-08-06T11:34:44.2156365+08:00","35632","True","50.469","2757.2","False","False"
"2026-08-06T11:34:44.3073921+08:00","35632","True","50.469","2757.2","False","False"
"2026-08-06T11:34:44.4024833+08:00","35632","True","50.469","2757.2","False","False"
"2026-08-06T11:34:44.4974089+08:00","35632","True","50.484","2757.2","False","False"
"2026-08-06T11:34:44.6082391+08:00","35632","True","50.484","2693.4","False","False"
"2026-08-06T11:34:44.7173418+08:00","35632","True","50.484","2693.4","False","False"
"2026-08-06T11:34:44.8112586+08:00","35632","True","50.484","2693.4","False","False"
"2026-08-06T11:34:44.9200832+08:00","35632","True","50.484","2693.4","False","False"
"2026-08-06T11:34:45.0140406+08:00","35632","True","50.484","2693.4","False","False"
"2026-08-06T11:34:45.1052044+08:00","35632","True","50.484","2693.4","False","False"
"2026-08-06T11:34:45.1979065+08:00","35632","True","50.484","2693.4","False","False"
"2026-08-06T11:34:45.3081248+08:00","35632","True","50.484","2693.4","False","False"
"2026-08-06T11:34:45.4012616+08:00","35632","True","50.562","2693.4","False","False"
"2026-08-06T11:34:45.5093507+08:00","35632","True","50.609","2693.4","False","False"
"2026-08-06T11:34:45.6037312+08:00","35632","True","50.609","2693.4","False","False"
"2026-08-06T11:34:45.6983689+08:00","35632","True","50.609","2693.4","False","False"
"2026-08-06T11:34:45.8073520+08:00","35632","True","50.609","2693.4","False","False"
"2026-08-06T11:34:45.9011915+08:00","35632","True","50.609","2693.4","False","False"
"2026-08-06T11:34:45.9973499+08:00","35632","True","50.625","2693.4","False","False"
"2026-08-06T11:34:46.1053633+08:00","35632","True","50.656","2693.4","False","False"
"2026-08-06T11:34:46.1991833+08:00","35632","True","50.656","2693.4","False","False"
"2026-08-06T11:34:46.3056212+08:00","35632","True","50.656","2693.4","False","False"
"2026-08-06T11:34:46.4011747+08:00","35632","True","50.688","2693.4","False","False"
"2026-08-06T11:34:46.5101445+08:00","35632","True","50.766","2693.4","False","False"
"2026-08-06T11:34:46.6027537+08:00","35632","True","50.766","2693.4","False","False"
"2026-08-06T11:34:46.6962636+08:00","35632","True","50.766","2693.4","False","False"
"2026-08-06T11:34:46.8049499+08:00","35632","True","50.859","2693.4","False","False"
"2026-08-06T11:34:46.8982228+08:00","35632","True","50.859","2693.4","False","False"
"2026-08-06T11:34:47.0058876+08:00","35632","True","50.859","2693.4","False","False"
"2026-08-06T11:34:47.1002155+08:00","35632","True","50.859","2693.4","False","False"
"2026-08-06T11:34:47.2094811+08:00","35632","True","50.859","2693.4","False","False"
"2026-08-06T11:34:47.3034085+08:00","35632","True","50.922","2693.4","False","False"
"2026-08-06T11:34:47.3971557+08:00","35632","True","50.922","2693.4","False","False"
"2026-08-06T11:34:47.5043111+08:00","35632","True","50.922","2693.4","False","False"
"2026-08-06T11:34:47.5996496+08:00","35632","True","50.922","2693.3","False","False"
"2026-08-06T11:34:47.7057403+08:00","35632","True","50.922","2693.3","False","False"
"2026-08-06T11:34:47.8007965+08:00","35632","True","50.922","2693.3","False","False"
"2026-08-06T11:34:47.9090248+08:00","35632","True","50.922","2693.3","False","False"
"2026-08-06T11:34:48.0053758+08:00","35632","True","50.938","2693.3","False","False"
"2026-08-06T11:34:48.1014686+08:00","35632","True","50.969","2693.3","False","False"
"2026-08-06T11:34:48.2092097+08:00","35632","True","50.969","2693.3","False","False"
"2026-08-06T11:34:48.3022697+08:00","35632","True","50.969","2693.3","False","False"
"2026-08-06T11:34:48.3963841+08:00","35632","True","50.969","2693.3","False","False"
"2026-08-06T11:34:48.5042621+08:00","35632","True","50.969","2693.3","False","False"
"2026-08-06T11:34:48.5978017+08:00","35632","True","50.969","2693.3","False","False"
"2026-08-06T11:34:48.7076840+08:00","35632","True","50.969","2693.3","False","False"
"2026-08-06T11:34:48.8011648+08:00","35632","True","50.969","2693.3","False","False"
"2026-08-06T11:34:48.9093806+08:00","35632","True","50.969","2693.3","False","False"
"2026-08-06T11:34:49.0044302+08:00","35632","True","50.969","2693.3","False","False"
"2026-08-06T11:34:49.0989712+08:00","35632","True","51.016","2693.3","False","False"
"2026-08-06T11:34:49.2068623+08:00","35632","True","51.031","2693.3","False","False"
"2026-08-06T11:34:49.3007232+08:00","35632","True","51.031","2693.3","False","False"
"2026-08-06T11:34:49.4111260+08:00","35632","True","51.031","2693.3","False","False"
"2026-08-06T11:34:49.5048464+08:00","35632","True","51.031","2693.3","False","False"
"2026-08-06T11:34:49.5975116+08:00","35632","True","51.031","2693.1","False","False"
"2026-08-06T11:34:49.7064116+08:00","35632","True","51.031","2693.1","False","False"
"2026-08-06T11:34:49.8000520+08:00","35632","True","51.031","2693.1","False","False"
"2026-08-06T11:34:49.9091085+08:00","35632","True","51.031","2693.1","False","False"
"2026-08-06T11:34:50.0026980+08:00","35632","True","51.031","2693.1","False","False"
"2026-08-06T11:34:50.0970054+08:00","35632","True","51.047","2693.1","False","False"
"2026-08-06T11:34:50.2052002+08:00","35632","True","51.047","2693.1","False","False"
"2026-08-06T11:34:50.3004778+08:00","35632","True","51.125","2693.1","False","False"
"2026-08-06T11:34:50.4089863+08:00","35632","True","51.141","2693.1","False","False"
"2026-08-06T11:34:50.5033444+08:00","35632","True","51.141","2693.1","False","False"
"2026-08-06T11:34:50.5977646+08:00","35632","True","51.141","2693.2","False","False"
"2026-08-06T11:34:50.7071804+08:00","35632","True","51.141","2693.2","False","False"
"2026-08-06T11:34:50.8017691+08:00","35632","True","51.141","2693.2","False","False"
"2026-08-06T11:34:50.9099295+08:00","35632","True","51.141","2693.2","False","False"
"2026-08-06T11:34:51.0031999+08:00","35632","True","51.141","2693.1","False","False"
"2026-08-06T11:34:51.0968505+08:00","35632","True","51.141","2693.1","False","False"
"2026-08-06T11:34:51.2054667+08:00","35632","True","51.141","2693.1","False","False"
"2026-08-06T11:34:51.2997709+08:00","35632","True","51.141","2693.1","False","False"
"2026-08-06T11:34:51.4089711+08:00","35632","True","51.156","2693.1","False","False"
"2026-08-06T11:34:51.5169096+08:00","35632","True","51.156","2693.1","False","False"
"2026-08-06T11:34:51.6101854+08:00","35632","True","51.156","2693.1","False","False"
"2026-08-06T11:34:51.7171791+08:00","35632","True","51.156","2693.1","False","False"
"2026-08-06T11:34:51.8096849+08:00","35632","True","51.156","2693.1","False","False"
"2026-08-06T11:34:51.9023283+08:00","35632","True","51.156","2693.1","False","False"
"2026-08-06T11:34:51.9965937+08:00","35632","True","51.188","2693.1","False","False"
"2026-08-06T11:34:52.1056460+08:00","35632","True","51.219","2693.1","False","False"
"2026-08-06T11:34:52.2142027+08:00","35632","True","51.219","2693.1","False","False"
"2026-08-06T11:34:52.3080707+08:00","35632","True","51.219","2693.1","False","False"
"2026-08-06T11:34:52.4003270+08:00","35632","True","51.219","2693.1","False","False"
"2026-08-06T11:34:52.5100966+08:00","35632","True","51.219","2693.1","False","False"
"2026-08-06T11:34:52.6040387+08:00","35632","True","51.219","2693.1","False","False"
"2026-08-06T11:34:52.6978937+08:00","35632","True","51.219","2693.1","False","False"
"2026-08-06T11:34:52.8065280+08:00","35632","True","51.328","2693.1","False","False"
"2026-08-06T11:34:52.8993475+08:00","35632","True","51.328","2693.1","False","False"
"2026-08-06T11:34:53.0074150+08:00","35632","True","51.328","2693.1","False","False"
"2026-08-06T11:34:53.1017793+08:00","35632","True","51.328","2693.1","False","False"
"2026-08-06T11:34:53.1968050+08:00","35632","True","51.328","2693.1","False","False"
"2026-08-06T11:34:53.3066958+08:00","35632","True","51.328","2693.1","False","False"
"2026-08-06T11:34:53.4006467+08:00","35632","True","51.328","2693.1","False","False"
"2026-08-06T11:34:53.5095369+08:00","35632","True","51.328","2693.1","False","False"
"2026-08-06T11:34:53.6026524+08:00","35632","True","51.328","2693.1","False","False"
"2026-08-06T11:34:53.6963546+08:00","35632","True","51.328","2693.1","False","False"
"2026-08-06T11:34:53.8042148+08:00","35632","True","51.328","2693.1","False","False"
"2026-08-06T11:34:53.8972549+08:00","35632","True","51.328","2693.1","False","False"
"2026-08-06T11:34:54.0079681+08:00","35632","True","51.328","2693.1","False","False"
"2026-08-06T11:34:54.1008101+08:00","35632","True","51.344","2693.1","False","False"
"2026-08-06T11:34:54.2099506+08:00","35632","True","51.344","2693.1","False","False"
"2026-08-06T11:34:54.3026076+08:00","35632","True","51.344","2693.1","False","False"
"2026-08-06T11:34:54.3976843+08:00","35632","True","51.344","2693.1","False","False"
"2026-08-06T11:34:54.5061458+08:00","35632","True","51.344","2693.1","False","False"
"2026-08-06T11:34:54.5992221+08:00","35632","True","51.344","2693.1","False","False"
"2026-08-06T11:34:54.7083444+08:00","35632","True","51.344","2693.1","False","False"
"2026-08-06T11:34:54.8020072+08:00","35632","True","51.359","2693.1","False","False"
"2026-08-06T11:34:54.8964791+08:00","35632","True","51.359","2693.1","False","False"
"2026-08-06T11:34:55.0060541+08:00","35632","True","51.359","2693.1","False","False"
"2026-08-06T11:34:55.0998173+08:00","35632","True","51.359","2693.1","False","False"
"2026-08-06T11:34:55.2093535+08:00","35632","True","51.359","2693.1","False","False"
"2026-08-06T11:34:55.3042234+08:00","35632","True","51.359","2693.1","False","False"
"2026-08-06T11:34:55.3967455+08:00","35632","True","51.359","2693.1","False","False"
"2026-08-06T11:34:55.5078157+08:00","35632","True","51.359","2693.1","False","False"
"2026-08-06T11:34:55.5985137+08:00","35632","True","51.359","2693.1","False","False"
"2026-08-06T11:34:55.7077025+08:00","35632","True","51.359","2693.1","False","False"
"2026-08-06T11:34:55.8009085+08:00","35632","True","51.359","2693.1","False","False"
"2026-08-06T11:34:55.9106585+08:00","35632","True","51.359","2693.1","False","False"
"2026-08-06T11:34:56.0048510+08:00","35632","True","51.359","2693.1","False","False"
"2026-08-06T11:34:56.0991043+08:00","35632","True","51.375","2693.1","False","False"
"2026-08-06T11:34:56.2084684+08:00","35632","True","51.375","2693.1","False","False"
"2026-08-06T11:34:56.3010879+08:00","35632","True","51.375","2693.1","False","False"
"2026-08-06T11:34:56.4087075+08:00","35632","True","51.375","2693.1","False","False"
"2026-08-06T11:34:56.5160128+08:00","35632","True","51.375","2693.1","False","False"
"2026-08-06T11:34:56.6094242+08:00","35632","True","51.375","2693.1","False","False"
"2026-08-06T11:34:56.7206918+08:00","35632","True","51.375","2693.1","False","False"
"2026-08-06T11:34:56.8116972+08:00","35632","True","51.391","2693.1","False","False"
"2026-08-06T11:34:56.9034595+08:00","35632","True","51.391","2693.1","False","False"
"2026-08-06T11:34:57.0129978+08:00","35632","True","51.391","2693.1","False","False"
"2026-08-06T11:34:57.1057138+08:00","35632","True","51.406","2693.1","False","False"
"2026-08-06T11:34:57.2129855+08:00","35632","True","51.406","2693.1","False","False"
"2026-08-06T11:34:57.3064404+08:00","35632","True","51.406","2693.1","False","False"
"2026-08-06T11:34:57.4000888+08:00","35632","True","51.406","2693.1","False","False"
"2026-08-06T11:34:57.5110861+08:00","35632","True","51.406","2693.1","False","False"
"2026-08-06T11:34:57.6042537+08:00","35632","True","51.406","2693.1","False","False"
"2026-08-06T11:34:57.6990226+08:00","35632","True","51.406","2693.1","False","False"
"2026-08-06T11:34:57.8072689+08:00","35632","True","51.406","2693.1","False","False"
"2026-08-06T11:34:57.9009214+08:00","35632","True","51.406","2693.1","False","False"
"2026-08-06T11:34:58.0098133+08:00","35632","True","51.406","2693.1","False","False"
"2026-08-06T11:34:58.1024705+08:00","35632","True","51.406","2693.1","False","False"
"2026-08-06T11:34:58.2107279+08:00","35632","True","51.406","2693.1","False","False"
"2026-08-06T11:34:58.3036753+08:00","35632","True","51.406","2693.1","False","False"
"2026-08-06T11:34:58.3961075+08:00","35632","True","51.406","2693.1","False","False"
"2026-08-06T11:34:58.5040703+08:00","35632","True","51.406","2693.1","False","False"
"2026-08-06T11:34:58.5970260+08:00","35632","True","51.422","2693.1","False","False"
"2026-08-06T11:34:58.7060889+08:00","35632","True","51.422","2693.1","False","False"
"2026-08-06T11:34:58.7997782+08:00","35632","True","51.438","2693.1","False","False"
"2026-08-06T11:34:58.9078595+08:00","35632","True","51.438","2693.1","False","False"
"2026-08-06T11:34:59.0169849+08:00","35632","True","51.438","2693.1","False","False"
"2026-08-06T11:34:59.0962847+08:00","35632","True","51.438","2693.1","False","False"
"2026-08-06T11:34:59.2063735+08:00","35632","True","51.438","2693.1","False","False"
"2026-08-06T11:34:59.3142863+08:00","35632","True","51.438","2693.1","False","False"
"2026-08-06T11:34:59.4065249+08:00","35632","True","51.438","2693.1","False","False"
"2026-08-06T11:34:59.5160419+08:00","35632","True","51.438","2693.1","False","False"
"2026-08-06T11:34:59.6098414+08:00","35632","True","51.438","2693.1","False","False"
"2026-08-06T11:34:59.7011043+08:00","35632","True","51.438","2693.1","False","False"
"2026-08-06T11:34:59.8095174+08:00","35632","True","51.438","2693.1","False","False"
"2026-08-06T11:34:59.9172562+08:00","35632","True","51.438","2693.1","False","False"
"2026-08-06T11:34:59.9953401+08:00","35632","True","51.453","2693.1","False","False"
"2026-08-06T11:35:00.1069571+08:00","35632","True","51.469","2693.1","False","False"
"2026-08-06T11:35:00.2156464+08:00","35632","True","51.484","2693.1","False","False"
"2026-08-06T11:35:00.3085724+08:00","35632","True","51.484","2693.1","False","False"
"2026-08-06T11:35:00.4038693+08:00","35632","True","51.484","2693.1","False","False"
"2026-08-06T11:35:00.5123172+08:00","35632","True","51.5","2693.1","False","False"
"2026-08-06T11:35:00.6060711+08:00","35632","True","51.5","2693.1","False","False"
"2026-08-06T11:35:00.7141729+08:00","35632","True","51.516","2693.1","False","False"
"2026-08-06T11:35:00.8063843+08:00","35632","True","51.531","2693.1","False","False"
"2026-08-06T11:35:00.8993676+08:00","35632","True","51.531","2693.1","False","False"
"2026-08-06T11:35:01.0085901+08:00","35632","True","51.547","2693.1","False","False"
"2026-08-06T11:35:01.1007673+08:00","35632","True","51.547","2693.1","False","False"
"2026-08-06T11:35:01.2087574+08:00","35632","True","51.562","2693.1","False","False"
"2026-08-06T11:35:01.3029203+08:00","35632","True","51.562","2693.1","False","False"
"2026-08-06T11:35:01.3949769+08:00","35632","True","51.562","2693.1","False","False"
"2026-08-06T11:35:01.5029853+08:00","35632","True","51.578","2693.1","False","False"
"2026-08-06T11:35:01.5973213+08:00","35632","True","51.672","2693.1","False","False"
"2026-08-06T11:35:01.7047989+08:00","35632","True","51.734","2693.1","False","False"
"2026-08-06T11:35:01.7992611+08:00","35632","True","51.75","2693.1","False","False"
"2026-08-06T11:35:01.9077881+08:00","35632","True","51.75","2693.1","False","False"
"2026-08-06T11:35:02.0164458+08:00","35632","True","51.766","2693.1","False","False"
"2026-08-06T11:35:02.1108757+08:00","35632","True","51.766","2693.1","False","False"
"2026-08-06T11:35:02.2047325+08:00","35632","True","51.781","2693.1","False","False"
"2026-08-06T11:35:02.3125691+08:00","35632","True","51.781","2693.1","False","False"
"2026-08-06T11:35:02.4065827+08:00","35632","True","51.781","2693.1","False","False"
"2026-08-06T11:35:02.5155035+08:00","35632","True","51.781","2693.1","False","False"
"2026-08-06T11:35:02.6087848+08:00","35632","True","51.781","2693.1","False","False"
"2026-08-06T11:35:02.7187721+08:00","35632","True","51.797","2693.1","False","False"
"2026-08-06T11:35:02.8116756+08:00","35632","True","51.797","2693.1","False","False"
"2026-08-06T11:35:02.9048298+08:00","35632","True","51.797","2693.1","False","False"
"2026-08-06T11:35:03.0142924+08:00","35632","True","51.812","2693.1","False","False"
"2026-08-06T11:35:03.1086400+08:00","35632","True","51.922","2693.1","False","False"
"2026-08-06T11:35:03.2176167+08:00","35632","True","51.938","2693.1","False","False"
"2026-08-06T11:35:03.3120975+08:00","35632","True","51.938","2693.1","False","False"
"2026-08-06T11:35:03.4055565+08:00","35632","True","51.938","2693.1","False","False"
"2026-08-06T11:35:03.5150548+08:00","35632","True","51.938","2693.1","False","False"
"2026-08-06T11:35:03.6087104+08:00","35632","True","51.938","2693.1","False","False"
"2026-08-06T11:35:03.7166750+08:00","35632","True","51.938","2693.1","False","False"
"2026-08-06T11:35:03.8103422+08:00","35632","True","51.938","2693.1","False","False"
"2026-08-06T11:35:03.9205334+08:00","35632","True","51.969","2693.1","False","False"
"2026-08-06T11:35:04.0124952+08:00","35632","True","51.969","2693.1","False","False"
"2026-08-06T11:35:04.1053834+08:00","35632","True","51.984","2693.1","False","False"
"2026-08-06T11:35:04.1989318+08:00","35632","True","51.984","2693.1","False","False"
"2026-08-06T11:35:04.3087169+08:00","35632","True","52","2693.1","False","False"
"2026-08-06T11:35:04.4027078+08:00","35632","True","52","2693.1","False","False"
"2026-08-06T11:35:04.4967968+08:00","35632","True","52","2693.1","False","False"
"2026-08-06T11:35:04.6065561+08:00","35632","True","52","2693.1","False","False"
"2026-08-06T11:35:04.7152957+08:00","35632","True","52.016","2693.1","False","False"
"2026-08-06T11:35:04.8075063+08:00","35632","True","52.031","2693.1","False","False"
"2026-08-06T11:35:04.9024218+08:00","35632","True","52.031","2693.1","False","False"
"2026-08-06T11:35:05.0112847+08:00","35632","True","52.031","2693.1","False","False"
"2026-08-06T11:35:05.1055988+08:00","35632","True","52.062","2693.1","False","False"
"2026-08-06T11:35:05.2004410+08:00","35632","True","52.078","2693.1","False","False"
"2026-08-06T11:35:05.3105870+08:00","35632","True","52.078","2693.1","False","False"
"2026-08-06T11:35:05.4200533+08:00","35632","True","52.109","2693.1","False","False"
"2026-08-06T11:35:05.5145912+08:00","35632","True","52.109","2693.1","False","False"
"2026-08-06T11:35:05.6085873+08:00","35632","True","52.109","2693.1","False","False"
"2026-08-06T11:35:05.7168459+08:00","35632","True","52.109","2693.1","False","False"
"2026-08-06T11:35:05.8113149+08:00","35632","True","52.125","2693.1","False","False"
"2026-08-06T11:35:05.9217495+08:00","35632","True","52.125","2693.1","False","False"
"2026-08-06T11:35:06.0166703+08:00","35632","True","52.125","2693.1","False","False"
"2026-08-06T11:35:06.1097823+08:00","35632","True","52.125","2693.1","False","False"
"2026-08-06T11:35:06.2186572+08:00","35632","True","52.125","2693.1","False","False"
"2026-08-06T11:35:06.3097067+08:00","35632","True","52.125","2693.1","False","False"
"2026-08-06T11:35:06.4183290+08:00","35632","True","52.125","2693.1","False","False"
"2026-08-06T11:35:06.5106039+08:00","35632","True","52.125","2693.1","False","False"
"2026-08-06T11:35:06.6024765+08:00","35632","True","52.125","2693.1","False","False"
"2026-08-06T11:35:06.6976991+08:00","35632","True","52.234","2693.1","False","False"
"2026-08-06T11:35:06.8057232+08:00","35632","True","52.234","2693.1","False","False"
"2026-08-06T11:35:06.8991260+08:00","35632","True","52.234","2693.1","False","False"
"2026-08-06T11:35:07.0084339+08:00","35632","True","52.234","2693.1","False","False"
"2026-08-06T11:35:07.1020756+08:00","35632","True","52.234","2693.1","False","False"
"2026-08-06T11:35:07.1965414+08:00","35632","True","52.234","2693.1","False","False"
"2026-08-06T11:35:07.3049716+08:00","35632","True","52.25","2693.1","False","False"
"2026-08-06T11:35:07.3997375+08:00","35632","True","52.25","2693.1","False","False"
"2026-08-06T11:35:07.5098743+08:00","35632","True","52.25","2693.1","False","False"
"2026-08-06T11:35:07.6032522+08:00","35632","True","52.25","2693.1","False","False"
"2026-08-06T11:35:07.7113164+08:00","35632","True","52.25","2693.1","False","False"
"2026-08-06T11:35:07.8047007+08:00","35632","True","52.25","2693.1","False","False"
"2026-08-06T11:35:07.9142751+08:00","35632","True","52.25","2693.1","False","False"
"2026-08-06T11:35:08.0087662+08:00","35632","True","52.25","2693.1","False","False"
"2026-08-06T11:35:08.1029161+08:00","35632","True","52.281","2693.1","False","False"
"2026-08-06T11:35:08.2116941+08:00","35632","True","52.281","2693.1","False","False"
"2026-08-06T11:35:08.3039108+08:00","35632","True","52.281","2693.1","False","False"
"2026-08-06T11:35:08.3971785+08:00","35632","True","52.297","2693.1","False","False"
"2026-08-06T11:35:08.5071729+08:00","35632","True","52.297","2693.1","False","False"
"2026-08-06T11:35:08.6011418+08:00","35632","True","52.297","2693.1","False","False"
"2026-08-06T11:35:08.7112983+08:00","35632","True","52.312","2693.1","False","False"
"2026-08-06T11:35:08.8025547+08:00","35632","True","52.312","2693.1","False","False"
"2026-08-06T11:35:08.8968434+08:00","35632","True","52.312","2693.1","False","False"
"2026-08-06T11:35:09.0054234+08:00","35632","True","52.312","2693.1","False","False"
"2026-08-06T11:35:09.0994361+08:00","35632","True","52.312","2693.1","False","False"
"2026-08-06T11:35:09.2089322+08:00","35632","True","52.312","2693.1","False","False"
"2026-08-06T11:35:09.3016951+08:00","35632","True","52.312","2693.1","False","False"
"2026-08-06T11:35:09.3966671+08:00","35632","True","52.312","2693.1","False","False"
"2026-08-06T11:35:09.5050247+08:00","35632","True","52.312","2693.1","False","False"
"2026-08-06T11:35:09.5999998+08:00","35632","True","52.312","2693.1","False","False"
"2026-08-06T11:35:09.7087655+08:00","35632","True","52.312","2693.1","False","False"
"2026-08-06T11:35:09.8015952+08:00","35632","True","52.312","2693.1","False","False"
"2026-08-06T11:35:09.9108708+08:00","35632","True","52.344","2693.1","False","False"
"2026-08-06T11:35:10.0031196+08:00","35632","True","52.406","2693.1","False","False"
"2026-08-06T11:35:10.1101150+08:00","35632","True","52.453","2693.1","False","False"
"2026-08-06T11:35:10.2182766+08:00","35632","True","52.453","2693.1","False","False"
"2026-08-06T11:35:10.3128358+08:00","35632","True","52.453","2693.1","False","False"
"2026-08-06T11:35:10.4049606+08:00","35632","True","52.453","2693.1","False","False"
"2026-08-06T11:35:10.5145766+08:00","35632","True","52.453","2693.1","False","False"
"2026-08-06T11:35:10.6068793+08:00","35632","True","52.453","2693.1","False","False"
"2026-08-06T11:35:10.7164949+08:00","35632","True","52.453","2693.1","False","False"
"2026-08-06T11:35:10.8095599+08:00","35632","True","52.469","2693.1","False","False"
"2026-08-06T11:35:10.9042396+08:00","35632","True","52.484","2693.1","False","False"
"2026-08-06T11:35:11.0127313+08:00","35632","True","52.484","2693.1","False","False"
"2026-08-06T11:35:11.1068802+08:00","35632","True","52.484","2693.1","False","False"
"2026-08-06T11:35:11.2145418+08:00","35632","True","52.484","2693.1","False","False"
"2026-08-06T11:35:11.3086721+08:00","35632","True","52.484","2693.1","False","False"
"2026-08-06T11:35:11.4187001+08:00","35632","True","52.5","2693.1","False","False"
"2026-08-06T11:35:11.5115858+08:00","35632","True","52.5","2693.1","False","False"
"2026-08-06T11:35:11.6047936+08:00","35632","True","52.5","2693.1","False","False"
"2026-08-06T11:35:11.6991903+08:00","35632","True","52.5","2693.1","False","False"
"2026-08-06T11:35:11.8086776+08:00","35632","True","52.5","2693.1","False","False"
"2026-08-06T11:35:11.9028286+08:00","35632","True","52.5","2693.1","False","False"
"2026-08-06T11:35:12.0127470+08:00","35632","True","52.5","2693.1","False","False"
"2026-08-06T11:35:12.1068535+08:00","35632","True","52.531","2693.1","False","False"
"2026-08-06T11:35:12.2146849+08:00","35632","True","52.531","2693.1","False","False"
"2026-08-06T11:35:12.3086475+08:00","35632","True","52.531","2693.1","False","False"
"2026-08-06T11:35:12.4173085+08:00","35632","True","52.531","2693.1","False","False"
"2026-08-06T11:35:12.5113363+08:00","35632","True","52.531","2693.1","False","False"
"2026-08-06T11:35:12.6054871+08:00","35632","True","52.531","2693.1","False","False"
"2026-08-06T11:35:12.6986299+08:00","35632","True","52.531","2693.1","False","False"
"2026-08-06T11:35:12.8073272+08:00","35632","True","52.547","2693.1","False","False"
"2026-08-06T11:35:12.9022410+08:00","35632","True","52.547","2693.1","False","False"
"2026-08-06T11:35:13.0107408+08:00","35632","True","52.547","2693.1","False","False"
"2026-08-06T11:35:13.1047731+08:00","35632","True","52.547","2693.1","False","False"
"2026-08-06T11:35:13.2143078+08:00","35632","True","52.547","2693.1","False","False"
"2026-08-06T11:35:13.3078074+08:00","35632","True","52.656","2693.1","False","False"
"2026-08-06T11:35:13.4001381+08:00","35632","True","52.656","2693.1","False","False"
"2026-08-06T11:35:13.5108529+08:00","35632","True","52.656","2693.1","False","False"
"2026-08-06T11:35:13.6023779+08:00","35632","True","52.656","2693.1","False","False"
"2026-08-06T11:35:13.6961956+08:00","35632","True","52.656","2693.1","False","False"
"2026-08-06T11:35:13.8053946+08:00","35632","True","52.703","2693.1","False","False"
"2026-08-06T11:35:13.8995433+08:00","35632","True","52.703","2693.1","False","False"
"2026-08-06T11:35:14.0083652+08:00","35632","True","52.703","2693.1","False","False"
"2026-08-06T11:35:14.1022159+08:00","35632","True","52.703","2693.1","False","False"
"2026-08-06T11:35:14.2106164+08:00","35632","True","52.703","2693.1","False","False"
"2026-08-06T11:35:14.3040781+08:00","35632","True","52.703","2693.1","False","False"
"2026-08-06T11:35:14.3982786+08:00","35632","True","52.703","2693.1","False","False"
"2026-08-06T11:35:14.5071462+08:00","35632","True","52.703","2693.1","False","False"
"2026-08-06T11:35:14.6007723+08:00","35632","True","52.703","2693.1","False","False"
"2026-08-06T11:35:14.7088116+08:00","35632","True","52.703","2693.1","False","False"
"2026-08-06T11:35:14.8020994+08:00","35632","True","52.703","2693.1","False","False"
"2026-08-06T11:35:14.8965444+08:00","35632","True","52.703","2693.1","False","False"
"2026-08-06T11:35:15.0060761+08:00","35632","True","52.734","2693.1","False","False"
"2026-08-06T11:35:15.0995764+08:00","35632","True","52.734","2693.1","False","False"
"2026-08-06T11:35:15.2097709+08:00","35632","True","52.734","2693.1","False","False"
"2026-08-06T11:35:15.3029346+08:00","35632","True","52.828","2693.1","False","False"
"2026-08-06T11:35:15.3970620+08:00","35632","True","52.844","2693.1","False","False"
"2026-08-06T11:35:15.5059315+08:00","35632","True","52.844","2693.1","False","False"
"2026-08-06T11:35:15.5986235+08:00","35632","True","52.844","2693.1","False","False"
"2026-08-06T11:35:15.7082105+08:00","35632","True","52.844","2693.1","False","False"
"2026-08-06T11:35:15.8016172+08:00","35632","True","52.844","2693.1","False","False"
"2026-08-06T11:35:15.8963556+08:00","35632","True","52.844","2693.1","False","False"
"2026-08-06T11:35:16.0041613+08:00","35632","True","52.922","2693.1","False","False"
"2026-08-06T11:35:16.0975788+08:00","35632","True","52.938","2693.1","False","False"
"2026-08-06T11:35:16.2055757+08:00","35632","True","52.938","2693.1","False","False"
"2026-08-06T11:35:16.3002630+08:00","35632","True","52.938","2693.1","False","False"
"2026-08-06T11:35:16.4084140+08:00","35632","True","52.938","2693.1","False","False"
"2026-08-06T11:35:16.5173543+08:00","35632","True","52.938","2693.1","False","False"
"2026-08-06T11:35:16.6099281+08:00","35632","True","52.938","2693.1","False","False"
"2026-08-06T11:35:16.7027214+08:00","35632","True","52.938","2693.1","False","False"
"2026-08-06T11:35:16.8113078+08:00","35632","True","52.953","2693.1","False","False"
"2026-08-06T11:35:16.9214284+08:00","35632","True","52.953","2693.1","False","False"
"2026-08-06T11:35:17.0137560+08:00","35632","True","52.953","2693.1","False","False"
"2026-08-06T11:35:17.1080553+08:00","35632","True","52.953","2693.1","False","False"
"2026-08-06T11:35:17.2166522+08:00","35632","True","52.953","2693.1","False","False"
"2026-08-06T11:35:17.3098765+08:00","35632","True","52.953","2693.1","False","False"
"2026-08-06T11:35:17.4206040+08:00","35632","True","52.953","2693.1","False","False"
"2026-08-06T11:35:17.5136106+08:00","35632","True","52.953","2693.1","False","False"
"2026-08-06T11:35:17.6057114+08:00","35632","True","52.953","2693.1","False","False"
"2026-08-06T11:35:17.6991693+08:00","35632","True","52.953","2693.1","False","False"
"2026-08-06T11:35:17.8084621+08:00","35632","True","52.953","2693.1","False","False"
"2026-08-06T11:35:17.9031739+08:00","35632","True","52.969","2693.1","False","False"
"2026-08-06T11:35:17.9960107+08:00","35632","True","52.969","2693.1","False","False"
"2026-08-06T11:35:18.1039020+08:00","35632","True","52.969","2693.1","False","False"
"2026-08-06T11:35:18.1990524+08:00","35632","True","52.969","2693.1","False","False"
"2026-08-06T11:35:18.3081687+08:00","35632","True","52.969","2693.1","False","False"
"2026-08-06T11:35:18.4029150+08:00","35632","True","52.969","2693.1","False","False"
"2026-08-06T11:35:18.4973950+08:00","35632","True","52.969","2693.1","False","False"
"2026-08-06T11:35:18.6065527+08:00","35632","True","52.969","2693.1","False","False"
"2026-08-06T11:35:18.7001845+08:00","35632","True","52.969","2693.1","False","False"
"2026-08-06T11:35:18.8088047+08:00","35632","True","52.984","2693.1","False","False"
"2026-08-06T11:35:18.9016629+08:00","35632","True","53.016","2693.1","False","False"
"2026-08-06T11:35:19.0119277+08:00","35632","True","53.016","2693.1","False","False"
"2026-08-06T11:35:19.1057124+08:00","35632","True","53.016","2693.1","False","False"
"2026-08-06T11:35:19.2008047+08:00","35632","True","53.031","2693.1","False","False"
"2026-08-06T11:35:19.3090444+08:00","35632","True","53.031","2693.1","False","False"
"2026-08-06T11:35:19.4035266+08:00","35632","True","53.062","2693.1","False","False"
"2026-08-06T11:35:19.5110645+08:00","35632","True","53.062","2693.1","False","False"
"2026-08-06T11:35:19.6051360+08:00","35632","True","53.062","2693.1","False","False"
"2026-08-06T11:35:19.7141869+08:00","35632","True","53.062","2693.1","False","False"
"2026-08-06T11:35:19.8061243+08:00","35632","True","53.062","2693.1","False","False"
"2026-08-06T11:35:19.8986349+08:00","35632","True","53.062","2693.1","False","False"
"2026-08-06T11:35:20.0076987+08:00","35632","True","53.062","2693.1","False","False"
"2026-08-06T11:35:20.0999056+08:00","35632","True","53.078","2693.1","False","False"
"2026-08-06T11:35:20.2098813+08:00","35632","True","53.078","2693.1","False","False"
"2026-08-06T11:35:20.3042054+08:00","35632","True","53.078","2693.1","False","False"
"2026-08-06T11:35:20.3973224+08:00","35632","True","53.078","2693.1","False","False"
"2026-08-06T11:35:20.5071184+08:00","35632","True","53.078","2693.1","False","False"
"2026-08-06T11:35:20.6020923+08:00","35632","True","53.078","2693.1","False","False"
"2026-08-06T11:35:20.7103536+08:00","35632","True","53.078","2693.1","False","False"
"2026-08-06T11:35:20.8036126+08:00","35632","True","53.078","2693.1","False","False"
"2026-08-06T11:35:20.8971678+08:00","35632","True","53.078","2693.1","False","False"
"2026-08-06T11:35:21.0065277+08:00","35632","True","53.078","2693.1","False","False"
"2026-08-06T11:35:21.0993449+08:00","35632","True","53.078","2693.1","False","False"
"2026-08-06T11:35:21.2083239+08:00","35632","True","53.078","2693.1","False","False"
"2026-08-06T11:35:21.3022469+08:00","35632","True","53.078","2693.1","False","False"
"2026-08-06T11:35:21.4115075+08:00","35632","True","53.078","2693.1","False","False"
"2026-08-06T11:35:21.5050338+08:00","35632","True","53.078","2693.1","False","False"
"2026-08-06T11:35:21.5995129+08:00","35632","True","53.078","2693.1","False","False"
"2026-08-06T11:35:21.7092921+08:00","35632","True","53.078","2693.1","False","False"
"2026-08-06T11:35:21.8019631+08:00","35632","True","53.078","2693.1","False","False"
"2026-08-06T11:35:21.9107199+08:00","35632","True","53.078","2693.1","False","False"
"2026-08-06T11:35:22.0040520+08:00","35632","True","53.141","2693.1","False","False"
"2026-08-06T11:35:22.0969376+08:00","35632","True","53.141","2693.1","False","False"
"2026-08-06T11:35:22.2062643+08:00","35632","True","53.172","2693.1","False","False"
"2026-08-06T11:35:22.3149520+08:00","35632","True","53.172","2693.1","False","False"
"2026-08-06T11:35:22.4081482+08:00","35632","True","53.172","2693.1","False","False"
"2026-08-06T11:35:22.5167985+08:00","35632","True","53.172","2693.1","False","False"
"2026-08-06T11:35:22.6117713+08:00","35632","True","53.188","2693.1","False","False"
"2026-08-06T11:35:22.7043838+08:00","35632","True","53.188","2693.1","False","False"
"2026-08-06T11:35:22.8136893+08:00","35632","True","53.188","2693.1","False","False"
"2026-08-06T11:35:22.9068188+08:00","35632","True","53.188","2693.1","False","False"
"2026-08-06T11:35:23.0159277+08:00","35632","True","53.188","2693.1","False","False"
"2026-08-06T11:35:23.1110743+08:00","35632","True","53.266","2693.1","False","False"
"2026-08-06T11:35:23.2052128+08:00","35632","True","53.266","2693.1","False","False"
"2026-08-06T11:35:23.2996912+08:00","35632","True","53.266","2693.1","False","False"
"2026-08-06T11:35:23.4096867+08:00","35632","True","53.281","2693.1","False","False"
"2026-08-06T11:35:23.5031386+08:00","35632","True","53.297","2693.1","False","False"
"2026-08-06T11:35:23.5970817+08:00","35632","True","53.297","2693.1","False","False"
"2026-08-06T11:35:23.7050913+08:00","35632","True","53.297","2693.1","False","False"
"2026-08-06T11:35:23.7992766+08:00","35632","True","53.297","2693.1","False","False"
"2026-08-06T11:35:23.9080387+08:00","35632","True","53.297","2693.1","False","False"
"2026-08-06T11:35:24.0019455+08:00","35632","True","53.297","2693.1","False","False"
"2026-08-06T11:35:24.0975778+08:00","35632","True","53.297","2693.1","False","False"
"2026-08-06T11:35:24.2049243+08:00","35632","True","53.297","2693.1","False","False"
"2026-08-06T11:35:24.3123737+08:00","35632","True","53.297","2693.1","False","False"
"2026-08-06T11:35:24.4072705+08:00","35632","True","53.297","2693.1","False","False"
"2026-08-06T11:35:24.5032511+08:00","35632","True","53.297","2693.1","False","False"
"2026-08-06T11:35:24.5967976+08:00","35632","True","53.406","2693.1","False","False"
"2026-08-06T11:35:24.7049272+08:00","35632","True","53.406","2693.1","False","False"
"2026-08-06T11:35:24.8145736+08:00","35632","True","53.422","2693.1","False","False"
"2026-08-06T11:35:24.9078409+08:00","35632","True","53.422","2693.1","False","False"
"2026-08-06T11:35:25.0169255+08:00","35632","True","53.422","2693.1","False","False"
"2026-08-06T11:35:25.1096329+08:00","35632","True","53.438","2693.1","False","False"
"2026-08-06T11:35:25.2181981+08:00","35632","True","53.453","2693.1","False","False"
"2026-08-06T11:35:25.3099380+08:00","35632","True","53.469","2693.1","False","False"
"2026-08-06T11:35:25.4190041+08:00","35632","True","53.578","2693.2","False","False"
"2026-08-06T11:35:25.5142721+08:00","35632","True","53.594","2693.2","False","False"
"2026-08-06T11:35:25.6067919+08:00","35632","True","53.656","2693.2","False","False"
"2026-08-06T11:35:25.7156927+08:00","35632","True","53.656","2693.2","False","False"
"2026-08-06T11:35:25.8085090+08:00","35632","True","53.672","2693.2","False","False"
"2026-08-06T11:35:25.9003581+08:00","35632","True","53.672","2693.2","False","False"
"2026-08-06T11:35:26.0114586+08:00","35632","True","53.672","2693.2","False","False"
"2026-08-06T11:35:26.1039176+08:00","35632","True","53.672","2693.2","False","False"
"2026-08-06T11:35:26.1970335+08:00","35632","True","53.672","2693.2","False","False"
"2026-08-06T11:35:26.3080662+08:00","35632","True","53.672","2693.2","False","False"
"2026-08-06T11:35:26.4020643+08:00","35632","True","53.672","2693.2","False","False"
"2026-08-06T11:35:26.5117465+08:00","35632","True","53.688","2693.2","False","False"
"2026-08-06T11:35:26.6053550+08:00","35632","True","53.688","2693.2","False","False"
"2026-08-06T11:35:26.7131622+08:00","35632","True","53.688","2693.2","False","False"
"2026-08-06T11:35:26.8067821+08:00","35632","True","53.688","2693.2","False","False"
"2026-08-06T11:35:26.8995332+08:00","35632","True","53.703","2693.2","False","False"
"2026-08-06T11:35:27.0080951+08:00","35632","True","53.703","2693.2","False","False"
"2026-08-06T11:35:27.1035848+08:00","35632","True","53.719","2693.2","False","False"
"2026-08-06T11:35:27.1964484+08:00","35632","True","53.719","2693.2","False","False"
"2026-08-06T11:35:27.3051474+08:00","35632","True","53.75","2693.2","False","False"
"2026-08-06T11:35:27.3967799+08:00","35632","True","53.75","2693.2","False","False"
"2026-08-06T11:35:27.5051966+08:00","35632","True","53.75","2693.2","False","False"
"2026-08-06T11:35:27.5981359+08:00","35632","True","53.75","2693.2","False","False"
"2026-08-06T11:35:27.7082229+08:00","35632","True","53.75","2693.2","False","False"
"2026-08-06T11:35:27.8014276+08:00","35632","True","53.766","2693.2","False","False"
"2026-08-06T11:35:27.9094134+08:00","35632","True","53.766","2693.2","False","False"
"2026-08-06T11:35:28.0034091+08:00","35632","True","53.766","2693.2","False","False"
"2026-08-06T11:35:28.1122463+08:00","35632","True","53.766","2693.2","False","False"
"2026-08-06T11:35:28.2060376+08:00","35632","True","53.766","2693.2","False","False"
"2026-08-06T11:35:28.3005340+08:00","35632","True","53.766","2693.2","False","False"
"2026-08-06T11:35:28.4094535+08:00","35632","True","53.766","2693.2","False","False"
"2026-08-06T11:35:28.5209603+08:00","35632","True","53.766","2693.2","False","False"
"2026-08-06T11:35:28.6110167+08:00","35632","True","53.766","2693.2","False","False"
"2026-08-06T11:35:28.7056096+08:00","35632","True","53.766","2693.2","False","False"
"2026-08-06T11:35:28.8141492+08:00","35632","True","53.766","2693.2","False","False"
"2026-08-06T11:35:28.9074298+08:00","35632","True","53.766","2693.2","False","False"
"2026-08-06T11:35:29.0165487+08:00","35632","True","53.766","2693.2","False","False"
"2026-08-06T11:35:29.1094288+08:00","35632","True","53.766","2693.2","False","False"
"2026-08-06T11:35:29.2181887+08:00","35632","True","53.766","2693.2","False","False"
"2026-08-06T11:35:29.3103053+08:00","35632","True","53.766","2693.2","False","False"
"2026-08-06T11:35:29.4191281+08:00","35632","True","53.766","2693.2","False","False"
"2026-08-06T11:35:29.5122302+08:00","35632","True","53.781","2693.2","False","False"
"2026-08-06T11:35:29.6069221+08:00","35632","True","53.828","2693.2","False","False"
"2026-08-06T11:35:29.7156662+08:00","35632","True","53.844","2693.2","False","False"
"2026-08-06T11:35:29.8086184+08:00","35632","True","53.844","2693.2","False","False"
"2026-08-06T11:35:29.9015144+08:00","35632","True","53.844","2693.2","False","False"
"2026-08-06T11:35:29.9961544+08:00","35632","True","53.844","2693.2","False","False"
"2026-08-06T11:35:30.1038264+08:00","35632","True","53.844","2693.2","False","False"
"2026-08-06T11:35:30.1995548+08:00","35632","True","53.844","2693.2","False","False"
"2026-08-06T11:35:30.3090034+08:00","35632","True","53.859","2693.2","False","False"
"2026-08-06T11:35:30.4024517+08:00","35632","True","53.859","2693.2","False","False"
"2026-08-06T11:35:30.4973019+08:00","35632","True","53.859","2693.2","False","False"
"2026-08-06T11:35:30.6098813+08:00","35632","True","53.859","2693.2","False","False"
"2026-08-06T11:35:30.7198427+08:00","35632","True","53.859","2693.2","False","False"
"2026-08-06T11:35:30.8136324+08:00","35632","True","53.875","2693.2","False","False"
"2026-08-06T11:35:30.9071420+08:00","35632","True","53.875","2693.2","False","False"
"2026-08-06T11:35:31.0150683+08:00","35632","True","53.875","2693.2","False","False"
"2026-08-06T11:35:31.1060814+08:00","35632","True","53.875","2693.2","False","False"
"2026-08-06T11:35:31.1997789+08:00","35632","True","53.875","2693.2","False","False"
"2026-08-06T11:35:31.3092135+08:00","35632","True","53.875","2693.2","False","False"
"2026-08-06T11:35:31.4181101+08:00","35632","True","53.984","2693.2","False","False"
"2026-08-06T11:35:31.5113205+08:00","35632","True","53.984","2693.2","False","False"
"2026-08-06T11:35:31.6046115+08:00","35632","True","53.984","2693.2","False","False"
"2026-08-06T11:35:31.6971227+08:00","35632","True","53.984","2693.2","False","False"
"2026-08-06T11:35:31.8084304+08:00","35632","True","53.984","2693.2","False","False"
"2026-08-06T11:35:31.9012361+08:00","35632","True","53.984","2693.2","False","False"
"2026-08-06T11:35:32.0111032+08:00","35632","True","53.984","2693.2","False","False"
"2026-08-06T11:35:32.1054630+08:00","35632","True","53.984","2693.2","False","False"
"2026-08-06T11:35:32.1993029+08:00","35632","True","54.031","2693.2","False","False"
"2026-08-06T11:35:32.3080186+08:00","35632","True","54.031","2693.2","False","False"
"2026-08-06T11:35:32.4010671+08:00","35632","True","54.031","2693.2","False","False"
"2026-08-06T11:35:32.5095442+08:00","35632","True","54.031","2693.2","False","False"
"2026-08-06T11:35:32.6039993+08:00","35632","True","54.031","2693.2","False","False"
"2026-08-06T11:35:32.7101428+08:00","35632","True","54.031","2693.2","False","False"
"2026-08-06T11:35:32.8043587+08:00","35632","True","54.062","2693.2","False","False"
"2026-08-06T11:35:32.8983131+08:00","35632","True","54.062","2693.2","False","False"
"2026-08-06T11:35:33.0070406+08:00","35632","True","54.062","2693.2","False","False"
"2026-08-06T11:35:33.1012563+08:00","35632","True","54.062","2693.2","False","False"
"2026-08-06T11:35:33.2101019+08:00","35632","True","54.062","2693.2","False","False"
"2026-08-06T11:35:33.3026773+08:00","35632","True","54.062","2693.2","False","False"
"2026-08-06T11:35:33.3970665+08:00","35632","True","54.094","2693.2","False","False"
"2026-08-06T11:35:33.5061828+08:00","35632","True","54.094","2693.2","False","False"
"2026-08-06T11:35:33.5992738+08:00","35632","True","54.094","2693.2","False","False"
"2026-08-06T11:35:33.7087707+08:00","35632","True","54.094","2693.2","False","False"
"2026-08-06T11:35:33.8002832+08:00","35632","True","54.094","2693.2","False","False"
"2026-08-06T11:35:33.9079108+08:00","35632","True","54.094","2693.2","False","False"
"2026-08-06T11:35:34.0024191+08:00","35632","True","54.094","2693.2","False","False"
"2026-08-06T11:35:34.1108057+08:00","35632","True","54.141","2693.2","False","False"
"2026-08-06T11:35:34.2044676+08:00","35632","True","54.141","2693.2","False","False"
"2026-08-06T11:35:34.3133177+08:00","35632","True","54.172","2693.2","False","False"
"2026-08-06T11:35:34.4066704+08:00","35632","True","54.172","2693.2","False","False"
"2026-08-06T11:35:34.5174392+08:00","35632","True","54.172","2693.2","False","False"
"2026-08-06T11:35:34.6122347+08:00","35632","True","54.172","2693.2","False","False"
"2026-08-06T11:35:34.7068194+08:00","35632","True","54.172","2693.2","False","False"
"2026-08-06T11:35:34.7998650+08:00","35632","True","54.188","2693.2","False","False"
"2026-08-06T11:35:34.9095043+08:00","35632","True","54.188","2693.2","False","False"
"2026-08-06T11:35:35.0022050+08:00","35632","True","54.188","2693.2","False","False"
"2026-08-06T11:35:35.1109289+08:00","35632","True","54.188","2693.2","False","False"
"2026-08-06T11:35:35.2043927+08:00","35632","True","54.188","2693.2","False","False"
"2026-08-06T11:35:35.3141552+08:00","35632","True","54.188","2693.2","False","False"
"2026-08-06T11:35:35.4078082+08:00","35632","True","54.188","2693.2","False","False"
"2026-08-06T11:35:35.5149960+08:00","35632","True","54.188","2693.2","False","False"
"2026-08-06T11:35:35.6080358+08:00","35632","True","54.188","2693.2","False","False"
"2026-08-06T11:35:35.7191719+08:00","35632","True","54.188","2693.2","False","False"
"2026-08-06T11:35:35.8110276+08:00","35632","True","54.188","2693.2","False","False"
"2026-08-06T11:35:35.9221077+08:00","35632","True","54.188","2693.2","False","False"
"2026-08-06T11:35:36.0149010+08:00","35632","True","54.188","2693.2","False","False"
"2026-08-06T11:35:36.1083419+08:00","35632","True","54.203","2693.2","False","False"
"2026-08-06T11:35:36.2179612+08:00","35632","True","54.203","2693.2","False","False"
"2026-08-06T11:35:36.3121288+08:00","35632","True","54.203","2693.2","False","False"
"2026-08-06T11:35:36.4046559+08:00","35632","True","54.203","2693.2","False","False"
"2026-08-06T11:35:36.5142010+08:00","35632","True","54.203","2693.2","False","False"
"2026-08-06T11:35:36.6089927+08:00","35632","True","54.203","2693.2","False","False"
"2026-08-06T11:35:36.7158051+08:00","35632","True","54.203","2693.2","False","False"
"2026-08-06T11:35:36.8082644+08:00","35632","True","54.203","2693.2","False","False"
"2026-08-06T11:35:36.9022553+08:00","35632","True","54.203","2693.2","False","False"
"2026-08-06T11:35:37.0106170+08:00","35632","True","54.203","2693.2","False","False"
"2026-08-06T11:35:37.1031380+08:00","35632","True","54.203","2693.2","False","False"
"2026-08-06T11:35:37.1961474+08:00","35632","True","54.203","2693.2","False","False"
"2026-08-06T11:35:37.3047730+08:00","35632","True","54.203","2693.2","False","False"
"2026-08-06T11:35:37.3981999+08:00","35632","True","54.203","2693.2","False","False"
"2026-08-06T11:35:37.5060639+08:00","35632","True","54.203","2693.2","False","False"
"2026-08-06T11:35:37.5988635+08:00","35632","True","54.203","2693.2","False","False"
"2026-08-06T11:35:37.7092386+08:00","35632","True","54.203","2693.2","False","False"
"2026-08-06T11:35:37.8018725+08:00","35632","True","54.203","2693.2","False","False"
"2026-08-06T11:35:37.9096387+08:00","35632","True","54.203","2693.2","False","False"
"2026-08-06T11:35:38.0046884+08:00","35632","True","54.203","2693.2","False","False"
"2026-08-06T11:35:38.0968488+08:00","35632","True","54.203","2693.2","False","False"
"2026-08-06T11:35:38.2055836+08:00","35632","True","54.203","2693.2","False","False"
"2026-08-06T11:35:38.3004408+08:00","35632","True","54.203","2693.2","False","False"
"2026-08-06T11:35:38.4110406+08:00","35632","True","54.203","2693.2","False","False"
"2026-08-06T11:35:38.5035261+08:00","35632","True","54.203","2693.2","False","False"
"2026-08-06T11:35:38.6122793+08:00","35632","True","54.203","2693.2","False","False"
"2026-08-06T11:35:38.7047581+08:00","35632","True","54.203","2693.2","False","False"
"2026-08-06T11:35:38.8136873+08:00","35632","True","54.203","2693.2","False","False"
"2026-08-06T11:35:38.9055179+08:00","35632","True","54.203","2693.2","False","False"
"2026-08-06T11:35:39.0146593+08:00","35632","True","54.203","2693.2","False","False"
"2026-08-06T11:35:39.1078558+08:00","35632","True","54.203","2693.2","False","False"
"2026-08-06T11:35:39.2158150+08:00","35632","True","54.203","2693.2","False","False"
"2026-08-06T11:35:39.3087856+08:00","35632","True","54.203","2693.2","False","False"
"2026-08-06T11:35:39.4032892+08:00","35632","True","54.234","2693.2","False","False"
"2026-08-06T11:35:39.5126977+08:00","35632","True","54.25","2693.2","False","False"
"2026-08-06T11:35:39.6056054+08:00","35632","True","54.266","2693.2","False","False"
"2026-08-06T11:35:39.7001403+08:00","35632","True","54.266","2693.2","False","False"
"2026-08-06T11:35:39.8086995+08:00","35632","True","54.266","2693.2","False","False"
"2026-08-06T11:35:39.9029788+08:00","35632","True","54.281","2693.2","False","False"
"2026-08-06T11:35:39.9962451+08:00","35632","True","54.281","2693.2","False","False"
"2026-08-06T11:35:40.1068961+08:00","35632","True","54.281","2693.2","False","False"
"2026-08-06T11:35:40.2137272+08:00","35632","True","54.281","2693.2","False","False"
"2026-08-06T11:35:40.3063223+08:00","35632","True","54.281","2693.2","False","False"
"2026-08-06T11:35:40.3984002+08:00","35632","True","54.281","2693.2","False","False"
"2026-08-06T11:35:40.5060389+08:00","35632","True","54.281","2693.2","False","False"
"2026-08-06T11:35:40.5996765+08:00","35632","True","54.281","2693.2","False","False"
"2026-08-06T11:35:40.7091014+08:00","35632","True","54.281","2693.2","False","False"
"2026-08-06T11:35:40.8012238+08:00","35632","True","54.297","2693.2","False","False"
"2026-08-06T11:35:40.9099327+08:00","35632","True","54.297","2693.2","False","False"
"2026-08-06T11:35:41.0165434+08:00","35632","True","54.297","2693.2","False","False"
"2026-08-06T11:35:41.1097229+08:00","35632","True","54.297","2693.2","False","False"
"2026-08-06T11:35:41.2177509+08:00","35632","True","54.312","2693.2","False","False"
"2026-08-06T11:35:41.3109383+08:00","35632","True","54.312","2693.2","False","False"
"2026-08-06T11:35:41.4205943+08:00","35632","True","54.312","2693.2","False","False"
"2026-08-06T11:35:41.5143024+08:00","35632","True","54.312","2693.2","False","False"
"2026-08-06T11:35:41.6078981+08:00","35632","True","54.312","2693.2","False","False"
"2026-08-06T11:35:41.7143884+08:00","35632","True","54.312","2693.2","False","False"
"2026-08-06T11:35:41.8068478+08:00","35632","True","54.312","2693.2","False","False"
"2026-08-06T11:35:41.9018820+08:00","35632","True","54.312","2693.2","False","False"
"2026-08-06T11:35:42.0103878+08:00","35632","True","54.312","2693.2","False","False"
"2026-08-06T11:35:42.1032466+08:00","35632","True","54.312","2693.2","False","False"
"2026-08-06T11:35:42.1956229+08:00","35632","True","54.312","2693.2","False","False"
"2026-08-06T11:35:42.3030621+08:00","35632","True","54.312","2693.2","False","False"
"2026-08-06T11:35:42.3979871+08:00","35632","True","54.344","2693.2","False","False"
"2026-08-06T11:35:42.5080408+08:00","35632","True","54.344","2693.2","False","False"
"2026-08-06T11:35:42.6017888+08:00","35632","True","54.344","2693.2","False","False"
"2026-08-06T11:35:42.7103297+08:00","35632","True","54.344","2693.2","False","False"
"2026-08-06T11:35:42.8035401+08:00","35632","True","54.344","2693.2","False","False"
"2026-08-06T11:35:42.8973037+08:00","35632","True","54.344","2693.2","False","False"
"2026-08-06T11:35:43.0075479+08:00","35632","True","54.344","2693.2","False","False"
"2026-08-06T11:35:43.1015983+08:00","35632","True","54.344","2693.2","False","False"
"2026-08-06T11:35:43.2089338+08:00","35632","True","54.344","2693.2","False","False"
"2026-08-06T11:35:43.3041948+08:00","35632","True","54.359","2693.2","False","False"
"2026-08-06T11:35:43.3985716+08:00","35632","True","54.359","2693.2","False","False"
"2026-08-06T11:35:43.5074448+08:00","35632","True","54.359","2693.2","False","False"
"2026-08-06T11:35:43.6008995+08:00","35632","True","54.359","2693.2","False","False"
"2026-08-06T11:35:43.7084305+08:00","35632","True","54.359","2693.2","False","False"
"2026-08-06T11:35:43.8007417+08:00","35632","True","54.375","2693.2","False","False"
"2026-08-06T11:35:43.9089102+08:00","35632","True","54.375","2693.2","False","False"
"2026-08-06T11:35:44.0028001+08:00","35632","True","54.375","2693.2","False","False"
"2026-08-06T11:35:44.0970720+08:00","35632","True","54.375","2693.2","False","False"
"2026-08-06T11:35:44.2067087+08:00","35632","True","54.375","2693.2","False","False"
"2026-08-06T11:35:44.3006524+08:00","35632","True","54.375","2693.2","False","False"
"2026-08-06T11:35:44.4080558+08:00","35632","True","54.375","2693.2","False","False"
"2026-08-06T11:35:44.5174343+08:00","35632","True","54.375","2693.2","False","False"
"2026-08-06T11:35:44.6104801+08:00","35632","True","54.375","2693.2","False","False"
"2026-08-06T11:35:44.7176474+08:00","35632","True","54.375","2693.2","False","False"
"2026-08-06T11:35:44.8110570+08:00","35632","True","54.391","2693.2","False","False"
"2026-08-06T11:35:44.9045369+08:00","35632","True","54.391","2693.2","False","False"
"2026-08-06T11:35:45.0141235+08:00","35632","True","54.391","2693.2","False","False"
"2026-08-06T11:35:45.1085319+08:00","35632","True","54.391","2693.2","False","False"
"2026-08-06T11:35:45.2175294+08:00","35632","True","54.391","2693.2","False","False"
"2026-08-06T11:35:45.3105739+08:00","35632","True","54.391","2693.2","False","False"
"2026-08-06T11:35:45.4186159+08:00","35632","True","54.422","2693.2","False","False"
"2026-08-06T11:35:45.5121750+08:00","35632","True","54.438","2693.2","False","False"
"2026-08-06T11:35:45.6053732+08:00","35632","True","54.438","2693.2","False","False"
"2026-08-06T11:35:45.6986298+08:00","35632","True","54.438","2693.2","False","False"
"2026-08-06T11:35:45.8076127+08:00","35632","True","54.438","2693.2","False","False"
"2026-08-06T11:35:45.9014464+08:00","35632","True","54.453","2693.2","False","False"
"2026-08-06T11:35:46.0095140+08:00","35632","True","54.453","2693.2","False","False"
"2026-08-06T11:35:46.1039015+08:00","35632","True","54.453","2693.2","False","False"
"2026-08-06T11:35:46.1979696+08:00","35632","True","54.453","2693.2","False","False"
"2026-08-06T11:35:46.3076818+08:00","35632","True","54.453","2693.2","False","False"
"2026-08-06T11:35:46.4008964+08:00","35632","True","54.453","2693.2","False","False"
"2026-08-06T11:35:46.4956740+08:00","35632","True","54.453","2693.2","False","False"
"2026-08-06T11:35:46.6049832+08:00","35632","True","54.453","2693.2","False","False"
"2026-08-06T11:35:46.6978030+08:00","35632","True","54.453","2693.2","False","False"
"2026-08-06T11:35:46.8059919+08:00","35632","True","54.5","2693.2","False","False"
"2026-08-06T11:35:46.9004624+08:00","35632","True","54.5","2693.2","False","False"
"2026-08-06T11:35:47.0099810+08:00","35632","True","54.5","2693.2","False","False"
"2026-08-06T11:35:47.1048738+08:00","35632","True","54.5","2693.2","False","False"
"2026-08-06T11:35:47.1995152+08:00","35632","True","54.5","2693.2","False","False"
"2026-08-06T11:35:47.3084011+08:00","35632","True","54.594","2693.2","False","False"
"2026-08-06T11:35:47.4028737+08:00","35632","True","54.625","2693.2","False","False"
"2026-08-06T11:35:47.4962401+08:00","35632","True","54.625","2693.2","False","False"
"2026-08-06T11:35:47.6038386+08:00","35632","True","54.656","2693.3","False","False"
"2026-08-06T11:35:47.7109776+08:00","35632","True","54.656","2693.3","False","False"
"2026-08-06T11:35:47.8038230+08:00","35632","True","54.656","2693.3","False","False"
"2026-08-06T11:35:47.8978346+08:00","35632","True","54.656","2693.3","False","False"
"2026-08-06T11:35:48.0073474+08:00","35632","True","54.656","2693.3","False","False"
"2026-08-06T11:35:48.1018018+08:00","35632","True","54.656","2693.3","False","False"
"2026-08-06T11:35:48.2102595+08:00","35632","True","54.656","2693.3","False","False"
"2026-08-06T11:35:48.3040810+08:00","35632","True","54.656","2693.3","False","False"
"2026-08-06T11:35:48.3996019+08:00","35632","True","54.656","2693.3","False","False"
"2026-08-06T11:35:48.5084785+08:00","35632","True","54.656","2693.3","False","False"
"2026-08-06T11:35:48.6029226+08:00","35632","True","54.656","2693.3","False","False"
"2026-08-06T11:35:48.6969963+08:00","35632","True","54.656","2693.3","False","False"
"2026-08-06T11:35:48.8047018+08:00","35632","True","54.656","2693.3","False","False"
"2026-08-06T11:35:48.8986378+08:00","35632","True","54.656","2693.3","False","False"
"2026-08-06T11:35:49.0063778+08:00","35632","True","54.656","2693.3","False","False"
"2026-08-06T11:35:49.0998472+08:00","35632","True","54.672","2693.3","False","False"
"2026-08-06T11:35:49.2089442+08:00","35632","True","54.672","2693.3","False","False"
"2026-08-06T11:35:49.3025599+08:00","35632","True","54.672","2693.3","False","False"
"2026-08-06T11:35:49.3981667+08:00","35632","True","54.688","2693.3","False","False"
"2026-08-06T11:35:49.5070544+08:00","35632","True","54.703","2693.3","False","False"
"2026-08-06T11:35:49.6010768+08:00","35632","True","54.703","2693.3","False","False"
"2026-08-06T11:35:49.7096884+08:00","35632","True","54.719","2693.3","False","False"
"2026-08-06T11:35:49.8033005+08:00","35632","True","54.719","2693.3","False","False"
"2026-08-06T11:35:49.8988493+08:00","35632","True","54.734","2693.3","False","False"
"2026-08-06T11:35:50.0075141+08:00","35632","True","54.734","2693.3","False","False"
"2026-08-06T11:35:50.1009946+08:00","35632","True","54.734","2693.3","False","False"
"2026-08-06T11:35:50.2089130+08:00","35632","True","54.75","2693.3","False","False"
"2026-08-06T11:35:50.3025995+08:00","35632","True","54.75","2693.3","False","False"
"2026-08-06T11:35:50.4117047+08:00","35632","True","54.75","2693.3","False","False"
"2026-08-06T11:35:50.5049928+08:00","35632","True","54.75","2693.3","False","False"
"2026-08-06T11:35:50.5989659+08:00","35632","True","54.75","2693.3","False","False"
"2026-08-06T11:35:50.7085753+08:00","35632","True","54.766","2693.3","False","False"
"2026-08-06T11:35:50.8022780+08:00","35632","True","54.766","2693.3","False","False"
"2026-08-06T11:35:50.9104050+08:00","35632","True","54.812","2693.3","False","False"
"2026-08-06T11:35:51.0043742+08:00","35632","True","54.812","2693.3","False","False"
"2026-08-06T11:35:51.0978208+08:00","35632","True","54.812","2693.3","False","False"
"2026-08-06T11:35:51.2076039+08:00","35632","True","54.812","2693.3","False","False"
"2026-08-06T11:35:51.3019177+08:00","35632","True","54.812","2693.3","False","False"
"2026-08-06T11:35:51.4101293+08:00","35632","True","54.812","2693.3","False","False"
"2026-08-06T11:35:51.5042026+08:00","35632","True","54.812","2693.3","False","False"
"2026-08-06T11:35:51.6107832+08:00","35632","True","54.812","2693.3","False","False"
"2026-08-06T11:35:51.7061663+08:00","35632","True","54.828","2693.3","False","False"
"2026-08-06T11:35:51.8001555+08:00","35632","True","54.828","2693.3","False","False"
"2026-08-06T11:35:51.9088531+08:00","35632","True","54.875","2693.3","False","False"
"2026-08-06T11:35:52.0035596+08:00","35632","True","54.875","2693.3","False","False"
"2026-08-06T11:35:52.0975614+08:00","35632","True","54.891","2693.3","False","False"
"2026-08-06T11:35:52.2063935+08:00","35632","True","54.891","2693.3","False","False"
"2026-08-06T11:35:52.3138410+08:00","35632","True","54.906","2693.3","False","False"
"2026-08-06T11:35:52.4072221+08:00","35632","True","54.906","2693.3","False","False"
"2026-08-06T11:35:52.5163165+08:00","35632","True","54.922","2693.3","False","False"
"2026-08-06T11:35:52.6088220+08:00","35632","True","54.922","2693.3","False","False"
"2026-08-06T11:35:52.7182531+08:00","35632","True","54.953","2693.3","False","False"
"2026-08-06T11:35:52.8116574+08:00","35632","True","55","2693.3","False","False"
"2026-08-06T11:35:52.9044115+08:00","35632","True","55","2693.3","False","False"
"2026-08-06T11:35:53.0128446+08:00","35632","True","55","2693.3","False","False"
"2026-08-06T11:35:53.1063210+08:00","35632","True","55","2693.3","False","False"
"2026-08-06T11:35:53.2173861+08:00","35632","True","55","2693.3","False","False"
"2026-08-06T11:35:53.3093190+08:00","35632","True","55.016","2693.3","False","False"
"2026-08-06T11:35:53.4184425+08:00","35632","True","55.031","2693.3","False","False"
"2026-08-06T11:35:53.5104641+08:00","35632","True","55.031","2693.3","False","False"
"2026-08-06T11:35:53.6027156+08:00","35632","True","55.031","2693.3","False","False"
"2026-08-06T11:35:53.6975375+08:00","35632","True","55.031","2693.3","False","False"
"2026-08-06T11:35:53.8068744+08:00","35632","True","55.031","2693.3","False","False"
"2026-08-06T11:35:53.9008901+08:00","35632","True","55.031","2693.3","False","False"
"2026-08-06T11:35:54.0079510+08:00","35632","True","55.031","2693.3","False","False"
"2026-08-06T11:35:54.1014508+08:00","35632","True","55.031","2693.3","False","False"
"2026-08-06T11:35:54.2104400+08:00","35632","True","55.031","2693.3","False","False"
"2026-08-06T11:35:54.3037091+08:00","35632","True","55.031","2693.3","False","False"
"2026-08-06T11:35:54.3980218+08:00","35632","True","55.031","2693.3","False","False"
"2026-08-06T11:35:54.5087381+08:00","35632","True","55.031","2693.3","False","False"
"2026-08-06T11:35:54.6007324+08:00","35632","True","55.031","2693.3","False","False"
"2026-08-06T11:35:54.7108154+08:00","35632","True","55.047","2693.3","False","False"
"2026-08-06T11:35:54.8043954+08:00","35632","True","55.047","2693.3","False","False"
"2026-08-06T11:35:54.8976053+08:00","35632","True","55.109","2693.3","False","False"
"2026-08-06T11:35:55.0064796+08:00","35632","True","55.109","2693.3","False","False"
"2026-08-06T11:35:55.0996053+08:00","35632","True","55.109","2693.3","False","False"
"2026-08-06T11:35:55.2085531+08:00","35632","True","55.109","2693.3","False","False"
"2026-08-06T11:35:55.3014752+08:00","35632","True","55.109","2693.3","False","False"
"2026-08-06T11:35:55.4102288+08:00","35632","True","55.109","2693.4","False","False"
"2026-08-06T11:35:55.5037752+08:00","35632","True","55.109","2693.4","False","False"
"2026-08-06T11:35:55.5985958+08:00","35632","True","55.109","2693.4","False","False"
"2026-08-06T11:35:55.7065884+08:00","35632","True","55.109","2693.4","False","False"
"2026-08-06T11:35:55.8000730+08:00","35632","True","55.109","2693.4","False","False"
"2026-08-06T11:35:55.9073706+08:00","35632","True","55.109","2693.4","False","False"
"2026-08-06T11:35:56.0163825+08:00","35632","True","55.109","2693.4","False","False"
"2026-08-06T11:35:56.1102667+08:00","35632","True","55.109","2693.4","False","False"
"2026-08-06T11:35:56.2182182+08:00","35632","True","55.109","2693.4","False","False"
"2026-08-06T11:35:56.3094147+08:00","35632","True","55.109","2693.4","False","False"
"2026-08-06T11:35:56.4205113+08:00","35632","True","55.109","2693.4","False","False"
"2026-08-06T11:35:56.5155896+08:00","35632","True","55.109","2693.4","False","False"
"2026-08-06T11:35:56.6104574+08:00","35632","True","55.109","2693.4","False","False"
"2026-08-06T11:35:56.7049728+08:00","35632","True","55.109","2693.4","False","False"
"2026-08-06T11:35:56.8126164+08:00","35632","True","55.109","2693.4","False","False"
"2026-08-06T11:35:56.9047923+08:00","35632","True","55.109","2693.4","False","False"
"2026-08-06T11:35:57.0134214+08:00","35632","True","55.109","2693.4","False","False"
"2026-08-06T11:35:57.1075316+08:00","35632","True","55.109","2693.4","False","False"
"2026-08-06T11:35:57.2184631+08:00","35632","True","55.109","2693.4","False","False"
"2026-08-06T11:35:57.2995473+08:00","35632","True","55.156","2693.4","False","False"
"2026-08-06T11:35:57.4065456+08:00","35632","True","55.172","2693.4","False","False"
"2026-08-06T11:35:57.5160250+08:00","35632","True","55.172","2693.4","False","False"
"2026-08-06T11:35:57.6087323+08:00","35632","True","55.172","2693.4","False","False"
"2026-08-06T11:35:57.7188329+08:00","35632","True","55.188","2693.4","False","False"
"2026-08-06T11:35:57.8121030+08:00","35632","True","55.188","2693.4","False","False"
"2026-08-06T11:35:57.9069446+08:00","35632","True","55.188","2693.4","False","False"
"2026-08-06T11:35:58.0144631+08:00","35632","True","55.188","2693.4","False","False"
"2026-08-06T11:35:58.1093502+08:00","35632","True","55.203","2693.4","False","False"
"2026-08-06T11:35:58.2180786+08:00","35632","True","55.219","2693.4","False","False"
"2026-08-06T11:35:58.3114318+08:00","35632","True","55.219","2693.4","False","False"
"2026-08-06T11:35:58.4223916+08:00","35632","True","55.219","2693.4","False","False"
"2026-08-06T11:35:58.5155128+08:00","35632","True","55.219","2693.4","False","False"
"2026-08-06T11:35:58.6091022+08:00","35632","True","55.297","2693.4","False","False"
"2026-08-06T11:35:58.7182578+08:00","35632","True","55.297","2693.3","False","False"
"2026-08-06T11:35:58.8121002+08:00","35632","True","55.297","2693.3","False","False"
"2026-08-06T11:35:58.9042823+08:00","35632","True","55.297","2693.3","False","False"
"2026-08-06T11:35:59.0123368+08:00","35632","True","55.297","2693.3","False","False"
"2026-08-06T11:35:59.1052383+08:00","35632","True","55.297","2693.3","False","False"
"2026-08-06T11:35:59.1993760+08:00","35632","True","55.297","2693.3","False","False"
"2026-08-06T11:35:59.3082690+08:00","35632","True","55.297","2693.3","False","False"
"2026-08-06T11:35:59.4032695+08:00","35632","True","55.328","2693.3","False","False"
"2026-08-06T11:35:59.5117601+08:00","35632","True","55.328","2693.3","False","False"
"2026-08-06T11:35:59.6071512+08:00","35632","True","55.344","2693.3","False","False"
"2026-08-06T11:35:59.7155641+08:00","35632","True","55.359","2693.3","False","False"
"2026-08-06T11:35:59.8092423+08:00","35632","True","55.391","2693.3","False","False"
"2026-08-06T11:35:59.9182267+08:00","35632","True","55.391","2693.3","False","False"
"2026-08-06T11:36:00.0103095+08:00","35632","True","55.391","2693.3","False","False"
"2026-08-06T11:36:00.1050650+08:00","35632","True","55.406","2693.3","False","False"
"2026-08-06T11:36:00.1994242+08:00","35632","True","55.406","2693.3","False","False"
"2026-08-06T11:36:00.3094748+08:00","35632","True","55.422","2693.3","False","False"
"2026-08-06T11:36:00.4198545+08:00","35632","True","55.422","2693.3","False","False"
"2026-08-06T11:36:00.5135168+08:00","35632","True","55.422","2693.3","False","False"
"2026-08-06T11:36:00.6074167+08:00","35632","True","55.422","2693.3","False","False"
"2026-08-06T11:36:00.7153988+08:00","35632","True","55.422","2693.3","False","False"
"2026-08-06T11:36:00.8088430+08:00","35632","True","55.438","2693.3","False","False"
"2026-08-06T11:36:00.9179080+08:00","35632","True","55.469","2693.3","False","False"
"2026-08-06T11:36:00.9974434+08:00","35632","True","55.469","2693.3","False","False"
"2026-08-06T11:36:01.1046145+08:00","35632","True","55.469","2693.3","False","False"
"2026-08-06T11:36:01.1984493+08:00","35632","True","55.469","2693.3","False","False"
"2026-08-06T11:36:01.3085868+08:00","35632","True","55.484","2693.3","False","False"
"2026-08-06T11:36:01.4189300+08:00","35632","True","55.484","2693.3","False","False"
"2026-08-06T11:36:01.5139444+08:00","35632","True","55.484","2693.3","False","False"
"2026-08-06T11:36:01.6058845+08:00","35632","True","55.484","2693.3","False","False"
"2026-08-06T11:36:01.6993602+08:00","35632","True","55.484","2693.3","False","False"
"2026-08-06T11:36:01.8072794+08:00","35632","True","55.484","2693.3","False","False"
"2026-08-06T11:36:01.8997414+08:00","35632","True","55.484","2693.3","False","False"
"2026-08-06T11:36:02.0075504+08:00","35632","True","55.5","2693.3","False","False"
"2026-08-06T11:36:02.1017977+08:00","35632","True","55.5","2693.3","False","False"
"2026-08-06T11:36:02.1963685+08:00","35632","True","55.562","2693.3","False","False"
"2026-08-06T11:36:02.3054012+08:00","35632","True","55.562","2693.3","False","False"
"2026-08-06T11:36:02.3992955+08:00","35632","True","55.562","2693.3","False","False"
"2026-08-06T11:36:02.5072799+08:00","35632","True","55.594","2693.3","False","False"
"2026-08-06T11:36:02.6006971+08:00","35632","True","55.703","2758.8","False","False"
"2026-08-06T11:36:02.7099252+08:00","35632","True","55.719","2758.8","False","False"
"2026-08-06T11:36:02.8031277+08:00","35632","True","55.766","2758.8","False","False"
"2026-08-06T11:36:02.8962620+08:00","35632","True","55.766","2758.8","False","False"
"2026-08-06T11:36:03.0056385+08:00","35632","True","55.766","2758.8","False","False"
"2026-08-06T11:36:03.1000306+08:00","35632","True","55.766","2758.8","False","False"
"2026-08-06T11:36:03.2108017+08:00","35632","True","55.797","2758.8","False","False"
"2026-08-06T11:36:03.3047370+08:00","35632","True","55.797","2758.8","False","False"
"2026-08-06T11:36:03.3996847+08:00","35632","True","55.797","2758.8","False","False"
"2026-08-06T11:36:03.5088946+08:00","35632","True","55.797","2758.8","False","False"
"2026-08-06T11:36:03.6017200+08:00","35632","True","55.797","2758.8","False","False"
"2026-08-06T11:36:03.7113305+08:00","35632","True","55.797","2758.8","False","False"
"2026-08-06T11:36:03.8041476+08:00","35632","True","55.844","2758.8","False","False"
"2026-08-06T11:36:03.8981342+08:00","35632","True","55.844","2758.8","False","False"
"2026-08-06T11:36:04.0077438+08:00","35632","True","55.844","2758.8","False","False"
"2026-08-06T11:36:04.1006959+08:00","35632","True","55.859","2758.8","False","False"
"2026-08-06T11:36:04.2105335+08:00","35632","True","55.859","2758.8","False","False"
"2026-08-06T11:36:04.3040592+08:00","35632","True","55.859","2758.8","False","False"
"2026-08-06T11:36:04.3983494+08:00","35632","True","55.859","2758.8","False","False"
"2026-08-06T11:36:04.5080457+08:00","35632","True","55.859","2758.8","False","False"
"2026-08-06T11:36:04.6018775+08:00","35632","True","55.859","2758.8","False","False"
"2026-08-06T11:36:04.7105842+08:00","35632","True","55.875","2758.8","False","False"
"2026-08-06T11:36:04.8034754+08:00","35632","True","55.891","2758.8","False","False"
"2026-08-06T11:36:04.8977668+08:00","35632","True","55.922","2758.8","False","False"
"2026-08-06T11:36:05.0067795+08:00","35632","True","55.922","2758.8","False","False"
"2026-08-06T11:36:05.1005158+08:00","35632","True","55.984","2758.8","False","False"
"2026-08-06T11:36:05.2083675+08:00","35632","True","55.984","2758.8","False","False"
"2026-08-06T11:36:05.3016575+08:00","35632","True","55.984","2758.8","False","False"
"2026-08-06T11:36:05.4103520+08:00","35632","True","56","2758.8","False","False"
"2026-08-06T11:36:05.5041481+08:00","35632","True","56","2758.8","False","False"
"2026-08-06T11:36:05.5992560+08:00","35632","True","56","2758.8","False","False"
"2026-08-06T11:36:05.7076213+08:00","35632","True","56","2758.8","False","False"
"2026-08-06T11:36:05.8002419+08:00","35632","True","56","2758.8","False","False"
"2026-08-06T11:36:05.9060051+08:00","35632","True","56.016","2758.8","False","False"
"2026-08-06T11:36:06.0153814+08:00","35632","True","56.031","2758.8","False","False"
"2026-08-06T11:36:06.1096755+08:00","35632","True","56.031","2758.8","False","False"
"2026-08-06T11:36:06.2194678+08:00","35632","True","56.031","2758.8","False","False"
"2026-08-06T11:36:06.3141186+08:00","35632","True","56.031","2758.8","False","False"
"2026-08-06T11:36:06.4077849+08:00","35632","True","56.031","2758.8","False","False"
"2026-08-06T11:36:06.5185109+08:00","35632","True","56.031","2758.8","False","False"
"2026-08-06T11:36:06.6112223+08:00","35632","True","56.031","2757.2","False","False"
"2026-08-06T11:36:06.7033993+08:00","35632","True","56.031","2757.2","False","False"
"2026-08-06T11:36:06.8126154+08:00","35632","True","56.031","2757.2","False","False"
"2026-08-06T11:36:06.9055706+08:00","35632","True","56.031","2757.2","False","False"
"2026-08-06T11:36:07.0164168+08:00","35632","True","56.031","2757.2","False","False"
"2026-08-06T11:36:07.1095087+08:00","35632","True","56.031","2757.2","False","False"
"2026-08-06T11:36:07.2013443+08:00","35632","True","56.031","2757.2","False","False"
"2026-08-06T11:36:07.3101584+08:00","35632","True","56.031","2757.2","False","False"
"2026-08-06T11:36:07.4180022+08:00","35632","True","56.031","2757.2","False","False"
"2026-08-06T11:36:07.4982949+08:00","35632","True","56.078","2757.2","False","False"
"2026-08-06T11:36:07.6059048+08:00","35632","True","56.078","2757.2","False","False"
"2026-08-06T11:36:07.7004007+08:00","35632","True","56.078","2757.2","False","False"
"2026-08-06T11:36:07.8081306+08:00","35632","True","56.078","2757.2","False","False"
"2026-08-06T11:36:07.9014690+08:00","35632","True","56.094","2757.2","False","False"
"2026-08-06T11:36:08.0104797+08:00","35632","True","56.109","2757.2","False","False"
"2026-08-06T11:36:08.1033973+08:00","35632","True","56.109","2757.2","False","False"
"2026-08-06T11:36:08.1972753+08:00","35632","True","56.109","2757.2","False","False"
"2026-08-06T11:36:08.3060127+08:00","35632","True","56.109","2757.2","False","False"
"2026-08-06T11:36:08.3989575+08:00","35632","True","56.172","2757.2","False","False"
"2026-08-06T11:36:08.5086070+08:00","35632","True","56.172","2757.2","False","False"
"2026-08-06T11:36:08.5992724+08:00","35632","True","56.172","2757.2","False","False"
"2026-08-06T11:36:08.7082990+08:00","35632","True","56.172","2757.2","False","False"
"2026-08-06T11:36:08.8024097+08:00","35632","True","56.172","2757.2","False","False"
"2026-08-06T11:36:08.9110317+08:00","35632","True","56.219","2757.2","False","False"
"2026-08-06T11:36:09.0060665+08:00","35632","True","56.219","2757.2","False","False"
"2026-08-06T11:36:09.1006297+08:00","35632","True","56.219","2757.2","False","False"
"2026-08-06T11:36:09.2090118+08:00","35632","True","56.219","2757.2","False","False"
"2026-08-06T11:36:09.3034580+08:00","35632","True","56.234","2757.2","False","False"
"2026-08-06T11:36:09.4113447+08:00","35632","True","56.234","2757.2","False","False"
"2026-08-06T11:36:09.5053016+08:00","35632","True","56.234","2757.2","False","False"
"2026-08-06T11:36:09.5972481+08:00","35632","True","56.234","2757.2","False","False"
"2026-08-06T11:36:09.7071449+08:00","35632","True","56.234","2757.2","False","False"
"2026-08-06T11:36:09.8010904+08:00","35632","True","56.25","2757.2","False","False"
"2026-08-06T11:36:09.9108824+08:00","35632","True","56.297","2757.2","False","False"
"2026-08-06T11:36:10.0038118+08:00","35632","True","56.297","2757.2","False","False"
"2026-08-06T11:36:10.0970349+08:00","35632","True","56.297","2757.2","False","False"
"2026-08-06T11:36:10.2072085+08:00","35632","True","56.312","2757.2","False","False"
"2026-08-06T11:36:10.3003197+08:00","35632","True","56.312","2757.2","False","False"
"2026-08-06T11:36:10.4105229+08:00","35632","True","56.328","2757.2","False","False"
"2026-08-06T11:36:10.5039166+08:00","35632","True","56.328","2757.2","False","False"
"2026-08-06T11:36:10.5967967+08:00","35632","True","56.328","2757.2","False","False"
"2026-08-06T11:36:10.7047830+08:00","35632","True","56.328","2757.2","False","False"
"2026-08-06T11:36:10.8132605+08:00","35632","True","56.344","2757.2","False","False"
"2026-08-06T11:36:10.9053617+08:00","35632","True","56.422","2757.2","False","False"
"2026-08-06T11:36:11.0139832+08:00","35632","True","56.422","2757.2","False","False"
"2026-08-06T11:36:11.1093566+08:00","35632","True","56.422","2757.2","False","False"
"2026-08-06T11:36:11.2172629+08:00","35632","True","56.422","2757.2","False","False"
"2026-08-06T11:36:11.3105704+08:00","35632","True","56.422","2757.2","False","False"
"2026-08-06T11:36:11.4201081+08:00","35632","True","56.438","2757.2","False","False"
"2026-08-06T11:36:11.5127854+08:00","35632","True","56.438","2757.2","False","False"
"2026-08-06T11:36:11.6071638+08:00","35632","True","56.438","2757.2","False","False"
"2026-08-06T11:36:11.7146517+08:00","35632","True","56.438","2757.2","False","False"
"2026-08-06T11:36:11.8074422+08:00","35632","True","56.438","2757.2","False","False"
"2026-08-06T11:36:11.9008869+08:00","35632","True","56.438","2757.2","False","False"
"2026-08-06T11:36:12.0091711+08:00","35632","True","56.438","2757.2","False","False"
"2026-08-06T11:36:12.1047709+08:00","35632","True","56.453","2757.2","False","False"
"2026-08-06T11:36:12.1970694+08:00","35632","True","56.453","2757.2","False","False"
"2026-08-06T11:36:12.3058552+08:00","35632","True","56.453","2757.2","False","False"
"2026-08-06T11:36:12.3987741+08:00","35632","True","56.453","2757.2","False","False"
"2026-08-06T11:36:12.5092204+08:00","35632","True","56.453","2757.2","False","False"
"2026-08-06T11:36:12.6035658+08:00","35632","True","56.5","2757.2","False","False"
"2026-08-06T11:36:12.6971796+08:00","35632","True","56.5","2693.3","False","False"
"2026-08-06T11:36:12.8061721+08:00","35632","True","56.516","2693.3","False","False"
"2026-08-06T11:36:12.9004316+08:00","35632","True","56.516","2693.3","False","False"
"2026-08-06T11:36:13.0090262+08:00","35632","True","56.516","2693.3","False","False"
"2026-08-06T11:36:13.1023599+08:00","35632","True","56.516","2693.3","False","False"
"2026-08-06T11:36:13.1960628+08:00","35632","True","56.516","2693.3","False","False"
"2026-08-06T11:36:13.3051401+08:00","35632","True","56.516","2693.3","False","False"
"2026-08-06T11:36:13.3992269+08:00","35632","True","56.516","2693.3","False","False"
"2026-08-06T11:36:13.5092134+08:00","35632","True","56.516","2693.3","False","False"
"2026-08-06T11:36:13.6015354+08:00","35632","True","56.516","2693.3","False","False"
"2026-08-06T11:36:13.6969661+08:00","35632","True","56.516","2693.3","False","False"
"2026-08-06T11:36:13.8053680+08:00","35632","True","56.516","2693.3","False","False"
"2026-08-06T11:36:13.8982655+08:00","35632","True","56.516","2693.3","False","False"
"2026-08-06T11:36:14.0096363+08:00","35632","True","56.516","2693.3","False","False"
"2026-08-06T11:36:14.1012955+08:00","35632","True","56.516","2693.3","False","False"
"2026-08-06T11:36:14.2108281+08:00","35632","True","56.516","2693.3","False","False"
"2026-08-06T11:36:14.3034486+08:00","35632","True","56.531","2693.3","False","False"
"2026-08-06T11:36:14.3978662+08:00","35632","True","56.531","2693.3","False","False"
"2026-08-06T11:36:14.5061730+08:00","35632","True","56.531","2693.3","False","False"
"2026-08-06T11:36:14.5996676+08:00","35632","True","56.531","2693.3","False","False"
"2026-08-06T11:36:14.7101656+08:00","35632","True","56.531","2693.3","False","False"
"2026-08-06T11:36:14.8058669+08:00","35632","True","56.547","2693.3","False","False"
"2026-08-06T11:36:14.8974246+08:00","35632","True","56.547","2693.3","False","False"
"2026-08-06T11:36:15.0067510+08:00","35632","True","56.547","2693.3","False","False"
"2026-08-06T11:36:15.1003466+08:00","35632","True","56.547","2693.3","False","False"
"2026-08-06T11:36:15.2085577+08:00","35632","True","56.547","2693.3","False","False"
"2026-08-06T11:36:15.3022586+08:00","35632","True","56.562","2693.3","False","False"
"2026-08-06T11:36:15.3979168+08:00","35632","True","56.562","2693.3","False","False"
"2026-08-06T11:36:15.5061489+08:00","35632","True","56.625","2693.3","False","False"
"2026-08-06T11:36:15.5996930+08:00","35632","True","56.641","2693.3","False","False"
"2026-08-06T11:36:15.7093248+08:00","35632","True","56.641","2693.3","False","False"
"2026-08-06T11:36:15.8024180+08:00","35632","True","56.656","2693.3","False","False"
"2026-08-06T11:36:15.9111031+08:00","35632","True","56.656","2693.3","False","False"
"2026-08-06T11:36:16.0055252+08:00","35632","True","56.672","2693.3","False","False"
"2026-08-06T11:36:16.0988833+08:00","35632","True","56.672","2693.3","False","False"
"2026-08-06T11:36:16.2078362+08:00","35632","True","56.672","2693.3","False","False"
"2026-08-06T11:36:16.3000140+08:00","35632","True","56.672","2693.3","False","False"
"2026-08-06T11:36:16.4109883+08:00","35632","True","56.672","2693.3","False","False"
"2026-08-06T11:36:16.5051319+08:00","35632","True","56.688","2693.3","False","False"
"2026-08-06T11:36:16.5987158+08:00","35632","True","56.688","2693.3","False","False"
"2026-08-06T11:36:16.7067436+08:00","35632","True","56.688","2693.3","False","False"
"2026-08-06T11:36:16.8003894+08:00","35632","True","56.719","2693.3","False","False"
"2026-08-06T11:36:16.9088074+08:00","35632","True","56.75","2693.3","False","False"
"2026-08-06T11:36:17.0178018+08:00","35632","True","56.75","2693.3","False","False"
"2026-08-06T11:36:17.0977511+08:00","35632","True","56.75","2693.3","False","False"
"2026-08-06T11:36:17.2051122+08:00","35632","True","56.75","2693.3","False","False"
"2026-08-06T11:36:17.3004576+08:00","35632","True","56.75","2693.3","False","False"
"2026-08-06T11:36:17.4104124+08:00","35632","True","56.75","2693.3","False","False"
"2026-08-06T11:36:17.5046702+08:00","35632","True","56.75","2693.3","False","False"
"2026-08-06T11:36:17.5970910+08:00","35632","True","56.781","2693.3","False","False"
"2026-08-06T11:36:17.7054317+08:00","35632","True","56.797","2693.3","False","False"
"2026-08-06T11:36:17.8001507+08:00","35632","True","56.797","2693.3","False","False"
"2026-08-06T11:36:17.9088169+08:00","35632","True","56.797","2693.3","False","False"
"2026-08-06T11:36:18.0038980+08:00","35632","True","56.797","2693.3","False","False"
"2026-08-06T11:36:18.0982487+08:00","35632","True","56.828","2693.3","False","False"
"2026-08-06T11:36:18.2070602+08:00","35632","True","56.859","2693.3","False","False"
"2026-08-06T11:36:18.3007414+08:00","35632","True","56.859","2693.3","False","False"
"2026-08-06T11:36:18.4097887+08:00","35632","True","56.859","2693.3","False","False"
"2026-08-06T11:36:18.5027457+08:00","35632","True","56.859","2693.3","False","False"
"2026-08-06T11:36:18.6110102+08:00","35632","True","56.859","2693.3","False","False"
"2026-08-06T11:36:18.7050860+08:00","35632","True","56.859","2693.3","False","False"
"2026-08-06T11:36:18.8139495+08:00","35632","True","56.922","2693.3","False","False"
"2026-08-06T11:36:18.9062280+08:00","35632","True","56.969","2693.3","False","False"
"2026-08-06T11:36:19.0139182+08:00","35632","True","56.969","2693.3","False","False"
"2026-08-06T11:36:19.1088007+08:00","35632","True","56.969","2693.3","False","False"
"2026-08-06T11:36:19.2185397+08:00","35632","True","56.969","2693.3","False","False"
"2026-08-06T11:36:19.3120085+08:00","35632","True","56.984","2693.3","False","False"
"2026-08-06T11:36:19.4067203+08:00","35632","True","57.047","2693.3","False","False"
"2026-08-06T11:36:19.5166604+08:00","35632","True","57.047","2693.3","False","False"
"2026-08-06T11:36:19.5980834+08:00","35632","True","57.047","2693.3","False","False"
"2026-08-06T11:36:19.7031289+08:00","35632","True","57.047","2693.3","False","False"
"2026-08-06T11:36:19.8101170+08:00","35632","True","57.047","2693.3","False","False"
"2026-08-06T11:36:19.9179308+08:00","35632","True","57.047","2693.3","False","False"
"2026-08-06T11:36:20.0131027+08:00","35632","True","57.047","2693.3","False","False"
"2026-08-06T11:36:20.1053098+08:00","35632","True","57.078","2693.3","False","False"
"2026-08-06T11:36:20.1995389+08:00","35632","True","57.078","2693.3","False","False"
"2026-08-06T11:36:20.3078842+08:00","35632","True","57.078","2693.3","False","False"
"2026-08-06T11:36:20.4181147+08:00","35632","True","57.078","2693.3","False","False"
"2026-08-06T11:36:20.5109580+08:00","35632","True","57.078","2693.3","False","False"
"2026-08-06T11:36:20.6032964+08:00","35632","True","57.078","2693.3","False","False"
"2026-08-06T11:36:20.6985680+08:00","35632","True","57.078","2693.3","False","False"
"2026-08-06T11:36:20.8060623+08:00","35632","True","57.078","2693.3","False","False"
"2026-08-06T11:36:20.9002636+08:00","35632","True","57.078","2693.3","False","False"
"2026-08-06T11:36:21.0094495+08:00","35632","True","57.078","2693.3","False","False"
"2026-08-06T11:36:21.1031703+08:00","35632","True","57.078","2693.3","False","False"
"2026-08-06T11:36:21.1974129+08:00","35632","True","57.078","2693.3","False","False"
"2026-08-06T11:36:21.3060257+08:00","35632","True","57.078","2693.3","False","False"
"2026-08-06T11:36:21.3990442+08:00","35632","True","57.078","2693.3","False","False"
"2026-08-06T11:36:21.5087976+08:00","35632","True","57.094","2693.3","False","False"
"2026-08-06T11:36:21.6032944+08:00","35632","True","57.094","2693.3","False","False"
"2026-08-06T11:36:21.6970115+08:00","35632","True","57.094","2693.3","False","False"
"2026-08-06T11:36:21.8067716+08:00","35632","True","57.094","2693.3","False","False"
"2026-08-06T11:36:21.9006197+08:00","35632","True","57.094","2693.3","False","False"
"2026-08-06T11:36:22.0069199+08:00","35632","True","57.094","2693.3","False","False"
"2026-08-06T11:36:22.1008263+08:00","35632","True","57.094","2693.3","False","False"
"2026-08-06T11:36:22.2076881+08:00","35632","True","57.094","2693.3","False","False"
"2026-08-06T11:36:22.3003893+08:00","35632","True","57.094","2693.3","False","False"
"2026-08-06T11:36:22.4086124+08:00","35632","True","57.094","2693.3","False","False"
"2026-08-06T11:36:22.5035744+08:00","35632","True","57.156","2693.3","False","False"
"2026-08-06T11:36:22.6117313+08:00","35632","True","57.156","2693.3","False","False"
"2026-08-06T11:36:22.7051466+08:00","35632","True","57.156","2693.3","False","False"
"2026-08-06T11:36:22.7992351+08:00","35632","True","57.156","2693.3","False","False"
"2026-08-06T11:36:22.9094789+08:00","35632","True","57.156","2693.3","False","False"
"2026-08-06T11:36:23.0031654+08:00","35632","True","57.156","2693.3","False","False"
"2026-08-06T11:36:23.0977760+08:00","35632","True","57.156","2693.3","False","False"
"2026-08-06T11:36:23.2077312+08:00","35632","True","57.156","2693.3","False","False"
"2026-08-06T11:36:23.3001676+08:00","35632","True","57.156","2693.3","False","False"
"2026-08-06T11:36:23.4077462+08:00","35632","True","57.172","2693.3","False","False"
"2026-08-06T11:36:23.5172740+08:00","35632","True","57.281","2693.3","False","False"
"2026-08-06T11:36:23.6081110+08:00","35632","True","57.281","2693.3","False","False"
"2026-08-06T11:36:23.7158820+08:00","35632","True","57.281","2693.3","False","False"
"2026-08-06T11:36:23.8089398+08:00","35632","True","57.281","2693.3","False","False"
"2026-08-06T11:36:23.9188519+08:00","35632","True","57.281","2693.3","False","False"
"2026-08-06T11:36:24.0121034+08:00","35632","True","57.312","2693.3","False","False"
"2026-08-06T11:36:24.1079961+08:00","35632","True","57.391","2693.3","False","False"
"2026-08-06T11:36:24.2155986+08:00","35632","True","57.391","2693.3","False","False"
"2026-08-06T11:36:24.3080700+08:00","35632","True","57.406","2693.3","False","False"
"2026-08-06T11:36:24.4017096+08:00","35632","True","57.406","2693.3","False","False"
"2026-08-06T11:36:24.5107386+08:00","35632","True","57.406","2693.3","False","False"
"2026-08-06T11:36:24.6066847+08:00","35632","True","57.406","2693.3","False","False"
"2026-08-06T11:36:24.7166583+08:00","35632","True","57.406","2693.3","False","False"
"2026-08-06T11:36:24.8102521+08:00","35632","True","57.438","2693.3","False","False"
"2026-08-06T11:36:24.9034099+08:00","35632","True","57.438","2693.3","False","False"
"2026-08-06T11:36:25.0132251+08:00","35632","True","57.484","2693.3","False","False"
"2026-08-06T11:36:25.1075783+08:00","35632","True","57.484","2693.3","False","False"
"2026-08-06T11:36:25.2167735+08:00","35632","True","57.484","2693.3","False","False"
"2026-08-06T11:36:25.3108256+08:00","35632","True","57.484","2693.3","False","False"
"2026-08-06T11:36:25.4045640+08:00","35632","True","57.5","2693.3","False","False"
"2026-08-06T11:36:25.5130805+08:00","35632","True","57.609","2693.3","False","False"
"2026-08-06T11:36:25.6077817+08:00","35632","True","57.625","2693.3","False","False"
"2026-08-06T11:36:25.7167616+08:00","35632","True","57.625","2693.3","False","False"
"2026-08-06T11:36:25.8086104+08:00","35632","True","57.625","2693.3","False","False"
"2026-08-06T11:36:25.9031602+08:00","35632","True","57.625","2693.3","False","False"
"2026-08-06T11:36:26.0122095+08:00","35632","True","57.641","2693.3","False","False"
"2026-08-06T11:36:26.1060613+08:00","35632","True","57.641","2693.3","False","False"
"2026-08-06T11:36:26.2161131+08:00","35632","True","57.656","2693.3","False","False"
"2026-08-06T11:36:26.3091454+08:00","35632","True","57.672","2693.3","False","False"
"2026-08-06T11:36:26.4017228+08:00","35632","True","57.672","2693.3","False","False"
"2026-08-06T11:36:26.4968291+08:00","35632","True","57.672","2693.3","False","False"
"2026-08-06T11:36:26.6052955+08:00","35632","True","57.672","2693.3","False","False"
"2026-08-06T11:36:26.6987647+08:00","35632","True","57.672","2693.3","False","False"
"2026-08-06T11:36:26.8058862+08:00","35632","True","57.734","2693.3","False","False"
"2026-08-06T11:36:26.9008366+08:00","35632","True","57.734","2693.3","False","False"
"2026-08-06T11:36:27.0105528+08:00","35632","True","57.797","2693.3","False","False"
"2026-08-06T11:36:27.1028169+08:00","35632","True","57.797","2693.3","False","False"
"2026-08-06T11:36:27.1965529+08:00","35632","True","57.797","2693.3","False","False"
"2026-08-06T11:36:27.3048860+08:00","35632","True","57.797","2693.3","False","False"
"2026-08-06T11:36:27.4001730+08:00","35632","True","57.797","2693.3","False","False"
"2026-08-06T11:36:27.5085282+08:00","35632","True","57.797","2693.3","False","False"
"2026-08-06T11:36:27.6033992+08:00","35632","True","57.797","2693.3","False","False"
"2026-08-06T11:36:27.6969808+08:00","35632","True","57.797","2693.3","False","False"
"2026-08-06T11:36:27.8051058+08:00","35632","True","57.875","2693.3","False","False"
"2026-08-06T11:36:27.8996168+08:00","35632","True","57.875","2693.3","False","False"
"2026-08-06T11:36:28.0081068+08:00","35632","True","57.875","2693.3","False","False"
"2026-08-06T11:36:28.0997961+08:00","35632","True","57.891","2693.3","False","False"
"2026-08-06T11:36:28.2080613+08:00","35632","True","57.891","2693.3","False","False"
"2026-08-06T11:36:28.3016285+08:00","35632","True","57.906","2693.3","False","False"
"2026-08-06T11:36:28.4105267+08:00","35632","True","57.906","2693.3","False","False"
"2026-08-06T11:36:28.5037629+08:00","35632","True","57.906","2693.3","False","False"
"2026-08-06T11:36:28.5977793+08:00","35632","True","57.906","2693.3","False","False"
"2026-08-06T11:36:28.7068165+08:00","35632","True","57.906","2693.3","False","False"
"2026-08-06T11:36:28.8003273+08:00","35632","True","57.938","2693.3","False","False"
"2026-08-06T11:36:28.9102782+08:00","35632","True","57.938","2693.3","False","False"
"2026-08-06T11:36:29.0052135+08:00","35632","True","57.938","2693.3","False","False"
"2026-08-06T11:36:29.0987811+08:00","35632","True","57.969","2693.3","False","False"
"2026-08-06T11:36:29.2066854+08:00","35632","True","57.969","2693.3","False","False"
"2026-08-06T11:36:29.3011330+08:00","35632","True","57.969","2693.3","False","False"
"2026-08-06T11:36:29.4106764+08:00","35632","True","57.969","2693.3","False","False"
"2026-08-06T11:36:29.5035592+08:00","35632","True","57.969","2693.3","False","False"
"2026-08-06T11:36:29.5979543+08:00","35632","True","58.016","2693.3","False","False"
"2026-08-06T11:36:29.7042385+08:00","35632","True","58.016","2693.3","False","False"
"2026-08-06T11:36:29.8129781+08:00","35632","True","58.016","2693.3","False","False"
"2026-08-06T11:36:29.9076664+08:00","35632","True","58.016","2693.3","False","False"
"2026-08-06T11:36:30.0165599+08:00","35632","True","58.016","2693.3","False","False"
"2026-08-06T11:36:30.1104999+08:00","35632","True","58.016","2693.3","False","False"
"2026-08-06T11:36:30.2040673+08:00","35632","True","58.016","2693.3","False","False"
"2026-08-06T11:36:30.3126772+08:00","35632","True","58.016","2693.3","False","False"
"2026-08-06T11:36:30.4084152+08:00","35632","True","58.016","2693.3","False","False"
"2026-08-06T11:36:30.5025265+08:00","35632","True","58.016","2693.3","False","False"
"2026-08-06T11:36:30.6106942+08:00","35632","True","58.016","2693.3","False","False"
"2026-08-06T11:36:30.7036468+08:00","35632","True","58.016","2693.3","False","False"
"2026-08-06T11:36:30.8105943+08:00","35632","True","58.031","2693.3","False","False"
"2026-08-06T11:36:30.9065527+08:00","35632","True","58.031","2693.3","False","False"
"2026-08-06T11:36:31.0155761+08:00","35632","True","58.031","2693.3","False","False"
"2026-08-06T11:36:31.0967973+08:00","35632","True","58.031","2693.3","False","False"
"2026-08-06T11:36:31.2054404+08:00","35632","True","58.031","2693.3","False","False"
"2026-08-06T11:36:31.2997547+08:00","35632","True","58.031","2693.3","False","False"
"2026-08-06T11:36:31.4103805+08:00","35632","True","58.062","2693.3","False","False"
"2026-08-06T11:36:31.5029450+08:00","35632","True","58.062","2693.3","False","False"
"2026-08-06T11:36:31.6106542+08:00","35632","True","58.062","2693.3","False","False"
"2026-08-06T11:36:31.7029119+08:00","35632","True","58.062","2693.3","False","False"
"2026-08-06T11:36:31.8106800+08:00","35632","True","58.094","2693.3","False","False"
"2026-08-06T11:36:31.9044409+08:00","35632","True","58.094","2693.3","False","False"
"2026-08-06T11:36:32.0141158+08:00","35632","True","58.109","2693.3","False","False"
"2026-08-06T11:36:32.1098494+08:00","35632","True","58.125","2693.3","False","False"
"2026-08-06T11:36:32.2044114+08:00","35632","True","58.141","2693.3","False","False"
"2026-08-06T11:36:32.3133678+08:00","35632","True","58.234","2693.3","False","False"
"2026-08-06T11:36:32.4086140+08:00","35632","True","58.234","2693.3","False","False"
"2026-08-06T11:36:32.5040272+08:00","35632","True","58.234","2693.3","False","False"
"2026-08-06T11:36:32.5991539+08:00","35632","True","58.266","2693.3","False","False"
"2026-08-06T11:36:32.7089267+08:00","35632","True","58.266","2693.3","False","False"
"2026-08-06T11:36:32.8033024+08:00","35632","True","58.266","2693.3","False","False"
"2026-08-06T11:36:32.8979785+08:00","35632","True","58.266","2693.3","False","False"
"2026-08-06T11:36:33.0059374+08:00","35632","True","58.266","2693.3","False","False"
"2026-08-06T11:36:33.0997166+08:00","35632","True","58.266","2693.3","False","False"
"2026-08-06T11:36:33.2097005+08:00","35632","True","58.281","2693.3","False","False"
"2026-08-06T11:36:33.3038232+08:00","35632","True","58.281","2693.3","False","False"
"2026-08-06T11:36:33.4112881+08:00","35632","True","58.297","2693.3","False","False"
"2026-08-06T11:36:33.5062888+08:00","35632","True","58.297","2693.3","False","False"
"2026-08-06T11:36:33.6019261+08:00","35632","True","58.297","2693.3","False","False"
"2026-08-06T11:36:33.7104029+08:00","35632","True","58.297","2693.3","False","False"
"2026-08-06T11:36:33.8019514+08:00","35632","True","58.297","2693.3","False","False"
"2026-08-06T11:36:33.9107977+08:00","35632","True","58.297","2693.3","False","False"
"2026-08-06T11:36:34.0029735+08:00","35632","True","58.312","2693.3","False","False"
"2026-08-06T11:36:34.0970856+08:00","35632","True","58.312","2693.3","False","False"
"2026-08-06T11:36:34.2063246+08:00","35632","True","58.312","2693.3","False","False"
"2026-08-06T11:36:34.2995793+08:00","35632","True","58.312","2693.3","False","False"
"2026-08-06T11:36:34.4082529+08:00","35632","True","58.312","2693.3","False","False"
"2026-08-06T11:36:34.5029622+08:00","35632","True","58.312","2693.3","False","False"
"2026-08-06T11:36:34.6103289+08:00","35632","True","58.312","2693.3","False","False"
"2026-08-06T11:36:34.7198937+08:00","35632","True","58.312","2693.3","False","False"
"2026-08-06T11:36:34.8126677+08:00","35632","True","58.328","2693.3","False","False"
"2026-08-06T11:36:34.9064393+08:00","35632","True","58.328","2693.3","False","False"
"2026-08-06T11:36:35.0025101+08:00","35632","True","58.328","2693.3","False","False"
"2026-08-06T11:36:35.0988504+08:00","35632","True","58.328","2693.3","False","False"
"2026-08-06T11:36:35.2067176+08:00","35632","True","58.328","2693.3","False","False"
"2026-08-06T11:36:35.3133885+08:00","35632","True","58.328","2693.3","False","False"
"2026-08-06T11:36:35.4078072+08:00","35632","True","58.359","2693.3","False","False"
"2026-08-06T11:36:35.5173822+08:00","35632","True","58.406","2693.3","False","False"
"2026-08-06T11:36:35.5964730+08:00","35632","True","58.406","2693.3","False","False"
"2026-08-06T11:36:35.7069517+08:00","35632","True","58.406","2693.3","False","False"
"2026-08-06T11:36:35.8156028+08:00","35632","True","58.406","2693.3","False","False"
"2026-08-06T11:36:35.9088033+08:00","35632","True","58.422","2693.3","False","False"
"2026-08-06T11:36:36.0024980+08:00","35632","True","58.422","2693.3","False","False"
"2026-08-06T11:36:36.0981066+08:00","35632","True","58.438","2693.3","False","False"
"2026-08-06T11:36:36.2034283+08:00","35632","True","58.438","2693.3","False","False"
"2026-08-06T11:36:36.3142141+08:00","35632","True","58.438","2693.3","False","False"
"2026-08-06T11:36:36.4084666+08:00","35632","True","58.438","2693.3","False","False"
"2026-08-06T11:36:36.5166581+08:00","35632","True","58.438","2693.3","False","False"
"2026-08-06T11:36:36.6094269+08:00","35632","True","58.438","2693.3","False","False"
"2026-08-06T11:36:36.7199146+08:00","35632","True","58.438","2693.3","False","False"
"2026-08-06T11:36:36.8128228+08:00","35632","True","58.453","2693.3","False","False"
"2026-08-06T11:36:36.9067547+08:00","35632","True","58.453","2693.3","False","False"
"2026-08-06T11:36:37.0174925+08:00","35632","True","58.453","2693.3","False","False"
"2026-08-06T11:36:37.1110825+08:00","35632","True","58.453","2693.3","False","False"
"2026-08-06T11:36:37.2046520+08:00","35632","True","58.453","2693.3","False","False"
"2026-08-06T11:36:37.3123894+08:00","35632","True","58.453","2693.3","False","False"
"2026-08-06T11:36:37.4054592+08:00","35632","True","58.469","2693.3","False","False"
"2026-08-06T11:36:37.5139847+08:00","35632","True","58.469","2693.3","False","False"
"2026-08-06T11:36:37.6078408+08:00","35632","True","58.469","2693.3","False","False"
"2026-08-06T11:36:37.7177589+08:00","35632","True","58.469","2693.3","False","False"
"2026-08-06T11:36:37.8113200+08:00","35632","True","58.469","2693.3","False","False"
"2026-08-06T11:36:37.9062668+08:00","35632","True","58.469","2693.3","False","False"
"2026-08-06T11:36:38.0149052+08:00","35632","True","58.469","2693.3","False","False"
"2026-08-06T11:36:38.1078360+08:00","35632","True","58.484","2693.3","False","False"
"2026-08-06T11:36:38.2185812+08:00","35632","True","58.484","2693.3","False","False"
"2026-08-06T11:36:38.3105682+08:00","35632","True","58.484","2693.3","False","False"
"2026-08-06T11:36:38.4208864+08:00","35632","True","58.484","2693.3","False","False"
"2026-08-06T11:36:38.5148394+08:00","35632","True","58.484","2693.3","False","False"
"2026-08-06T11:36:38.6082202+08:00","35632","True","58.5","2693.3","False","False"
"2026-08-06T11:36:38.7183404+08:00","35632","True","58.5","2693.3","False","False"
"2026-08-06T11:36:38.8112970+08:00","35632","True","58.547","2693.3","False","False"
"2026-08-06T11:36:38.9074685+08:00","35632","True","58.562","2693.3","False","False"
"2026-08-06T11:36:39.0026806+08:00","35632","True","58.562","2693.3","False","False"
"2026-08-06T11:36:39.1103134+08:00","35632","True","58.562","2693.3","False","False"
"2026-08-06T11:36:39.2035840+08:00","35632","True","58.562","2693.3","False","False"
"2026-08-06T11:36:39.3121394+08:00","35632","True","58.562","2693.3","False","False"
"2026-08-06T11:36:39.4049198+08:00","35632","True","58.562","2693.3","False","False"
"2026-08-06T11:36:39.5153657+08:00","35632","True","58.562","2693.3","False","False"
"2026-08-06T11:36:39.6074278+08:00","35632","True","58.562","2693.3","False","False"
"2026-08-06T11:36:39.7173791+08:00","35632","True","58.562","2693.3","False","False"
"2026-08-06T11:36:39.8105352+08:00","35632","True","58.562","2693.3","False","False"
"2026-08-06T11:36:39.9054209+08:00","35632","True","58.578","2693.3","False","False"
"2026-08-06T11:36:40.0145745+08:00","35632","True","58.578","2693.3","False","False"
"2026-08-06T11:36:40.1094558+08:00","35632","True","58.594","2693.3","False","False"
"2026-08-06T11:36:40.2183648+08:00","35632","True","58.594","2693.3","False","False"
"2026-08-06T11:36:40.3105608+08:00","35632","True","58.594","2693.3","False","False"
"2026-08-06T11:36:40.4184883+08:00","35632","True","58.594","2693.3","False","False"
"2026-08-06T11:36:40.4972711+08:00","35632","True","58.594","2693.3","False","False"
"2026-08-06T11:36:40.6061283+08:00","35632","True","58.594","2693.3","False","False"
"2026-08-06T11:36:40.6987442+08:00","35632","True","58.594","2693.3","False","False"
"2026-08-06T11:36:40.8078469+08:00","35632","True","58.609","2693.3","False","False"
"2026-08-06T11:36:40.9018235+08:00","35632","True","58.609","2693.3","False","False"
"2026-08-06T11:36:41.0117477+08:00","35632","True","58.641","2693.3","False","False"
"2026-08-06T11:36:41.1072303+08:00","35632","True","58.641","2693.3","False","False"
"2026-08-06T11:36:41.2164977+08:00","35632","True","58.641","2693.3","False","False"
"2026-08-06T11:36:41.3084019+08:00","35632","True","58.641","2693.3","False","False"
"2026-08-06T11:36:41.4034904+08:00","35632","True","58.672","2693.3","False","False"
"2026-08-06T11:36:41.5144740+08:00","35632","True","58.688","2693.3","False","False"
"2026-08-06T11:36:41.6080186+08:00","35632","True","58.688","2693.3","False","False"
"2026-08-06T11:36:41.7153983+08:00","35632","True","58.688","2693.3","False","False"
"2026-08-06T11:36:41.8086242+08:00","35632","True","58.688","2693.3","False","False"
"2026-08-06T11:36:41.9178629+08:00","35632","True","58.688","2693.3","False","False"
"2026-08-06T11:36:41.9963552+08:00","35632","True","58.703","2693.3","False","False"
"2026-08-06T11:36:42.1055660+08:00","35632","True","58.781","2693.3","False","False"
"2026-08-06T11:36:42.2140438+08:00","35632","True","58.781","2693.3","False","False"
"2026-08-06T11:36:42.3072533+08:00","35632","True","58.781","2693.3","False","False"
"2026-08-06T11:36:42.3997287+08:00","35632","True","58.781","2693.3","False","False"
"2026-08-06T11:36:42.5082743+08:00","35632","True","58.781","2693.3","False","False"
"2026-08-06T11:36:42.6006709+08:00","35632","True","58.781","2693.3","False","False"
"2026-08-06T11:36:42.7095042+08:00","35632","True","58.781","2693.3","False","False"
"2026-08-06T11:36:42.8020881+08:00","35632","True","58.781","2693.3","False","False"
"2026-08-06T11:36:42.9113105+08:00","35632","True","58.781","2693.3","False","False"
"2026-08-06T11:36:43.0046270+08:00","35632","True","58.781","2693.3","False","False"
"2026-08-06T11:36:43.1002835+08:00","35632","True","58.781","2693.3","False","False"
"2026-08-06T11:36:43.2092459+08:00","35632","True","58.781","2693.3","False","False"
"2026-08-06T11:36:43.3015526+08:00","35632","True","58.781","2693.3","False","False"
"2026-08-06T11:36:43.4101238+08:00","35632","True","58.797","2693.3","False","False"
"2026-08-06T11:36:43.5032026+08:00","35632","True","58.797","2693.3","False","False"
"2026-08-06T11:36:43.5990373+08:00","35632","True","58.797","2693.3","False","False"
"2026-08-06T11:36:43.7060936+08:00","35632","True","58.797","2693.3","False","False"
"2026-08-06T11:36:43.8161636+08:00","35632","True","58.797","2693.3","False","False"
"2026-08-06T11:36:43.9083288+08:00","35632","True","58.797","2693.3","False","False"
"2026-08-06T11:36:44.0025516+08:00","35632","True","58.797","2693.3","False","False"
"2026-08-06T11:36:44.0965155+08:00","35632","True","58.797","2693.3","False","False"
"2026-08-06T11:36:44.2079494+08:00","35632","True","58.797","2693.3","False","False"
"2026-08-06T11:36:44.3012015+08:00","35632","True","58.797","2693.3","False","False"
"2026-08-06T11:36:44.4113661+08:00","35632","True","58.797","2693.3","False","False"
"2026-08-06T11:36:44.5061731+08:00","35632","True","58.797","2693.3","False","False"
"2026-08-06T11:36:44.5988038+08:00","35632","True","58.844","2693.3","False","False"
"2026-08-06T11:36:44.7075822+08:00","35632","True","58.844","2693.3","False","False"
"2026-08-06T11:36:44.8016028+08:00","35632","True","58.844","2693.3","False","False"
"2026-08-06T11:36:44.9104096+08:00","35632","True","58.844","2693.3","False","False"
"2026-08-06T11:36:45.0047384+08:00","35632","True","58.844","2693.3","False","False"
"2026-08-06T11:36:45.0985086+08:00","35632","True","58.844","2693.3","False","False"
"2026-08-06T11:36:45.2069529+08:00","35632","True","58.844","2693.3","False","False"
"2026-08-06T11:36:45.3013393+08:00","35632","True","58.844","2693.3","False","False"
"2026-08-06T11:36:45.4098504+08:00","35632","True","58.859","2693.3","False","False"
"2026-08-06T11:36:45.5037182+08:00","35632","True","58.859","2693.3","False","False"
"2026-08-06T11:36:45.5989591+08:00","35632","True","58.859","2693.3","False","False"
"2026-08-06T11:36:45.7061301+08:00","35632","True","58.859","2693.3","False","False"
"2026-08-06T11:36:45.8001780+08:00","35632","True","58.859","2693.3","False","False"
"2026-08-06T11:36:45.9081767+08:00","35632","True","58.875","2693.3","False","False"
"2026-08-06T11:36:46.0172331+08:00","35632","True","58.891","2693.3","False","False"
"2026-08-06T11:36:46.1091514+08:00","35632","True","58.953","2693.3","False","False"
"2026-08-06T11:36:46.2159118+08:00","35632","True","58.953","2693.3","False","False"
"2026-08-06T11:36:46.3088133+08:00","35632","True","58.984","2693.3","False","False"
"2026-08-06T11:36:46.4030900+08:00","35632","True","58.984","2693.3","False","False"
"2026-08-06T11:36:46.5102662+08:00","35632","True","58.984","2693.3","False","False"
"2026-08-06T11:36:46.6034413+08:00","35632","True","58.984","2693.3","False","False"
"2026-08-06T11:36:46.6989820+08:00","35632","True","58.984","2693.3","False","False"
"2026-08-06T11:36:46.8069304+08:00","35632","True","58.984","2693.3","False","False"
"2026-08-06T11:36:46.9000157+08:00","35632","True","58.984","2693.3","False","False"
"2026-08-06T11:36:47.0090327+08:00","35632","True","58.984","2693.3","False","False"
"2026-08-06T11:36:47.1011151+08:00","35632","True","59.047","2693.3","False","False"
"2026-08-06T11:36:47.2112410+08:00","35632","True","59.062","2693.3","False","False"
"2026-08-06T11:36:47.3049624+08:00","35632","True","59.062","2693.3","False","False"
"2026-08-06T11:36:47.4000912+08:00","35632","True","59.062","2693.3","False","False"
"2026-08-06T11:36:47.5101934+08:00","35632","True","59.094","2693.3","False","False"
"2026-08-06T11:36:47.6049563+08:00","35632","True","59.141","2693.3","False","False"
"2026-08-06T11:36:47.6991928+08:00","35632","True","59.141","2693.3","False","False"
"2026-08-06T11:36:47.8090563+08:00","35632","True","59.141","2693.3","False","False"
"2026-08-06T11:36:47.9194628+08:00","35632","True","59.156","2693.3","False","False"
"2026-08-06T11:36:48.0108832+08:00","35632","True","59.156","2693.3","False","False"
"2026-08-06T11:36:48.1035333+08:00","35632","True","59.156","2693.3","False","False"
"2026-08-06T11:36:48.1956314+08:00","35632","True","59.156","2693.3","False","False"
"2026-08-06T11:36:48.3041286+08:00","35632","True","59.156","2693.3","False","False"
"2026-08-06T11:36:48.3981984+08:00","35632","True","59.156","2693.3","False","False"
"2026-08-06T11:36:48.5086294+08:00","35632","True","59.156","2693.3","False","False"
"2026-08-06T11:36:48.6032105+08:00","35632","True","59.156","2693.3","False","False"
"2026-08-06T11:36:48.6972222+08:00","35632","True","59.156","2693.3","False","False"
"2026-08-06T11:36:48.8053819+08:00","35632","True","59.156","2693.3","False","False"
"2026-08-06T11:36:48.8972596+08:00","35632","True","59.156","2693.3","False","False"
"2026-08-06T11:36:49.0074964+08:00","35632","True","59.156","2693.3","False","False"
"2026-08-06T11:36:49.1013652+08:00","35632","True","59.156","2693.3","False","False"
"2026-08-06T11:36:49.2100653+08:00","35632","True","59.156","2693.3","False","False"
"2026-08-06T11:36:49.3043055+08:00","35632","True","59.156","2693.3","False","False"
"2026-08-06T11:36:49.3979222+08:00","35632","True","59.172","2693.3","False","False"
"2026-08-06T11:36:49.5084724+08:00","35632","True","59.172","2693.3","False","False"
"2026-08-06T11:36:49.6008092+08:00","35632","True","59.172","2693.3","False","False"
"2026-08-06T11:36:49.7101037+08:00","35632","True","59.172","2693.3","False","False"
"2026-08-06T11:36:49.8045345+08:00","35632","True","59.281","2693.3","False","False"
"2026-08-06T11:36:49.8971720+08:00","35632","True","59.281","2693.3","False","False"
"2026-08-06T11:36:50.0063346+08:00","35632","True","59.281","2693.3","False","False"
"2026-08-06T11:36:50.1004194+08:00","35632","True","59.297","2693.3","False","False"
"2026-08-06T11:36:50.2102701+08:00","35632","True","59.297","2693.3","False","False"
"2026-08-06T11:36:50.3030895+08:00","35632","True","59.297","2693.3","False","False"
"2026-08-06T11:36:50.3982089+08:00","35632","True","59.297","2693.3","False","False"
"2026-08-06T11:36:50.5065382+08:00","35632","True","59.297","2693.3","False","False"
"2026-08-06T11:36:50.5996145+08:00","35632","True","59.297","2693.3","False","False"
"2026-08-06T11:36:50.7080631+08:00","35632","True","59.297","2693.3","False","False"
"2026-08-06T11:36:50.8021360+08:00","35632","True","59.297","2693.3","False","False"
"2026-08-06T11:36:50.8960126+08:00","35632","True","59.297","2693.3","False","False"
"2026-08-06T11:36:51.0047968+08:00","35632","True","59.297","2693.3","False","False"
