"Timestamp","QueryDurationMs","ProcessId","ParentProcessId","Name","CreationDate","CpuSeconds","WorkingSetMB","CommandLine","PSComputerName","RunspaceId","PSShowComputerName","PSSourceJobInstanceId"
"2026-08-06T10:48:53.7283382+08:00","318.708","14232","13664","Resolve.exe","2026/8/6 10:48:52","2.672","375.4","""C:\Program Files\Blackmagic Design\DaVinci Resolve\Resolve.exe"" ","localhost","99f15ef7-fe19-4e17-8c80-c61a9e7c46b9","False","3230be72-5d6a-412f-8b51-2cd6efd1140b"
"2026-08-06T10:48:55.7362218+08:00","241.602","14232","13664","Resolve.exe","2026/8/6 10:48:52","5.781","1351","""C:\Program Files\Blackmagic Design\DaVinci Resolve\Resolve.exe"" ","localhost","99f15ef7-fe19-4e17-8c80-c61a9e7c46b9","False","3230be72-5d6a-412f-8b51-2cd6efd1140b"
"2026-08-06T10:48:57.7439918+08:00","214.863","14232","13664","Resolve.exe","2026/8/6 10:48:52","7.234","1514.5","""C:\Program Files\Blackmagic Design\DaVinci Resolve\Resolve.exe"" ","localhost","99f15ef7-fe19-4e17-8c80-c61a9e7c46b9","False","3230be72-5d6a-412f-8b51-2cd6efd1140b"
"2026-08-06T10:48:59.7455982+08:00","232.45","14232","13664","Resolve.exe","2026/8/6 10:48:52","8.438","1739.7","""C:\Program Files\Blackmagic Design\DaVinci Resolve\Resolve.exe"" ","localhost","99f15ef7-fe19-4e17-8c80-c61a9e7c46b9","False","3230be72-5d6a-412f-8b51-2cd6efd1140b"
"2026-08-06T10:49:01.7544264+08:00","228.259","14232","13664","Resolve.exe","2026/8/6 10:48:52","10.453","1893.8","""C:\Program Files\Blackmagic Design\DaVinci Resolve\Resolve.exe"" ","localhost","99f15ef7-fe19-4e17-8c80-c61a9e7c46b9","False","3230be72-5d6a-412f-8b51-2cd6efd1140b"
"2026-08-06T10:49:03.7698498+08:00","223.068","14232","13664","Resolve.exe","2026/8/6 10:48:52","12.578","1999.2","""C:\Program Files\Blackmagic Design\DaVinci Resolve\Resolve.exe"" ","localhost","99f15ef7-fe19-4e17-8c80-c61a9e7c46b9","False","3230be72-5d6a-412f-8b51-2cd6efd1140b"
"2026-08-06T10:49:05.7708810+08:00","200.967","14232","13664","Resolve.exe","2026/8/6 10:48:52","14.469","2098.3","""C:\Program Files\Blackmagic Design\DaVinci Resolve\Resolve.exe"" ","localhost","99f15ef7-fe19-4e17-8c80-c61a9e7c46b9","False","3230be72-5d6a-412f-8b51-2cd6efd1140b"
"2026-08-06T10:49:07.7780013+08:00","255.742","14232","13664","Resolve.exe","2026/8/6 10:48:52","17.938","2453.8","""C:\Program Files\Blackmagic Design\DaVinci Resolve\Resolve.exe"" ","localhost","99f15ef7-fe19-4e17-8c80-c61a9e7c46b9","False","3230be72-5d6a-412f-8b51-2cd6efd1140b"
"2026-08-06T10:49:07.7780013+08:00","255.742","39384","14232","electron.exe","2026/8/6 10:49:07","0.234","76.3","""C:/Program Files/Blackmagic Design/DaVinci Resolve\Electron\electron.exe"" ""C:\ProgramData\Blackmagic Design\DaVinci Resolve\Support\Workflow Integration Plugins\com.wutpeach.clackly\workflow-plugin/main.js"" --plugin-id=com.wutpeach.clackly","localhost","99f15ef7-fe19-4e17-8c80-c61a9e7c46b9","False","3230be72-5d6a-412f-8b51-2cd6efd1140b"
"2026-08-06T10:49:07.7780013+08:00","255.742","11768","39384","electron.exe","2026/8/6 10:49:07","0.156","59.5","""C:\Program Files\Blackmagic Design\DaVinci Resolve\Electron\electron.exe"" --type=gpu-process --user-data-dir=""C:\Users\Administrator\AppData\Roaming\Clackly Workflow Plugin"" --gpu-preferences=UAAAAAAAAADgAAAEAAAAAAAAAAAAAAAAAABgAAEAAAAAAAAAAAAAAAAAAAACAAAAAAAAAAAAAAAAAAAAAAAAABAAAAAAAAAAEAAAAAAAAAAIAAAAAAAAAAgAAAAAAAAA --field-trial-handle=2052,i,17858273355827520593,590696389608239788,262144 --enable-features=PdfUseShowSaveFilePicker --disable-features=SpareRendererForSitePerProcess,WinDelaySpellcheckServiceInit --variations-seed-version --mojo-platform-channel-handle=2044 /prefetch:2","localhost","99f15ef7-fe19-4e17-8c80-c61a9e7c46b9","False","3230be72-5d6a-412f-8b51-2cd6efd1140b"
"2026-08-06T10:49:07.7780013+08:00","255.742","39788","39384","electron.exe","2026/8/6 10:49:07","0.047","47","""C:\Program Files\Blackmagic Design\DaVinci Resolve\Electron\electron.exe"" --type=utility --utility-sub-type=network.mojom.NetworkService --lang=zh-CN --service-sandbox-type=none --user-data-dir=""C:\Users\Administrator\AppData\Roaming\Clackly Workflow Plugin"" --field-trial-handle=2052,i,17858273355827520593,590696389608239788,262144 --enable-features=PdfUseShowSaveFilePicker --disable-features=SpareRendererForSitePerProcess,WinDelaySpellcheckServiceInit --variations-seed-version --mojo-platform-channel-handle=2236 /prefetch:11","localhost","99f15ef7-fe19-4e17-8c80-c61a9e7c46b9","False","3230be72-5d6a-412f-8b51-2cd6efd1140b"
"2026-08-06T10:49:09.7884910+08:00","246.098","14232","13664","Resolve.exe","2026/8/6 10:48:52","18.953","2492.9","""C:\Program Files\Blackmagic Design\DaVinci Resolve\Resolve.exe"" ","localhost","99f15ef7-fe19-4e17-8c80-c61a9e7c46b9","False","3230be72-5d6a-412f-8b51-2cd6efd1140b"
"2026-08-06T10:49:09.7884910+08:00","246.098","39384","14232","electron.exe","2026/8/6 10:49:07","0.234","76.6","""C:/Program Files/Blackmagic Design/DaVinci Resolve\Electron\electron.exe"" ""C:\ProgramData\Blackmagic Design\DaVinci Resolve\Support\Workflow Integration Plugins\com.wutpeach.clackly\workflow-plugin/main.js"" --plugin-id=com.wutpeach.clackly","localhost","99f15ef7-fe19-4e17-8c80-c61a9e7c46b9","False","3230be72-5d6a-412f-8b51-2cd6efd1140b"
"2026-08-06T10:49:09.7884910+08:00","247.099","11768","39384","electron.exe","2026/8/6 10:49:07","0.188","75.4","""C:\Program Files\Blackmagic Design\DaVinci Resolve\Electron\electron.exe"" --type=gpu-process --user-data-dir=""C:\Users\Administrator\AppData\Roaming\Clackly Workflow Plugin"" --gpu-preferences=UAAAAAAAAADgAAAEAAAAAAAAAAAAAAAAAABgAAEAAAAAAAAAAAAAAAAAAAACAAAAAAAAAAAAAAAAAAAAAAAAABAAAAAAAAAAEAAAAAAAAAAIAAAAAAAAAAgAAAAAAAAA --field-trial-handle=2052,i,17858273355827520593,590696389608239788,262144 --enable-features=PdfUseShowSaveFilePicker --disable-features=SpareRendererForSitePerProcess,WinDelaySpellcheckServiceInit --variations-seed-version --mojo-platform-channel-handle=2044 /prefetch:2","localhost","99f15ef7-fe19-4e17-8c80-c61a9e7c46b9","False","3230be72-5d6a-412f-8b51-2cd6efd1140b"
"2026-08-06T10:49:09.7884910+08:00","247.099","39788","39384","electron.exe","2026/8/6 10:49:07","0.047","47","""C:\Program Files\Blackmagic Design\DaVinci Resolve\Electron\electron.exe"" --type=utility --utility-sub-type=network.mojom.NetworkService --lang=zh-CN --service-sandbox-type=none --user-data-dir=""C:\Users\Administrator\AppData\Roaming\Clackly Workflow Plugin"" --field-trial-handle=2052,i,17858273355827520593,590696389608239788,262144 --enable-features=PdfUseShowSaveFilePicker --disable-features=SpareRendererForSitePerProcess,WinDelaySpellcheckServiceInit --variations-seed-version --mojo-platform-channel-handle=2236 /prefetch:11","localhost","99f15ef7-fe19-4e17-8c80-c61a9e7c46b9","False","3230be72-5d6a-412f-8b51-2cd6efd1140b"
"2026-08-06T10:49:11.7997253+08:00","226.924","14232","13664","Resolve.exe","2026/8/6 10:48:52","20.5","2526.7","""C:\Program Files\Blackmagic Design\DaVinci Resolve\Resolve.exe"" ","localhost","99f15ef7-fe19-4e17-8c80-c61a9e7c46b9","False","3230be72-5d6a-412f-8b51-2cd6efd1140b"
"2026-08-06T10:49:11.7997253+08:00","226.924","39384","14232","electron.exe","2026/8/6 10:49:07","0.234","76.6","""C:/Program Files/Blackmagic Design/DaVinci Resolve\Electron\electron.exe"" ""C:\ProgramData\Blackmagic Design\DaVinci Resolve\Support\Workflow Integration Plugins\com.wutpeach.clackly\workflow-plugin/main.js"" --plugin-id=com.wutpeach.clackly","localhost","99f15ef7-fe19-4e17-8c80-c61a9e7c46b9","False","3230be72-5d6a-412f-8b51-2cd6efd1140b"
"2026-08-06T10:49:11.7997253+08:00","226.924","11768","39384","electron.exe","2026/8/6 10:49:07","0.188","75.4","""C:\Program Files\Blackmagic Design\DaVinci Resolve\Electron\electron.exe"" --type=gpu-process --user-data-dir=""C:\Users\Administrator\AppData\Roaming\Clackly Workflow Plugin"" --gpu-preferences=UAAAAAAAAADgAAAEAAAAAAAAAAAAAAAAAABgAAEAAAAAAAAAAAAAAAAAAAACAAAAAAAAAAAAAAAAAAAAAAAAABAAAAAAAAAAEAAAAAAAAAAIAAAAAAAAAAgAAAAAAAAA --field-trial-handle=2052,i,17858273355827520593,590696389608239788,262144 --enable-features=PdfUseShowSaveFilePicker --disable-features=SpareRendererForSitePerProcess,WinDelaySpellcheckServiceInit --variations-seed-version --mojo-platform-channel-handle=2044 /prefetch:2","localhost","99f15ef7-fe19-4e17-8c80-c61a9e7c46b9","False","3230be72-5d6a-412f-8b51-2cd6efd1140b"
"2026-08-06T10:49:11.7997253+08:00","226.924","39788","39384","electron.exe","2026/8/6 10:49:07","0.047","47","""C:\Program Files\Blackmagic Design\DaVinci Resolve\Electron\electron.exe"" --type=utility --utility-sub-type=network.mojom.NetworkService --lang=zh-CN --service-sandbox-type=none --user-data-dir=""C:\Users\Administrator\AppData\Roaming\Clackly Workflow Plugin"" --field-trial-handle=2052,i,17858273355827520593,590696389608239788,262144 --enable-features=PdfUseShowSaveFilePicker --disable-features=SpareRendererForSitePerProcess,WinDelaySpellcheckServiceInit --variations-seed-version --mojo-platform-channel-handle=2236 /prefetch:11","localhost","99f15ef7-fe19-4e17-8c80-c61a9e7c46b9","False","3230be72-5d6a-412f-8b51-2cd6efd1140b"
"2026-08-06T10:49:13.8086714+08:00","199.546","14232","13664","Resolve.exe","2026/8/6 10:48:52","21.469","2540.9","""C:\Program Files\Blackmagic Design\DaVinci Resolve\Resolve.exe"" ","localhost","99f15ef7-fe19-4e17-8c80-c61a9e7c46b9","False","3230be72-5d6a-412f-8b51-2cd6efd1140b"
"2026-08-06T10:49:13.8086714+08:00","199.546","39384","14232","electron.exe","2026/8/6 10:49:07","0.234","76.7","""C:/Program Files/Blackmagic Design/DaVinci Resolve\Electron\electron.exe"" ""C:\ProgramData\Blackmagic Design\DaVinci Resolve\Support\Workflow Integration Plugins\com.wutpeach.clackly\workflow-plugin/main.js"" --plugin-id=com.wutpeach.clackly","localhost","99f15ef7-fe19-4e17-8c80-c61a9e7c46b9","False","3230be72-5d6a-412f-8b51-2cd6efd1140b"
"2026-08-06T10:49:13.8086714+08:00","199.546","11768","39384","electron.exe","2026/8/6 10:49:07","0.188","75.5","""C:\Program Files\Blackmagic Design\DaVinci Resolve\Electron\electron.exe"" --type=gpu-process --user-data-dir=""C:\Users\Administrator\AppData\Roaming\Clackly Workflow Plugin"" --gpu-preferences=UAAAAAAAAADgAAAEAAAAAAAAAAAAAAAAAABgAAEAAAAAAAAAAAAAAAAAAAACAAAAAAAAAAAAAAAAAAAAAAAAABAAAAAAAAAAEAAAAAAAAAAIAAAAAAAAAAgAAAAAAAAA --field-trial-handle=2052,i,17858273355827520593,590696389608239788,262144 --enable-features=PdfUseShowSaveFilePicker --disable-features=SpareRendererForSitePerProcess,WinDelaySpellcheckServiceInit --variations-seed-version --mojo-platform-channel-handle=2044 /prefetch:2","localhost","99f15ef7-fe19-4e17-8c80-c61a9e7c46b9","False","3230be72-5d6a-412f-8b51-2cd6efd1140b"
"2026-08-06T10:49:13.8086714+08:00","199.546","39788","39384","electron.exe","2026/8/6 10:49:07","0.047","47","""C:\Program Files\Blackmagic Design\DaVinci Resolve\Electron\electron.exe"" --type=utility --utility-sub-type=network.mojom.NetworkService --lang=zh-CN --service-sandbox-type=none --user-data-dir=""C:\Users\Administrator\AppData\Roaming\Clackly Workflow Plugin"" --field-trial-handle=2052,i,17858273355827520593,590696389608239788,262144 --enable-features=PdfUseShowSaveFilePicker --disable-features=SpareRendererForSitePerProcess,WinDelaySpellcheckServiceInit --variations-seed-version --mojo-platform-channel-handle=2236 /prefetch:11","localhost","99f15ef7-fe19-4e17-8c80-c61a9e7c46b9","False","3230be72-5d6a-412f-8b51-2cd6efd1140b"
"2026-08-06T10:49:15.8142994+08:00","240.96","14232","13664","Resolve.exe","2026/8/6 10:48:52","22.234","2541.2","""C:\Program Files\Blackmagic Design\DaVinci Resolve\Resolve.exe"" ","localhost","99f15ef7-fe19-4e17-8c80-c61a9e7c46b9","False","3230be72-5d6a-412f-8b51-2cd6efd1140b"
"2026-08-06T10:49:15.8142994+08:00","241.463","39384","14232","electron.exe","2026/8/6 10:49:07","0.234","76.7","""C:/Program Files/Blackmagic Design/DaVinci Resolve\Electron\electron.exe"" ""C:\ProgramData\Blackmagic Design\DaVinci Resolve\Support\Workflow Integration Plugins\com.wutpeach.clackly\workflow-plugin/main.js"" --plugin-id=com.wutpeach.clackly","localhost","99f15ef7-fe19-4e17-8c80-c61a9e7c46b9","False","3230be72-5d6a-412f-8b51-2cd6efd1140b"
"2026-08-06T10:49:15.8142994+08:00","241.463","11768","39384","electron.exe","2026/8/6 10:49:07","0.203","75.5","""C:\Program Files\Blackmagic Design\DaVinci Resolve\Electron\electron.exe"" --type=gpu-process --user-data-dir=""C:\Users\Administrator\AppData\Roaming\Clackly Workflow Plugin"" --gpu-preferences=UAAAAAAAAADgAAAEAAAAAAAAAAAAAAAAAABgAAEAAAAAAAAAAAAAAAAAAAACAAAAAAAAAAAAAAAAAAAAAAAAABAAAAAAAAAAEAAAAAAAAAAIAAAAAAAAAAgAAAAAAAAA --field-trial-handle=2052,i,17858273355827520593,590696389608239788,262144 --enable-features=PdfUseShowSaveFilePicker --disable-features=SpareRendererForSitePerProcess,WinDelaySpellcheckServiceInit --variations-seed-version --mojo-platform-channel-handle=2044 /prefetch:2","localhost","99f15ef7-fe19-4e17-8c80-c61a9e7c46b9","False","3230be72-5d6a-412f-8b51-2cd6efd1140b"
"2026-08-06T10:49:15.8142994+08:00","241.463","39788","39384","electron.exe","2026/8/6 10:49:07","0.047","47","""C:\Program Files\Blackmagic Design\DaVinci Resolve\Electron\electron.exe"" --type=utility --utility-sub-type=network.mojom.NetworkService --lang=zh-CN --service-sandbox-type=none --user-data-dir=""C:\Users\Administrator\AppData\Roaming\Clackly Workflow Plugin"" --field-trial-handle=2052,i,17858273355827520593,590696389608239788,262144 --enable-features=PdfUseShowSaveFilePicker --disable-features=SpareRendererForSitePerProcess,WinDelaySpellcheckServiceInit --variations-seed-version --mojo-platform-channel-handle=2236 /prefetch:11","localhost","99f15ef7-fe19-4e17-8c80-c61a9e7c46b9","False","3230be72-5d6a-412f-8b51-2cd6efd1140b"
"2026-08-06T10:49:17.8163174+08:00","211.477","14232","13664","Resolve.exe","2026/8/6 10:48:52","25.906","2540.4","""C:\Program Files\Blackmagic Design\DaVinci Resolve\Resolve.exe"" ","localhost","99f15ef7-fe19-4e17-8c80-c61a9e7c46b9","False","3230be72-5d6a-412f-8b51-2cd6efd1140b"
"2026-08-06T10:49:17.8163174+08:00","211.477","39384","14232","electron.exe","2026/8/6 10:49:07","0.234","76.7","""C:/Program Files/Blackmagic Design/DaVinci Resolve\Electron\electron.exe"" ""C:\ProgramData\Blackmagic Design\DaVinci Resolve\Support\Workflow Integration Plugins\com.wutpeach.clackly\workflow-plugin/main.js"" --plugin-id=com.wutpeach.clackly","localhost","99f15ef7-fe19-4e17-8c80-c61a9e7c46b9","False","3230be72-5d6a-412f-8b51-2cd6efd1140b"
"2026-08-06T10:49:17.8163174+08:00","211.477","11768","39384","electron.exe","2026/8/6 10:49:07","0.203","75.5","""C:\Program Files\Blackmagic Design\DaVinci Resolve\Electron\electron.exe"" --type=gpu-process --user-data-dir=""C:\Users\Administrator\AppData\Roaming\Clackly Workflow Plugin"" --gpu-preferences=UAAAAAAAAADgAAAEAAAAAAAAAAAAAAAAAABgAAEAAAAAAAAAAAAAAAAAAAACAAAAAAAAAAAAAAAAAAAAAAAAABAAAAAAAAAAEAAAAAAAAAAIAAAAAAAAAAgAAAAAAAAA --field-trial-handle=2052,i,17858273355827520593,590696389608239788,262144 --enable-features=PdfUseShowSaveFilePicker --disable-features=SpareRendererForSitePerProcess,WinDelaySpellcheckServiceInit --variations-seed-version --mojo-platform-channel-handle=2044 /prefetch:2","localhost","99f15ef7-fe19-4e17-8c80-c61a9e7c46b9","False","3230be72-5d6a-412f-8b51-2cd6efd1140b"
"2026-08-06T10:49:17.8163174+08:00","211.477","39788","39384","electron.exe","2026/8/6 10:49:07","0.047","47","""C:\Program Files\Blackmagic Design\DaVinci Resolve\Electron\electron.exe"" --type=utility --utility-sub-type=network.mojom.NetworkService --lang=zh-CN --service-sandbox-type=none --user-data-dir=""C:\Users\Administrator\AppData\Roaming\Clackly Workflow Plugin"" --field-trial-handle=2052,i,17858273355827520593,590696389608239788,262144 --enable-features=PdfUseShowSaveFilePicker --disable-features=SpareRendererForSitePerProcess,WinDelaySpellcheckServiceInit --variations-seed-version --mojo-platform-channel-handle=2236 /prefetch:11","localhost","99f15ef7-fe19-4e17-8c80-c61a9e7c46b9","False","3230be72-5d6a-412f-8b51-2cd6efd1140b"
"2026-08-06T10:49:19.8294935+08:00","259.263","14232","13664","Resolve.exe","2026/8/6 10:48:52","28","2538.8","""C:\Program Files\Blackmagic Design\DaVinci Resolve\Resolve.exe"" ","localhost","99f15ef7-fe19-4e17-8c80-c61a9e7c46b9","False","3230be72-5d6a-412f-8b51-2cd6efd1140b"
"2026-08-06T10:49:19.8294935+08:00","262.262","39384","14232","electron.exe","2026/8/6 10:49:07","0.234","76.7","""C:/Program Files/Blackmagic Design/DaVinci Resolve\Electron\electron.exe"" ""C:\ProgramData\Blackmagic Design\DaVinci Resolve\Support\Workflow Integration Plugins\com.wutpeach.clackly\workflow-plugin/main.js"" --plugin-id=com.wutpeach.clackly","localhost","99f15ef7-fe19-4e17-8c80-c61a9e7c46b9","False","3230be72-5d6a-412f-8b51-2cd6efd1140b"
"2026-08-06T10:49:19.8294935+08:00","262.262","11768","39384","electron.exe","2026/8/6 10:49:07","0.203","75.5","""C:\Program Files\Blackmagic Design\DaVinci Resolve\Electron\electron.exe"" --type=gpu-process --user-data-dir=""C:\Users\Administrator\AppData\Roaming\Clackly Workflow Plugin"" --gpu-preferences=UAAAAAAAAADgAAAEAAAAAAAAAAAAAAAAAABgAAEAAAAAAAAAAAAAAAAAAAACAAAAAAAAAAAAAAAAAAAAAAAAABAAAAAAAAAAEAAAAAAAAAAIAAAAAAAAAAgAAAAAAAAA --field-trial-handle=2052,i,17858273355827520593,590696389608239788,262144 --enable-features=PdfUseShowSaveFilePicker --disable-features=SpareRendererForSitePerProcess,WinDelaySpellcheckServiceInit --variations-seed-version --mojo-platform-channel-handle=2044 /prefetch:2","localhost","99f15ef7-fe19-4e17-8c80-c61a9e7c46b9","False","3230be72-5d6a-412f-8b51-2cd6efd1140b"
"2026-08-06T10:49:19.8294935+08:00","262.262","39788","39384","electron.exe","2026/8/6 10:49:07","0.047","47","""C:\Program Files\Blackmagic Design\DaVinci Resolve\Electron\electron.exe"" --type=utility --utility-sub-type=network.mojom.NetworkService --lang=zh-CN --service-sandbox-type=none --user-data-dir=""C:\Users\Administrator\AppData\Roaming\Clackly Workflow Plugin"" --field-trial-handle=2052,i,17858273355827520593,590696389608239788,262144 --enable-features=PdfUseShowSaveFilePicker --disable-features=SpareRendererForSitePerProcess,WinDelaySpellcheckServiceInit --variations-seed-version --mojo-platform-channel-handle=2236 /prefetch:11","localhost","99f15ef7-fe19-4e17-8c80-c61a9e7c46b9","False","3230be72-5d6a-412f-8b51-2cd6efd1140b"
"2026-08-06T10:49:21.8446276+08:00","204.484","14232","13664","Resolve.exe","2026/8/6 10:48:52","30.062","2475.1","""C:\Program Files\Blackmagic Design\DaVinci Resolve\Resolve.exe"" ","localhost","99f15ef7-fe19-4e17-8c80-c61a9e7c46b9","False","3230be72-5d6a-412f-8b51-2cd6efd1140b"
"2026-08-06T10:49:21.8446276+08:00","204.484","39384","14232","electron.exe","2026/8/6 10:49:07","0.234","76.7","""C:/Program Files/Blackmagic Design/DaVinci Resolve\Electron\electron.exe"" ""C:\ProgramData\Blackmagic Design\DaVinci Resolve\Support\Workflow Integration Plugins\com.wutpeach.clackly\workflow-plugin/main.js"" --plugin-id=com.wutpeach.clackly","localhost","99f15ef7-fe19-4e17-8c80-c61a9e7c46b9","False","3230be72-5d6a-412f-8b51-2cd6efd1140b"
"2026-08-06T10:49:21.8446276+08:00","204.484","11768","39384","electron.exe","2026/8/6 10:49:07","0.203","75.5","""C:\Program Files\Blackmagic Design\DaVinci Resolve\Electron\electron.exe"" --type=gpu-process --user-data-dir=""C:\Users\Administrator\AppData\Roaming\Clackly Workflow Plugin"" --gpu-preferences=UAAAAAAAAADgAAAEAAAAAAAAAAAAAAAAAABgAAEAAAAAAAAAAAAAAAAAAAACAAAAAAAAAAAAAAAAAAAAAAAAABAAAAAAAAAAEAAAAAAAAAAIAAAAAAAAAAgAAAAAAAAA --field-trial-handle=2052,i,17858273355827520593,590696389608239788,262144 --enable-features=PdfUseShowSaveFilePicker --disable-features=SpareRendererForSitePerProcess,WinDelaySpellcheckServiceInit --variations-seed-version --mojo-platform-channel-handle=2044 /prefetch:2","localhost","99f15ef7-fe19-4e17-8c80-c61a9e7c46b9","False","3230be72-5d6a-412f-8b51-2cd6efd1140b"
"2026-08-06T10:49:21.8446276+08:00","204.484","39788","39384","electron.exe","2026/8/6 10:49:07","0.047","47","""C:\Program Files\Blackmagic Design\DaVinci Resolve\Electron\electron.exe"" --type=utility --utility-sub-type=network.mojom.NetworkService --lang=zh-CN --service-sandbox-type=none --user-data-dir=""C:\Users\Administrator\AppData\Roaming\Clackly Workflow Plugin"" --field-trial-handle=2052,i,17858273355827520593,590696389608239788,262144 --enable-features=PdfUseShowSaveFilePicker --disable-features=SpareRendererForSitePerProcess,WinDelaySpellcheckServiceInit --variations-seed-version --mojo-platform-channel-handle=2236 /prefetch:11","localhost","99f15ef7-fe19-4e17-8c80-c61a9e7c46b9","False","3230be72-5d6a-412f-8b51-2cd6efd1140b"
"2026-08-06T10:49:23.8564118+08:00","221.005","14232","13664","Resolve.exe","2026/8/6 10:48:52","31.562","2541.7","""C:\Program Files\Blackmagic Design\DaVinci Resolve\Resolve.exe"" ","localhost","99f15ef7-fe19-4e17-8c80-c61a9e7c46b9","False","3230be72-5d6a-412f-8b51-2cd6efd1140b"
"2026-08-06T10:49:23.8564118+08:00","221.005","39384","14232","electron.exe","2026/8/6 10:49:07","0.234","76.7","""C:/Program Files/Blackmagic Design/DaVinci Resolve\Electron\electron.exe"" ""C:\ProgramData\Blackmagic Design\DaVinci Resolve\Support\Workflow Integration Plugins\com.wutpeach.clackly\workflow-plugin/main.js"" --plugin-id=com.wutpeach.clackly","localhost","99f15ef7-fe19-4e17-8c80-c61a9e7c46b9","False","3230be72-5d6a-412f-8b51-2cd6efd1140b"
"2026-08-06T10:49:23.8564118+08:00","221.005","11768","39384","electron.exe","2026/8/6 10:49:07","0.203","75.5","""C:\Program Files\Blackmagic Design\DaVinci Resolve\Electron\electron.exe"" --type=gpu-process --user-data-dir=""C:\Users\Administrator\AppData\Roaming\Clackly Workflow Plugin"" --gpu-preferences=UAAAAAAAAADgAAAEAAAAAAAAAAAAAAAAAABgAAEAAAAAAAAAAAAAAAAAAAACAAAAAAAAAAAAAAAAAAAAAAAAABAAAAAAAAAAEAAAAAAAAAAIAAAAAAAAAAgAAAAAAAAA --field-trial-handle=2052,i,17858273355827520593,590696389608239788,262144 --enable-features=PdfUseShowSaveFilePicker --disable-features=SpareRendererForSitePerProcess,WinDelaySpellcheckServiceInit --variations-seed-version --mojo-platform-channel-handle=2044 /prefetch:2","localhost","99f15ef7-fe19-4e17-8c80-c61a9e7c46b9","False","3230be72-5d6a-412f-8b51-2cd6efd1140b"
"2026-08-06T10:49:23.8564118+08:00","221.005","39788","39384","electron.exe","2026/8/6 10:49:07","0.047","47","""C:\Program Files\Blackmagic Design\DaVinci Resolve\Electron\electron.exe"" --type=utility --utility-sub-type=network.mojom.NetworkService --lang=zh-CN --service-sandbox-type=none --user-data-dir=""C:\Users\Administrator\AppData\Roaming\Clackly Workflow Plugin"" --field-trial-handle=2052,i,17858273355827520593,590696389608239788,262144 --enable-features=PdfUseShowSaveFilePicker --disable-features=SpareRendererForSitePerProcess,WinDelaySpellcheckServiceInit --variations-seed-version --mojo-platform-channel-handle=2236 /prefetch:11","localhost","99f15ef7-fe19-4e17-8c80-c61a9e7c46b9","False","3230be72-5d6a-412f-8b51-2cd6efd1140b"
"2026-08-06T10:49:25.8578975+08:00","204.291","14232","13664","Resolve.exe","2026/8/6 10:48:52","32.797","2543.9","""C:\Program Files\Blackmagic Design\DaVinci Resolve\Resolve.exe"" ","localhost","99f15ef7-fe19-4e17-8c80-c61a9e7c46b9","False","3230be72-5d6a-412f-8b51-2cd6efd1140b"
"2026-08-06T10:49:25.8578975+08:00","204.291","39384","14232","electron.exe","2026/8/6 10:49:07","0.234","76.7","""C:/Program Files/Blackmagic Design/DaVinci Resolve\Electron\electron.exe"" ""C:\ProgramData\Blackmagic Design\DaVinci Resolve\Support\Workflow Integration Plugins\com.wutpeach.clackly\workflow-plugin/main.js"" --plugin-id=com.wutpeach.clackly","localhost","99f15ef7-fe19-4e17-8c80-c61a9e7c46b9","False","3230be72-5d6a-412f-8b51-2cd6efd1140b"
"2026-08-06T10:49:25.8578975+08:00","204.291","11768","39384","electron.exe","2026/8/6 10:49:07","0.203","75.5","""C:\Program Files\Blackmagic Design\DaVinci Resolve\Electron\electron.exe"" --type=gpu-process --user-data-dir=""C:\Users\Administrator\AppData\Roaming\Clackly Workflow Plugin"" --gpu-preferences=UAAAAAAAAADgAAAEAAAAAAAAAAAAAAAAAABgAAEAAAAAAAAAAAAAAAAAAAACAAAAAAAAAAAAAAAAAAAAAAAAABAAAAAAAAAAEAAAAAAAAAAIAAAAAAAAAAgAAAAAAAAA --field-trial-handle=2052,i,17858273355827520593,590696389608239788,262144 --enable-features=PdfUseShowSaveFilePicker --disable-features=SpareRendererForSitePerProcess,WinDelaySpellcheckServiceInit --variations-seed-version --mojo-platform-channel-handle=2044 /prefetch:2","localhost","99f15ef7-fe19-4e17-8c80-c61a9e7c46b9","False","3230be72-5d6a-412f-8b51-2cd6efd1140b"
"2026-08-06T10:49:25.8578975+08:00","204.291","39788","39384","electron.exe","2026/8/6 10:49:07","0.047","47","""C:\Program Files\Blackmagic Design\DaVinci Resolve\Electron\electron.exe"" --type=utility --utility-sub-type=network.mojom.NetworkService --lang=zh-CN --service-sandbox-type=none --user-data-dir=""C:\Users\Administrator\AppData\Roaming\Clackly Workflow Plugin"" --field-trial-handle=2052,i,17858273355827520593,590696389608239788,262144 --enable-features=PdfUseShowSaveFilePicker --disable-features=SpareRendererForSitePerProcess,WinDelaySpellcheckServiceInit --variations-seed-version --mojo-platform-channel-handle=2236 /prefetch:11","localhost","99f15ef7-fe19-4e17-8c80-c61a9e7c46b9","False","3230be72-5d6a-412f-8b51-2cd6efd1140b"
"2026-08-06T10:49:27.8686072+08:00","200.61","14232","13664","Resolve.exe","2026/8/6 10:48:52","32.906","2542.4","""C:\Program Files\Blackmagic Design\DaVinci Resolve\Resolve.exe"" ","localhost","99f15ef7-fe19-4e17-8c80-c61a9e7c46b9","False","3230be72-5d6a-412f-8b51-2cd6efd1140b"
"2026-08-06T10:49:27.8686072+08:00","200.61","39384","14232","electron.exe","2026/8/6 10:49:07","0.234","76.7","""C:/Program Files/Blackmagic Design/DaVinci Resolve\Electron\electron.exe"" ""C:\ProgramData\Blackmagic Design\DaVinci Resolve\Support\Workflow Integration Plugins\com.wutpeach.clackly\workflow-plugin/main.js"" --plugin-id=com.wutpeach.clackly","localhost","99f15ef7-fe19-4e17-8c80-c61a9e7c46b9","False","3230be72-5d6a-412f-8b51-2cd6efd1140b"
"2026-08-06T10:49:27.8686072+08:00","200.61","11768","39384","electron.exe","2026/8/6 10:49:07","0.203","75.5","""C:\Program Files\Blackmagic Design\DaVinci Resolve\Electron\electron.exe"" --type=gpu-process --user-data-dir=""C:\Users\Administrator\AppData\Roaming\Clackly Workflow Plugin"" --gpu-preferences=UAAAAAAAAADgAAAEAAAAAAAAAAAAAAAAAABgAAEAAAAAAAAAAAAAAAAAAAACAAAAAAAAAAAAAAAAAAAAAAAAABAAAAAAAAAAEAAAAAAAAAAIAAAAAAAAAAgAAAAAAAAA --field-trial-handle=2052,i,17858273355827520593,590696389608239788,262144 --enable-features=PdfUseShowSaveFilePicker --disable-features=SpareRendererForSitePerProcess,WinDelaySpellcheckServiceInit --variations-seed-version --mojo-platform-channel-handle=2044 /prefetch:2","localhost","99f15ef7-fe19-4e17-8c80-c61a9e7c46b9","False","3230be72-5d6a-412f-8b51-2cd6efd1140b"
"2026-08-06T10:49:27.8686072+08:00","200.61","39788","39384","electron.exe","2026/8/6 10:49:07","0.047","47","""C:\Program Files\Blackmagic Design\DaVinci Resolve\Electron\electron.exe"" --type=utility --utility-sub-type=network.mojom.NetworkService --lang=zh-CN --service-sandbox-type=none --user-data-dir=""C:\Users\Administrator\AppData\Roaming\Clackly Workflow Plugin"" --field-trial-handle=2052,i,17858273355827520593,590696389608239788,262144 --enable-features=PdfUseShowSaveFilePicker --disable-features=SpareRendererForSitePerProcess,WinDelaySpellcheckServiceInit --variations-seed-version --mojo-platform-channel-handle=2236 /prefetch:11","localhost","99f15ef7-fe19-4e17-8c80-c61a9e7c46b9","False","3230be72-5d6a-412f-8b51-2cd6efd1140b"
"2026-08-06T10:49:29.8688899+08:00","200.593","14232","13664","Resolve.exe","2026/8/6 10:48:52","32.984","2542.4","""C:\Program Files\Blackmagic Design\DaVinci Resolve\Resolve.exe"" ","localhost","99f15ef7-fe19-4e17-8c80-c61a9e7c46b9","False","3230be72-5d6a-412f-8b51-2cd6efd1140b"
"2026-08-06T10:49:29.8688899+08:00","200.593","39384","14232","electron.exe","2026/8/6 10:49:07","0.234","76.7","""C:/Program Files/Blackmagic Design/DaVinci Resolve\Electron\electron.exe"" ""C:\ProgramData\Blackmagic Design\DaVinci Resolve\Support\Workflow Integration Plugins\com.wutpeach.clackly\workflow-plugin/main.js"" --plugin-id=com.wutpeach.clackly","localhost","99f15ef7-fe19-4e17-8c80-c61a9e7c46b9","False","3230be72-5d6a-412f-8b51-2cd6efd1140b"
"2026-08-06T10:49:29.8688899+08:00","200.593","11768","39384","electron.exe","2026/8/6 10:49:07","0.203","75.5","""C:\Program Files\Blackmagic Design\DaVinci Resolve\Electron\electron.exe"" --type=gpu-process --user-data-dir=""C:\Users\Administrator\AppData\Roaming\Clackly Workflow Plugin"" --gpu-preferences=UAAAAAAAAADgAAAEAAAAAAAAAAAAAAAAAABgAAEAAAAAAAAAAAAAAAAAAAACAAAAAAAAAAAAAAAAAAAAAAAAABAAAAAAAAAAEAAAAAAAAAAIAAAAAAAAAAgAAAAAAAAA --field-trial-handle=2052,i,17858273355827520593,590696389608239788,262144 --enable-features=PdfUseShowSaveFilePicker --disable-features=SpareRendererForSitePerProcess,WinDelaySpellcheckServiceInit --variations-seed-version --mojo-platform-channel-handle=2044 /prefetch:2","localhost","99f15ef7-fe19-4e17-8c80-c61a9e7c46b9","False","3230be72-5d6a-412f-8b51-2cd6efd1140b"
"2026-08-06T10:49:29.8688899+08:00","200.593","39788","39384","electron.exe","2026/8/6 10:49:07","0.047","47","""C:\Program Files\Blackmagic Design\DaVinci Resolve\Electron\electron.exe"" --type=utility --utility-sub-type=network.mojom.NetworkService --lang=zh-CN --service-sandbox-type=none --user-data-dir=""C:\Users\Administrator\AppData\Roaming\Clackly Workflow Plugin"" --field-trial-handle=2052,i,17858273355827520593,590696389608239788,262144 --enable-features=PdfUseShowSaveFilePicker --disable-features=SpareRendererForSitePerProcess,WinDelaySpellcheckServiceInit --variations-seed-version --mojo-platform-channel-handle=2236 /prefetch:11","localhost","99f15ef7-fe19-4e17-8c80-c61a9e7c46b9","False","3230be72-5d6a-412f-8b51-2cd6efd1140b"
"2026-08-06T10:49:31.8789032+08:00","200.333","14232","13664","Resolve.exe","2026/8/6 10:48:52","33.078","2542.4","""C:\Program Files\Blackmagic Design\DaVinci Resolve\Resolve.exe"" ","localhost","99f15ef7-fe19-4e17-8c80-c61a9e7c46b9","False","3230be72-5d6a-412f-8b51-2cd6efd1140b"
"2026-08-06T10:49:31.8789032+08:00","200.333","39384","14232","electron.exe","2026/8/6 10:49:07","0.234","76.7","""C:/Program Files/Blackmagic Design/DaVinci Resolve\Electron\electron.exe"" ""C:\ProgramData\Blackmagic Design\DaVinci Resolve\Support\Workflow Integration Plugins\com.wutpeach.clackly\workflow-plugin/main.js"" --plugin-id=com.wutpeach.clackly","localhost","99f15ef7-fe19-4e17-8c80-c61a9e7c46b9","False","3230be72-5d6a-412f-8b51-2cd6efd1140b"
"2026-08-06T10:49:31.8789032+08:00","201.333","11768","39384","electron.exe","2026/8/6 10:49:07","0.203","75.5","""C:\Program Files\Blackmagic Design\DaVinci Resolve\Electron\electron.exe"" --type=gpu-process --user-data-dir=""C:\Users\Administrator\AppData\Roaming\Clackly Workflow Plugin"" --gpu-preferences=UAAAAAAAAADgAAAEAAAAAAAAAAAAAAAAAABgAAEAAAAAAAAAAAAAAAAAAAACAAAAAAAAAAAAAAAAAAAAAAAAABAAAAAAAAAAEAAAAAAAAAAIAAAAAAAAAAgAAAAAAAAA --field-trial-handle=2052,i,17858273355827520593,590696389608239788,262144 --enable-features=PdfUseShowSaveFilePicker --disable-features=SpareRendererForSitePerProcess,WinDelaySpellcheckServiceInit --variations-seed-version --mojo-platform-channel-handle=2044 /prefetch:2","localhost","99f15ef7-fe19-4e17-8c80-c61a9e7c46b9","False","3230be72-5d6a-412f-8b51-2cd6efd1140b"
"2026-08-06T10:49:31.8789032+08:00","201.333","39788","39384","electron.exe","2026/8/6 10:49:07","0.047","47","""C:\Program Files\Blackmagic Design\DaVinci Resolve\Electron\electron.exe"" --type=utility --utility-sub-type=network.mojom.NetworkService --lang=zh-CN --service-sandbox-type=none --user-data-dir=""C:\Users\Administrator\AppData\Roaming\Clackly Workflow Plugin"" --field-trial-handle=2052,i,17858273355827520593,590696389608239788,262144 --enable-features=PdfUseShowSaveFilePicker --disable-features=SpareRendererForSitePerProcess,WinDelaySpellcheckServiceInit --variations-seed-version --mojo-platform-channel-handle=2236 /prefetch:11","localhost","99f15ef7-fe19-4e17-8c80-c61a9e7c46b9","False","3230be72-5d6a-412f-8b51-2cd6efd1140b"
"2026-08-06T10:49:33.8942531+08:00","152.02","14232","13664","Resolve.exe","2026/8/6 10:48:52","33.094","2478.5","""C:\Program Files\Blackmagic Design\DaVinci Resolve\Resolve.exe"" ","localhost","99f15ef7-fe19-4e17-8c80-c61a9e7c46b9","False","3230be72-5d6a-412f-8b51-2cd6efd1140b"
"2026-08-06T10:49:33.8942531+08:00","153.022","39384","14232","electron.exe","2026/8/6 10:49:07","0.234","76.7","""C:/Program Files/Blackmagic Design/DaVinci Resolve\Electron\electron.exe"" ""C:\ProgramData\Blackmagic Design\DaVinci Resolve\Support\Workflow Integration Plugins\com.wutpeach.clackly\workflow-plugin/main.js"" --plugin-id=com.wutpeach.clackly","localhost","99f15ef7-fe19-4e17-8c80-c61a9e7c46b9","False","3230be72-5d6a-412f-8b51-2cd6efd1140b"
"2026-08-06T10:49:33.8942531+08:00","153.022","11768","39384","electron.exe","2026/8/6 10:49:07","0.203","75.5","""C:\Program Files\Blackmagic Design\DaVinci Resolve\Electron\electron.exe"" --type=gpu-process --user-data-dir=""C:\Users\Administrator\AppData\Roaming\Clackly Workflow Plugin"" --gpu-preferences=UAAAAAAAAADgAAAEAAAAAAAAAAAAAAAAAABgAAEAAAAAAAAAAAAAAAAAAAACAAAAAAAAAAAAAAAAAAAAAAAAABAAAAAAAAAAEAAAAAAAAAAIAAAAAAAAAAgAAAAAAAAA --field-trial-handle=2052,i,17858273355827520593,590696389608239788,262144 --enable-features=PdfUseShowSaveFilePicker --disable-features=SpareRendererForSitePerProcess,WinDelaySpellcheckServiceInit --variations-seed-version --mojo-platform-channel-handle=2044 /prefetch:2","localhost","99f15ef7-fe19-4e17-8c80-c61a9e7c46b9","False","3230be72-5d6a-412f-8b51-2cd6efd1140b"
"2026-08-06T10:49:33.8942531+08:00","153.022","39788","39384","electron.exe","2026/8/6 10:49:07","0.047","47","""C:\Program Files\Blackmagic Design\DaVinci Resolve\Electron\electron.exe"" --type=utility --utility-sub-type=network.mojom.NetworkService --lang=zh-CN --service-sandbox-type=none --user-data-dir=""C:\Users\Administrator\AppData\Roaming\Clackly Workflow Plugin"" --field-trial-handle=2052,i,17858273355827520593,590696389608239788,262144 --enable-features=PdfUseShowSaveFilePicker --disable-features=SpareRendererForSitePerProcess,WinDelaySpellcheckServiceInit --variations-seed-version --mojo-platform-channel-handle=2236 /prefetch:11","localhost","99f15ef7-fe19-4e17-8c80-c61a9e7c46b9","False","3230be72-5d6a-412f-8b51-2cd6efd1140b"
"2026-08-06T10:49:35.9030072+08:00","230.391","14232","13664","Resolve.exe","2026/8/6 10:48:52","33.109","2478.5","""C:\Program Files\Blackmagic Design\DaVinci Resolve\Resolve.exe"" ","localhost","99f15ef7-fe19-4e17-8c80-c61a9e7c46b9","False","3230be72-5d6a-412f-8b51-2cd6efd1140b"
"2026-08-06T10:49:35.9030072+08:00","231.391","39384","14232","electron.exe","2026/8/6 10:49:07","0.234","76.7","""C:/Program Files/Blackmagic Design/DaVinci Resolve\Electron\electron.exe"" ""C:\ProgramData\Blackmagic Design\DaVinci Resolve\Support\Workflow Integration Plugins\com.wutpeach.clackly\workflow-plugin/main.js"" --plugin-id=com.wutpeach.clackly","localhost","99f15ef7-fe19-4e17-8c80-c61a9e7c46b9","False","3230be72-5d6a-412f-8b51-2cd6efd1140b"
"2026-08-06T10:49:35.9030072+08:00","231.391","11768","39384","electron.exe","2026/8/6 10:49:07","0.219","75.5","""C:\Program Files\Blackmagic Design\DaVinci Resolve\Electron\electron.exe"" --type=gpu-process --user-data-dir=""C:\Users\Administrator\AppData\Roaming\Clackly Workflow Plugin"" --gpu-preferences=UAAAAAAAAADgAAAEAAAAAAAAAAAAAAAAAABgAAEAAAAAAAAAAAAAAAAAAAACAAAAAAAAAAAAAAAAAAAAAAAAABAAAAAAAAAAEAAAAAAAAAAIAAAAAAAAAAgAAAAAAAAA --field-trial-handle=2052,i,17858273355827520593,590696389608239788,262144 --enable-features=PdfUseShowSaveFilePicker --disable-features=SpareRendererForSitePerProcess,WinDelaySpellcheckServiceInit --variations-seed-version --mojo-platform-channel-handle=2044 /prefetch:2","localhost","99f15ef7-fe19-4e17-8c80-c61a9e7c46b9","False","3230be72-5d6a-412f-8b51-2cd6efd1140b"
"2026-08-06T10:49:35.9030072+08:00","231.391","39788","39384","electron.exe","2026/8/6 10:49:07","0.047","47","""C:\Program Files\Blackmagic Design\DaVinci Resolve\Electron\electron.exe"" --type=utility --utility-sub-type=network.mojom.NetworkService --lang=zh-CN --service-sandbox-type=none --user-data-dir=""C:\Users\Administrator\AppData\Roaming\Clackly Workflow Plugin"" --field-trial-handle=2052,i,17858273355827520593,590696389608239788,262144 --enable-features=PdfUseShowSaveFilePicker --disable-features=SpareRendererForSitePerProcess,WinDelaySpellcheckServiceInit --variations-seed-version --mojo-platform-channel-handle=2236 /prefetch:11","localhost","99f15ef7-fe19-4e17-8c80-c61a9e7c46b9","False","3230be72-5d6a-412f-8b51-2cd6efd1140b"
"2026-08-06T10:49:37.9186780+08:00","203.056","14232","13664","Resolve.exe","2026/8/6 10:48:52","33.203","2477.8","""C:\Program Files\Blackmagic Design\DaVinci Resolve\Resolve.exe"" ","localhost","99f15ef7-fe19-4e17-8c80-c61a9e7c46b9","False","3230be72-5d6a-412f-8b51-2cd6efd1140b"
"2026-08-06T10:49:37.9186780+08:00","204.056","39384","14232","electron.exe","2026/8/6 10:49:07","0.234","76.7","""C:/Program Files/Blackmagic Design/DaVinci Resolve\Electron\electron.exe"" ""C:\ProgramData\Blackmagic Design\DaVinci Resolve\Support\Workflow Integration Plugins\com.wutpeach.clackly\workflow-plugin/main.js"" --plugin-id=com.wutpeach.clackly","localhost","99f15ef7-fe19-4e17-8c80-c61a9e7c46b9","False","3230be72-5d6a-412f-8b51-2cd6efd1140b"
"2026-08-06T10:49:37.9186780+08:00","204.056","11768","39384","electron.exe","2026/8/6 10:49:07","0.219","75.5","""C:\Program Files\Blackmagic Design\DaVinci Resolve\Electron\electron.exe"" --type=gpu-process --user-data-dir=""C:\Users\Administrator\AppData\Roaming\Clackly Workflow Plugin"" --gpu-preferences=UAAAAAAAAADgAAAEAAAAAAAAAAAAAAAAAABgAAEAAAAAAAAAAAAAAAAAAAACAAAAAAAAAAAAAAAAAAAAAAAAABAAAAAAAAAAEAAAAAAAAAAIAAAAAAAAAAgAAAAAAAAA --field-trial-handle=2052,i,17858273355827520593,590696389608239788,262144 --enable-features=PdfUseShowSaveFilePicker --disable-features=SpareRendererForSitePerProcess,WinDelaySpellcheckServiceInit --variations-seed-version --mojo-platform-channel-handle=2044 /prefetch:2","localhost","99f15ef7-fe19-4e17-8c80-c61a9e7c46b9","False","3230be72-5d6a-412f-8b51-2cd6efd1140b"
"2026-08-06T10:49:37.9186780+08:00","204.056","39788","39384","electron.exe","2026/8/6 10:49:07","0.047","47","""C:\Program Files\Blackmagic Design\DaVinci Resolve\Electron\electron.exe"" --type=utility --utility-sub-type=network.mojom.NetworkService --lang=zh-CN --service-sandbox-type=none --user-data-dir=""C:\Users\Administrator\AppData\Roaming\Clackly Workflow Plugin"" --field-trial-handle=2052,i,17858273355827520593,590696389608239788,262144 --enable-features=PdfUseShowSaveFilePicker --disable-features=SpareRendererForSitePerProcess,WinDelaySpellcheckServiceInit --variations-seed-version --mojo-platform-channel-handle=2236 /prefetch:11","localhost","99f15ef7-fe19-4e17-8c80-c61a9e7c46b9","False","3230be72-5d6a-412f-8b51-2cd6efd1140b"
"2026-08-06T10:49:39.9328491+08:00","261.363","14232","13664","Resolve.exe","2026/8/6 10:48:52","33.391","2477.8","""C:\Program Files\Blackmagic Design\DaVinci Resolve\Resolve.exe"" ","localhost","99f15ef7-fe19-4e17-8c80-c61a9e7c46b9","False","3230be72-5d6a-412f-8b51-2cd6efd1140b"
"2026-08-06T10:49:39.9328491+08:00","261.363","39384","14232","electron.exe","2026/8/6 10:49:07","0.234","76.7","""C:/Program Files/Blackmagic Design/DaVinci Resolve\Electron\electron.exe"" ""C:\ProgramData\Blackmagic Design\DaVinci Resolve\Support\Workflow Integration Plugins\com.wutpeach.clackly\workflow-plugin/main.js"" --plugin-id=com.wutpeach.clackly","localhost","99f15ef7-fe19-4e17-8c80-c61a9e7c46b9","False","3230be72-5d6a-412f-8b51-2cd6efd1140b"
"2026-08-06T10:49:39.9328491+08:00","261.363","11768","39384","electron.exe","2026/8/6 10:49:07","0.219","75.5","""C:\Program Files\Blackmagic Design\DaVinci Resolve\Electron\electron.exe"" --type=gpu-process --user-data-dir=""C:\Users\Administrator\AppData\Roaming\Clackly Workflow Plugin"" --gpu-preferences=UAAAAAAAAADgAAAEAAAAAAAAAAAAAAAAAABgAAEAAAAAAAAAAAAAAAAAAAACAAAAAAAAAAAAAAAAAAAAAAAAABAAAAAAAAAAEAAAAAAAAAAIAAAAAAAAAAgAAAAAAAAA --field-trial-handle=2052,i,17858273355827520593,590696389608239788,262144 --enable-features=PdfUseShowSaveFilePicker --disable-features=SpareRendererForSitePerProcess,WinDelaySpellcheckServiceInit --variations-seed-version --mojo-platform-channel-handle=2044 /prefetch:2","localhost","99f15ef7-fe19-4e17-8c80-c61a9e7c46b9","False","3230be72-5d6a-412f-8b51-2cd6efd1140b"
"2026-08-06T10:49:39.9328491+08:00","261.363","39788","39384","electron.exe","2026/8/6 10:49:07","0.047","47","""C:\Program Files\Blackmagic Design\DaVinci Resolve\Electron\electron.exe"" --type=utility --utility-sub-type=network.mojom.NetworkService --lang=zh-CN --service-sandbox-type=none --user-data-dir=""C:\Users\Administrator\AppData\Roaming\Clackly Workflow Plugin"" --field-trial-handle=2052,i,17858273355827520593,590696389608239788,262144 --enable-features=PdfUseShowSaveFilePicker --disable-features=SpareRendererForSitePerProcess,WinDelaySpellcheckServiceInit --variations-seed-version --mojo-platform-channel-handle=2236 /prefetch:11","localhost","99f15ef7-fe19-4e17-8c80-c61a9e7c46b9","False","3230be72-5d6a-412f-8b51-2cd6efd1140b"
"2026-08-06T10:49:41.9486727+08:00","268.401","14232","13664","Resolve.exe","2026/8/6 10:48:52","34.766","2543.6","""C:\Program Files\Blackmagic Design\DaVinci Resolve\Resolve.exe"" ","localhost","99f15ef7-fe19-4e17-8c80-c61a9e7c46b9","False","3230be72-5d6a-412f-8b51-2cd6efd1140b"
"2026-08-06T10:49:41.9486727+08:00","269.4","39384","14232","electron.exe","2026/8/6 10:49:07","0.234","76.7","""C:/Program Files/Blackmagic Design/DaVinci Resolve\Electron\electron.exe"" ""C:\ProgramData\Blackmagic Design\DaVinci Resolve\Support\Workflow Integration Plugins\com.wutpeach.clackly\workflow-plugin/main.js"" --plugin-id=com.wutpeach.clackly","localhost","99f15ef7-fe19-4e17-8c80-c61a9e7c46b9","False","3230be72-5d6a-412f-8b51-2cd6efd1140b"
"2026-08-06T10:49:41.9486727+08:00","269.4","11768","39384","electron.exe","2026/8/6 10:49:07","0.219","75.5","""C:\Program Files\Blackmagic Design\DaVinci Resolve\Electron\electron.exe"" --type=gpu-process --user-data-dir=""C:\Users\Administrator\AppData\Roaming\Clackly Workflow Plugin"" --gpu-preferences=UAAAAAAAAADgAAAEAAAAAAAAAAAAAAAAAABgAAEAAAAAAAAAAAAAAAAAAAACAAAAAAAAAAAAAAAAAAAAAAAAABAAAAAAAAAAEAAAAAAAAAAIAAAAAAAAAAgAAAAAAAAA --field-trial-handle=2052,i,17858273355827520593,590696389608239788,262144 --enable-features=PdfUseShowSaveFilePicker --disable-features=SpareRendererForSitePerProcess,WinDelaySpellcheckServiceInit --variations-seed-version --mojo-platform-channel-handle=2044 /prefetch:2","localhost","99f15ef7-fe19-4e17-8c80-c61a9e7c46b9","False","3230be72-5d6a-412f-8b51-2cd6efd1140b"
"2026-08-06T10:49:41.9486727+08:00","269.4","39788","39384","electron.exe","2026/8/6 10:49:07","0.047","47","""C:\Program Files\Blackmagic Design\DaVinci Resolve\Electron\electron.exe"" --type=utility --utility-sub-type=network.mojom.NetworkService --lang=zh-CN --service-sandbox-type=none --user-data-dir=""C:\Users\Administrator\AppData\Roaming\Clackly Workflow Plugin"" --field-trial-handle=2052,i,17858273355827520593,590696389608239788,262144 --enable-features=PdfUseShowSaveFilePicker --disable-features=SpareRendererForSitePerProcess,WinDelaySpellcheckServiceInit --variations-seed-version --mojo-platform-channel-handle=2236 /prefetch:11","localhost","99f15ef7-fe19-4e17-8c80-c61a9e7c46b9","False","3230be72-5d6a-412f-8b51-2cd6efd1140b"
"2026-08-06T10:49:43.9627474+08:00","211.263","14232","13664","Resolve.exe","2026/8/6 10:48:52","35.688","2543.7","""C:\Program Files\Blackmagic Design\DaVinci Resolve\Resolve.exe"" ","localhost","99f15ef7-fe19-4e17-8c80-c61a9e7c46b9","False","3230be72-5d6a-412f-8b51-2cd6efd1140b"
"2026-08-06T10:49:43.9627474+08:00","211.263","39384","14232","electron.exe","2026/8/6 10:49:07","0.234","76.7","""C:/Program Files/Blackmagic Design/DaVinci Resolve\Electron\electron.exe"" ""C:\ProgramData\Blackmagic Design\DaVinci Resolve\Support\Workflow Integration Plugins\com.wutpeach.clackly\workflow-plugin/main.js"" --plugin-id=com.wutpeach.clackly","localhost","99f15ef7-fe19-4e17-8c80-c61a9e7c46b9","False","3230be72-5d6a-412f-8b51-2cd6efd1140b"
"2026-08-06T10:49:43.9627474+08:00","211.263","11768","39384","electron.exe","2026/8/6 10:49:07","0.219","75.5","""C:\Program Files\Blackmagic Design\DaVinci Resolve\Electron\electron.exe"" --type=gpu-process --user-data-dir=""C:\Users\Administrator\AppData\Roaming\Clackly Workflow Plugin"" --gpu-preferences=UAAAAAAAAADgAAAEAAAAAAAAAAAAAAAAAABgAAEAAAAAAAAAAAAAAAAAAAACAAAAAAAAAAAAAAAAAAAAAAAAABAAAAAAAAAAEAAAAAAAAAAIAAAAAAAAAAgAAAAAAAAA --field-trial-handle=2052,i,17858273355827520593,590696389608239788,262144 --enable-features=PdfUseShowSaveFilePicker --disable-features=SpareRendererForSitePerProcess,WinDelaySpellcheckServiceInit --variations-seed-version --mojo-platform-channel-handle=2044 /prefetch:2","localhost","99f15ef7-fe19-4e17-8c80-c61a9e7c46b9","False","3230be72-5d6a-412f-8b51-2cd6efd1140b"
"2026-08-06T10:49:43.9627474+08:00","211.263","39788","39384","electron.exe","2026/8/6 10:49:07","0.047","47","""C:\Program Files\Blackmagic Design\DaVinci Resolve\Electron\electron.exe"" --type=utility --utility-sub-type=network.mojom.NetworkService --lang=zh-CN --service-sandbox-type=none --user-data-dir=""C:\Users\Administrator\AppData\Roaming\Clackly Workflow Plugin"" --field-trial-handle=2052,i,17858273355827520593,590696389608239788,262144 --enable-features=PdfUseShowSaveFilePicker --disable-features=SpareRendererForSitePerProcess,WinDelaySpellcheckServiceInit --variations-seed-version --mojo-platform-channel-handle=2236 /prefetch:11","localhost","99f15ef7-fe19-4e17-8c80-c61a9e7c46b9","False","3230be72-5d6a-412f-8b51-2cd6efd1140b"
"2026-08-06T10:49:45.9737187+08:00","264","14232","13664","Resolve.exe","2026/8/6 10:48:52","36.828","2543.9","""C:\Program Files\Blackmagic Design\DaVinci Resolve\Resolve.exe"" ","localhost","99f15ef7-fe19-4e17-8c80-c61a9e7c46b9","False","3230be72-5d6a-412f-8b51-2cd6efd1140b"
"2026-08-06T10:49:45.9737187+08:00","265","39384","14232","electron.exe","2026/8/6 10:49:07","0.234","76.7","""C:/Program Files/Blackmagic Design/DaVinci Resolve\Electron\electron.exe"" ""C:\ProgramData\Blackmagic Design\DaVinci Resolve\Support\Workflow Integration Plugins\com.wutpeach.clackly\workflow-plugin/main.js"" --plugin-id=com.wutpeach.clackly","localhost","99f15ef7-fe19-4e17-8c80-c61a9e7c46b9","False","3230be72-5d6a-412f-8b51-2cd6efd1140b"
"2026-08-06T10:49:45.9737187+08:00","265","11768","39384","electron.exe","2026/8/6 10:49:07","0.219","75.5","""C:\Program Files\Blackmagic Design\DaVinci Resolve\Electron\electron.exe"" --type=gpu-process --user-data-dir=""C:\Users\Administrator\AppData\Roaming\Clackly Workflow Plugin"" --gpu-preferences=UAAAAAAAAADgAAAEAAAAAAAAAAAAAAAAAABgAAEAAAAAAAAAAAAAAAAAAAACAAAAAAAAAAAAAAAAAAAAAAAAABAAAAAAAAAAEAAAAAAAAAAIAAAAAAAAAAgAAAAAAAAA --field-trial-handle=2052,i,17858273355827520593,590696389608239788,262144 --enable-features=PdfUseShowSaveFilePicker --disable-features=SpareRendererForSitePerProcess,WinDelaySpellcheckServiceInit --variations-seed-version --mojo-platform-channel-handle=2044 /prefetch:2","localhost","99f15ef7-fe19-4e17-8c80-c61a9e7c46b9","False","3230be72-5d6a-412f-8b51-2cd6efd1140b"
"2026-08-06T10:49:45.9737187+08:00","265","39788","39384","electron.exe","2026/8/6 10:49:07","0.047","47","""C:\Program Files\Blackmagic Design\DaVinci Resolve\Electron\electron.exe"" --type=utility --utility-sub-type=network.mojom.NetworkService --lang=zh-CN --service-sandbox-type=none --user-data-dir=""C:\Users\Administrator\AppData\Roaming\Clackly Workflow Plugin"" --field-trial-handle=2052,i,17858273355827520593,590696389608239788,262144 --enable-features=PdfUseShowSaveFilePicker --disable-features=SpareRendererForSitePerProcess,WinDelaySpellcheckServiceInit --variations-seed-version --mojo-platform-channel-handle=2236 /prefetch:11","localhost","99f15ef7-fe19-4e17-8c80-c61a9e7c46b9","False","3230be72-5d6a-412f-8b51-2cd6efd1140b"
"2026-08-06T10:49:47.9854869+08:00","249.999","14232","13664","Resolve.exe","2026/8/6 10:48:52","37.469","2544.1","""C:\Program Files\Blackmagic Design\DaVinci Resolve\Resolve.exe"" ","localhost","99f15ef7-fe19-4e17-8c80-c61a9e7c46b9","False","3230be72-5d6a-412f-8b51-2cd6efd1140b"
"2026-08-06T10:49:47.9854869+08:00","251.448","39384","14232","electron.exe","2026/8/6 10:49:07","0.234","76.7","""C:/Program Files/Blackmagic Design/DaVinci Resolve\Electron\electron.exe"" ""C:\ProgramData\Blackmagic Design\DaVinci Resolve\Support\Workflow Integration Plugins\com.wutpeach.clackly\workflow-plugin/main.js"" --plugin-id=com.wutpeach.clackly","localhost","99f15ef7-fe19-4e17-8c80-c61a9e7c46b9","False","3230be72-5d6a-412f-8b51-2cd6efd1140b"
"2026-08-06T10:49:47.9854869+08:00","251.448","11768","39384","electron.exe","2026/8/6 10:49:07","0.219","75.5","""C:\Program Files\Blackmagic Design\DaVinci Resolve\Electron\electron.exe"" --type=gpu-process --user-data-dir=""C:\Users\Administrator\AppData\Roaming\Clackly Workflow Plugin"" --gpu-preferences=UAAAAAAAAADgAAAEAAAAAAAAAAAAAAAAAABgAAEAAAAAAAAAAAAAAAAAAAACAAAAAAAAAAAAAAAAAAAAAAAAABAAAAAAAAAAEAAAAAAAAAAIAAAAAAAAAAgAAAAAAAAA --field-trial-handle=2052,i,17858273355827520593,590696389608239788,262144 --enable-features=PdfUseShowSaveFilePicker --disable-features=SpareRendererForSitePerProcess,WinDelaySpellcheckServiceInit --variations-seed-version --mojo-platform-channel-handle=2044 /prefetch:2","localhost","99f15ef7-fe19-4e17-8c80-c61a9e7c46b9","False","3230be72-5d6a-412f-8b51-2cd6efd1140b"
"2026-08-06T10:49:47.9854869+08:00","252.452","39788","39384","electron.exe","2026/8/6 10:49:07","0.047","47","""C:\Program Files\Blackmagic Design\DaVinci Resolve\Electron\electron.exe"" --type=utility --utility-sub-type=network.mojom.NetworkService --lang=zh-CN --service-sandbox-type=none --user-data-dir=""C:\Users\Administrator\AppData\Roaming\Clackly Workflow Plugin"" --field-trial-handle=2052,i,17858273355827520593,590696389608239788,262144 --enable-features=PdfUseShowSaveFilePicker --disable-features=SpareRendererForSitePerProcess,WinDelaySpellcheckServiceInit --variations-seed-version --mojo-platform-channel-handle=2236 /prefetch:11","localhost","99f15ef7-fe19-4e17-8c80-c61a9e7c46b9","False","3230be72-5d6a-412f-8b51-2cd6efd1140b"
"2026-08-06T10:49:50.0007469+08:00","233.934","14232","13664","Resolve.exe","2026/8/6 10:48:52","38.438","2543.8","""C:\Program Files\Blackmagic Design\DaVinci Resolve\Resolve.exe"" ","localhost","99f15ef7-fe19-4e17-8c80-c61a9e7c46b9","False","3230be72-5d6a-412f-8b51-2cd6efd1140b"
"2026-08-06T10:49:50.0007469+08:00","233.934","39384","14232","electron.exe","2026/8/6 10:49:07","0.234","76.7","""C:/Program Files/Blackmagic Design/DaVinci Resolve\Electron\electron.exe"" ""C:\ProgramData\Blackmagic Design\DaVinci Resolve\Support\Workflow Integration Plugins\com.wutpeach.clackly\workflow-plugin/main.js"" --plugin-id=com.wutpeach.clackly","localhost","99f15ef7-fe19-4e17-8c80-c61a9e7c46b9","False","3230be72-5d6a-412f-8b51-2cd6efd1140b"
"2026-08-06T10:49:50.0007469+08:00","234.934","11768","39384","electron.exe","2026/8/6 10:49:07","0.219","75.5","""C:\Program Files\Blackmagic Design\DaVinci Resolve\Electron\electron.exe"" --type=gpu-process --user-data-dir=""C:\Users\Administrator\AppData\Roaming\Clackly Workflow Plugin"" --gpu-preferences=UAAAAAAAAADgAAAEAAAAAAAAAAAAAAAAAABgAAEAAAAAAAAAAAAAAAAAAAACAAAAAAAAAAAAAAAAAAAAAAAAABAAAAAAAAAAEAAAAAAAAAAIAAAAAAAAAAgAAAAAAAAA --field-trial-handle=2052,i,17858273355827520593,590696389608239788,262144 --enable-features=PdfUseShowSaveFilePicker --disable-features=SpareRendererForSitePerProcess,WinDelaySpellcheckServiceInit --variations-seed-version --mojo-platform-channel-handle=2044 /prefetch:2","localhost","99f15ef7-fe19-4e17-8c80-c61a9e7c46b9","False","3230be72-5d6a-412f-8b51-2cd6efd1140b"
"2026-08-06T10:49:50.0007469+08:00","234.934","39788","39384","electron.exe","2026/8/6 10:49:07","0.047","47","""C:\Program Files\Blackmagic Design\DaVinci Resolve\Electron\electron.exe"" --type=utility --utility-sub-type=network.mojom.NetworkService --lang=zh-CN --service-sandbox-type=none --user-data-dir=""C:\Users\Administrator\AppData\Roaming\Clackly Workflow Plugin"" --field-trial-handle=2052,i,17858273355827520593,590696389608239788,262144 --enable-features=PdfUseShowSaveFilePicker --disable-features=SpareRendererForSitePerProcess,WinDelaySpellcheckServiceInit --variations-seed-version --mojo-platform-channel-handle=2236 /prefetch:11","localhost","99f15ef7-fe19-4e17-8c80-c61a9e7c46b9","False","3230be72-5d6a-412f-8b51-2cd6efd1140b"
"2026-08-06T10:49:52.0126728+08:00","221.911","14232","13664","Resolve.exe","2026/8/6 10:48:52","39.031","2647.6","""C:\Program Files\Blackmagic Design\DaVinci Resolve\Resolve.exe"" ","localhost","99f15ef7-fe19-4e17-8c80-c61a9e7c46b9","False","3230be72-5d6a-412f-8b51-2cd6efd1140b"
"2026-08-06T10:49:52.0126728+08:00","221.911","39384","14232","electron.exe","2026/8/6 10:49:07","0.234","76.7","""C:/Program Files/Blackmagic Design/DaVinci Resolve\Electron\electron.exe"" ""C:\ProgramData\Blackmagic Design\DaVinci Resolve\Support\Workflow Integration Plugins\com.wutpeach.clackly\workflow-plugin/main.js"" --plugin-id=com.wutpeach.clackly","localhost","99f15ef7-fe19-4e17-8c80-c61a9e7c46b9","False","3230be72-5d6a-412f-8b51-2cd6efd1140b"
"2026-08-06T10:49:52.0126728+08:00","221.911","11768","39384","electron.exe","2026/8/6 10:49:07","0.219","75.5","""C:\Program Files\Blackmagic Design\DaVinci Resolve\Electron\electron.exe"" --type=gpu-process --user-data-dir=""C:\Users\Administrator\AppData\Roaming\Clackly Workflow Plugin"" --gpu-preferences=UAAAAAAAAADgAAAEAAAAAAAAAAAAAAAAAABgAAEAAAAAAAAAAAAAAAAAAAACAAAAAAAAAAAAAAAAAAAAAAAAABAAAAAAAAAAEAAAAAAAAAAIAAAAAAAAAAgAAAAAAAAA --field-trial-handle=2052,i,17858273355827520593,590696389608239788,262144 --enable-features=PdfUseShowSaveFilePicker --disable-features=SpareRendererForSitePerProcess,WinDelaySpellcheckServiceInit --variations-seed-version --mojo-platform-channel-handle=2044 /prefetch:2","localhost","99f15ef7-fe19-4e17-8c80-c61a9e7c46b9","False","3230be72-5d6a-412f-8b51-2cd6efd1140b"
"2026-08-06T10:49:52.0126728+08:00","221.911","39788","39384","electron.exe","2026/8/6 10:49:07","0.047","47","""C:\Program Files\Blackmagic Design\DaVinci Resolve\Electron\electron.exe"" --type=utility --utility-sub-type=network.mojom.NetworkService --lang=zh-CN --service-sandbox-type=none --user-data-dir=""C:\Users\Administrator\AppData\Roaming\Clackly Workflow Plugin"" --field-trial-handle=2052,i,17858273355827520593,590696389608239788,262144 --enable-features=PdfUseShowSaveFilePicker --disable-features=SpareRendererForSitePerProcess,WinDelaySpellcheckServiceInit --variations-seed-version --mojo-platform-channel-handle=2236 /prefetch:11","localhost","99f15ef7-fe19-4e17-8c80-c61a9e7c46b9","False","3230be72-5d6a-412f-8b51-2cd6efd1140b"
"2026-08-06T10:49:54.0135663+08:00","243.17","14232","13664","Resolve.exe","2026/8/6 10:48:52","39.328","2648","""C:\Program Files\Blackmagic Design\DaVinci Resolve\Resolve.exe"" ","localhost","99f15ef7-fe19-4e17-8c80-c61a9e7c46b9","False","3230be72-5d6a-412f-8b51-2cd6efd1140b"
"2026-08-06T10:49:54.0135663+08:00","244.171","39384","14232","electron.exe","2026/8/6 10:49:07","0.234","76.7","""C:/Program Files/Blackmagic Design/DaVinci Resolve\Electron\electron.exe"" ""C:\ProgramData\Blackmagic Design\DaVinci Resolve\Support\Workflow Integration Plugins\com.wutpeach.clackly\workflow-plugin/main.js"" --plugin-id=com.wutpeach.clackly","localhost","99f15ef7-fe19-4e17-8c80-c61a9e7c46b9","False","3230be72-5d6a-412f-8b51-2cd6efd1140b"
"2026-08-06T10:49:54.0135663+08:00","244.171","11768","39384","electron.exe","2026/8/6 10:49:07","0.234","75.5","""C:\Program Files\Blackmagic Design\DaVinci Resolve\Electron\electron.exe"" --type=gpu-process --user-data-dir=""C:\Users\Administrator\AppData\Roaming\Clackly Workflow Plugin"" --gpu-preferences=UAAAAAAAAADgAAAEAAAAAAAAAAAAAAAAAABgAAEAAAAAAAAAAAAAAAAAAAACAAAAAAAAAAAAAAAAAAAAAAAAABAAAAAAAAAAEAAAAAAAAAAIAAAAAAAAAAgAAAAAAAAA --field-trial-handle=2052,i,17858273355827520593,590696389608239788,262144 --enable-features=PdfUseShowSaveFilePicker --disable-features=SpareRendererForSitePerProcess,WinDelaySpellcheckServiceInit --variations-seed-version --mojo-platform-channel-handle=2044 /prefetch:2","localhost","99f15ef7-fe19-4e17-8c80-c61a9e7c46b9","False","3230be72-5d6a-412f-8b51-2cd6efd1140b"
"2026-08-06T10:49:54.0135663+08:00","244.171","39788","39384","electron.exe","2026/8/6 10:49:07","0.047","47","""C:\Program Files\Blackmagic Design\DaVinci Resolve\Electron\electron.exe"" --type=utility --utility-sub-type=network.mojom.NetworkService --lang=zh-CN --service-sandbox-type=none --user-data-dir=""C:\Users\Administrator\AppData\Roaming\Clackly Workflow Plugin"" --field-trial-handle=2052,i,17858273355827520593,590696389608239788,262144 --enable-features=PdfUseShowSaveFilePicker --disable-features=SpareRendererForSitePerProcess,WinDelaySpellcheckServiceInit --variations-seed-version --mojo-platform-channel-handle=2236 /prefetch:11","localhost","99f15ef7-fe19-4e17-8c80-c61a9e7c46b9","False","3230be72-5d6a-412f-8b51-2cd6efd1140b"
"2026-08-06T10:49:56.0269646+08:00","235.244","14232","13664","Resolve.exe","2026/8/6 10:48:52","40.828","2651.2","""C:\Program Files\Blackmagic Design\DaVinci Resolve\Resolve.exe"" ","localhost","99f15ef7-fe19-4e17-8c80-c61a9e7c46b9","False","3230be72-5d6a-412f-8b51-2cd6efd1140b"
"2026-08-06T10:49:56.0269646+08:00","235.244","39384","14232","electron.exe","2026/8/6 10:49:07","0.234","76.7","""C:/Program Files/Blackmagic Design/DaVinci Resolve\Electron\electron.exe"" ""C:\ProgramData\Blackmagic Design\DaVinci Resolve\Support\Workflow Integration Plugins\com.wutpeach.clackly\workflow-plugin/main.js"" --plugin-id=com.wutpeach.clackly","localhost","99f15ef7-fe19-4e17-8c80-c61a9e7c46b9","False","3230be72-5d6a-412f-8b51-2cd6efd1140b"
"2026-08-06T10:49:56.0269646+08:00","235.244","11768","39384","electron.exe","2026/8/6 10:49:07","0.234","75.5","""C:\Program Files\Blackmagic Design\DaVinci Resolve\Electron\electron.exe"" --type=gpu-process --user-data-dir=""C:\Users\Administrator\AppData\Roaming\Clackly Workflow Plugin"" --gpu-preferences=UAAAAAAAAADgAAAEAAAAAAAAAAAAAAAAAABgAAEAAAAAAAAAAAAAAAAAAAACAAAAAAAAAAAAAAAAAAAAAAAAABAAAAAAAAAAEAAAAAAAAAAIAAAAAAAAAAgAAAAAAAAA --field-trial-handle=2052,i,17858273355827520593,590696389608239788,262144 --enable-features=PdfUseShowSaveFilePicker --disable-features=SpareRendererForSitePerProcess,WinDelaySpellcheckServiceInit --variations-seed-version --mojo-platform-channel-handle=2044 /prefetch:2","localhost","99f15ef7-fe19-4e17-8c80-c61a9e7c46b9","False","3230be72-5d6a-412f-8b51-2cd6efd1140b"
"2026-08-06T10:49:56.0269646+08:00","235.244","39788","39384","electron.exe","2026/8/6 10:49:07","0.047","47","""C:\Program Files\Blackmagic Design\DaVinci Resolve\Electron\electron.exe"" --type=utility --utility-sub-type=network.mojom.NetworkService --lang=zh-CN --service-sandbox-type=none --user-data-dir=""C:\Users\Administrator\AppData\Roaming\Clackly Workflow Plugin"" --field-trial-handle=2052,i,17858273355827520593,590696389608239788,262144 --enable-features=PdfUseShowSaveFilePicker --disable-features=SpareRendererForSitePerProcess,WinDelaySpellcheckServiceInit --variations-seed-version --mojo-platform-channel-handle=2236 /prefetch:11","localhost","99f15ef7-fe19-4e17-8c80-c61a9e7c46b9","False","3230be72-5d6a-412f-8b51-2cd6efd1140b"
"2026-08-06T10:49:58.0382966+08:00","221.836","14232","13664","Resolve.exe","2026/8/6 10:48:52","41.906","2684.4","""C:\Program Files\Blackmagic Design\DaVinci Resolve\Resolve.exe"" ","localhost","99f15ef7-fe19-4e17-8c80-c61a9e7c46b9","False","3230be72-5d6a-412f-8b51-2cd6efd1140b"
"2026-08-06T10:49:58.0382966+08:00","221.836","39384","14232","electron.exe","2026/8/6 10:49:07","0.234","76.7","""C:/Program Files/Blackmagic Design/DaVinci Resolve\Electron\electron.exe"" ""C:\ProgramData\Blackmagic Design\DaVinci Resolve\Support\Workflow Integration Plugins\com.wutpeach.clackly\workflow-plugin/main.js"" --plugin-id=com.wutpeach.clackly","localhost","99f15ef7-fe19-4e17-8c80-c61a9e7c46b9","False","3230be72-5d6a-412f-8b51-2cd6efd1140b"
"2026-08-06T10:49:58.0382966+08:00","221.836","11768","39384","electron.exe","2026/8/6 10:49:07","0.234","75.5","""C:\Program Files\Blackmagic Design\DaVinci Resolve\Electron\electron.exe"" --type=gpu-process --user-data-dir=""C:\Users\Administrator\AppData\Roaming\Clackly Workflow Plugin"" --gpu-preferences=UAAAAAAAAADgAAAEAAAAAAAAAAAAAAAAAABgAAEAAAAAAAAAAAAAAAAAAAACAAAAAAAAAAAAAAAAAAAAAAAAABAAAAAAAAAAEAAAAAAAAAAIAAAAAAAAAAgAAAAAAAAA --field-trial-handle=2052,i,17858273355827520593,590696389608239788,262144 --enable-features=PdfUseShowSaveFilePicker --disable-features=SpareRendererForSitePerProcess,WinDelaySpellcheckServiceInit --variations-seed-version --mojo-platform-channel-handle=2044 /prefetch:2","localhost","99f15ef7-fe19-4e17-8c80-c61a9e7c46b9","False","3230be72-5d6a-412f-8b51-2cd6efd1140b"
"2026-08-06T10:49:58.0382966+08:00","221.836","39788","39384","electron.exe","2026/8/6 10:49:07","0.047","47","""C:\Program Files\Blackmagic Design\DaVinci Resolve\Electron\electron.exe"" --type=utility --utility-sub-type=network.mojom.NetworkService --lang=zh-CN --service-sandbox-type=none --user-data-dir=""C:\Users\Administrator\AppData\Roaming\Clackly Workflow Plugin"" --field-trial-handle=2052,i,17858273355827520593,590696389608239788,262144 --enable-features=PdfUseShowSaveFilePicker --disable-features=SpareRendererForSitePerProcess,WinDelaySpellcheckServiceInit --variations-seed-version --mojo-platform-channel-handle=2236 /prefetch:11","localhost","99f15ef7-fe19-4e17-8c80-c61a9e7c46b9","False","3230be72-5d6a-412f-8b51-2cd6efd1140b"
"2026-08-06T10:50:00.0508945+08:00","226.968","14232","13664","Resolve.exe","2026/8/6 10:48:52","42.453","2684.4","""C:\Program Files\Blackmagic Design\DaVinci Resolve\Resolve.exe"" ","localhost","99f15ef7-fe19-4e17-8c80-c61a9e7c46b9","False","3230be72-5d6a-412f-8b51-2cd6efd1140b"
"2026-08-06T10:50:00.0508945+08:00","226.968","39384","14232","electron.exe","2026/8/6 10:49:07","0.234","76.7","""C:/Program Files/Blackmagic Design/DaVinci Resolve\Electron\electron.exe"" ""C:\ProgramData\Blackmagic Design\DaVinci Resolve\Support\Workflow Integration Plugins\com.wutpeach.clackly\workflow-plugin/main.js"" --plugin-id=com.wutpeach.clackly","localhost","99f15ef7-fe19-4e17-8c80-c61a9e7c46b9","False","3230be72-5d6a-412f-8b51-2cd6efd1140b"
"2026-08-06T10:50:00.0508945+08:00","227.968","11768","39384","electron.exe","2026/8/6 10:49:07","0.234","75.5","""C:\Program Files\Blackmagic Design\DaVinci Resolve\Electron\electron.exe"" --type=gpu-process --user-data-dir=""C:\Users\Administrator\AppData\Roaming\Clackly Workflow Plugin"" --gpu-preferences=UAAAAAAAAADgAAAEAAAAAAAAAAAAAAAAAABgAAEAAAAAAAAAAAAAAAAAAAACAAAAAAAAAAAAAAAAAAAAAAAAABAAAAAAAAAAEAAAAAAAAAAIAAAAAAAAAAgAAAAAAAAA --field-trial-handle=2052,i,17858273355827520593,590696389608239788,262144 --enable-features=PdfUseShowSaveFilePicker --disable-features=SpareRendererForSitePerProcess,WinDelaySpellcheckServiceInit --variations-seed-version --mojo-platform-channel-handle=2044 /prefetch:2","localhost","99f15ef7-fe19-4e17-8c80-c61a9e7c46b9","False","3230be72-5d6a-412f-8b51-2cd6efd1140b"
"2026-08-06T10:50:00.0508945+08:00","227.968","39788","39384","electron.exe","2026/8/6 10:49:07","0.047","47","""C:\Program Files\Blackmagic Design\DaVinci Resolve\Electron\electron.exe"" --type=utility --utility-sub-type=network.mojom.NetworkService --lang=zh-CN --service-sandbox-type=none --user-data-dir=""C:\Users\Administrator\AppData\Roaming\Clackly Workflow Plugin"" --field-trial-handle=2052,i,17858273355827520593,590696389608239788,262144 --enable-features=PdfUseShowSaveFilePicker --disable-features=SpareRendererForSitePerProcess,WinDelaySpellcheckServiceInit --variations-seed-version --mojo-platform-channel-handle=2236 /prefetch:11","localhost","99f15ef7-fe19-4e17-8c80-c61a9e7c46b9","False","3230be72-5d6a-412f-8b51-2cd6efd1140b"
"2026-08-06T10:50:02.0512871+08:00","187.172","14232","13664","Resolve.exe","2026/8/6 10:48:52","42.562","2684.5","""C:\Program Files\Blackmagic Design\DaVinci Resolve\Resolve.exe"" ","localhost","99f15ef7-fe19-4e17-8c80-c61a9e7c46b9","False","3230be72-5d6a-412f-8b51-2cd6efd1140b"
"2026-08-06T10:50:02.0512871+08:00","187.172","39384","14232","electron.exe","2026/8/6 10:49:07","0.234","76.7","""C:/Program Files/Blackmagic Design/DaVinci Resolve\Electron\electron.exe"" ""C:\ProgramData\Blackmagic Design\DaVinci Resolve\Support\Workflow Integration Plugins\com.wutpeach.clackly\workflow-plugin/main.js"" --plugin-id=com.wutpeach.clackly","localhost","99f15ef7-fe19-4e17-8c80-c61a9e7c46b9","False","3230be72-5d6a-412f-8b51-2cd6efd1140b"
"2026-08-06T10:50:02.0512871+08:00","187.172","11768","39384","electron.exe","2026/8/6 10:49:07","0.234","75.5","""C:\Program Files\Blackmagic Design\DaVinci Resolve\Electron\electron.exe"" --type=gpu-process --user-data-dir=""C:\Users\Administrator\AppData\Roaming\Clackly Workflow Plugin"" --gpu-preferences=UAAAAAAAAADgAAAEAAAAAAAAAAAAAAAAAABgAAEAAAAAAAAAAAAAAAAAAAACAAAAAAAAAAAAAAAAAAAAAAAAABAAAAAAAAAAEAAAAAAAAAAIAAAAAAAAAAgAAAAAAAAA --field-trial-handle=2052,i,17858273355827520593,590696389608239788,262144 --enable-features=PdfUseShowSaveFilePicker --disable-features=SpareRendererForSitePerProcess,WinDelaySpellcheckServiceInit --variations-seed-version --mojo-platform-channel-handle=2044 /prefetch:2","localhost","99f15ef7-fe19-4e17-8c80-c61a9e7c46b9","False","3230be72-5d6a-412f-8b51-2cd6efd1140b"
"2026-08-06T10:50:02.0512871+08:00","187.172","39788","39384","electron.exe","2026/8/6 10:49:07","0.047","47","""C:\Program Files\Blackmagic Design\DaVinci Resolve\Electron\electron.exe"" --type=utility --utility-sub-type=network.mojom.NetworkService --lang=zh-CN --service-sandbox-type=none --user-data-dir=""C:\Users\Administrator\AppData\Roaming\Clackly Workflow Plugin"" --field-trial-handle=2052,i,17858273355827520593,590696389608239788,262144 --enable-features=PdfUseShowSaveFilePicker --disable-features=SpareRendererForSitePerProcess,WinDelaySpellcheckServiceInit --variations-seed-version --mojo-platform-channel-handle=2236 /prefetch:11","localhost","99f15ef7-fe19-4e17-8c80-c61a9e7c46b9","False","3230be72-5d6a-412f-8b51-2cd6efd1140b"
"2026-08-06T10:50:04.0620948+08:00","235.166","14232","13664","Resolve.exe","2026/8/6 10:48:52","42.703","2682.9","""C:\Program Files\Blackmagic Design\DaVinci Resolve\Resolve.exe"" ","localhost","99f15ef7-fe19-4e17-8c80-c61a9e7c46b9","False","3230be72-5d6a-412f-8b51-2cd6efd1140b"
"2026-08-06T10:50:04.0620948+08:00","235.166","39384","14232","electron.exe","2026/8/6 10:49:07","0.234","76.7","""C:/Program Files/Blackmagic Design/DaVinci Resolve\Electron\electron.exe"" ""C:\ProgramData\Blackmagic Design\DaVinci Resolve\Support\Workflow Integration Plugins\com.wutpeach.clackly\workflow-plugin/main.js"" --plugin-id=com.wutpeach.clackly","localhost","99f15ef7-fe19-4e17-8c80-c61a9e7c46b9","False","3230be72-5d6a-412f-8b51-2cd6efd1140b"
"2026-08-06T10:50:04.0620948+08:00","235.166","11768","39384","electron.exe","2026/8/6 10:49:07","0.234","75.5","""C:\Program Files\Blackmagic Design\DaVinci Resolve\Electron\electron.exe"" --type=gpu-process --user-data-dir=""C:\Users\Administrator\AppData\Roaming\Clackly Workflow Plugin"" --gpu-preferences=UAAAAAAAAADgAAAEAAAAAAAAAAAAAAAAAABgAAEAAAAAAAAAAAAAAAAAAAACAAAAAAAAAAAAAAAAAAAAAAAAABAAAAAAAAAAEAAAAAAAAAAIAAAAAAAAAAgAAAAAAAAA --field-trial-handle=2052,i,17858273355827520593,590696389608239788,262144 --enable-features=PdfUseShowSaveFilePicker --disable-features=SpareRendererForSitePerProcess,WinDelaySpellcheckServiceInit --variations-seed-version --mojo-platform-channel-handle=2044 /prefetch:2","localhost","99f15ef7-fe19-4e17-8c80-c61a9e7c46b9","False","3230be72-5d6a-412f-8b51-2cd6efd1140b"
"2026-08-06T10:50:04.0620948+08:00","236.166","39788","39384","electron.exe","2026/8/6 10:49:07","0.047","47","""C:\Program Files\Blackmagic Design\DaVinci Resolve\Electron\electron.exe"" --type=utility --utility-sub-type=network.mojom.NetworkService --lang=zh-CN --service-sandbox-type=none --user-data-dir=""C:\Users\Administrator\AppData\Roaming\Clackly Workflow Plugin"" --field-trial-handle=2052,i,17858273355827520593,590696389608239788,262144 --enable-features=PdfUseShowSaveFilePicker --disable-features=SpareRendererForSitePerProcess,WinDelaySpellcheckServiceInit --variations-seed-version --mojo-platform-channel-handle=2236 /prefetch:11","localhost","99f15ef7-fe19-4e17-8c80-c61a9e7c46b9","False","3230be72-5d6a-412f-8b51-2cd6efd1140b"
"2026-08-06T10:50:06.0661318+08:00","241.421","14232","13664","Resolve.exe","2026/8/6 10:48:52","42.719","2619.2","""C:\Program Files\Blackmagic Design\DaVinci Resolve\Resolve.exe"" ","localhost","99f15ef7-fe19-4e17-8c80-c61a9e7c46b9","False","3230be72-5d6a-412f-8b51-2cd6efd1140b"
"2026-08-06T10:50:06.0661318+08:00","241.421","39384","14232","electron.exe","2026/8/6 10:49:07","0.234","76.7","""C:/Program Files/Blackmagic Design/DaVinci Resolve\Electron\electron.exe"" ""C:\ProgramData\Blackmagic Design\DaVinci Resolve\Support\Workflow Integration Plugins\com.wutpeach.clackly\workflow-plugin/main.js"" --plugin-id=com.wutpeach.clackly","localhost","99f15ef7-fe19-4e17-8c80-c61a9e7c46b9","False","3230be72-5d6a-412f-8b51-2cd6efd1140b"
"2026-08-06T10:50:06.0661318+08:00","241.421","11768","39384","electron.exe","2026/8/6 10:49:07","0.234","75.5","""C:\Program Files\Blackmagic Design\DaVinci Resolve\Electron\electron.exe"" --type=gpu-process --user-data-dir=""C:\Users\Administrator\AppData\Roaming\Clackly Workflow Plugin"" --gpu-preferences=UAAAAAAAAADgAAAEAAAAAAAAAAAAAAAAAABgAAEAAAAAAAAAAAAAAAAAAAACAAAAAAAAAAAAAAAAAAAAAAAAABAAAAAAAAAAEAAAAAAAAAAIAAAAAAAAAAgAAAAAAAAA --field-trial-handle=2052,i,17858273355827520593,590696389608239788,262144 --enable-features=PdfUseShowSaveFilePicker --disable-features=SpareRendererForSitePerProcess,WinDelaySpellcheckServiceInit --variations-seed-version --mojo-platform-channel-handle=2044 /prefetch:2","localhost","99f15ef7-fe19-4e17-8c80-c61a9e7c46b9","False","3230be72-5d6a-412f-8b51-2cd6efd1140b"
"2026-08-06T10:50:06.0661318+08:00","242.421","39788","39384","electron.exe","2026/8/6 10:49:07","0.047","47","""C:\Program Files\Blackmagic Design\DaVinci Resolve\Electron\electron.exe"" --type=utility --utility-sub-type=network.mojom.NetworkService --lang=zh-CN --service-sandbox-type=none --user-data-dir=""C:\Users\Administrator\AppData\Roaming\Clackly Workflow Plugin"" --field-trial-handle=2052,i,17858273355827520593,590696389608239788,262144 --enable-features=PdfUseShowSaveFilePicker --disable-features=SpareRendererForSitePerProcess,WinDelaySpellcheckServiceInit --variations-seed-version --mojo-platform-channel-handle=2236 /prefetch:11","localhost","99f15ef7-fe19-4e17-8c80-c61a9e7c46b9","False","3230be72-5d6a-412f-8b51-2cd6efd1140b"
"2026-08-06T10:50:08.0791749+08:00","198.477","14232","13664","Resolve.exe","2026/8/6 10:48:52","42.734","2619.2","""C:\Program Files\Blackmagic Design\DaVinci Resolve\Resolve.exe"" ","localhost","99f15ef7-fe19-4e17-8c80-c61a9e7c46b9","False","3230be72-5d6a-412f-8b51-2cd6efd1140b"
"2026-08-06T10:50:08.0791749+08:00","198.477","39384","14232","electron.exe","2026/8/6 10:49:07","0.234","76","""C:/Program Files/Blackmagic Design/DaVinci Resolve\Electron\electron.exe"" ""C:\ProgramData\Blackmagic Design\DaVinci Resolve\Support\Workflow Integration Plugins\com.wutpeach.clackly\workflow-plugin/main.js"" --plugin-id=com.wutpeach.clackly","localhost","99f15ef7-fe19-4e17-8c80-c61a9e7c46b9","False","3230be72-5d6a-412f-8b51-2cd6efd1140b"
"2026-08-06T10:50:08.0791749+08:00","198.477","11768","39384","electron.exe","2026/8/6 10:49:07","0.234","75.4","""C:\Program Files\Blackmagic Design\DaVinci Resolve\Electron\electron.exe"" --type=gpu-process --user-data-dir=""C:\Users\Administrator\AppData\Roaming\Clackly Workflow Plugin"" --gpu-preferences=UAAAAAAAAADgAAAEAAAAAAAAAAAAAAAAAABgAAEAAAAAAAAAAAAAAAAAAAACAAAAAAAAAAAAAAAAAAAAAAAAABAAAAAAAAAAEAAAAAAAAAAIAAAAAAAAAAgAAAAAAAAA --field-trial-handle=2052,i,17858273355827520593,590696389608239788,262144 --enable-features=PdfUseShowSaveFilePicker --disable-features=SpareRendererForSitePerProcess,WinDelaySpellcheckServiceInit --variations-seed-version --mojo-platform-channel-handle=2044 /prefetch:2","localhost","99f15ef7-fe19-4e17-8c80-c61a9e7c46b9","False","3230be72-5d6a-412f-8b51-2cd6efd1140b"
"2026-08-06T10:50:08.0791749+08:00","198.477","39788","39384","electron.exe","2026/8/6 10:49:07","0.047","46.9","""C:\Program Files\Blackmagic Design\DaVinci Resolve\Electron\electron.exe"" --type=utility --utility-sub-type=network.mojom.NetworkService --lang=zh-CN --service-sandbox-type=none --user-data-dir=""C:\Users\Administrator\AppData\Roaming\Clackly Workflow Plugin"" --field-trial-handle=2052,i,17858273355827520593,590696389608239788,262144 --enable-features=PdfUseShowSaveFilePicker --disable-features=SpareRendererForSitePerProcess,WinDelaySpellcheckServiceInit --variations-seed-version --mojo-platform-channel-handle=2236 /prefetch:11","localhost","99f15ef7-fe19-4e17-8c80-c61a9e7c46b9","False","3230be72-5d6a-412f-8b51-2cd6efd1140b"
"2026-08-06T10:50:10.0869635+08:00","225.934","14232","13664","Resolve.exe","2026/8/6 10:48:52","42.859","2619.1","""C:\Program Files\Blackmagic Design\DaVinci Resolve\Resolve.exe"" ","localhost","99f15ef7-fe19-4e17-8c80-c61a9e7c46b9","False","3230be72-5d6a-412f-8b51-2cd6efd1140b"
"2026-08-06T10:50:10.0869635+08:00","226.933","39384","14232","electron.exe","2026/8/6 10:49:07","0.234","76","""C:/Program Files/Blackmagic Design/DaVinci Resolve\Electron\electron.exe"" ""C:\ProgramData\Blackmagic Design\DaVinci Resolve\Support\Workflow Integration Plugins\com.wutpeach.clackly\workflow-plugin/main.js"" --plugin-id=com.wutpeach.clackly","localhost","99f15ef7-fe19-4e17-8c80-c61a9e7c46b9","False","3230be72-5d6a-412f-8b51-2cd6efd1140b"
"2026-08-06T10:50:10.0869635+08:00","226.933","11768","39384","electron.exe","2026/8/6 10:49:07","0.234","75.4","""C:\Program Files\Blackmagic Design\DaVinci Resolve\Electron\electron.exe"" --type=gpu-process --user-data-dir=""C:\Users\Administrator\AppData\Roaming\Clackly Workflow Plugin"" --gpu-preferences=UAAAAAAAAADgAAAEAAAAAAAAAAAAAAAAAABgAAEAAAAAAAAAAAAAAAAAAAACAAAAAAAAAAAAAAAAAAAAAAAAABAAAAAAAAAAEAAAAAAAAAAIAAAAAAAAAAgAAAAAAAAA --field-trial-handle=2052,i,17858273355827520593,590696389608239788,262144 --enable-features=PdfUseShowSaveFilePicker --disable-features=SpareRendererForSitePerProcess,WinDelaySpellcheckServiceInit --variations-seed-version --mojo-platform-channel-handle=2044 /prefetch:2","localhost","99f15ef7-fe19-4e17-8c80-c61a9e7c46b9","False","3230be72-5d6a-412f-8b51-2cd6efd1140b"
"2026-08-06T10:50:10.0869635+08:00","226.933","39788","39384","electron.exe","2026/8/6 10:49:07","0.047","46.9","""C:\Program Files\Blackmagic Design\DaVinci Resolve\Electron\electron.exe"" --type=utility --utility-sub-type=network.mojom.NetworkService --lang=zh-CN --service-sandbox-type=none --user-data-dir=""C:\Users\Administrator\AppData\Roaming\Clackly Workflow Plugin"" --field-trial-handle=2052,i,17858273355827520593,590696389608239788,262144 --enable-features=PdfUseShowSaveFilePicker --disable-features=SpareRendererForSitePerProcess,WinDelaySpellcheckServiceInit --variations-seed-version --mojo-platform-channel-handle=2236 /prefetch:11","localhost","99f15ef7-fe19-4e17-8c80-c61a9e7c46b9","False","3230be72-5d6a-412f-8b51-2cd6efd1140b"
"2026-08-06T10:50:12.0901165+08:00","215.359","14232","13664","Resolve.exe","2026/8/6 10:48:52","42.875","2619.1","""C:\Program Files\Blackmagic Design\DaVinci Resolve\Resolve.exe"" ","localhost","99f15ef7-fe19-4e17-8c80-c61a9e7c46b9","False","3230be72-5d6a-412f-8b51-2cd6efd1140b"
"2026-08-06T10:50:12.0901165+08:00","215.359","39384","14232","electron.exe","2026/8/6 10:49:07","0.234","76","""C:/Program Files/Blackmagic Design/DaVinci Resolve\Electron\electron.exe"" ""C:\ProgramData\Blackmagic Design\DaVinci Resolve\Support\Workflow Integration Plugins\com.wutpeach.clackly\workflow-plugin/main.js"" --plugin-id=com.wutpeach.clackly","localhost","99f15ef7-fe19-4e17-8c80-c61a9e7c46b9","False","3230be72-5d6a-412f-8b51-2cd6efd1140b"
"2026-08-06T10:50:12.0901165+08:00","215.359","11768","39384","electron.exe","2026/8/6 10:49:07","0.234","75.4","""C:\Program Files\Blackmagic Design\DaVinci Resolve\Electron\electron.exe"" --type=gpu-process --user-data-dir=""C:\Users\Administrator\AppData\Roaming\Clackly Workflow Plugin"" --gpu-preferences=UAAAAAAAAADgAAAEAAAAAAAAAAAAAAAAAABgAAEAAAAAAAAAAAAAAAAAAAACAAAAAAAAAAAAAAAAAAAAAAAAABAAAAAAAAAAEAAAAAAAAAAIAAAAAAAAAAgAAAAAAAAA --field-trial-handle=2052,i,17858273355827520593,590696389608239788,262144 --enable-features=PdfUseShowSaveFilePicker --disable-features=SpareRendererForSitePerProcess,WinDelaySpellcheckServiceInit --variations-seed-version --mojo-platform-channel-handle=2044 /prefetch:2","localhost","99f15ef7-fe19-4e17-8c80-c61a9e7c46b9","False","3230be72-5d6a-412f-8b51-2cd6efd1140b"
"2026-08-06T10:50:12.0901165+08:00","215.359","39788","39384","electron.exe","2026/8/6 10:49:07","0.047","46.9","""C:\Program Files\Blackmagic Design\DaVinci Resolve\Electron\electron.exe"" --type=utility --utility-sub-type=network.mojom.NetworkService --lang=zh-CN --service-sandbox-type=none --user-data-dir=""C:\Users\Administrator\AppData\Roaming\Clackly Workflow Plugin"" --field-trial-handle=2052,i,17858273355827520593,590696389608239788,262144 --enable-features=PdfUseShowSaveFilePicker --disable-features=SpareRendererForSitePerProcess,WinDelaySpellcheckServiceInit --variations-seed-version --mojo-platform-channel-handle=2236 /prefetch:11","localhost","99f15ef7-fe19-4e17-8c80-c61a9e7c46b9","False","3230be72-5d6a-412f-8b51-2cd6efd1140b"
"2026-08-06T10:50:14.0999210+08:00","200.516","14232","13664","Resolve.exe","2026/8/6 10:48:52","43.094","2619.1","""C:\Program Files\Blackmagic Design\DaVinci Resolve\Resolve.exe"" ","localhost","99f15ef7-fe19-4e17-8c80-c61a9e7c46b9","False","3230be72-5d6a-412f-8b51-2cd6efd1140b"
"2026-08-06T10:50:14.0999210+08:00","201.516","39384","14232","electron.exe","2026/8/6 10:49:07","0.234","76","""C:/Program Files/Blackmagic Design/DaVinci Resolve\Electron\electron.exe"" ""C:\ProgramData\Blackmagic Design\DaVinci Resolve\Support\Workflow Integration Plugins\com.wutpeach.clackly\workflow-plugin/main.js"" --plugin-id=com.wutpeach.clackly","localhost","99f15ef7-fe19-4e17-8c80-c61a9e7c46b9","False","3230be72-5d6a-412f-8b51-2cd6efd1140b"
"2026-08-06T10:50:14.0999210+08:00","201.516","11768","39384","electron.exe","2026/8/6 10:49:07","0.234","75.4","""C:\Program Files\Blackmagic Design\DaVinci Resolve\Electron\electron.exe"" --type=gpu-process --user-data-dir=""C:\Users\Administrator\AppData\Roaming\Clackly Workflow Plugin"" --gpu-preferences=UAAAAAAAAADgAAAEAAAAAAAAAAAAAAAAAABgAAEAAAAAAAAAAAAAAAAAAAACAAAAAAAAAAAAAAAAAAAAAAAAABAAAAAAAAAAEAAAAAAAAAAIAAAAAAAAAAgAAAAAAAAA --field-trial-handle=2052,i,17858273355827520593,590696389608239788,262144 --enable-features=PdfUseShowSaveFilePicker --disable-features=SpareRendererForSitePerProcess,WinDelaySpellcheckServiceInit --variations-seed-version --mojo-platform-channel-handle=2044 /prefetch:2","localhost","99f15ef7-fe19-4e17-8c80-c61a9e7c46b9","False","3230be72-5d6a-412f-8b51-2cd6efd1140b"
"2026-08-06T10:50:14.0999210+08:00","201.516","39788","39384","electron.exe","2026/8/6 10:49:07","0.047","46.9","""C:\Program Files\Blackmagic Design\DaVinci Resolve\Electron\electron.exe"" --type=utility --utility-sub-type=network.mojom.NetworkService --lang=zh-CN --service-sandbox-type=none --user-data-dir=""C:\Users\Administrator\AppData\Roaming\Clackly Workflow Plugin"" --field-trial-handle=2052,i,17858273355827520593,590696389608239788,262144 --enable-features=PdfUseShowSaveFilePicker --disable-features=SpareRendererForSitePerProcess,WinDelaySpellcheckServiceInit --variations-seed-version --mojo-platform-channel-handle=2236 /prefetch:11","localhost","99f15ef7-fe19-4e17-8c80-c61a9e7c46b9","False","3230be72-5d6a-412f-8b51-2cd6efd1140b"
"2026-08-06T10:50:16.1087229+08:00","198.185","14232","13664","Resolve.exe","2026/8/6 10:48:52","43.297","2619.1","""C:\Program Files\Blackmagic Design\DaVinci Resolve\Resolve.exe"" ","localhost","99f15ef7-fe19-4e17-8c80-c61a9e7c46b9","False","3230be72-5d6a-412f-8b51-2cd6efd1140b"
"2026-08-06T10:50:16.1087229+08:00","198.185","39384","14232","electron.exe","2026/8/6 10:49:07","0.234","76","""C:/Program Files/Blackmagic Design/DaVinci Resolve\Electron\electron.exe"" ""C:\ProgramData\Blackmagic Design\DaVinci Resolve\Support\Workflow Integration Plugins\com.wutpeach.clackly\workflow-plugin/main.js"" --plugin-id=com.wutpeach.clackly","localhost","99f15ef7-fe19-4e17-8c80-c61a9e7c46b9","False","3230be72-5d6a-412f-8b51-2cd6efd1140b"
"2026-08-06T10:50:16.1087229+08:00","199.185","11768","39384","electron.exe","2026/8/6 10:49:07","0.234","75.4","""C:\Program Files\Blackmagic Design\DaVinci Resolve\Electron\electron.exe"" --type=gpu-process --user-data-dir=""C:\Users\Administrator\AppData\Roaming\Clackly Workflow Plugin"" --gpu-preferences=UAAAAAAAAADgAAAEAAAAAAAAAAAAAAAAAABgAAEAAAAAAAAAAAAAAAAAAAACAAAAAAAAAAAAAAAAAAAAAAAAABAAAAAAAAAAEAAAAAAAAAAIAAAAAAAAAAgAAAAAAAAA --field-trial-handle=2052,i,17858273355827520593,590696389608239788,262144 --enable-features=PdfUseShowSaveFilePicker --disable-features=SpareRendererForSitePerProcess,WinDelaySpellcheckServiceInit --variations-seed-version --mojo-platform-channel-handle=2044 /prefetch:2","localhost","99f15ef7-fe19-4e17-8c80-c61a9e7c46b9","False","3230be72-5d6a-412f-8b51-2cd6efd1140b"
"2026-08-06T10:50:16.1087229+08:00","199.185","39788","39384","electron.exe","2026/8/6 10:49:07","0.047","46.9","""C:\Program Files\Blackmagic Design\DaVinci Resolve\Electron\electron.exe"" --type=utility --utility-sub-type=network.mojom.NetworkService --lang=zh-CN --service-sandbox-type=none --user-data-dir=""C:\Users\Administrator\AppData\Roaming\Clackly Workflow Plugin"" --field-trial-handle=2052,i,17858273355827520593,590696389608239788,262144 --enable-features=PdfUseShowSaveFilePicker --disable-features=SpareRendererForSitePerProcess,WinDelaySpellcheckServiceInit --variations-seed-version --mojo-platform-channel-handle=2236 /prefetch:11","localhost","99f15ef7-fe19-4e17-8c80-c61a9e7c46b9","False","3230be72-5d6a-412f-8b51-2cd6efd1140b"
"2026-08-06T10:50:18.1107458+08:00","207.698","14232","13664","Resolve.exe","2026/8/6 10:48:52","43.578","2619.1","""C:\Program Files\Blackmagic Design\DaVinci Resolve\Resolve.exe"" ","localhost","99f15ef7-fe19-4e17-8c80-c61a9e7c46b9","False","3230be72-5d6a-412f-8b51-2cd6efd1140b"
"2026-08-06T10:50:18.1107458+08:00","207.698","39384","14232","electron.exe","2026/8/6 10:49:07","0.234","76","""C:/Program Files/Blackmagic Design/DaVinci Resolve\Electron\electron.exe"" ""C:\ProgramData\Blackmagic Design\DaVinci Resolve\Support\Workflow Integration Plugins\com.wutpeach.clackly\workflow-plugin/main.js"" --plugin-id=com.wutpeach.clackly","localhost","99f15ef7-fe19-4e17-8c80-c61a9e7c46b9","False","3230be72-5d6a-412f-8b51-2cd6efd1140b"
"2026-08-06T10:50:18.1107458+08:00","207.698","11768","39384","electron.exe","2026/8/6 10:49:07","0.234","75.4","""C:\Program Files\Blackmagic Design\DaVinci Resolve\Electron\electron.exe"" --type=gpu-process --user-data-dir=""C:\Users\Administrator\AppData\Roaming\Clackly Workflow Plugin"" --gpu-preferences=UAAAAAAAAADgAAAEAAAAAAAAAAAAAAAAAABgAAEAAAAAAAAAAAAAAAAAAAACAAAAAAAAAAAAAAAAAAAAAAAAABAAAAAAAAAAEAAAAAAAAAAIAAAAAAAAAAgAAAAAAAAA --field-trial-handle=2052,i,17858273355827520593,590696389608239788,262144 --enable-features=PdfUseShowSaveFilePicker --disable-features=SpareRendererForSitePerProcess,WinDelaySpellcheckServiceInit --variations-seed-version --mojo-platform-channel-handle=2044 /prefetch:2","localhost","99f15ef7-fe19-4e17-8c80-c61a9e7c46b9","False","3230be72-5d6a-412f-8b51-2cd6efd1140b"
"2026-08-06T10:50:18.1107458+08:00","207.698","39788","39384","electron.exe","2026/8/6 10:49:07","0.047","46.9","""C:\Program Files\Blackmagic Design\DaVinci Resolve\Electron\electron.exe"" --type=utility --utility-sub-type=network.mojom.NetworkService --lang=zh-CN --service-sandbox-type=none --user-data-dir=""C:\Users\Administrator\AppData\Roaming\Clackly Workflow Plugin"" --field-trial-handle=2052,i,17858273355827520593,590696389608239788,262144 --enable-features=PdfUseShowSaveFilePicker --disable-features=SpareRendererForSitePerProcess,WinDelaySpellcheckServiceInit --variations-seed-version --mojo-platform-channel-handle=2236 /prefetch:11","localhost","99f15ef7-fe19-4e17-8c80-c61a9e7c46b9","False","3230be72-5d6a-412f-8b51-2cd6efd1140b"
"2026-08-06T10:50:20.1118676+08:00","235.183","14232","13664","Resolve.exe","2026/8/6 10:48:52","43.891","2619.1","""C:\Program Files\Blackmagic Design\DaVinci Resolve\Resolve.exe"" ","localhost","99f15ef7-fe19-4e17-8c80-c61a9e7c46b9","False","3230be72-5d6a-412f-8b51-2cd6efd1140b"
"2026-08-06T10:50:20.1118676+08:00","235.183","39384","14232","electron.exe","2026/8/6 10:49:07","0.234","76","""C:/Program Files/Blackmagic Design/DaVinci Resolve\Electron\electron.exe"" ""C:\ProgramData\Blackmagic Design\DaVinci Resolve\Support\Workflow Integration Plugins\com.wutpeach.clackly\workflow-plugin/main.js"" --plugin-id=com.wutpeach.clackly","localhost","99f15ef7-fe19-4e17-8c80-c61a9e7c46b9","False","3230be72-5d6a-412f-8b51-2cd6efd1140b"
"2026-08-06T10:50:20.1118676+08:00","235.183","11768","39384","electron.exe","2026/8/6 10:49:07","0.234","75.4","""C:\Program Files\Blackmagic Design\DaVinci Resolve\Electron\electron.exe"" --type=gpu-process --user-data-dir=""C:\Users\Administrator\AppData\Roaming\Clackly Workflow Plugin"" --gpu-preferences=UAAAAAAAAADgAAAEAAAAAAAAAAAAAAAAAABgAAEAAAAAAAAAAAAAAAAAAAACAAAAAAAAAAAAAAAAAAAAAAAAABAAAAAAAAAAEAAAAAAAAAAIAAAAAAAAAAgAAAAAAAAA --field-trial-handle=2052,i,17858273355827520593,590696389608239788,262144 --enable-features=PdfUseShowSaveFilePicker --disable-features=SpareRendererForSitePerProcess,WinDelaySpellcheckServiceInit --variations-seed-version --mojo-platform-channel-handle=2044 /prefetch:2","localhost","99f15ef7-fe19-4e17-8c80-c61a9e7c46b9","False","3230be72-5d6a-412f-8b51-2cd6efd1140b"
"2026-08-06T10:50:20.1118676+08:00","235.183","39788","39384","electron.exe","2026/8/6 10:49:07","0.047","46.9","""C:\Program Files\Blackmagic Design\DaVinci Resolve\Electron\electron.exe"" --type=utility --utility-sub-type=network.mojom.NetworkService --lang=zh-CN --service-sandbox-type=none --user-data-dir=""C:\Users\Administrator\AppData\Roaming\Clackly Workflow Plugin"" --field-trial-handle=2052,i,17858273355827520593,590696389608239788,262144 --enable-features=PdfUseShowSaveFilePicker --disable-features=SpareRendererForSitePerProcess,WinDelaySpellcheckServiceInit --variations-seed-version --mojo-platform-channel-handle=2236 /prefetch:11","localhost","99f15ef7-fe19-4e17-8c80-c61a9e7c46b9","False","3230be72-5d6a-412f-8b51-2cd6efd1140b"
"2026-08-06T10:50:22.1246084+08:00","242.116","14232","13664","Resolve.exe","2026/8/6 10:48:52","43.891","2619.1","""C:\Program Files\Blackmagic Design\DaVinci Resolve\Resolve.exe"" ","localhost","99f15ef7-fe19-4e17-8c80-c61a9e7c46b9","False","3230be72-5d6a-412f-8b51-2cd6efd1140b"
"2026-08-06T10:50:22.1246084+08:00","243.115","39384","14232","electron.exe","2026/8/6 10:49:07","0.234","76","""C:/Program Files/Blackmagic Design/DaVinci Resolve\Electron\electron.exe"" ""C:\ProgramData\Blackmagic Design\DaVinci Resolve\Support\Workflow Integration Plugins\com.wutpeach.clackly\workflow-plugin/main.js"" --plugin-id=com.wutpeach.clackly","localhost","99f15ef7-fe19-4e17-8c80-c61a9e7c46b9","False","3230be72-5d6a-412f-8b51-2cd6efd1140b"
"2026-08-06T10:50:22.1246084+08:00","243.115","11768","39384","electron.exe","2026/8/6 10:49:07","0.234","75.4","""C:\Program Files\Blackmagic Design\DaVinci Resolve\Electron\electron.exe"" --type=gpu-process --user-data-dir=""C:\Users\Administrator\AppData\Roaming\Clackly Workflow Plugin"" --gpu-preferences=UAAAAAAAAADgAAAEAAAAAAAAAAAAAAAAAABgAAEAAAAAAAAAAAAAAAAAAAACAAAAAAAAAAAAAAAAAAAAAAAAABAAAAAAAAAAEAAAAAAAAAAIAAAAAAAAAAgAAAAAAAAA --field-trial-handle=2052,i,17858273355827520593,590696389608239788,262144 --enable-features=PdfUseShowSaveFilePicker --disable-features=SpareRendererForSitePerProcess,WinDelaySpellcheckServiceInit --variations-seed-version --mojo-platform-channel-handle=2044 /prefetch:2","localhost","99f15ef7-fe19-4e17-8c80-c61a9e7c46b9","False","3230be72-5d6a-412f-8b51-2cd6efd1140b"
"2026-08-06T10:50:22.1246084+08:00","243.115","39788","39384","electron.exe","2026/8/6 10:49:07","0.047","46.9","""C:\Program Files\Blackmagic Design\DaVinci Resolve\Electron\electron.exe"" --type=utility --utility-sub-type=network.mojom.NetworkService --lang=zh-CN --service-sandbox-type=none --user-data-dir=""C:\Users\Administrator\AppData\Roaming\Clackly Workflow Plugin"" --field-trial-handle=2052,i,17858273355827520593,590696389608239788,262144 --enable-features=PdfUseShowSaveFilePicker --disable-features=SpareRendererForSitePerProcess,WinDelaySpellcheckServiceInit --variations-seed-version --mojo-platform-channel-handle=2236 /prefetch:11","localhost","99f15ef7-fe19-4e17-8c80-c61a9e7c46b9","False","3230be72-5d6a-412f-8b51-2cd6efd1140b"
"2026-08-06T10:50:24.1345499+08:00","199.892","14232","13664","Resolve.exe","2026/8/6 10:48:52","43.953","2619.1","""C:\Program Files\Blackmagic Design\DaVinci Resolve\Resolve.exe"" ","localhost","99f15ef7-fe19-4e17-8c80-c61a9e7c46b9","False","3230be72-5d6a-412f-8b51-2cd6efd1140b"
"2026-08-06T10:50:24.1345499+08:00","200.895","39384","14232","electron.exe","2026/8/6 10:49:07","0.234","76","""C:/Program Files/Blackmagic Design/DaVinci Resolve\Electron\electron.exe"" ""C:\ProgramData\Blackmagic Design\DaVinci Resolve\Support\Workflow Integration Plugins\com.wutpeach.clackly\workflow-plugin/main.js"" --plugin-id=com.wutpeach.clackly","localhost","99f15ef7-fe19-4e17-8c80-c61a9e7c46b9","False","3230be72-5d6a-412f-8b51-2cd6efd1140b"
"2026-08-06T10:50:24.1345499+08:00","200.895","11768","39384","electron.exe","2026/8/6 10:49:07","0.234","75.4","""C:\Program Files\Blackmagic Design\DaVinci Resolve\Electron\electron.exe"" --type=gpu-process --user-data-dir=""C:\Users\Administrator\AppData\Roaming\Clackly Workflow Plugin"" --gpu-preferences=UAAAAAAAAADgAAAEAAAAAAAAAAAAAAAAAABgAAEAAAAAAAAAAAAAAAAAAAACAAAAAAAAAAAAAAAAAAAAAAAAABAAAAAAAAAAEAAAAAAAAAAIAAAAAAAAAAgAAAAAAAAA --field-trial-handle=2052,i,17858273355827520593,590696389608239788,262144 --enable-features=PdfUseShowSaveFilePicker --disable-features=SpareRendererForSitePerProcess,WinDelaySpellcheckServiceInit --variations-seed-version --mojo-platform-channel-handle=2044 /prefetch:2","localhost","99f15ef7-fe19-4e17-8c80-c61a9e7c46b9","False","3230be72-5d6a-412f-8b51-2cd6efd1140b"
"2026-08-06T10:50:24.1345499+08:00","200.895","39788","39384","electron.exe","2026/8/6 10:49:07","0.047","46.9","""C:\Program Files\Blackmagic Design\DaVinci Resolve\Electron\electron.exe"" --type=utility --utility-sub-type=network.mojom.NetworkService --lang=zh-CN --service-sandbox-type=none --user-data-dir=""C:\Users\Administrator\AppData\Roaming\Clackly Workflow Plugin"" --field-trial-handle=2052,i,17858273355827520593,590696389608239788,262144 --enable-features=PdfUseShowSaveFilePicker --disable-features=SpareRendererForSitePerProcess,WinDelaySpellcheckServiceInit --variations-seed-version --mojo-platform-channel-handle=2236 /prefetch:11","localhost","99f15ef7-fe19-4e17-8c80-c61a9e7c46b9","False","3230be72-5d6a-412f-8b51-2cd6efd1140b"
"2026-08-06T10:50:26.1489418+08:00","263.722","14232","13664","Resolve.exe","2026/8/6 10:48:52","44.047","2619.1","""C:\Program Files\Blackmagic Design\DaVinci Resolve\Resolve.exe"" ","localhost","99f15ef7-fe19-4e17-8c80-c61a9e7c46b9","False","3230be72-5d6a-412f-8b51-2cd6efd1140b"
"2026-08-06T10:50:26.1489418+08:00","264.724","39384","14232","electron.exe","2026/8/6 10:49:07","0.234","76","""C:/Program Files/Blackmagic Design/DaVinci Resolve\Electron\electron.exe"" ""C:\ProgramData\Blackmagic Design\DaVinci Resolve\Support\Workflow Integration Plugins\com.wutpeach.clackly\workflow-plugin/main.js"" --plugin-id=com.wutpeach.clackly","localhost","99f15ef7-fe19-4e17-8c80-c61a9e7c46b9","False","3230be72-5d6a-412f-8b51-2cd6efd1140b"
"2026-08-06T10:50:26.1489418+08:00","264.724","11768","39384","electron.exe","2026/8/6 10:49:07","0.234","75.4","""C:\Program Files\Blackmagic Design\DaVinci Resolve\Electron\electron.exe"" --type=gpu-process --user-data-dir=""C:\Users\Administrator\AppData\Roaming\Clackly Workflow Plugin"" --gpu-preferences=UAAAAAAAAADgAAAEAAAAAAAAAAAAAAAAAABgAAEAAAAAAAAAAAAAAAAAAAACAAAAAAAAAAAAAAAAAAAAAAAAABAAAAAAAAAAEAAAAAAAAAAIAAAAAAAAAAgAAAAAAAAA --field-trial-handle=2052,i,17858273355827520593,590696389608239788,262144 --enable-features=PdfUseShowSaveFilePicker --disable-features=SpareRendererForSitePerProcess,WinDelaySpellcheckServiceInit --variations-seed-version --mojo-platform-channel-handle=2044 /prefetch:2","localhost","99f15ef7-fe19-4e17-8c80-c61a9e7c46b9","False","3230be72-5d6a-412f-8b51-2cd6efd1140b"
"2026-08-06T10:50:26.1489418+08:00","264.724","39788","39384","electron.exe","2026/8/6 10:49:07","0.047","46.9","""C:\Program Files\Blackmagic Design\DaVinci Resolve\Electron\electron.exe"" --type=utility --utility-sub-type=network.mojom.NetworkService --lang=zh-CN --service-sandbox-type=none --user-data-dir=""C:\Users\Administrator\AppData\Roaming\Clackly Workflow Plugin"" --field-trial-handle=2052,i,17858273355827520593,590696389608239788,262144 --enable-features=PdfUseShowSaveFilePicker --disable-features=SpareRendererForSitePerProcess,WinDelaySpellcheckServiceInit --variations-seed-version --mojo-platform-channel-handle=2236 /prefetch:11","localhost","99f15ef7-fe19-4e17-8c80-c61a9e7c46b9","False","3230be72-5d6a-412f-8b51-2cd6efd1140b"
"2026-08-06T10:50:28.1576020+08:00","244.266","14232","13664","Resolve.exe","2026/8/6 10:48:52","44.125","2619.1","""C:\Program Files\Blackmagic Design\DaVinci Resolve\Resolve.exe"" ","localhost","99f15ef7-fe19-4e17-8c80-c61a9e7c46b9","False","3230be72-5d6a-412f-8b51-2cd6efd1140b"
"2026-08-06T10:50:28.1576020+08:00","244.266","39384","14232","electron.exe","2026/8/6 10:49:07","0.234","76","""C:/Program Files/Blackmagic Design/DaVinci Resolve\Electron\electron.exe"" ""C:\ProgramData\Blackmagic Design\DaVinci Resolve\Support\Workflow Integration Plugins\com.wutpeach.clackly\workflow-plugin/main.js"" --plugin-id=com.wutpeach.clackly","localhost","99f15ef7-fe19-4e17-8c80-c61a9e7c46b9","False","3230be72-5d6a-412f-8b51-2cd6efd1140b"
"2026-08-06T10:50:28.1576020+08:00","244.266","11768","39384","electron.exe","2026/8/6 10:49:07","0.234","75.4","""C:\Program Files\Blackmagic Design\DaVinci Resolve\Electron\electron.exe"" --type=gpu-process --user-data-dir=""C:\Users\Administrator\AppData\Roaming\Clackly Workflow Plugin"" --gpu-preferences=UAAAAAAAAADgAAAEAAAAAAAAAAAAAAAAAABgAAEAAAAAAAAAAAAAAAAAAAACAAAAAAAAAAAAAAAAAAAAAAAAABAAAAAAAAAAEAAAAAAAAAAIAAAAAAAAAAgAAAAAAAAA --field-trial-handle=2052,i,17858273355827520593,590696389608239788,262144 --enable-features=PdfUseShowSaveFilePicker --disable-features=SpareRendererForSitePerProcess,WinDelaySpellcheckServiceInit --variations-seed-version --mojo-platform-channel-handle=2044 /prefetch:2","localhost","99f15ef7-fe19-4e17-8c80-c61a9e7c46b9","False","3230be72-5d6a-412f-8b51-2cd6efd1140b"
"2026-08-06T10:50:28.1576020+08:00","244.266","39788","39384","electron.exe","2026/8/6 10:49:07","0.047","46.9","""C:\Program Files\Blackmagic Design\DaVinci Resolve\Electron\electron.exe"" --type=utility --utility-sub-type=network.mojom.NetworkService --lang=zh-CN --service-sandbox-type=none --user-data-dir=""C:\Users\Administrator\AppData\Roaming\Clackly Workflow Plugin"" --field-trial-handle=2052,i,17858273355827520593,590696389608239788,262144 --enable-features=PdfUseShowSaveFilePicker --disable-features=SpareRendererForSitePerProcess,WinDelaySpellcheckServiceInit --variations-seed-version --mojo-platform-channel-handle=2236 /prefetch:11","localhost","99f15ef7-fe19-4e17-8c80-c61a9e7c46b9","False","3230be72-5d6a-412f-8b51-2cd6efd1140b"
"2026-08-06T10:50:30.1684131+08:00","247.931","14232","13664","Resolve.exe","2026/8/6 10:48:52","44.344","2619.1","""C:\Program Files\Blackmagic Design\DaVinci Resolve\Resolve.exe"" ","localhost","99f15ef7-fe19-4e17-8c80-c61a9e7c46b9","False","3230be72-5d6a-412f-8b51-2cd6efd1140b"
"2026-08-06T10:50:30.1684131+08:00","247.931","39384","14232","electron.exe","2026/8/6 10:49:07","0.234","76","""C:/Program Files/Blackmagic Design/DaVinci Resolve\Electron\electron.exe"" ""C:\ProgramData\Blackmagic Design\DaVinci Resolve\Support\Workflow Integration Plugins\com.wutpeach.clackly\workflow-plugin/main.js"" --plugin-id=com.wutpeach.clackly","localhost","99f15ef7-fe19-4e17-8c80-c61a9e7c46b9","False","3230be72-5d6a-412f-8b51-2cd6efd1140b"
"2026-08-06T10:50:30.1684131+08:00","248.931","11768","39384","electron.exe","2026/8/6 10:49:07","0.234","75.4","""C:\Program Files\Blackmagic Design\DaVinci Resolve\Electron\electron.exe"" --type=gpu-process --user-data-dir=""C:\Users\Administrator\AppData\Roaming\Clackly Workflow Plugin"" --gpu-preferences=UAAAAAAAAADgAAAEAAAAAAAAAAAAAAAAAABgAAEAAAAAAAAAAAAAAAAAAAACAAAAAAAAAAAAAAAAAAAAAAAAABAAAAAAAAAAEAAAAAAAAAAIAAAAAAAAAAgAAAAAAAAA --field-trial-handle=2052,i,17858273355827520593,590696389608239788,262144 --enable-features=PdfUseShowSaveFilePicker --disable-features=SpareRendererForSitePerProcess,WinDelaySpellcheckServiceInit --variations-seed-version --mojo-platform-channel-handle=2044 /prefetch:2","localhost","99f15ef7-fe19-4e17-8c80-c61a9e7c46b9","False","3230be72-5d6a-412f-8b51-2cd6efd1140b"
"2026-08-06T10:50:30.1684131+08:00","248.931","39788","39384","electron.exe","2026/8/6 10:49:07","0.047","46.9","""C:\Program Files\Blackmagic Design\DaVinci Resolve\Electron\electron.exe"" --type=utility --utility-sub-type=network.mojom.NetworkService --lang=zh-CN --service-sandbox-type=none --user-data-dir=""C:\Users\Administrator\AppData\Roaming\Clackly Workflow Plugin"" --field-trial-handle=2052,i,17858273355827520593,590696389608239788,262144 --enable-features=PdfUseShowSaveFilePicker --disable-features=SpareRendererForSitePerProcess,WinDelaySpellcheckServiceInit --variations-seed-version --mojo-platform-channel-handle=2236 /prefetch:11","localhost","99f15ef7-fe19-4e17-8c80-c61a9e7c46b9","False","3230be72-5d6a-412f-8b51-2cd6efd1140b"
"2026-08-06T10:50:32.1730844+08:00","213.085","14232","13664","Resolve.exe","2026/8/6 10:48:52","44.422","2619.1","""C:\Program Files\Blackmagic Design\DaVinci Resolve\Resolve.exe"" ","localhost","99f15ef7-fe19-4e17-8c80-c61a9e7c46b9","False","3230be72-5d6a-412f-8b51-2cd6efd1140b"
"2026-08-06T10:50:32.1730844+08:00","213.085","39384","14232","electron.exe","2026/8/6 10:49:07","0.234","76","""C:/Program Files/Blackmagic Design/DaVinci Resolve\Electron\electron.exe"" ""C:\ProgramData\Blackmagic Design\DaVinci Resolve\Support\Workflow Integration Plugins\com.wutpeach.clackly\workflow-plugin/main.js"" --plugin-id=com.wutpeach.clackly","localhost","99f15ef7-fe19-4e17-8c80-c61a9e7c46b9","False","3230be72-5d6a-412f-8b51-2cd6efd1140b"
"2026-08-06T10:50:32.1730844+08:00","213.085","11768","39384","electron.exe","2026/8/6 10:49:07","0.234","75.4","""C:\Program Files\Blackmagic Design\DaVinci Resolve\Electron\electron.exe"" --type=gpu-process --user-data-dir=""C:\Users\Administrator\AppData\Roaming\Clackly Workflow Plugin"" --gpu-preferences=UAAAAAAAAADgAAAEAAAAAAAAAAAAAAAAAABgAAEAAAAAAAAAAAAAAAAAAAACAAAAAAAAAAAAAAAAAAAAAAAAABAAAAAAAAAAEAAAAAAAAAAIAAAAAAAAAAgAAAAAAAAA --field-trial-handle=2052,i,17858273355827520593,590696389608239788,262144 --enable-features=PdfUseShowSaveFilePicker --disable-features=SpareRendererForSitePerProcess,WinDelaySpellcheckServiceInit --variations-seed-version --mojo-platform-channel-handle=2044 /prefetch:2","localhost","99f15ef7-fe19-4e17-8c80-c61a9e7c46b9","False","3230be72-5d6a-412f-8b51-2cd6efd1140b"
"2026-08-06T10:50:32.1730844+08:00","213.085","39788","39384","electron.exe","2026/8/6 10:49:07","0.047","46.9","""C:\Program Files\Blackmagic Design\DaVinci Resolve\Electron\electron.exe"" --type=utility --utility-sub-type=network.mojom.NetworkService --lang=zh-CN --service-sandbox-type=none --user-data-dir=""C:\Users\Administrator\AppData\Roaming\Clackly Workflow Plugin"" --field-trial-handle=2052,i,17858273355827520593,590696389608239788,262144 --enable-features=PdfUseShowSaveFilePicker --disable-features=SpareRendererForSitePerProcess,WinDelaySpellcheckServiceInit --variations-seed-version --mojo-platform-channel-handle=2236 /prefetch:11","localhost","99f15ef7-fe19-4e17-8c80-c61a9e7c46b9","False","3230be72-5d6a-412f-8b51-2cd6efd1140b"
"2026-08-06T10:50:34.1864997+08:00","211.73","14232","13664","Resolve.exe","2026/8/6 10:48:52","44.609","2619.1","""C:\Program Files\Blackmagic Design\DaVinci Resolve\Resolve.exe"" ","localhost","99f15ef7-fe19-4e17-8c80-c61a9e7c46b9","False","3230be72-5d6a-412f-8b51-2cd6efd1140b"
"2026-08-06T10:50:34.1864997+08:00","211.73","39384","14232","electron.exe","2026/8/6 10:49:07","0.234","76","""C:/Program Files/Blackmagic Design/DaVinci Resolve\Electron\electron.exe"" ""C:\ProgramData\Blackmagic Design\DaVinci Resolve\Support\Workflow Integration Plugins\com.wutpeach.clackly\workflow-plugin/main.js"" --plugin-id=com.wutpeach.clackly","localhost","99f15ef7-fe19-4e17-8c80-c61a9e7c46b9","False","3230be72-5d6a-412f-8b51-2cd6efd1140b"
"2026-08-06T10:50:34.1864997+08:00","212.731","11768","39384","electron.exe","2026/8/6 10:49:07","0.234","75.4","""C:\Program Files\Blackmagic Design\DaVinci Resolve\Electron\electron.exe"" --type=gpu-process --user-data-dir=""C:\Users\Administrator\AppData\Roaming\Clackly Workflow Plugin"" --gpu-preferences=UAAAAAAAAADgAAAEAAAAAAAAAAAAAAAAAABgAAEAAAAAAAAAAAAAAAAAAAACAAAAAAAAAAAAAAAAAAAAAAAAABAAAAAAAAAAEAAAAAAAAAAIAAAAAAAAAAgAAAAAAAAA --field-trial-handle=2052,i,17858273355827520593,590696389608239788,262144 --enable-features=PdfUseShowSaveFilePicker --disable-features=SpareRendererForSitePerProcess,WinDelaySpellcheckServiceInit --variations-seed-version --mojo-platform-channel-handle=2044 /prefetch:2","localhost","99f15ef7-fe19-4e17-8c80-c61a9e7c46b9","False","3230be72-5d6a-412f-8b51-2cd6efd1140b"
"2026-08-06T10:50:34.1864997+08:00","212.731","39788","39384","electron.exe","2026/8/6 10:49:07","0.047","46.9","""C:\Program Files\Blackmagic Design\DaVinci Resolve\Electron\electron.exe"" --type=utility --utility-sub-type=network.mojom.NetworkService --lang=zh-CN --service-sandbox-type=none --user-data-dir=""C:\Users\Administrator\AppData\Roaming\Clackly Workflow Plugin"" --field-trial-handle=2052,i,17858273355827520593,590696389608239788,262144 --enable-features=PdfUseShowSaveFilePicker --disable-features=SpareRendererForSitePerProcess,WinDelaySpellcheckServiceInit --variations-seed-version --mojo-platform-channel-handle=2236 /prefetch:11","localhost","99f15ef7-fe19-4e17-8c80-c61a9e7c46b9","False","3230be72-5d6a-412f-8b51-2cd6efd1140b"
"2026-08-06T10:50:36.1951876+08:00","179.329","14232","13664","Resolve.exe","2026/8/6 10:48:52","44.844","2619.1","""C:\Program Files\Blackmagic Design\DaVinci Resolve\Resolve.exe"" ","localhost","99f15ef7-fe19-4e17-8c80-c61a9e7c46b9","False","3230be72-5d6a-412f-8b51-2cd6efd1140b"
"2026-08-06T10:50:36.1951876+08:00","180.331","39384","14232","electron.exe","2026/8/6 10:49:07","0.234","76","""C:/Program Files/Blackmagic Design/DaVinci Resolve\Electron\electron.exe"" ""C:\ProgramData\Blackmagic Design\DaVinci Resolve\Support\Workflow Integration Plugins\com.wutpeach.clackly\workflow-plugin/main.js"" --plugin-id=com.wutpeach.clackly","localhost","99f15ef7-fe19-4e17-8c80-c61a9e7c46b9","False","3230be72-5d6a-412f-8b51-2cd6efd1140b"
"2026-08-06T10:50:36.1951876+08:00","180.331","11768","39384","electron.exe","2026/8/6 10:49:07","0.234","75.4","""C:\Program Files\Blackmagic Design\DaVinci Resolve\Electron\electron.exe"" --type=gpu-process --user-data-dir=""C:\Users\Administrator\AppData\Roaming\Clackly Workflow Plugin"" --gpu-preferences=UAAAAAAAAADgAAAEAAAAAAAAAAAAAAAAAABgAAEAAAAAAAAAAAAAAAAAAAACAAAAAAAAAAAAAAAAAAAAAAAAABAAAAAAAAAAEAAAAAAAAAAIAAAAAAAAAAgAAAAAAAAA --field-trial-handle=2052,i,17858273355827520593,590696389608239788,262144 --enable-features=PdfUseShowSaveFilePicker --disable-features=SpareRendererForSitePerProcess,WinDelaySpellcheckServiceInit --variations-seed-version --mojo-platform-channel-handle=2044 /prefetch:2","localhost","99f15ef7-fe19-4e17-8c80-c61a9e7c46b9","False","3230be72-5d6a-412f-8b51-2cd6efd1140b"
"2026-08-06T10:50:36.1951876+08:00","180.331","39788","39384","electron.exe","2026/8/6 10:49:07","0.047","46.9","""C:\Program Files\Blackmagic Design\DaVinci Resolve\Electron\electron.exe"" --type=utility --utility-sub-type=network.mojom.NetworkService --lang=zh-CN --service-sandbox-type=none --user-data-dir=""C:\Users\Administrator\AppData\Roaming\Clackly Workflow Plugin"" --field-trial-handle=2052,i,17858273355827520593,590696389608239788,262144 --enable-features=PdfUseShowSaveFilePicker --disable-features=SpareRendererForSitePerProcess,WinDelaySpellcheckServiceInit --variations-seed-version --mojo-platform-channel-handle=2236 /prefetch:11","localhost","99f15ef7-fe19-4e17-8c80-c61a9e7c46b9","False","3230be72-5d6a-412f-8b51-2cd6efd1140b"
"2026-08-06T10:50:38.2075595+08:00","216.863","14232","13664","Resolve.exe","2026/8/6 10:48:52","44.859","2619.1","""C:\Program Files\Blackmagic Design\DaVinci Resolve\Resolve.exe"" ","localhost","99f15ef7-fe19-4e17-8c80-c61a9e7c46b9","False","3230be72-5d6a-412f-8b51-2cd6efd1140b"
"2026-08-06T10:50:38.2075595+08:00","216.863","39384","14232","electron.exe","2026/8/6 10:49:07","0.234","76","""C:/Program Files/Blackmagic Design/DaVinci Resolve\Electron\electron.exe"" ""C:\ProgramData\Blackmagic Design\DaVinci Resolve\Support\Workflow Integration Plugins\com.wutpeach.clackly\workflow-plugin/main.js"" --plugin-id=com.wutpeach.clackly","localhost","99f15ef7-fe19-4e17-8c80-c61a9e7c46b9","False","3230be72-5d6a-412f-8b51-2cd6efd1140b"
"2026-08-06T10:50:38.2075595+08:00","216.863","11768","39384","electron.exe","2026/8/6 10:49:07","0.234","75.4","""C:\Program Files\Blackmagic Design\DaVinci Resolve\Electron\electron.exe"" --type=gpu-process --user-data-dir=""C:\Users\Administrator\AppData\Roaming\Clackly Workflow Plugin"" --gpu-preferences=UAAAAAAAAADgAAAEAAAAAAAAAAAAAAAAAABgAAEAAAAAAAAAAAAAAAAAAAACAAAAAAAAAAAAAAAAAAAAAAAAABAAAAAAAAAAEAAAAAAAAAAIAAAAAAAAAAgAAAAAAAAA --field-trial-handle=2052,i,17858273355827520593,590696389608239788,262144 --enable-features=PdfUseShowSaveFilePicker --disable-features=SpareRendererForSitePerProcess,WinDelaySpellcheckServiceInit --variations-seed-version --mojo-platform-channel-handle=2044 /prefetch:2","localhost","99f15ef7-fe19-4e17-8c80-c61a9e7c46b9","False","3230be72-5d6a-412f-8b51-2cd6efd1140b"
"2026-08-06T10:50:38.2075595+08:00","216.863","39788","39384","electron.exe","2026/8/6 10:49:07","0.047","46.9","""C:\Program Files\Blackmagic Design\DaVinci Resolve\Electron\electron.exe"" --type=utility --utility-sub-type=network.mojom.NetworkService --lang=zh-CN --service-sandbox-type=none --user-data-dir=""C:\Users\Administrator\AppData\Roaming\Clackly Workflow Plugin"" --field-trial-handle=2052,i,17858273355827520593,590696389608239788,262144 --enable-features=PdfUseShowSaveFilePicker --disable-features=SpareRendererForSitePerProcess,WinDelaySpellcheckServiceInit --variations-seed-version --mojo-platform-channel-handle=2236 /prefetch:11","localhost","99f15ef7-fe19-4e17-8c80-c61a9e7c46b9","False","3230be72-5d6a-412f-8b51-2cd6efd1140b"
"2026-08-06T10:50:40.2221820+08:00","205.79","14232","13664","Resolve.exe","2026/8/6 10:48:52","45.062","2619.1","""C:\Program Files\Blackmagic Design\DaVinci Resolve\Resolve.exe"" ","localhost","99f15ef7-fe19-4e17-8c80-c61a9e7c46b9","False","3230be72-5d6a-412f-8b51-2cd6efd1140b"
"2026-08-06T10:50:40.2221820+08:00","205.79","39384","14232","electron.exe","2026/8/6 10:49:07","0.234","76","""C:/Program Files/Blackmagic Design/DaVinci Resolve\Electron\electron.exe"" ""C:\ProgramData\Blackmagic Design\DaVinci Resolve\Support\Workflow Integration Plugins\com.wutpeach.clackly\workflow-plugin/main.js"" --plugin-id=com.wutpeach.clackly","localhost","99f15ef7-fe19-4e17-8c80-c61a9e7c46b9","False","3230be72-5d6a-412f-8b51-2cd6efd1140b"
"2026-08-06T10:50:40.2221820+08:00","205.79","11768","39384","electron.exe","2026/8/6 10:49:07","0.234","75.4","""C:\Program Files\Blackmagic Design\DaVinci Resolve\Electron\electron.exe"" --type=gpu-process --user-data-dir=""C:\Users\Administrator\AppData\Roaming\Clackly Workflow Plugin"" --gpu-preferences=UAAAAAAAAADgAAAEAAAAAAAAAAAAAAAAAABgAAEAAAAAAAAAAAAAAAAAAAACAAAAAAAAAAAAAAAAAAAAAAAAABAAAAAAAAAAEAAAAAAAAAAIAAAAAAAAAAgAAAAAAAAA --field-trial-handle=2052,i,17858273355827520593,590696389608239788,262144 --enable-features=PdfUseShowSaveFilePicker --disable-features=SpareRendererForSitePerProcess,WinDelaySpellcheckServiceInit --variations-seed-version --mojo-platform-channel-handle=2044 /prefetch:2","localhost","99f15ef7-fe19-4e17-8c80-c61a9e7c46b9","False","3230be72-5d6a-412f-8b51-2cd6efd1140b"
"2026-08-06T10:50:40.2221820+08:00","205.79","39788","39384","electron.exe","2026/8/6 10:49:07","0.047","46.9","""C:\Program Files\Blackmagic Design\DaVinci Resolve\Electron\electron.exe"" --type=utility --utility-sub-type=network.mojom.NetworkService --lang=zh-CN --service-sandbox-type=none --user-data-dir=""C:\Users\Administrator\AppData\Roaming\Clackly Workflow Plugin"" --field-trial-handle=2052,i,17858273355827520593,590696389608239788,262144 --enable-features=PdfUseShowSaveFilePicker --disable-features=SpareRendererForSitePerProcess,WinDelaySpellcheckServiceInit --variations-seed-version --mojo-platform-channel-handle=2236 /prefetch:11","localhost","99f15ef7-fe19-4e17-8c80-c61a9e7c46b9","False","3230be72-5d6a-412f-8b51-2cd6efd1140b"
"2026-08-06T10:50:42.2349888+08:00","244.381","14232","13664","Resolve.exe","2026/8/6 10:48:52","45.266","2619.1","""C:\Program Files\Blackmagic Design\DaVinci Resolve\Resolve.exe"" ","localhost","99f15ef7-fe19-4e17-8c80-c61a9e7c46b9","False","3230be72-5d6a-412f-8b51-2cd6efd1140b"
"2026-08-06T10:50:42.2349888+08:00","244.381","39384","14232","electron.exe","2026/8/6 10:49:07","0.234","76","""C:/Program Files/Blackmagic Design/DaVinci Resolve\Electron\electron.exe"" ""C:\ProgramData\Blackmagic Design\DaVinci Resolve\Support\Workflow Integration Plugins\com.wutpeach.clackly\workflow-plugin/main.js"" --plugin-id=com.wutpeach.clackly","localhost","99f15ef7-fe19-4e17-8c80-c61a9e7c46b9","False","3230be72-5d6a-412f-8b51-2cd6efd1140b"
"2026-08-06T10:50:42.2349888+08:00","244.381","11768","39384","electron.exe","2026/8/6 10:49:07","0.234","75.4","""C:\Program Files\Blackmagic Design\DaVinci Resolve\Electron\electron.exe"" --type=gpu-process --user-data-dir=""C:\Users\Administrator\AppData\Roaming\Clackly Workflow Plugin"" --gpu-preferences=UAAAAAAAAADgAAAEAAAAAAAAAAAAAAAAAABgAAEAAAAAAAAAAAAAAAAAAAACAAAAAAAAAAAAAAAAAAAAAAAAABAAAAAAAAAAEAAAAAAAAAAIAAAAAAAAAAgAAAAAAAAA --field-trial-handle=2052,i,17858273355827520593,590696389608239788,262144 --enable-features=PdfUseShowSaveFilePicker --disable-features=SpareRendererForSitePerProcess,WinDelaySpellcheckServiceInit --variations-seed-version --mojo-platform-channel-handle=2044 /prefetch:2","localhost","99f15ef7-fe19-4e17-8c80-c61a9e7c46b9","False","3230be72-5d6a-412f-8b51-2cd6efd1140b"
"2026-08-06T10:50:42.2349888+08:00","244.381","39788","39384","electron.exe","2026/8/6 10:49:07","0.047","46.9","""C:\Program Files\Blackmagic Design\DaVinci Resolve\Electron\electron.exe"" --type=utility --utility-sub-type=network.mojom.NetworkService --lang=zh-CN --service-sandbox-type=none --user-data-dir=""C:\Users\Administrator\AppData\Roaming\Clackly Workflow Plugin"" --field-trial-handle=2052,i,17858273355827520593,590696389608239788,262144 --enable-features=PdfUseShowSaveFilePicker --disable-features=SpareRendererForSitePerProcess,WinDelaySpellcheckServiceInit --variations-seed-version --mojo-platform-channel-handle=2236 /prefetch:11","localhost","99f15ef7-fe19-4e17-8c80-c61a9e7c46b9","False","3230be72-5d6a-412f-8b51-2cd6efd1140b"
"2026-08-06T10:50:44.2460917+08:00","269.295","14232","13664","Resolve.exe","2026/8/6 10:48:52","45.359","2619.1","""C:\Program Files\Blackmagic Design\DaVinci Resolve\Resolve.exe"" ","localhost","99f15ef7-fe19-4e17-8c80-c61a9e7c46b9","False","3230be72-5d6a-412f-8b51-2cd6efd1140b"
"2026-08-06T10:50:44.2460917+08:00","269.295","39384","14232","electron.exe","2026/8/6 10:49:07","0.234","76","""C:/Program Files/Blackmagic Design/DaVinci Resolve\Electron\electron.exe"" ""C:\ProgramData\Blackmagic Design\DaVinci Resolve\Support\Workflow Integration Plugins\com.wutpeach.clackly\workflow-plugin/main.js"" --plugin-id=com.wutpeach.clackly","localhost","99f15ef7-fe19-4e17-8c80-c61a9e7c46b9","False","3230be72-5d6a-412f-8b51-2cd6efd1140b"
"2026-08-06T10:50:44.2460917+08:00","269.295","11768","39384","electron.exe","2026/8/6 10:49:07","0.234","75.4","""C:\Program Files\Blackmagic Design\DaVinci Resolve\Electron\electron.exe"" --type=gpu-process --user-data-dir=""C:\Users\Administrator\AppData\Roaming\Clackly Workflow Plugin"" --gpu-preferences=UAAAAAAAAADgAAAEAAAAAAAAAAAAAAAAAABgAAEAAAAAAAAAAAAAAAAAAAACAAAAAAAAAAAAAAAAAAAAAAAAABAAAAAAAAAAEAAAAAAAAAAIAAAAAAAAAAgAAAAAAAAA --field-trial-handle=2052,i,17858273355827520593,590696389608239788,262144 --enable-features=PdfUseShowSaveFilePicker --disable-features=SpareRendererForSitePerProcess,WinDelaySpellcheckServiceInit --variations-seed-version --mojo-platform-channel-handle=2044 /prefetch:2","localhost","99f15ef7-fe19-4e17-8c80-c61a9e7c46b9","False","3230be72-5d6a-412f-8b51-2cd6efd1140b"
"2026-08-06T10:50:44.2460917+08:00","269.295","39788","39384","electron.exe","2026/8/6 10:49:07","0.047","46.9","""C:\Program Files\Blackmagic Design\DaVinci Resolve\Electron\electron.exe"" --type=utility --utility-sub-type=network.mojom.NetworkService --lang=zh-CN --service-sandbox-type=none --user-data-dir=""C:\Users\Administrator\AppData\Roaming\Clackly Workflow Plugin"" --field-trial-handle=2052,i,17858273355827520593,590696389608239788,262144 --enable-features=PdfUseShowSaveFilePicker --disable-features=SpareRendererForSitePerProcess,WinDelaySpellcheckServiceInit --variations-seed-version --mojo-platform-channel-handle=2236 /prefetch:11","localhost","99f15ef7-fe19-4e17-8c80-c61a9e7c46b9","False","3230be72-5d6a-412f-8b51-2cd6efd1140b"
"2026-08-06T10:50:46.2601793+08:00","217.441","14232","13664","Resolve.exe","2026/8/6 10:48:52","45.562","2619.1","""C:\Program Files\Blackmagic Design\DaVinci Resolve\Resolve.exe"" ","localhost","99f15ef7-fe19-4e17-8c80-c61a9e7c46b9","False","3230be72-5d6a-412f-8b51-2cd6efd1140b"
"2026-08-06T10:50:46.2601793+08:00","217.441","39384","14232","electron.exe","2026/8/6 10:49:07","0.234","76","""C:/Program Files/Blackmagic Design/DaVinci Resolve\Electron\electron.exe"" ""C:\ProgramData\Blackmagic Design\DaVinci Resolve\Support\Workflow Integration Plugins\com.wutpeach.clackly\workflow-plugin/main.js"" --plugin-id=com.wutpeach.clackly","localhost","99f15ef7-fe19-4e17-8c80-c61a9e7c46b9","False","3230be72-5d6a-412f-8b51-2cd6efd1140b"
"2026-08-06T10:50:46.2601793+08:00","217.441","11768","39384","electron.exe","2026/8/6 10:49:07","0.234","75.4","""C:\Program Files\Blackmagic Design\DaVinci Resolve\Electron\electron.exe"" --type=gpu-process --user-data-dir=""C:\Users\Administrator\AppData\Roaming\Clackly Workflow Plugin"" --gpu-preferences=UAAAAAAAAADgAAAEAAAAAAAAAAAAAAAAAABgAAEAAAAAAAAAAAAAAAAAAAACAAAAAAAAAAAAAAAAAAAAAAAAABAAAAAAAAAAEAAAAAAAAAAIAAAAAAAAAAgAAAAAAAAA --field-trial-handle=2052,i,17858273355827520593,590696389608239788,262144 --enable-features=PdfUseShowSaveFilePicker --disable-features=SpareRendererForSitePerProcess,WinDelaySpellcheckServiceInit --variations-seed-version --mojo-platform-channel-handle=2044 /prefetch:2","localhost","99f15ef7-fe19-4e17-8c80-c61a9e7c46b9","False","3230be72-5d6a-412f-8b51-2cd6efd1140b"
"2026-08-06T10:50:46.2601793+08:00","217.441","39788","39384","electron.exe","2026/8/6 10:49:07","0.047","46.9","""C:\Program Files\Blackmagic Design\DaVinci Resolve\Electron\electron.exe"" --type=utility --utility-sub-type=network.mojom.NetworkService --lang=zh-CN --service-sandbox-type=none --user-data-dir=""C:\Users\Administrator\AppData\Roaming\Clackly Workflow Plugin"" --field-trial-handle=2052,i,17858273355827520593,590696389608239788,262144 --enable-features=PdfUseShowSaveFilePicker --disable-features=SpareRendererForSitePerProcess,WinDelaySpellcheckServiceInit --variations-seed-version --mojo-platform-channel-handle=2236 /prefetch:11","localhost","99f15ef7-fe19-4e17-8c80-c61a9e7c46b9","False","3230be72-5d6a-412f-8b51-2cd6efd1140b"
"2026-08-06T10:50:48.2712169+08:00","220.732","14232","13664","Resolve.exe","2026/8/6 10:48:52","45.734","2619.1","""C:\Program Files\Blackmagic Design\DaVinci Resolve\Resolve.exe"" ","localhost","99f15ef7-fe19-4e17-8c80-c61a9e7c46b9","False","3230be72-5d6a-412f-8b51-2cd6efd1140b"
"2026-08-06T10:50:48.2712169+08:00","220.732","39384","14232","electron.exe","2026/8/6 10:49:07","0.234","76","""C:/Program Files/Blackmagic Design/DaVinci Resolve\Electron\electron.exe"" ""C:\ProgramData\Blackmagic Design\DaVinci Resolve\Support\Workflow Integration Plugins\com.wutpeach.clackly\workflow-plugin/main.js"" --plugin-id=com.wutpeach.clackly","localhost","99f15ef7-fe19-4e17-8c80-c61a9e7c46b9","False","3230be72-5d6a-412f-8b51-2cd6efd1140b"
"2026-08-06T10:50:48.2712169+08:00","220.732","11768","39384","electron.exe","2026/8/6 10:49:07","0.234","75.4","""C:\Program Files\Blackmagic Design\DaVinci Resolve\Electron\electron.exe"" --type=gpu-process --user-data-dir=""C:\Users\Administrator\AppData\Roaming\Clackly Workflow Plugin"" --gpu-preferences=UAAAAAAAAADgAAAEAAAAAAAAAAAAAAAAAABgAAEAAAAAAAAAAAAAAAAAAAACAAAAAAAAAAAAAAAAAAAAAAAAABAAAAAAAAAAEAAAAAAAAAAIAAAAAAAAAAgAAAAAAAAA --field-trial-handle=2052,i,17858273355827520593,590696389608239788,262144 --enable-features=PdfUseShowSaveFilePicker --disable-features=SpareRendererForSitePerProcess,WinDelaySpellcheckServiceInit --variations-seed-version --mojo-platform-channel-handle=2044 /prefetch:2","localhost","99f15ef7-fe19-4e17-8c80-c61a9e7c46b9","False","3230be72-5d6a-412f-8b51-2cd6efd1140b"
"2026-08-06T10:50:48.2712169+08:00","221.732","39788","39384","electron.exe","2026/8/6 10:49:07","0.047","46.9","""C:\Program Files\Blackmagic Design\DaVinci Resolve\Electron\electron.exe"" --type=utility --utility-sub-type=network.mojom.NetworkService --lang=zh-CN --service-sandbox-type=none --user-data-dir=""C:\Users\Administrator\AppData\Roaming\Clackly Workflow Plugin"" --field-trial-handle=2052,i,17858273355827520593,590696389608239788,262144 --enable-features=PdfUseShowSaveFilePicker --disable-features=SpareRendererForSitePerProcess,WinDelaySpellcheckServiceInit --variations-seed-version --mojo-platform-channel-handle=2236 /prefetch:11","localhost","99f15ef7-fe19-4e17-8c80-c61a9e7c46b9","False","3230be72-5d6a-412f-8b51-2cd6efd1140b"
"2026-08-06T10:50:50.2838808+08:00","205.108","14232","13664","Resolve.exe","2026/8/6 10:48:52","45.781","2619.1","""C:\Program Files\Blackmagic Design\DaVinci Resolve\Resolve.exe"" ","localhost","99f15ef7-fe19-4e17-8c80-c61a9e7c46b9","False","3230be72-5d6a-412f-8b51-2cd6efd1140b"
"2026-08-06T10:50:50.2838808+08:00","206.108","39384","14232","electron.exe","2026/8/6 10:49:07","0.234","76","""C:/Program Files/Blackmagic Design/DaVinci Resolve\Electron\electron.exe"" ""C:\ProgramData\Blackmagic Design\DaVinci Resolve\Support\Workflow Integration Plugins\com.wutpeach.clackly\workflow-plugin/main.js"" --plugin-id=com.wutpeach.clackly","localhost","99f15ef7-fe19-4e17-8c80-c61a9e7c46b9","False","3230be72-5d6a-412f-8b51-2cd6efd1140b"
"2026-08-06T10:50:50.2838808+08:00","206.108","11768","39384","electron.exe","2026/8/6 10:49:07","0.234","75.4","""C:\Program Files\Blackmagic Design\DaVinci Resolve\Electron\electron.exe"" --type=gpu-process --user-data-dir=""C:\Users\Administrator\AppData\Roaming\Clackly Workflow Plugin"" --gpu-preferences=UAAAAAAAAADgAAAEAAAAAAAAAAAAAAAAAABgAAEAAAAAAAAAAAAAAAAAAAACAAAAAAAAAAAAAAAAAAAAAAAAABAAAAAAAAAAEAAAAAAAAAAIAAAAAAAAAAgAAAAAAAAA --field-trial-handle=2052,i,17858273355827520593,590696389608239788,262144 --enable-features=PdfUseShowSaveFilePicker --disable-features=SpareRendererForSitePerProcess,WinDelaySpellcheckServiceInit --variations-seed-version --mojo-platform-channel-handle=2044 /prefetch:2","localhost","99f15ef7-fe19-4e17-8c80-c61a9e7c46b9","False","3230be72-5d6a-412f-8b51-2cd6efd1140b"
"2026-08-06T10:50:50.2838808+08:00","206.108","39788","39384","electron.exe","2026/8/6 10:49:07","0.047","46.9","""C:\Program Files\Blackmagic Design\DaVinci Resolve\Electron\electron.exe"" --type=utility --utility-sub-type=network.mojom.NetworkService --lang=zh-CN --service-sandbox-type=none --user-data-dir=""C:\Users\Administrator\AppData\Roaming\Clackly Workflow Plugin"" --field-trial-handle=2052,i,17858273355827520593,590696389608239788,262144 --enable-features=PdfUseShowSaveFilePicker --disable-features=SpareRendererForSitePerProcess,WinDelaySpellcheckServiceInit --variations-seed-version --mojo-platform-channel-handle=2236 /prefetch:11","localhost","99f15ef7-fe19-4e17-8c80-c61a9e7c46b9","False","3230be72-5d6a-412f-8b51-2cd6efd1140b"
"2026-08-06T10:50:52.2989201+08:00","185.269","14232","13664","Resolve.exe","2026/8/6 10:48:52","45.844","2619.1","""C:\Program Files\Blackmagic Design\DaVinci Resolve\Resolve.exe"" ","localhost","99f15ef7-fe19-4e17-8c80-c61a9e7c46b9","False","3230be72-5d6a-412f-8b51-2cd6efd1140b"
"2026-08-06T10:50:52.2989201+08:00","185.269","39384","14232","electron.exe","2026/8/6 10:49:07","0.234","76","""C:/Program Files/Blackmagic Design/DaVinci Resolve\Electron\electron.exe"" ""C:\ProgramData\Blackmagic Design\DaVinci Resolve\Support\Workflow Integration Plugins\com.wutpeach.clackly\workflow-plugin/main.js"" --plugin-id=com.wutpeach.clackly","localhost","99f15ef7-fe19-4e17-8c80-c61a9e7c46b9","False","3230be72-5d6a-412f-8b51-2cd6efd1140b"
"2026-08-06T10:50:52.2989201+08:00","185.269","11768","39384","electron.exe","2026/8/6 10:49:07","0.234","75.4","""C:\Program Files\Blackmagic Design\DaVinci Resolve\Electron\electron.exe"" --type=gpu-process --user-data-dir=""C:\Users\Administrator\AppData\Roaming\Clackly Workflow Plugin"" --gpu-preferences=UAAAAAAAAADgAAAEAAAAAAAAAAAAAAAAAABgAAEAAAAAAAAAAAAAAAAAAAACAAAAAAAAAAAAAAAAAAAAAAAAABAAAAAAAAAAEAAAAAAAAAAIAAAAAAAAAAgAAAAAAAAA --field-trial-handle=2052,i,17858273355827520593,590696389608239788,262144 --enable-features=PdfUseShowSaveFilePicker --disable-features=SpareRendererForSitePerProcess,WinDelaySpellcheckServiceInit --variations-seed-version --mojo-platform-channel-handle=2044 /prefetch:2","localhost","99f15ef7-fe19-4e17-8c80-c61a9e7c46b9","False","3230be72-5d6a-412f-8b51-2cd6efd1140b"
"2026-08-06T10:50:52.2989201+08:00","185.269","39788","39384","electron.exe","2026/8/6 10:49:07","0.047","46.9","""C:\Program Files\Blackmagic Design\DaVinci Resolve\Electron\electron.exe"" --type=utility --utility-sub-type=network.mojom.NetworkService --lang=zh-CN --service-sandbox-type=none --user-data-dir=""C:\Users\Administrator\AppData\Roaming\Clackly Workflow Plugin"" --field-trial-handle=2052,i,17858273355827520593,590696389608239788,262144 --enable-features=PdfUseShowSaveFilePicker --disable-features=SpareRendererForSitePerProcess,WinDelaySpellcheckServiceInit --variations-seed-version --mojo-platform-channel-handle=2236 /prefetch:11","localhost","99f15ef7-fe19-4e17-8c80-c61a9e7c46b9","False","3230be72-5d6a-412f-8b51-2cd6efd1140b"
"2026-08-06T10:50:54.3120536+08:00","205.09","14232","13664","Resolve.exe","2026/8/6 10:48:52","45.875","2619.1","""C:\Program Files\Blackmagic Design\DaVinci Resolve\Resolve.exe"" ","localhost","99f15ef7-fe19-4e17-8c80-c61a9e7c46b9","False","3230be72-5d6a-412f-8b51-2cd6efd1140b"
"2026-08-06T10:50:54.3120536+08:00","205.09","39384","14232","electron.exe","2026/8/6 10:49:07","0.234","76","""C:/Program Files/Blackmagic Design/DaVinci Resolve\Electron\electron.exe"" ""C:\ProgramData\Blackmagic Design\DaVinci Resolve\Support\Workflow Integration Plugins\com.wutpeach.clackly\workflow-plugin/main.js"" --plugin-id=com.wutpeach.clackly","localhost","99f15ef7-fe19-4e17-8c80-c61a9e7c46b9","False","3230be72-5d6a-412f-8b51-2cd6efd1140b"
"2026-08-06T10:50:54.3120536+08:00","205.09","11768","39384","electron.exe","2026/8/6 10:49:07","0.234","75.4","""C:\Program Files\Blackmagic Design\DaVinci Resolve\Electron\electron.exe"" --type=gpu-process --user-data-dir=""C:\Users\Administrator\AppData\Roaming\Clackly Workflow Plugin"" --gpu-preferences=UAAAAAAAAADgAAAEAAAAAAAAAAAAAAAAAABgAAEAAAAAAAAAAAAAAAAAAAACAAAAAAAAAAAAAAAAAAAAAAAAABAAAAAAAAAAEAAAAAAAAAAIAAAAAAAAAAgAAAAAAAAA --field-trial-handle=2052,i,17858273355827520593,590696389608239788,262144 --enable-features=PdfUseShowSaveFilePicker --disable-features=SpareRendererForSitePerProcess,WinDelaySpellcheckServiceInit --variations-seed-version --mojo-platform-channel-handle=2044 /prefetch:2","localhost","99f15ef7-fe19-4e17-8c80-c61a9e7c46b9","False","3230be72-5d6a-412f-8b51-2cd6efd1140b"
"2026-08-06T10:50:54.3120536+08:00","205.09","39788","39384","electron.exe","2026/8/6 10:49:07","0.047","46.9","""C:\Program Files\Blackmagic Design\DaVinci Resolve\Electron\electron.exe"" --type=utility --utility-sub-type=network.mojom.NetworkService --lang=zh-CN --service-sandbox-type=none --user-data-dir=""C:\Users\Administrator\AppData\Roaming\Clackly Workflow Plugin"" --field-trial-handle=2052,i,17858273355827520593,590696389608239788,262144 --enable-features=PdfUseShowSaveFilePicker --disable-features=SpareRendererForSitePerProcess,WinDelaySpellcheckServiceInit --variations-seed-version --mojo-platform-channel-handle=2236 /prefetch:11","localhost","99f15ef7-fe19-4e17-8c80-c61a9e7c46b9","False","3230be72-5d6a-412f-8b51-2cd6efd1140b"
"2026-08-06T10:50:56.3190097+08:00","202.86","14232","13664","Resolve.exe","2026/8/6 10:48:52","45.969","2619.1","""C:\Program Files\Blackmagic Design\DaVinci Resolve\Resolve.exe"" ","localhost","99f15ef7-fe19-4e17-8c80-c61a9e7c46b9","False","3230be72-5d6a-412f-8b51-2cd6efd1140b"
"2026-08-06T10:50:56.3190097+08:00","202.86","39384","14232","electron.exe","2026/8/6 10:49:07","0.234","76","""C:/Program Files/Blackmagic Design/DaVinci Resolve\Electron\electron.exe"" ""C:\ProgramData\Blackmagic Design\DaVinci Resolve\Support\Workflow Integration Plugins\com.wutpeach.clackly\workflow-plugin/main.js"" --plugin-id=com.wutpeach.clackly","localhost","99f15ef7-fe19-4e17-8c80-c61a9e7c46b9","False","3230be72-5d6a-412f-8b51-2cd6efd1140b"
"2026-08-06T10:50:56.3190097+08:00","202.86","11768","39384","electron.exe","2026/8/6 10:49:07","0.25","75.4","""C:\Program Files\Blackmagic Design\DaVinci Resolve\Electron\electron.exe"" --type=gpu-process --user-data-dir=""C:\Users\Administrator\AppData\Roaming\Clackly Workflow Plugin"" --gpu-preferences=UAAAAAAAAADgAAAEAAAAAAAAAAAAAAAAAABgAAEAAAAAAAAAAAAAAAAAAAACAAAAAAAAAAAAAAAAAAAAAAAAABAAAAAAAAAAEAAAAAAAAAAIAAAAAAAAAAgAAAAAAAAA --field-trial-handle=2052,i,17858273355827520593,590696389608239788,262144 --enable-features=PdfUseShowSaveFilePicker --disable-features=SpareRendererForSitePerProcess,WinDelaySpellcheckServiceInit --variations-seed-version --mojo-platform-channel-handle=2044 /prefetch:2","localhost","99f15ef7-fe19-4e17-8c80-c61a9e7c46b9","False","3230be72-5d6a-412f-8b51-2cd6efd1140b"
"2026-08-06T10:50:56.3190097+08:00","202.86","39788","39384","electron.exe","2026/8/6 10:49:07","0.047","46.9","""C:\Program Files\Blackmagic Design\DaVinci Resolve\Electron\electron.exe"" --type=utility --utility-sub-type=network.mojom.NetworkService --lang=zh-CN --service-sandbox-type=none --user-data-dir=""C:\Users\Administrator\AppData\Roaming\Clackly Workflow Plugin"" --field-trial-handle=2052,i,17858273355827520593,590696389608239788,262144 --enable-features=PdfUseShowSaveFilePicker --disable-features=SpareRendererForSitePerProcess,WinDelaySpellcheckServiceInit --variations-seed-version --mojo-platform-channel-handle=2236 /prefetch:11","localhost","99f15ef7-fe19-4e17-8c80-c61a9e7c46b9","False","3230be72-5d6a-412f-8b51-2cd6efd1140b"
"2026-08-06T10:50:58.3197650+08:00","231.504","14232","13664","Resolve.exe","2026/8/6 10:48:52","45.984","2619.1","""C:\Program Files\Blackmagic Design\DaVinci Resolve\Resolve.exe"" ","localhost","99f15ef7-fe19-4e17-8c80-c61a9e7c46b9","False","3230be72-5d6a-412f-8b51-2cd6efd1140b"
"2026-08-06T10:50:58.3197650+08:00","231.504","39384","14232","electron.exe","2026/8/6 10:49:07","0.234","76","""C:/Program Files/Blackmagic Design/DaVinci Resolve\Electron\electron.exe"" ""C:\ProgramData\Blackmagic Design\DaVinci Resolve\Support\Workflow Integration Plugins\com.wutpeach.clackly\workflow-plugin/main.js"" --plugin-id=com.wutpeach.clackly","localhost","99f15ef7-fe19-4e17-8c80-c61a9e7c46b9","False","3230be72-5d6a-412f-8b51-2cd6efd1140b"
"2026-08-06T10:50:58.3197650+08:00","231.504","11768","39384","electron.exe","2026/8/6 10:49:07","0.25","75.4","""C:\Program Files\Blackmagic Design\DaVinci Resolve\Electron\electron.exe"" --type=gpu-process --user-data-dir=""C:\Users\Administrator\AppData\Roaming\Clackly Workflow Plugin"" --gpu-preferences=UAAAAAAAAADgAAAEAAAAAAAAAAAAAAAAAABgAAEAAAAAAAAAAAAAAAAAAAACAAAAAAAAAAAAAAAAAAAAAAAAABAAAAAAAAAAEAAAAAAAAAAIAAAAAAAAAAgAAAAAAAAA --field-trial-handle=2052,i,17858273355827520593,590696389608239788,262144 --enable-features=PdfUseShowSaveFilePicker --disable-features=SpareRendererForSitePerProcess,WinDelaySpellcheckServiceInit --variations-seed-version --mojo-platform-channel-handle=2044 /prefetch:2","localhost","99f15ef7-fe19-4e17-8c80-c61a9e7c46b9","False","3230be72-5d6a-412f-8b51-2cd6efd1140b"
"2026-08-06T10:50:58.3197650+08:00","231.504","39788","39384","electron.exe","2026/8/6 10:49:07","0.047","46.9","""C:\Program Files\Blackmagic Design\DaVinci Resolve\Electron\electron.exe"" --type=utility --utility-sub-type=network.mojom.NetworkService --lang=zh-CN --service-sandbox-type=none --user-data-dir=""C:\Users\Administrator\AppData\Roaming\Clackly Workflow Plugin"" --field-trial-handle=2052,i,17858273355827520593,590696389608239788,262144 --enable-features=PdfUseShowSaveFilePicker --disable-features=SpareRendererForSitePerProcess,WinDelaySpellcheckServiceInit --variations-seed-version --mojo-platform-channel-handle=2236 /prefetch:11","localhost","99f15ef7-fe19-4e17-8c80-c61a9e7c46b9","False","3230be72-5d6a-412f-8b51-2cd6efd1140b"
"2026-08-06T10:51:00.3267718+08:00","254.615","14232","13664","Resolve.exe","2026/8/6 10:48:52","46.109","2619","""C:\Program Files\Blackmagic Design\DaVinci Resolve\Resolve.exe"" ","localhost","99f15ef7-fe19-4e17-8c80-c61a9e7c46b9","False","3230be72-5d6a-412f-8b51-2cd6efd1140b"
"2026-08-06T10:51:00.3267718+08:00","254.615","39384","14232","electron.exe","2026/8/6 10:49:07","0.234","76","""C:/Program Files/Blackmagic Design/DaVinci Resolve\Electron\electron.exe"" ""C:\ProgramData\Blackmagic Design\DaVinci Resolve\Support\Workflow Integration Plugins\com.wutpeach.clackly\workflow-plugin/main.js"" --plugin-id=com.wutpeach.clackly","localhost","99f15ef7-fe19-4e17-8c80-c61a9e7c46b9","False","3230be72-5d6a-412f-8b51-2cd6efd1140b"
"2026-08-06T10:51:00.3267718+08:00","254.615","11768","39384","electron.exe","2026/8/6 10:49:07","0.25","75.4","""C:\Program Files\Blackmagic Design\DaVinci Resolve\Electron\electron.exe"" --type=gpu-process --user-data-dir=""C:\Users\Administrator\AppData\Roaming\Clackly Workflow Plugin"" --gpu-preferences=UAAAAAAAAADgAAAEAAAAAAAAAAAAAAAAAABgAAEAAAAAAAAAAAAAAAAAAAACAAAAAAAAAAAAAAAAAAAAAAAAABAAAAAAAAAAEAAAAAAAAAAIAAAAAAAAAAgAAAAAAAAA --field-trial-handle=2052,i,17858273355827520593,590696389608239788,262144 --enable-features=PdfUseShowSaveFilePicker --disable-features=SpareRendererForSitePerProcess,WinDelaySpellcheckServiceInit --variations-seed-version --mojo-platform-channel-handle=2044 /prefetch:2","localhost","99f15ef7-fe19-4e17-8c80-c61a9e7c46b9","False","3230be72-5d6a-412f-8b51-2cd6efd1140b"
"2026-08-06T10:51:00.3267718+08:00","254.615","39788","39384","electron.exe","2026/8/6 10:49:07","0.047","46.9","""C:\Program Files\Blackmagic Design\DaVinci Resolve\Electron\electron.exe"" --type=utility --utility-sub-type=network.mojom.NetworkService --lang=zh-CN --service-sandbox-type=none --user-data-dir=""C:\Users\Administrator\AppData\Roaming\Clackly Workflow Plugin"" --field-trial-handle=2052,i,17858273355827520593,590696389608239788,262144 --enable-features=PdfUseShowSaveFilePicker --disable-features=SpareRendererForSitePerProcess,WinDelaySpellcheckServiceInit --variations-seed-version --mojo-platform-channel-handle=2236 /prefetch:11","localhost","99f15ef7-fe19-4e17-8c80-c61a9e7c46b9","False","3230be72-5d6a-412f-8b51-2cd6efd1140b"
"2026-08-06T10:51:02.3393488+08:00","226.194","14232","13664","Resolve.exe","2026/8/6 10:48:52","46.234","2619","""C:\Program Files\Blackmagic Design\DaVinci Resolve\Resolve.exe"" ","localhost","99f15ef7-fe19-4e17-8c80-c61a9e7c46b9","False","3230be72-5d6a-412f-8b51-2cd6efd1140b"
"2026-08-06T10:51:02.3393488+08:00","226.194","39384","14232","electron.exe","2026/8/6 10:49:07","0.234","76","""C:/Program Files/Blackmagic Design/DaVinci Resolve\Electron\electron.exe"" ""C:\ProgramData\Blackmagic Design\DaVinci Resolve\Support\Workflow Integration Plugins\com.wutpeach.clackly\workflow-plugin/main.js"" --plugin-id=com.wutpeach.clackly","localhost","99f15ef7-fe19-4e17-8c80-c61a9e7c46b9","False","3230be72-5d6a-412f-8b51-2cd6efd1140b"
"2026-08-06T10:51:02.3393488+08:00","226.194","11768","39384","electron.exe","2026/8/6 10:49:07","0.266","75.4","""C:\Program Files\Blackmagic Design\DaVinci Resolve\Electron\electron.exe"" --type=gpu-process --user-data-dir=""C:\Users\Administrator\AppData\Roaming\Clackly Workflow Plugin"" --gpu-preferences=UAAAAAAAAADgAAAEAAAAAAAAAAAAAAAAAABgAAEAAAAAAAAAAAAAAAAAAAACAAAAAAAAAAAAAAAAAAAAAAAAABAAAAAAAAAAEAAAAAAAAAAIAAAAAAAAAAgAAAAAAAAA --field-trial-handle=2052,i,17858273355827520593,590696389608239788,262144 --enable-features=PdfUseShowSaveFilePicker --disable-features=SpareRendererForSitePerProcess,WinDelaySpellcheckServiceInit --variations-seed-version --mojo-platform-channel-handle=2044 /prefetch:2","localhost","99f15ef7-fe19-4e17-8c80-c61a9e7c46b9","False","3230be72-5d6a-412f-8b51-2cd6efd1140b"
"2026-08-06T10:51:02.3393488+08:00","226.194","39788","39384","electron.exe","2026/8/6 10:49:07","0.047","46.9","""C:\Program Files\Blackmagic Design\DaVinci Resolve\Electron\electron.exe"" --type=utility --utility-sub-type=network.mojom.NetworkService --lang=zh-CN --service-sandbox-type=none --user-data-dir=""C:\Users\Administrator\AppData\Roaming\Clackly Workflow Plugin"" --field-trial-handle=2052,i,17858273355827520593,590696389608239788,262144 --enable-features=PdfUseShowSaveFilePicker --disable-features=SpareRendererForSitePerProcess,WinDelaySpellcheckServiceInit --variations-seed-version --mojo-platform-channel-handle=2236 /prefetch:11","localhost","99f15ef7-fe19-4e17-8c80-c61a9e7c46b9","False","3230be72-5d6a-412f-8b51-2cd6efd1140b"
"2026-08-06T10:51:04.3502172+08:00","214.574","14232","13664","Resolve.exe","2026/8/6 10:48:52","46.484","2684.5","""C:\Program Files\Blackmagic Design\DaVinci Resolve\Resolve.exe"" ","localhost","99f15ef7-fe19-4e17-8c80-c61a9e7c46b9","False","3230be72-5d6a-412f-8b51-2cd6efd1140b"
"2026-08-06T10:51:04.3502172+08:00","215.574","39384","14232","electron.exe","2026/8/6 10:49:07","0.234","76","""C:/Program Files/Blackmagic Design/DaVinci Resolve\Electron\electron.exe"" ""C:\ProgramData\Blackmagic Design\DaVinci Resolve\Support\Workflow Integration Plugins\com.wutpeach.clackly\workflow-plugin/main.js"" --plugin-id=com.wutpeach.clackly","localhost","99f15ef7-fe19-4e17-8c80-c61a9e7c46b9","False","3230be72-5d6a-412f-8b51-2cd6efd1140b"
"2026-08-06T10:51:04.3502172+08:00","215.574","11768","39384","electron.exe","2026/8/6 10:49:07","0.266","75.4","""C:\Program Files\Blackmagic Design\DaVinci Resolve\Electron\electron.exe"" --type=gpu-process --user-data-dir=""C:\Users\Administrator\AppData\Roaming\Clackly Workflow Plugin"" --gpu-preferences=UAAAAAAAAADgAAAEAAAAAAAAAAAAAAAAAABgAAEAAAAAAAAAAAAAAAAAAAACAAAAAAAAAAAAAAAAAAAAAAAAABAAAAAAAAAAEAAAAAAAAAAIAAAAAAAAAAgAAAAAAAAA --field-trial-handle=2052,i,17858273355827520593,590696389608239788,262144 --enable-features=PdfUseShowSaveFilePicker --disable-features=SpareRendererForSitePerProcess,WinDelaySpellcheckServiceInit --variations-seed-version --mojo-platform-channel-handle=2044 /prefetch:2","localhost","99f15ef7-fe19-4e17-8c80-c61a9e7c46b9","False","3230be72-5d6a-412f-8b51-2cd6efd1140b"
"2026-08-06T10:51:04.3502172+08:00","215.574","39788","39384","electron.exe","2026/8/6 10:49:07","0.047","46.9","""C:\Program Files\Blackmagic Design\DaVinci Resolve\Electron\electron.exe"" --type=utility --utility-sub-type=network.mojom.NetworkService --lang=zh-CN --service-sandbox-type=none --user-data-dir=""C:\Users\Administrator\AppData\Roaming\Clackly Workflow Plugin"" --field-trial-handle=2052,i,17858273355827520593,590696389608239788,262144 --enable-features=PdfUseShowSaveFilePicker --disable-features=SpareRendererForSitePerProcess,WinDelaySpellcheckServiceInit --variations-seed-version --mojo-platform-channel-handle=2236 /prefetch:11","localhost","99f15ef7-fe19-4e17-8c80-c61a9e7c46b9","False","3230be72-5d6a-412f-8b51-2cd6efd1140b"
"2026-08-06T10:51:06.3596441+08:00","214.02","14232","13664","Resolve.exe","2026/8/6 10:48:52","46.672","2684.5","""C:\Program Files\Blackmagic Design\DaVinci Resolve\Resolve.exe"" ","localhost","99f15ef7-fe19-4e17-8c80-c61a9e7c46b9","False","3230be72-5d6a-412f-8b51-2cd6efd1140b"
"2026-08-06T10:51:06.3596441+08:00","214.02","39384","14232","electron.exe","2026/8/6 10:49:07","0.234","76","""C:/Program Files/Blackmagic Design/DaVinci Resolve\Electron\electron.exe"" ""C:\ProgramData\Blackmagic Design\DaVinci Resolve\Support\Workflow Integration Plugins\com.wutpeach.clackly\workflow-plugin/main.js"" --plugin-id=com.wutpeach.clackly","localhost","99f15ef7-fe19-4e17-8c80-c61a9e7c46b9","False","3230be72-5d6a-412f-8b51-2cd6efd1140b"
"2026-08-06T10:51:06.3596441+08:00","214.02","11768","39384","electron.exe","2026/8/6 10:49:07","0.266","75.4","""C:\Program Files\Blackmagic Design\DaVinci Resolve\Electron\electron.exe"" --type=gpu-process --user-data-dir=""C:\Users\Administrator\AppData\Roaming\Clackly Workflow Plugin"" --gpu-preferences=UAAAAAAAAADgAAAEAAAAAAAAAAAAAAAAAABgAAEAAAAAAAAAAAAAAAAAAAACAAAAAAAAAAAAAAAAAAAAAAAAABAAAAAAAAAAEAAAAAAAAAAIAAAAAAAAAAgAAAAAAAAA --field-trial-handle=2052,i,17858273355827520593,590696389608239788,262144 --enable-features=PdfUseShowSaveFilePicker --disable-features=SpareRendererForSitePerProcess,WinDelaySpellcheckServiceInit --variations-seed-version --mojo-platform-channel-handle=2044 /prefetch:2","localhost","99f15ef7-fe19-4e17-8c80-c61a9e7c46b9","False","3230be72-5d6a-412f-8b51-2cd6efd1140b"
"2026-08-06T10:51:06.3596441+08:00","214.02","39788","39384","electron.exe","2026/8/6 10:49:07","0.047","46.9","""C:\Program Files\Blackmagic Design\DaVinci Resolve\Electron\electron.exe"" --type=utility --utility-sub-type=network.mojom.NetworkService --lang=zh-CN --service-sandbox-type=none --user-data-dir=""C:\Users\Administrator\AppData\Roaming\Clackly Workflow Plugin"" --field-trial-handle=2052,i,17858273355827520593,590696389608239788,262144 --enable-features=PdfUseShowSaveFilePicker --disable-features=SpareRendererForSitePerProcess,WinDelaySpellcheckServiceInit --variations-seed-version --mojo-platform-channel-handle=2236 /prefetch:11","localhost","99f15ef7-fe19-4e17-8c80-c61a9e7c46b9","False","3230be72-5d6a-412f-8b51-2cd6efd1140b"
"2026-08-06T10:51:08.3597535+08:00","216.792","14232","13664","Resolve.exe","2026/8/6 10:48:52","46.75","2682.9","""C:\Program Files\Blackmagic Design\DaVinci Resolve\Resolve.exe"" ","localhost","99f15ef7-fe19-4e17-8c80-c61a9e7c46b9","False","3230be72-5d6a-412f-8b51-2cd6efd1140b"
"2026-08-06T10:51:08.3597535+08:00","216.792","39384","14232","electron.exe","2026/8/6 10:49:07","0.297","76.2","""C:/Program Files/Blackmagic Design/DaVinci Resolve\Electron\electron.exe"" ""C:\ProgramData\Blackmagic Design\DaVinci Resolve\Support\Workflow Integration Plugins\com.wutpeach.clackly\workflow-plugin/main.js"" --plugin-id=com.wutpeach.clackly","localhost","99f15ef7-fe19-4e17-8c80-c61a9e7c46b9","False","3230be72-5d6a-412f-8b51-2cd6efd1140b"
"2026-08-06T10:51:08.3597535+08:00","216.792","11768","39384","electron.exe","2026/8/6 10:49:07","0.266","75.6","""C:\Program Files\Blackmagic Design\DaVinci Resolve\Electron\electron.exe"" --type=gpu-process --user-data-dir=""C:\Users\Administrator\AppData\Roaming\Clackly Workflow Plugin"" --gpu-preferences=UAAAAAAAAADgAAAEAAAAAAAAAAAAAAAAAABgAAEAAAAAAAAAAAAAAAAAAAACAAAAAAAAAAAAAAAAAAAAAAAAABAAAAAAAAAAEAAAAAAAAAAIAAAAAAAAAAgAAAAAAAAA --field-trial-handle=2052,i,17858273355827520593,590696389608239788,262144 --enable-features=PdfUseShowSaveFilePicker --disable-features=SpareRendererForSitePerProcess,WinDelaySpellcheckServiceInit --variations-seed-version --mojo-platform-channel-handle=2044 /prefetch:2","localhost","99f15ef7-fe19-4e17-8c80-c61a9e7c46b9","False","3230be72-5d6a-412f-8b51-2cd6efd1140b"
"2026-08-06T10:51:08.3597535+08:00","216.792","39788","39384","electron.exe","2026/8/6 10:49:07","0.047","46.9","""C:\Program Files\Blackmagic Design\DaVinci Resolve\Electron\electron.exe"" --type=utility --utility-sub-type=network.mojom.NetworkService --lang=zh-CN --service-sandbox-type=none --user-data-dir=""C:\Users\Administrator\AppData\Roaming\Clackly Workflow Plugin"" --field-trial-handle=2052,i,17858273355827520593,590696389608239788,262144 --enable-features=PdfUseShowSaveFilePicker --disable-features=SpareRendererForSitePerProcess,WinDelaySpellcheckServiceInit --variations-seed-version --mojo-platform-channel-handle=2236 /prefetch:11","localhost","99f15ef7-fe19-4e17-8c80-c61a9e7c46b9","False","3230be72-5d6a-412f-8b51-2cd6efd1140b"
"2026-08-06T10:51:10.3697955+08:00","218.44","14232","13664","Resolve.exe","2026/8/6 10:48:52","46.859","2682.9","""C:\Program Files\Blackmagic Design\DaVinci Resolve\Resolve.exe"" ","localhost","99f15ef7-fe19-4e17-8c80-c61a9e7c46b9","False","3230be72-5d6a-412f-8b51-2cd6efd1140b"
"2026-08-06T10:51:10.3697955+08:00","218.44","39384","14232","electron.exe","2026/8/6 10:49:07","0.297","76.3","""C:/Program Files/Blackmagic Design/DaVinci Resolve\Electron\electron.exe"" ""C:\ProgramData\Blackmagic Design\DaVinci Resolve\Support\Workflow Integration Plugins\com.wutpeach.clackly\workflow-plugin/main.js"" --plugin-id=com.wutpeach.clackly","localhost","99f15ef7-fe19-4e17-8c80-c61a9e7c46b9","False","3230be72-5d6a-412f-8b51-2cd6efd1140b"
"2026-08-06T10:51:10.3697955+08:00","218.44","11768","39384","electron.exe","2026/8/6 10:49:07","0.266","75.6","""C:\Program Files\Blackmagic Design\DaVinci Resolve\Electron\electron.exe"" --type=gpu-process --user-data-dir=""C:\Users\Administrator\AppData\Roaming\Clackly Workflow Plugin"" --gpu-preferences=UAAAAAAAAADgAAAEAAAAAAAAAAAAAAAAAABgAAEAAAAAAAAAAAAAAAAAAAACAAAAAAAAAAAAAAAAAAAAAAAAABAAAAAAAAAAEAAAAAAAAAAIAAAAAAAAAAgAAAAAAAAA --field-trial-handle=2052,i,17858273355827520593,590696389608239788,262144 --enable-features=PdfUseShowSaveFilePicker --disable-features=SpareRendererForSitePerProcess,WinDelaySpellcheckServiceInit --variations-seed-version --mojo-platform-channel-handle=2044 /prefetch:2","localhost","99f15ef7-fe19-4e17-8c80-c61a9e7c46b9","False","3230be72-5d6a-412f-8b51-2cd6efd1140b"
"2026-08-06T10:51:10.3697955+08:00","218.44","39788","39384","electron.exe","2026/8/6 10:49:07","0.047","46.9","""C:\Program Files\Blackmagic Design\DaVinci Resolve\Electron\electron.exe"" --type=utility --utility-sub-type=network.mojom.NetworkService --lang=zh-CN --service-sandbox-type=none --user-data-dir=""C:\Users\Administrator\AppData\Roaming\Clackly Workflow Plugin"" --field-trial-handle=2052,i,17858273355827520593,590696389608239788,262144 --enable-features=PdfUseShowSaveFilePicker --disable-features=SpareRendererForSitePerProcess,WinDelaySpellcheckServiceInit --variations-seed-version --mojo-platform-channel-handle=2236 /prefetch:11","localhost","99f15ef7-fe19-4e17-8c80-c61a9e7c46b9","False","3230be72-5d6a-412f-8b51-2cd6efd1140b"
"2026-08-06T10:51:12.3824018+08:00","219.45","14232","13664","Resolve.exe","2026/8/6 10:48:52","46.984","2682.9","""C:\Program Files\Blackmagic Design\DaVinci Resolve\Resolve.exe"" ","localhost","99f15ef7-fe19-4e17-8c80-c61a9e7c46b9","False","3230be72-5d6a-412f-8b51-2cd6efd1140b"
"2026-08-06T10:51:12.3824018+08:00","219.45","39384","14232","electron.exe","2026/8/6 10:49:07","0.297","76.2","""C:/Program Files/Blackmagic Design/DaVinci Resolve\Electron\electron.exe"" ""C:\ProgramData\Blackmagic Design\DaVinci Resolve\Support\Workflow Integration Plugins\com.wutpeach.clackly\workflow-plugin/main.js"" --plugin-id=com.wutpeach.clackly","localhost","99f15ef7-fe19-4e17-8c80-c61a9e7c46b9","False","3230be72-5d6a-412f-8b51-2cd6efd1140b"
"2026-08-06T10:51:12.3824018+08:00","219.45","11768","39384","electron.exe","2026/8/6 10:49:07","0.266","75.6","""C:\Program Files\Blackmagic Design\DaVinci Resolve\Electron\electron.exe"" --type=gpu-process --user-data-dir=""C:\Users\Administrator\AppData\Roaming\Clackly Workflow Plugin"" --gpu-preferences=UAAAAAAAAADgAAAEAAAAAAAAAAAAAAAAAABgAAEAAAAAAAAAAAAAAAAAAAACAAAAAAAAAAAAAAAAAAAAAAAAABAAAAAAAAAAEAAAAAAAAAAIAAAAAAAAAAgAAAAAAAAA --field-trial-handle=2052,i,17858273355827520593,590696389608239788,262144 --enable-features=PdfUseShowSaveFilePicker --disable-features=SpareRendererForSitePerProcess,WinDelaySpellcheckServiceInit --variations-seed-version --mojo-platform-channel-handle=2044 /prefetch:2","localhost","99f15ef7-fe19-4e17-8c80-c61a9e7c46b9","False","3230be72-5d6a-412f-8b51-2cd6efd1140b"
"2026-08-06T10:51:12.3824018+08:00","219.45","39788","39384","electron.exe","2026/8/6 10:49:07","0.047","47","""C:\Program Files\Blackmagic Design\DaVinci Resolve\Electron\electron.exe"" --type=utility --utility-sub-type=network.mojom.NetworkService --lang=zh-CN --service-sandbox-type=none --user-data-dir=""C:\Users\Administrator\AppData\Roaming\Clackly Workflow Plugin"" --field-trial-handle=2052,i,17858273355827520593,590696389608239788,262144 --enable-features=PdfUseShowSaveFilePicker --disable-features=SpareRendererForSitePerProcess,WinDelaySpellcheckServiceInit --variations-seed-version --mojo-platform-channel-handle=2236 /prefetch:11","localhost","99f15ef7-fe19-4e17-8c80-c61a9e7c46b9","False","3230be72-5d6a-412f-8b51-2cd6efd1140b"
"2026-08-06T10:51:14.3911531+08:00","207.295","14232","13664","Resolve.exe","2026/8/6 10:48:52","47.062","2619","""C:\Program Files\Blackmagic Design\DaVinci Resolve\Resolve.exe"" ","localhost","99f15ef7-fe19-4e17-8c80-c61a9e7c46b9","False","3230be72-5d6a-412f-8b51-2cd6efd1140b"
"2026-08-06T10:51:14.3911531+08:00","208.294","39384","14232","electron.exe","2026/8/6 10:49:07","0.297","76.2","""C:/Program Files/Blackmagic Design/DaVinci Resolve\Electron\electron.exe"" ""C:\ProgramData\Blackmagic Design\DaVinci Resolve\Support\Workflow Integration Plugins\com.wutpeach.clackly\workflow-plugin/main.js"" --plugin-id=com.wutpeach.clackly","localhost","99f15ef7-fe19-4e17-8c80-c61a9e7c46b9","False","3230be72-5d6a-412f-8b51-2cd6efd1140b"
"2026-08-06T10:51:14.3911531+08:00","208.294","11768","39384","electron.exe","2026/8/6 10:49:07","0.266","75.6","""C:\Program Files\Blackmagic Design\DaVinci Resolve\Electron\electron.exe"" --type=gpu-process --user-data-dir=""C:\Users\Administrator\AppData\Roaming\Clackly Workflow Plugin"" --gpu-preferences=UAAAAAAAAADgAAAEAAAAAAAAAAAAAAAAAABgAAEAAAAAAAAAAAAAAAAAAAACAAAAAAAAAAAAAAAAAAAAAAAAABAAAAAAAAAAEAAAAAAAAAAIAAAAAAAAAAgAAAAAAAAA --field-trial-handle=2052,i,17858273355827520593,590696389608239788,262144 --enable-features=PdfUseShowSaveFilePicker --disable-features=SpareRendererForSitePerProcess,WinDelaySpellcheckServiceInit --variations-seed-version --mojo-platform-channel-handle=2044 /prefetch:2","localhost","99f15ef7-fe19-4e17-8c80-c61a9e7c46b9","False","3230be72-5d6a-412f-8b51-2cd6efd1140b"
"2026-08-06T10:51:14.3911531+08:00","208.294","39788","39384","electron.exe","2026/8/6 10:49:07","0.047","47","""C:\Program Files\Blackmagic Design\DaVinci Resolve\Electron\electron.exe"" --type=utility --utility-sub-type=network.mojom.NetworkService --lang=zh-CN --service-sandbox-type=none --user-data-dir=""C:\Users\Administrator\AppData\Roaming\Clackly Workflow Plugin"" --field-trial-handle=2052,i,17858273355827520593,590696389608239788,262144 --enable-features=PdfUseShowSaveFilePicker --disable-features=SpareRendererForSitePerProcess,WinDelaySpellcheckServiceInit --variations-seed-version --mojo-platform-channel-handle=2236 /prefetch:11","localhost","99f15ef7-fe19-4e17-8c80-c61a9e7c46b9","False","3230be72-5d6a-412f-8b51-2cd6efd1140b"
"2026-08-06T10:51:16.4020472+08:00","264.255","14232","13664","Resolve.exe","2026/8/6 10:48:52","47.203","2619","""C:\Program Files\Blackmagic Design\DaVinci Resolve\Resolve.exe"" ","localhost","99f15ef7-fe19-4e17-8c80-c61a9e7c46b9","False","3230be72-5d6a-412f-8b51-2cd6efd1140b"
"2026-08-06T10:51:16.4020472+08:00","265.255","39384","14232","electron.exe","2026/8/6 10:49:07","0.297","76.2","""C:/Program Files/Blackmagic Design/DaVinci Resolve\Electron\electron.exe"" ""C:\ProgramData\Blackmagic Design\DaVinci Resolve\Support\Workflow Integration Plugins\com.wutpeach.clackly\workflow-plugin/main.js"" --plugin-id=com.wutpeach.clackly","localhost","99f15ef7-fe19-4e17-8c80-c61a9e7c46b9","False","3230be72-5d6a-412f-8b51-2cd6efd1140b"
"2026-08-06T10:51:16.4020472+08:00","265.255","11768","39384","electron.exe","2026/8/6 10:49:07","0.266","75.6","""C:\Program Files\Blackmagic Design\DaVinci Resolve\Electron\electron.exe"" --type=gpu-process --user-data-dir=""C:\Users\Administrator\AppData\Roaming\Clackly Workflow Plugin"" --gpu-preferences=UAAAAAAAAADgAAAEAAAAAAAAAAAAAAAAAABgAAEAAAAAAAAAAAAAAAAAAAACAAAAAAAAAAAAAAAAAAAAAAAAABAAAAAAAAAAEAAAAAAAAAAIAAAAAAAAAAgAAAAAAAAA --field-trial-handle=2052,i,17858273355827520593,590696389608239788,262144 --enable-features=PdfUseShowSaveFilePicker --disable-features=SpareRendererForSitePerProcess,WinDelaySpellcheckServiceInit --variations-seed-version --mojo-platform-channel-handle=2044 /prefetch:2","localhost","99f15ef7-fe19-4e17-8c80-c61a9e7c46b9","False","3230be72-5d6a-412f-8b51-2cd6efd1140b"
"2026-08-06T10:51:16.4020472+08:00","265.255","39788","39384","electron.exe","2026/8/6 10:49:07","0.047","47","""C:\Program Files\Blackmagic Design\DaVinci Resolve\Electron\electron.exe"" --type=utility --utility-sub-type=network.mojom.NetworkService --lang=zh-CN --service-sandbox-type=none --user-data-dir=""C:\Users\Administrator\AppData\Roaming\Clackly Workflow Plugin"" --field-trial-handle=2052,i,17858273355827520593,590696389608239788,262144 --enable-features=PdfUseShowSaveFilePicker --disable-features=SpareRendererForSitePerProcess,WinDelaySpellcheckServiceInit --variations-seed-version --mojo-platform-channel-handle=2236 /prefetch:11","localhost","99f15ef7-fe19-4e17-8c80-c61a9e7c46b9","False","3230be72-5d6a-412f-8b51-2cd6efd1140b"
"2026-08-06T10:51:18.4100969+08:00","251.32","14232","13664","Resolve.exe","2026/8/6 10:48:52","47.297","2619","""C:\Program Files\Blackmagic Design\DaVinci Resolve\Resolve.exe"" ","localhost","99f15ef7-fe19-4e17-8c80-c61a9e7c46b9","False","3230be72-5d6a-412f-8b51-2cd6efd1140b"
"2026-08-06T10:51:18.4100969+08:00","252.32","39384","14232","electron.exe","2026/8/6 10:49:07","0.297","76.2","""C:/Program Files/Blackmagic Design/DaVinci Resolve\Electron\electron.exe"" ""C:\ProgramData\Blackmagic Design\DaVinci Resolve\Support\Workflow Integration Plugins\com.wutpeach.clackly\workflow-plugin/main.js"" --plugin-id=com.wutpeach.clackly","localhost","99f15ef7-fe19-4e17-8c80-c61a9e7c46b9","False","3230be72-5d6a-412f-8b51-2cd6efd1140b"
"2026-08-06T10:51:18.4100969+08:00","252.32","11768","39384","electron.exe","2026/8/6 10:49:07","0.266","75.6","""C:\Program Files\Blackmagic Design\DaVinci Resolve\Electron\electron.exe"" --type=gpu-process --user-data-dir=""C:\Users\Administrator\AppData\Roaming\Clackly Workflow Plugin"" --gpu-preferences=UAAAAAAAAADgAAAEAAAAAAAAAAAAAAAAAABgAAEAAAAAAAAAAAAAAAAAAAACAAAAAAAAAAAAAAAAAAAAAAAAABAAAAAAAAAAEAAAAAAAAAAIAAAAAAAAAAgAAAAAAAAA --field-trial-handle=2052,i,17858273355827520593,590696389608239788,262144 --enable-features=PdfUseShowSaveFilePicker --disable-features=SpareRendererForSitePerProcess,WinDelaySpellcheckServiceInit --variations-seed-version --mojo-platform-channel-handle=2044 /prefetch:2","localhost","99f15ef7-fe19-4e17-8c80-c61a9e7c46b9","False","3230be72-5d6a-412f-8b51-2cd6efd1140b"
"2026-08-06T10:51:18.4100969+08:00","252.32","39788","39384","electron.exe","2026/8/6 10:49:07","0.047","47","""C:\Program Files\Blackmagic Design\DaVinci Resolve\Electron\electron.exe"" --type=utility --utility-sub-type=network.mojom.NetworkService --lang=zh-CN --service-sandbox-type=none --user-data-dir=""C:\Users\Administrator\AppData\Roaming\Clackly Workflow Plugin"" --field-trial-handle=2052,i,17858273355827520593,590696389608239788,262144 --enable-features=PdfUseShowSaveFilePicker --disable-features=SpareRendererForSitePerProcess,WinDelaySpellcheckServiceInit --variations-seed-version --mojo-platform-channel-handle=2236 /prefetch:11","localhost","99f15ef7-fe19-4e17-8c80-c61a9e7c46b9","False","3230be72-5d6a-412f-8b51-2cd6efd1140b"
"2026-08-06T10:51:20.4120702+08:00","277.421","14232","13664","Resolve.exe","2026/8/6 10:48:52","47.312","2619","""C:\Program Files\Blackmagic Design\DaVinci Resolve\Resolve.exe"" ","localhost","99f15ef7-fe19-4e17-8c80-c61a9e7c46b9","False","3230be72-5d6a-412f-8b51-2cd6efd1140b"
"2026-08-06T10:51:20.4120702+08:00","277.421","39384","14232","electron.exe","2026/8/6 10:49:07","0.297","76.2","""C:/Program Files/Blackmagic Design/DaVinci Resolve\Electron\electron.exe"" ""C:\ProgramData\Blackmagic Design\DaVinci Resolve\Support\Workflow Integration Plugins\com.wutpeach.clackly\workflow-plugin/main.js"" --plugin-id=com.wutpeach.clackly","localhost","99f15ef7-fe19-4e17-8c80-c61a9e7c46b9","False","3230be72-5d6a-412f-8b51-2cd6efd1140b"
"2026-08-06T10:51:20.4120702+08:00","277.421","11768","39384","electron.exe","2026/8/6 10:49:07","0.266","75.6","""C:\Program Files\Blackmagic Design\DaVinci Resolve\Electron\electron.exe"" --type=gpu-process --user-data-dir=""C:\Users\Administrator\AppData\Roaming\Clackly Workflow Plugin"" --gpu-preferences=UAAAAAAAAADgAAAEAAAAAAAAAAAAAAAAAABgAAEAAAAAAAAAAAAAAAAAAAACAAAAAAAAAAAAAAAAAAAAAAAAABAAAAAAAAAAEAAAAAAAAAAIAAAAAAAAAAgAAAAAAAAA --field-trial-handle=2052,i,17858273355827520593,590696389608239788,262144 --enable-features=PdfUseShowSaveFilePicker --disable-features=SpareRendererForSitePerProcess,WinDelaySpellcheckServiceInit --variations-seed-version --mojo-platform-channel-handle=2044 /prefetch:2","localhost","99f15ef7-fe19-4e17-8c80-c61a9e7c46b9","False","3230be72-5d6a-412f-8b51-2cd6efd1140b"
"2026-08-06T10:51:20.4120702+08:00","277.421","39788","39384","electron.exe","2026/8/6 10:49:07","0.047","47","""C:\Program Files\Blackmagic Design\DaVinci Resolve\Electron\electron.exe"" --type=utility --utility-sub-type=network.mojom.NetworkService --lang=zh-CN --service-sandbox-type=none --user-data-dir=""C:\Users\Administrator\AppData\Roaming\Clackly Workflow Plugin"" --field-trial-handle=2052,i,17858273355827520593,590696389608239788,262144 --enable-features=PdfUseShowSaveFilePicker --disable-features=SpareRendererForSitePerProcess,WinDelaySpellcheckServiceInit --variations-seed-version --mojo-platform-channel-handle=2236 /prefetch:11","localhost","99f15ef7-fe19-4e17-8c80-c61a9e7c46b9","False","3230be72-5d6a-412f-8b51-2cd6efd1140b"
"2026-08-06T10:51:22.4232228+08:00","244.985","14232","13664","Resolve.exe","2026/8/6 10:48:52","47.375","2619","""C:\Program Files\Blackmagic Design\DaVinci Resolve\Resolve.exe"" ","localhost","99f15ef7-fe19-4e17-8c80-c61a9e7c46b9","False","3230be72-5d6a-412f-8b51-2cd6efd1140b"
"2026-08-06T10:51:22.4232228+08:00","244.985","39384","14232","electron.exe","2026/8/6 10:49:07","0.297","76.2","""C:/Program Files/Blackmagic Design/DaVinci Resolve\Electron\electron.exe"" ""C:\ProgramData\Blackmagic Design\DaVinci Resolve\Support\Workflow Integration Plugins\com.wutpeach.clackly\workflow-plugin/main.js"" --plugin-id=com.wutpeach.clackly","localhost","99f15ef7-fe19-4e17-8c80-c61a9e7c46b9","False","3230be72-5d6a-412f-8b51-2cd6efd1140b"
"2026-08-06T10:51:22.4232228+08:00","244.985","11768","39384","electron.exe","2026/8/6 10:49:07","0.266","75.6","""C:\Program Files\Blackmagic Design\DaVinci Resolve\Electron\electron.exe"" --type=gpu-process --user-data-dir=""C:\Users\Administrator\AppData\Roaming\Clackly Workflow Plugin"" --gpu-preferences=UAAAAAAAAADgAAAEAAAAAAAAAAAAAAAAAABgAAEAAAAAAAAAAAAAAAAAAAACAAAAAAAAAAAAAAAAAAAAAAAAABAAAAAAAAAAEAAAAAAAAAAIAAAAAAAAAAgAAAAAAAAA --field-trial-handle=2052,i,17858273355827520593,590696389608239788,262144 --enable-features=PdfUseShowSaveFilePicker --disable-features=SpareRendererForSitePerProcess,WinDelaySpellcheckServiceInit --variations-seed-version --mojo-platform-channel-handle=2044 /prefetch:2","localhost","99f15ef7-fe19-4e17-8c80-c61a9e7c46b9","False","3230be72-5d6a-412f-8b51-2cd6efd1140b"
"2026-08-06T10:51:22.4232228+08:00","244.985","39788","39384","electron.exe","2026/8/6 10:49:07","0.047","46.9","""C:\Program Files\Blackmagic Design\DaVinci Resolve\Electron\electron.exe"" --type=utility --utility-sub-type=network.mojom.NetworkService --lang=zh-CN --service-sandbox-type=none --user-data-dir=""C:\Users\Administrator\AppData\Roaming\Clackly Workflow Plugin"" --field-trial-handle=2052,i,17858273355827520593,590696389608239788,262144 --enable-features=PdfUseShowSaveFilePicker --disable-features=SpareRendererForSitePerProcess,WinDelaySpellcheckServiceInit --variations-seed-version --mojo-platform-channel-handle=2236 /prefetch:11","localhost","99f15ef7-fe19-4e17-8c80-c61a9e7c46b9","False","3230be72-5d6a-412f-8b51-2cd6efd1140b"
"2026-08-06T10:51:24.4330037+08:00","254.372","14232","13664","Resolve.exe","2026/8/6 10:48:52","47.531","2619","""C:\Program Files\Blackmagic Design\DaVinci Resolve\Resolve.exe"" ","localhost","99f15ef7-fe19-4e17-8c80-c61a9e7c46b9","False","3230be72-5d6a-412f-8b51-2cd6efd1140b"
"2026-08-06T10:51:24.4330037+08:00","254.372","39384","14232","electron.exe","2026/8/6 10:49:07","0.312","76.2","""C:/Program Files/Blackmagic Design/DaVinci Resolve\Electron\electron.exe"" ""C:\ProgramData\Blackmagic Design\DaVinci Resolve\Support\Workflow Integration Plugins\com.wutpeach.clackly\workflow-plugin/main.js"" --plugin-id=com.wutpeach.clackly","localhost","99f15ef7-fe19-4e17-8c80-c61a9e7c46b9","False","3230be72-5d6a-412f-8b51-2cd6efd1140b"
"2026-08-06T10:51:24.4330037+08:00","254.372","11768","39384","electron.exe","2026/8/6 10:49:07","0.266","75.6","""C:\Program Files\Blackmagic Design\DaVinci Resolve\Electron\electron.exe"" --type=gpu-process --user-data-dir=""C:\Users\Administrator\AppData\Roaming\Clackly Workflow Plugin"" --gpu-preferences=UAAAAAAAAADgAAAEAAAAAAAAAAAAAAAAAABgAAEAAAAAAAAAAAAAAAAAAAACAAAAAAAAAAAAAAAAAAAAAAAAABAAAAAAAAAAEAAAAAAAAAAIAAAAAAAAAAgAAAAAAAAA --field-trial-handle=2052,i,17858273355827520593,590696389608239788,262144 --enable-features=PdfUseShowSaveFilePicker --disable-features=SpareRendererForSitePerProcess,WinDelaySpellcheckServiceInit --variations-seed-version --mojo-platform-channel-handle=2044 /prefetch:2","localhost","99f15ef7-fe19-4e17-8c80-c61a9e7c46b9","False","3230be72-5d6a-412f-8b51-2cd6efd1140b"
"2026-08-06T10:51:24.4330037+08:00","254.372","39788","39384","electron.exe","2026/8/6 10:49:07","0.047","46.9","""C:\Program Files\Blackmagic Design\DaVinci Resolve\Electron\electron.exe"" --type=utility --utility-sub-type=network.mojom.NetworkService --lang=zh-CN --service-sandbox-type=none --user-data-dir=""C:\Users\Administrator\AppData\Roaming\Clackly Workflow Plugin"" --field-trial-handle=2052,i,17858273355827520593,590696389608239788,262144 --enable-features=PdfUseShowSaveFilePicker --disable-features=SpareRendererForSitePerProcess,WinDelaySpellcheckServiceInit --variations-seed-version --mojo-platform-channel-handle=2236 /prefetch:11","localhost","99f15ef7-fe19-4e17-8c80-c61a9e7c46b9","False","3230be72-5d6a-412f-8b51-2cd6efd1140b"
"2026-08-06T10:51:26.4430836+08:00","230.122","14232","13664","Resolve.exe","2026/8/6 10:48:52","47.609","2619","""C:\Program Files\Blackmagic Design\DaVinci Resolve\Resolve.exe"" ","localhost","99f15ef7-fe19-4e17-8c80-c61a9e7c46b9","False","3230be72-5d6a-412f-8b51-2cd6efd1140b"
"2026-08-06T10:51:26.4430836+08:00","230.122","39384","14232","electron.exe","2026/8/6 10:49:07","0.312","76.2","""C:/Program Files/Blackmagic Design/DaVinci Resolve\Electron\electron.exe"" ""C:\ProgramData\Blackmagic Design\DaVinci Resolve\Support\Workflow Integration Plugins\com.wutpeach.clackly\workflow-plugin/main.js"" --plugin-id=com.wutpeach.clackly","localhost","99f15ef7-fe19-4e17-8c80-c61a9e7c46b9","False","3230be72-5d6a-412f-8b51-2cd6efd1140b"
"2026-08-06T10:51:26.4430836+08:00","230.122","11768","39384","electron.exe","2026/8/6 10:49:07","0.266","75.6","""C:\Program Files\Blackmagic Design\DaVinci Resolve\Electron\electron.exe"" --type=gpu-process --user-data-dir=""C:\Users\Administrator\AppData\Roaming\Clackly Workflow Plugin"" --gpu-preferences=UAAAAAAAAADgAAAEAAAAAAAAAAAAAAAAAABgAAEAAAAAAAAAAAAAAAAAAAACAAAAAAAAAAAAAAAAAAAAAAAAABAAAAAAAAAAEAAAAAAAAAAIAAAAAAAAAAgAAAAAAAAA --field-trial-handle=2052,i,17858273355827520593,590696389608239788,262144 --enable-features=PdfUseShowSaveFilePicker --disable-features=SpareRendererForSitePerProcess,WinDelaySpellcheckServiceInit --variations-seed-version --mojo-platform-channel-handle=2044 /prefetch:2","localhost","99f15ef7-fe19-4e17-8c80-c61a9e7c46b9","False","3230be72-5d6a-412f-8b51-2cd6efd1140b"
"2026-08-06T10:51:26.4430836+08:00","230.122","39788","39384","electron.exe","2026/8/6 10:49:07","0.047","46.9","""C:\Program Files\Blackmagic Design\DaVinci Resolve\Electron\electron.exe"" --type=utility --utility-sub-type=network.mojom.NetworkService --lang=zh-CN --service-sandbox-type=none --user-data-dir=""C:\Users\Administrator\AppData\Roaming\Clackly Workflow Plugin"" --field-trial-handle=2052,i,17858273355827520593,590696389608239788,262144 --enable-features=PdfUseShowSaveFilePicker --disable-features=SpareRendererForSitePerProcess,WinDelaySpellcheckServiceInit --variations-seed-version --mojo-platform-channel-handle=2236 /prefetch:11","localhost","99f15ef7-fe19-4e17-8c80-c61a9e7c46b9","False","3230be72-5d6a-412f-8b51-2cd6efd1140b"
"2026-08-06T10:51:28.4511459+08:00","210.366","14232","13664","Resolve.exe","2026/8/6 10:48:52","47.766","2619","""C:\Program Files\Blackmagic Design\DaVinci Resolve\Resolve.exe"" ","localhost","99f15ef7-fe19-4e17-8c80-c61a9e7c46b9","False","3230be72-5d6a-412f-8b51-2cd6efd1140b"
"2026-08-06T10:51:28.4511459+08:00","210.366","39384","14232","electron.exe","2026/8/6 10:49:07","0.312","76.2","""C:/Program Files/Blackmagic Design/DaVinci Resolve\Electron\electron.exe"" ""C:\ProgramData\Blackmagic Design\DaVinci Resolve\Support\Workflow Integration Plugins\com.wutpeach.clackly\workflow-plugin/main.js"" --plugin-id=com.wutpeach.clackly","localhost","99f15ef7-fe19-4e17-8c80-c61a9e7c46b9","False","3230be72-5d6a-412f-8b51-2cd6efd1140b"
"2026-08-06T10:51:28.4511459+08:00","210.366","11768","39384","electron.exe","2026/8/6 10:49:07","0.266","75.6","""C:\Program Files\Blackmagic Design\DaVinci Resolve\Electron\electron.exe"" --type=gpu-process --user-data-dir=""C:\Users\Administrator\AppData\Roaming\Clackly Workflow Plugin"" --gpu-preferences=UAAAAAAAAADgAAAEAAAAAAAAAAAAAAAAAABgAAEAAAAAAAAAAAAAAAAAAAACAAAAAAAAAAAAAAAAAAAAAAAAABAAAAAAAAAAEAAAAAAAAAAIAAAAAAAAAAgAAAAAAAAA --field-trial-handle=2052,i,17858273355827520593,590696389608239788,262144 --enable-features=PdfUseShowSaveFilePicker --disable-features=SpareRendererForSitePerProcess,WinDelaySpellcheckServiceInit --variations-seed-version --mojo-platform-channel-handle=2044 /prefetch:2","localhost","99f15ef7-fe19-4e17-8c80-c61a9e7c46b9","False","3230be72-5d6a-412f-8b51-2cd6efd1140b"
"2026-08-06T10:51:28.4511459+08:00","210.366","39788","39384","electron.exe","2026/8/6 10:49:07","0.047","46.9","""C:\Program Files\Blackmagic Design\DaVinci Resolve\Electron\electron.exe"" --type=utility --utility-sub-type=network.mojom.NetworkService --lang=zh-CN --service-sandbox-type=none --user-data-dir=""C:\Users\Administrator\AppData\Roaming\Clackly Workflow Plugin"" --field-trial-handle=2052,i,17858273355827520593,590696389608239788,262144 --enable-features=PdfUseShowSaveFilePicker --disable-features=SpareRendererForSitePerProcess,WinDelaySpellcheckServiceInit --variations-seed-version --mojo-platform-channel-handle=2236 /prefetch:11","localhost","99f15ef7-fe19-4e17-8c80-c61a9e7c46b9","False","3230be72-5d6a-412f-8b51-2cd6efd1140b"
"2026-08-06T10:51:30.4648814+08:00","224.119","14232","13664","Resolve.exe","2026/8/6 10:48:52","48","2619","""C:\Program Files\Blackmagic Design\DaVinci Resolve\Resolve.exe"" ","localhost","99f15ef7-fe19-4e17-8c80-c61a9e7c46b9","False","3230be72-5d6a-412f-8b51-2cd6efd1140b"
"2026-08-06T10:51:30.4648814+08:00","224.119","39384","14232","electron.exe","2026/8/6 10:49:07","0.312","76.2","""C:/Program Files/Blackmagic Design/DaVinci Resolve\Electron\electron.exe"" ""C:\ProgramData\Blackmagic Design\DaVinci Resolve\Support\Workflow Integration Plugins\com.wutpeach.clackly\workflow-plugin/main.js"" --plugin-id=com.wutpeach.clackly","localhost","99f15ef7-fe19-4e17-8c80-c61a9e7c46b9","False","3230be72-5d6a-412f-8b51-2cd6efd1140b"
"2026-08-06T10:51:30.4648814+08:00","224.119","11768","39384","electron.exe","2026/8/6 10:49:07","0.266","75.6","""C:\Program Files\Blackmagic Design\DaVinci Resolve\Electron\electron.exe"" --type=gpu-process --user-data-dir=""C:\Users\Administrator\AppData\Roaming\Clackly Workflow Plugin"" --gpu-preferences=UAAAAAAAAADgAAAEAAAAAAAAAAAAAAAAAABgAAEAAAAAAAAAAAAAAAAAAAACAAAAAAAAAAAAAAAAAAAAAAAAABAAAAAAAAAAEAAAAAAAAAAIAAAAAAAAAAgAAAAAAAAA --field-trial-handle=2052,i,17858273355827520593,590696389608239788,262144 --enable-features=PdfUseShowSaveFilePicker --disable-features=SpareRendererForSitePerProcess,WinDelaySpellcheckServiceInit --variations-seed-version --mojo-platform-channel-handle=2044 /prefetch:2","localhost","99f15ef7-fe19-4e17-8c80-c61a9e7c46b9","False","3230be72-5d6a-412f-8b51-2cd6efd1140b"
"2026-08-06T10:51:30.4648814+08:00","224.119","39788","39384","electron.exe","2026/8/6 10:49:07","0.047","46.9","""C:\Program Files\Blackmagic Design\DaVinci Resolve\Electron\electron.exe"" --type=utility --utility-sub-type=network.mojom.NetworkService --lang=zh-CN --service-sandbox-type=none --user-data-dir=""C:\Users\Administrator\AppData\Roaming\Clackly Workflow Plugin"" --field-trial-handle=2052,i,17858273355827520593,590696389608239788,262144 --enable-features=PdfUseShowSaveFilePicker --disable-features=SpareRendererForSitePerProcess,WinDelaySpellcheckServiceInit --variations-seed-version --mojo-platform-channel-handle=2236 /prefetch:11","localhost","99f15ef7-fe19-4e17-8c80-c61a9e7c46b9","False","3230be72-5d6a-412f-8b51-2cd6efd1140b"
"2026-08-06T10:51:32.4720346+08:00","198.827","14232","13664","Resolve.exe","2026/8/6 10:48:52","48.172","2619","""C:\Program Files\Blackmagic Design\DaVinci Resolve\Resolve.exe"" ","localhost","99f15ef7-fe19-4e17-8c80-c61a9e7c46b9","False","3230be72-5d6a-412f-8b51-2cd6efd1140b"
"2026-08-06T10:51:32.4720346+08:00","198.827","39384","14232","electron.exe","2026/8/6 10:49:07","0.312","76.2","""C:/Program Files/Blackmagic Design/DaVinci Resolve\Electron\electron.exe"" ""C:\ProgramData\Blackmagic Design\DaVinci Resolve\Support\Workflow Integration Plugins\com.wutpeach.clackly\workflow-plugin/main.js"" --plugin-id=com.wutpeach.clackly","localhost","99f15ef7-fe19-4e17-8c80-c61a9e7c46b9","False","3230be72-5d6a-412f-8b51-2cd6efd1140b"
"2026-08-06T10:51:32.4720346+08:00","198.827","11768","39384","electron.exe","2026/8/6 10:49:07","0.266","75.6","""C:\Program Files\Blackmagic Design\DaVinci Resolve\Electron\electron.exe"" --type=gpu-process --user-data-dir=""C:\Users\Administrator\AppData\Roaming\Clackly Workflow Plugin"" --gpu-preferences=UAAAAAAAAADgAAAEAAAAAAAAAAAAAAAAAABgAAEAAAAAAAAAAAAAAAAAAAACAAAAAAAAAAAAAAAAAAAAAAAAABAAAAAAAAAAEAAAAAAAAAAIAAAAAAAAAAgAAAAAAAAA --field-trial-handle=2052,i,17858273355827520593,590696389608239788,262144 --enable-features=PdfUseShowSaveFilePicker --disable-features=SpareRendererForSitePerProcess,WinDelaySpellcheckServiceInit --variations-seed-version --mojo-platform-channel-handle=2044 /prefetch:2","localhost","99f15ef7-fe19-4e17-8c80-c61a9e7c46b9","False","3230be72-5d6a-412f-8b51-2cd6efd1140b"
"2026-08-06T10:51:32.4720346+08:00","198.827","39788","39384","electron.exe","2026/8/6 10:49:07","0.047","46.9","""C:\Program Files\Blackmagic Design\DaVinci Resolve\Electron\electron.exe"" --type=utility --utility-sub-type=network.mojom.NetworkService --lang=zh-CN --service-sandbox-type=none --user-data-dir=""C:\Users\Administrator\AppData\Roaming\Clackly Workflow Plugin"" --field-trial-handle=2052,i,17858273355827520593,590696389608239788,262144 --enable-features=PdfUseShowSaveFilePicker --disable-features=SpareRendererForSitePerProcess,WinDelaySpellcheckServiceInit --variations-seed-version --mojo-platform-channel-handle=2236 /prefetch:11","localhost","99f15ef7-fe19-4e17-8c80-c61a9e7c46b9","False","3230be72-5d6a-412f-8b51-2cd6efd1140b"
"2026-08-06T10:51:34.4850208+08:00","222.909","14232","13664","Resolve.exe","2026/8/6 10:48:52","48.266","2619.2","""C:\Program Files\Blackmagic Design\DaVinci Resolve\Resolve.exe"" ","localhost","99f15ef7-fe19-4e17-8c80-c61a9e7c46b9","False","3230be72-5d6a-412f-8b51-2cd6efd1140b"
"2026-08-06T10:51:34.4850208+08:00","222.909","39384","14232","electron.exe","2026/8/6 10:49:07","0.312","76.2","""C:/Program Files/Blackmagic Design/DaVinci Resolve\Electron\electron.exe"" ""C:\ProgramData\Blackmagic Design\DaVinci Resolve\Support\Workflow Integration Plugins\com.wutpeach.clackly\workflow-plugin/main.js"" --plugin-id=com.wutpeach.clackly","localhost","99f15ef7-fe19-4e17-8c80-c61a9e7c46b9","False","3230be72-5d6a-412f-8b51-2cd6efd1140b"
"2026-08-06T10:51:34.4850208+08:00","222.909","11768","39384","electron.exe","2026/8/6 10:49:07","0.266","75.6","""C:\Program Files\Blackmagic Design\DaVinci Resolve\Electron\electron.exe"" --type=gpu-process --user-data-dir=""C:\Users\Administrator\AppData\Roaming\Clackly Workflow Plugin"" --gpu-preferences=UAAAAAAAAADgAAAEAAAAAAAAAAAAAAAAAABgAAEAAAAAAAAAAAAAAAAAAAACAAAAAAAAAAAAAAAAAAAAAAAAABAAAAAAAAAAEAAAAAAAAAAIAAAAAAAAAAgAAAAAAAAA --field-trial-handle=2052,i,17858273355827520593,590696389608239788,262144 --enable-features=PdfUseShowSaveFilePicker --disable-features=SpareRendererForSitePerProcess,WinDelaySpellcheckServiceInit --variations-seed-version --mojo-platform-channel-handle=2044 /prefetch:2","localhost","99f15ef7-fe19-4e17-8c80-c61a9e7c46b9","False","3230be72-5d6a-412f-8b51-2cd6efd1140b"
"2026-08-06T10:51:34.4850208+08:00","222.909","39788","39384","electron.exe","2026/8/6 10:49:07","0.047","46.9","""C:\Program Files\Blackmagic Design\DaVinci Resolve\Electron\electron.exe"" --type=utility --utility-sub-type=network.mojom.NetworkService --lang=zh-CN --service-sandbox-type=none --user-data-dir=""C:\Users\Administrator\AppData\Roaming\Clackly Workflow Plugin"" --field-trial-handle=2052,i,17858273355827520593,590696389608239788,262144 --enable-features=PdfUseShowSaveFilePicker --disable-features=SpareRendererForSitePerProcess,WinDelaySpellcheckServiceInit --variations-seed-version --mojo-platform-channel-handle=2236 /prefetch:11","localhost","99f15ef7-fe19-4e17-8c80-c61a9e7c46b9","False","3230be72-5d6a-412f-8b51-2cd6efd1140b"
"2026-08-06T10:51:36.4900052+08:00","218.502","14232","13664","Resolve.exe","2026/8/6 10:48:52","48.359","2619.2","""C:\Program Files\Blackmagic Design\DaVinci Resolve\Resolve.exe"" ","localhost","99f15ef7-fe19-4e17-8c80-c61a9e7c46b9","False","3230be72-5d6a-412f-8b51-2cd6efd1140b"
"2026-08-06T10:51:36.4900052+08:00","218.502","39384","14232","electron.exe","2026/8/6 10:49:07","0.312","76.2","""C:/Program Files/Blackmagic Design/DaVinci Resolve\Electron\electron.exe"" ""C:\ProgramData\Blackmagic Design\DaVinci Resolve\Support\Workflow Integration Plugins\com.wutpeach.clackly\workflow-plugin/main.js"" --plugin-id=com.wutpeach.clackly","localhost","99f15ef7-fe19-4e17-8c80-c61a9e7c46b9","False","3230be72-5d6a-412f-8b51-2cd6efd1140b"
"2026-08-06T10:51:36.4900052+08:00","218.502","11768","39384","electron.exe","2026/8/6 10:49:07","0.266","75.6","""C:\Program Files\Blackmagic Design\DaVinci Resolve\Electron\electron.exe"" --type=gpu-process --user-data-dir=""C:\Users\Administrator\AppData\Roaming\Clackly Workflow Plugin"" --gpu-preferences=UAAAAAAAAADgAAAEAAAAAAAAAAAAAAAAAABgAAEAAAAAAAAAAAAAAAAAAAACAAAAAAAAAAAAAAAAAAAAAAAAABAAAAAAAAAAEAAAAAAAAAAIAAAAAAAAAAgAAAAAAAAA --field-trial-handle=2052,i,17858273355827520593,590696389608239788,262144 --enable-features=PdfUseShowSaveFilePicker --disable-features=SpareRendererForSitePerProcess,WinDelaySpellcheckServiceInit --variations-seed-version --mojo-platform-channel-handle=2044 /prefetch:2","localhost","99f15ef7-fe19-4e17-8c80-c61a9e7c46b9","False","3230be72-5d6a-412f-8b51-2cd6efd1140b"
"2026-08-06T10:51:36.4900052+08:00","218.502","39788","39384","electron.exe","2026/8/6 10:49:07","0.047","46.9","""C:\Program Files\Blackmagic Design\DaVinci Resolve\Electron\electron.exe"" --type=utility --utility-sub-type=network.mojom.NetworkService --lang=zh-CN --service-sandbox-type=none --user-data-dir=""C:\Users\Administrator\AppData\Roaming\Clackly Workflow Plugin"" --field-trial-handle=2052,i,17858273355827520593,590696389608239788,262144 --enable-features=PdfUseShowSaveFilePicker --disable-features=SpareRendererForSitePerProcess,WinDelaySpellcheckServiceInit --variations-seed-version --mojo-platform-channel-handle=2236 /prefetch:11","localhost","99f15ef7-fe19-4e17-8c80-c61a9e7c46b9","False","3230be72-5d6a-412f-8b51-2cd6efd1140b"
"2026-08-06T10:51:38.5037265+08:00","229.172","14232","13664","Resolve.exe","2026/8/6 10:48:52","48.609","2619.2","""C:\Program Files\Blackmagic Design\DaVinci Resolve\Resolve.exe"" ","localhost","99f15ef7-fe19-4e17-8c80-c61a9e7c46b9","False","3230be72-5d6a-412f-8b51-2cd6efd1140b"
"2026-08-06T10:51:38.5037265+08:00","229.172","39384","14232","electron.exe","2026/8/6 10:49:07","0.312","76.2","""C:/Program Files/Blackmagic Design/DaVinci Resolve\Electron\electron.exe"" ""C:\ProgramData\Blackmagic Design\DaVinci Resolve\Support\Workflow Integration Plugins\com.wutpeach.clackly\workflow-plugin/main.js"" --plugin-id=com.wutpeach.clackly","localhost","99f15ef7-fe19-4e17-8c80-c61a9e7c46b9","False","3230be72-5d6a-412f-8b51-2cd6efd1140b"
"2026-08-06T10:51:38.5037265+08:00","229.172","11768","39384","electron.exe","2026/8/6 10:49:07","0.266","75.6","""C:\Program Files\Blackmagic Design\DaVinci Resolve\Electron\electron.exe"" --type=gpu-process --user-data-dir=""C:\Users\Administrator\AppData\Roaming\Clackly Workflow Plugin"" --gpu-preferences=UAAAAAAAAADgAAAEAAAAAAAAAAAAAAAAAABgAAEAAAAAAAAAAAAAAAAAAAACAAAAAAAAAAAAAAAAAAAAAAAAABAAAAAAAAAAEAAAAAAAAAAIAAAAAAAAAAgAAAAAAAAA --field-trial-handle=2052,i,17858273355827520593,590696389608239788,262144 --enable-features=PdfUseShowSaveFilePicker --disable-features=SpareRendererForSitePerProcess,WinDelaySpellcheckServiceInit --variations-seed-version --mojo-platform-channel-handle=2044 /prefetch:2","localhost","99f15ef7-fe19-4e17-8c80-c61a9e7c46b9","False","3230be72-5d6a-412f-8b51-2cd6efd1140b"
"2026-08-06T10:51:38.5037265+08:00","229.172","39788","39384","electron.exe","2026/8/6 10:49:07","0.047","46.9","""C:\Program Files\Blackmagic Design\DaVinci Resolve\Electron\electron.exe"" --type=utility --utility-sub-type=network.mojom.NetworkService --lang=zh-CN --service-sandbox-type=none --user-data-dir=""C:\Users\Administrator\AppData\Roaming\Clackly Workflow Plugin"" --field-trial-handle=2052,i,17858273355827520593,590696389608239788,262144 --enable-features=PdfUseShowSaveFilePicker --disable-features=SpareRendererForSitePerProcess,WinDelaySpellcheckServiceInit --variations-seed-version --mojo-platform-channel-handle=2236 /prefetch:11","localhost","99f15ef7-fe19-4e17-8c80-c61a9e7c46b9","False","3230be72-5d6a-412f-8b51-2cd6efd1140b"
"2026-08-06T10:51:40.5060684+08:00","162.929","14232","13664","Resolve.exe","2026/8/6 10:48:52","48.656","2619.2","""C:\Program Files\Blackmagic Design\DaVinci Resolve\Resolve.exe"" ","localhost","99f15ef7-fe19-4e17-8c80-c61a9e7c46b9","False","3230be72-5d6a-412f-8b51-2cd6efd1140b"
"2026-08-06T10:51:40.5060684+08:00","162.929","39384","14232","electron.exe","2026/8/6 10:49:07","0.312","76.2","""C:/Program Files/Blackmagic Design/DaVinci Resolve\Electron\electron.exe"" ""C:\ProgramData\Blackmagic Design\DaVinci Resolve\Support\Workflow Integration Plugins\com.wutpeach.clackly\workflow-plugin/main.js"" --plugin-id=com.wutpeach.clackly","localhost","99f15ef7-fe19-4e17-8c80-c61a9e7c46b9","False","3230be72-5d6a-412f-8b51-2cd6efd1140b"
"2026-08-06T10:51:40.5060684+08:00","162.929","11768","39384","electron.exe","2026/8/6 10:49:07","0.266","75.6","""C:\Program Files\Blackmagic Design\DaVinci Resolve\Electron\electron.exe"" --type=gpu-process --user-data-dir=""C:\Users\Administrator\AppData\Roaming\Clackly Workflow Plugin"" --gpu-preferences=UAAAAAAAAADgAAAEAAAAAAAAAAAAAAAAAABgAAEAAAAAAAAAAAAAAAAAAAACAAAAAAAAAAAAAAAAAAAAAAAAABAAAAAAAAAAEAAAAAAAAAAIAAAAAAAAAAgAAAAAAAAA --field-trial-handle=2052,i,17858273355827520593,590696389608239788,262144 --enable-features=PdfUseShowSaveFilePicker --disable-features=SpareRendererForSitePerProcess,WinDelaySpellcheckServiceInit --variations-seed-version --mojo-platform-channel-handle=2044 /prefetch:2","localhost","99f15ef7-fe19-4e17-8c80-c61a9e7c46b9","False","3230be72-5d6a-412f-8b51-2cd6efd1140b"
"2026-08-06T10:51:40.5060684+08:00","162.929","39788","39384","electron.exe","2026/8/6 10:49:07","0.047","46.9","""C:\Program Files\Blackmagic Design\DaVinci Resolve\Electron\electron.exe"" --type=utility --utility-sub-type=network.mojom.NetworkService --lang=zh-CN --service-sandbox-type=none --user-data-dir=""C:\Users\Administrator\AppData\Roaming\Clackly Workflow Plugin"" --field-trial-handle=2052,i,17858273355827520593,590696389608239788,262144 --enable-features=PdfUseShowSaveFilePicker --disable-features=SpareRendererForSitePerProcess,WinDelaySpellcheckServiceInit --variations-seed-version --mojo-platform-channel-handle=2236 /prefetch:11","localhost","99f15ef7-fe19-4e17-8c80-c61a9e7c46b9","False","3230be72-5d6a-412f-8b51-2cd6efd1140b"
"2026-08-06T10:51:42.5212015+08:00","244.948","14232","13664","Resolve.exe","2026/8/6 10:48:52","48.688","2619.2","""C:\Program Files\Blackmagic Design\DaVinci Resolve\Resolve.exe"" ","localhost","99f15ef7-fe19-4e17-8c80-c61a9e7c46b9","False","3230be72-5d6a-412f-8b51-2cd6efd1140b"
"2026-08-06T10:51:42.5212015+08:00","244.948","39384","14232","electron.exe","2026/8/6 10:49:07","0.312","76.2","""C:/Program Files/Blackmagic Design/DaVinci Resolve\Electron\electron.exe"" ""C:\ProgramData\Blackmagic Design\DaVinci Resolve\Support\Workflow Integration Plugins\com.wutpeach.clackly\workflow-plugin/main.js"" --plugin-id=com.wutpeach.clackly","localhost","99f15ef7-fe19-4e17-8c80-c61a9e7c46b9","False","3230be72-5d6a-412f-8b51-2cd6efd1140b"
"2026-08-06T10:51:42.5212015+08:00","244.948","11768","39384","electron.exe","2026/8/6 10:49:07","0.266","75.6","""C:\Program Files\Blackmagic Design\DaVinci Resolve\Electron\electron.exe"" --type=gpu-process --user-data-dir=""C:\Users\Administrator\AppData\Roaming\Clackly Workflow Plugin"" --gpu-preferences=UAAAAAAAAADgAAAEAAAAAAAAAAAAAAAAAABgAAEAAAAAAAAAAAAAAAAAAAACAAAAAAAAAAAAAAAAAAAAAAAAABAAAAAAAAAAEAAAAAAAAAAIAAAAAAAAAAgAAAAAAAAA --field-trial-handle=2052,i,17858273355827520593,590696389608239788,262144 --enable-features=PdfUseShowSaveFilePicker --disable-features=SpareRendererForSitePerProcess,WinDelaySpellcheckServiceInit --variations-seed-version --mojo-platform-channel-handle=2044 /prefetch:2","localhost","99f15ef7-fe19-4e17-8c80-c61a9e7c46b9","False","3230be72-5d6a-412f-8b51-2cd6efd1140b"
"2026-08-06T10:51:42.5212015+08:00","244.948","39788","39384","electron.exe","2026/8/6 10:49:07","0.047","46.9","""C:\Program Files\Blackmagic Design\DaVinci Resolve\Electron\electron.exe"" --type=utility --utility-sub-type=network.mojom.NetworkService --lang=zh-CN --service-sandbox-type=none --user-data-dir=""C:\Users\Administrator\AppData\Roaming\Clackly Workflow Plugin"" --field-trial-handle=2052,i,17858273355827520593,590696389608239788,262144 --enable-features=PdfUseShowSaveFilePicker --disable-features=SpareRendererForSitePerProcess,WinDelaySpellcheckServiceInit --variations-seed-version --mojo-platform-channel-handle=2236 /prefetch:11","localhost","99f15ef7-fe19-4e17-8c80-c61a9e7c46b9","False","3230be72-5d6a-412f-8b51-2cd6efd1140b"
"2026-08-06T10:51:44.5288175+08:00","247.037","14232","13664","Resolve.exe","2026/8/6 10:48:52","48.781","2619.2","""C:\Program Files\Blackmagic Design\DaVinci Resolve\Resolve.exe"" ","localhost","99f15ef7-fe19-4e17-8c80-c61a9e7c46b9","False","3230be72-5d6a-412f-8b51-2cd6efd1140b"
"2026-08-06T10:51:44.5288175+08:00","247.569","39384","14232","electron.exe","2026/8/6 10:49:07","0.312","76.2","""C:/Program Files/Blackmagic Design/DaVinci Resolve\Electron\electron.exe"" ""C:\ProgramData\Blackmagic Design\DaVinci Resolve\Support\Workflow Integration Plugins\com.wutpeach.clackly\workflow-plugin/main.js"" --plugin-id=com.wutpeach.clackly","localhost","99f15ef7-fe19-4e17-8c80-c61a9e7c46b9","False","3230be72-5d6a-412f-8b51-2cd6efd1140b"
"2026-08-06T10:51:44.5288175+08:00","247.569","11768","39384","electron.exe","2026/8/6 10:49:07","0.266","75.6","""C:\Program Files\Blackmagic Design\DaVinci Resolve\Electron\electron.exe"" --type=gpu-process --user-data-dir=""C:\Users\Administrator\AppData\Roaming\Clackly Workflow Plugin"" --gpu-preferences=UAAAAAAAAADgAAAEAAAAAAAAAAAAAAAAAABgAAEAAAAAAAAAAAAAAAAAAAACAAAAAAAAAAAAAAAAAAAAAAAAABAAAAAAAAAAEAAAAAAAAAAIAAAAAAAAAAgAAAAAAAAA --field-trial-handle=2052,i,17858273355827520593,590696389608239788,262144 --enable-features=PdfUseShowSaveFilePicker --disable-features=SpareRendererForSitePerProcess,WinDelaySpellcheckServiceInit --variations-seed-version --mojo-platform-channel-handle=2044 /prefetch:2","localhost","99f15ef7-fe19-4e17-8c80-c61a9e7c46b9","False","3230be72-5d6a-412f-8b51-2cd6efd1140b"
"2026-08-06T10:51:44.5288175+08:00","247.569","39788","39384","electron.exe","2026/8/6 10:49:07","0.047","46.9","""C:\Program Files\Blackmagic Design\DaVinci Resolve\Electron\electron.exe"" --type=utility --utility-sub-type=network.mojom.NetworkService --lang=zh-CN --service-sandbox-type=none --user-data-dir=""C:\Users\Administrator\AppData\Roaming\Clackly Workflow Plugin"" --field-trial-handle=2052,i,17858273355827520593,590696389608239788,262144 --enable-features=PdfUseShowSaveFilePicker --disable-features=SpareRendererForSitePerProcess,WinDelaySpellcheckServiceInit --variations-seed-version --mojo-platform-channel-handle=2236 /prefetch:11","localhost","99f15ef7-fe19-4e17-8c80-c61a9e7c46b9","False","3230be72-5d6a-412f-8b51-2cd6efd1140b"
"2026-08-06T10:51:46.5433473+08:00","212.768","14232","13664","Resolve.exe","2026/8/6 10:48:52","48.938","2619.2","""C:\Program Files\Blackmagic Design\DaVinci Resolve\Resolve.exe"" ","localhost","99f15ef7-fe19-4e17-8c80-c61a9e7c46b9","False","3230be72-5d6a-412f-8b51-2cd6efd1140b"
"2026-08-06T10:51:46.5433473+08:00","213.273","39384","14232","electron.exe","2026/8/6 10:49:07","0.312","76.2","""C:/Program Files/Blackmagic Design/DaVinci Resolve\Electron\electron.exe"" ""C:\ProgramData\Blackmagic Design\DaVinci Resolve\Support\Workflow Integration Plugins\com.wutpeach.clackly\workflow-plugin/main.js"" --plugin-id=com.wutpeach.clackly","localhost","99f15ef7-fe19-4e17-8c80-c61a9e7c46b9","False","3230be72-5d6a-412f-8b51-2cd6efd1140b"
"2026-08-06T10:51:46.5433473+08:00","213.273","11768","39384","electron.exe","2026/8/6 10:49:07","0.281","75.6","""C:\Program Files\Blackmagic Design\DaVinci Resolve\Electron\electron.exe"" --type=gpu-process --user-data-dir=""C:\Users\Administrator\AppData\Roaming\Clackly Workflow Plugin"" --gpu-preferences=UAAAAAAAAADgAAAEAAAAAAAAAAAAAAAAAABgAAEAAAAAAAAAAAAAAAAAAAACAAAAAAAAAAAAAAAAAAAAAAAAABAAAAAAAAAAEAAAAAAAAAAIAAAAAAAAAAgAAAAAAAAA --field-trial-handle=2052,i,17858273355827520593,590696389608239788,262144 --enable-features=PdfUseShowSaveFilePicker --disable-features=SpareRendererForSitePerProcess,WinDelaySpellcheckServiceInit --variations-seed-version --mojo-platform-channel-handle=2044 /prefetch:2","localhost","99f15ef7-fe19-4e17-8c80-c61a9e7c46b9","False","3230be72-5d6a-412f-8b51-2cd6efd1140b"
"2026-08-06T10:51:46.5433473+08:00","213.273","39788","39384","electron.exe","2026/8/6 10:49:07","0.047","46.9","""C:\Program Files\Blackmagic Design\DaVinci Resolve\Electron\electron.exe"" --type=utility --utility-sub-type=network.mojom.NetworkService --lang=zh-CN --service-sandbox-type=none --user-data-dir=""C:\Users\Administrator\AppData\Roaming\Clackly Workflow Plugin"" --field-trial-handle=2052,i,17858273355827520593,590696389608239788,262144 --enable-features=PdfUseShowSaveFilePicker --disable-features=SpareRendererForSitePerProcess,WinDelaySpellcheckServiceInit --variations-seed-version --mojo-platform-channel-handle=2236 /prefetch:11","localhost","99f15ef7-fe19-4e17-8c80-c61a9e7c46b9","False","3230be72-5d6a-412f-8b51-2cd6efd1140b"
"2026-08-06T10:51:48.5562818+08:00","211.344","14232","13664","Resolve.exe","2026/8/6 10:48:52","49.25","2619.2","""C:\Program Files\Blackmagic Design\DaVinci Resolve\Resolve.exe"" ","localhost","99f15ef7-fe19-4e17-8c80-c61a9e7c46b9","False","3230be72-5d6a-412f-8b51-2cd6efd1140b"
"2026-08-06T10:51:48.5562818+08:00","211.344","39384","14232","electron.exe","2026/8/6 10:49:07","0.312","76.2","""C:/Program Files/Blackmagic Design/DaVinci Resolve\Electron\electron.exe"" ""C:\ProgramData\Blackmagic Design\DaVinci Resolve\Support\Workflow Integration Plugins\com.wutpeach.clackly\workflow-plugin/main.js"" --plugin-id=com.wutpeach.clackly","localhost","99f15ef7-fe19-4e17-8c80-c61a9e7c46b9","False","3230be72-5d6a-412f-8b51-2cd6efd1140b"
"2026-08-06T10:51:48.5562818+08:00","211.344","11768","39384","electron.exe","2026/8/6 10:49:07","0.281","75.6","""C:\Program Files\Blackmagic Design\DaVinci Resolve\Electron\electron.exe"" --type=gpu-process --user-data-dir=""C:\Users\Administrator\AppData\Roaming\Clackly Workflow Plugin"" --gpu-preferences=UAAAAAAAAADgAAAEAAAAAAAAAAAAAAAAAABgAAEAAAAAAAAAAAAAAAAAAAACAAAAAAAAAAAAAAAAAAAAAAAAABAAAAAAAAAAEAAAAAAAAAAIAAAAAAAAAAgAAAAAAAAA --field-trial-handle=2052,i,17858273355827520593,590696389608239788,262144 --enable-features=PdfUseShowSaveFilePicker --disable-features=SpareRendererForSitePerProcess,WinDelaySpellcheckServiceInit --variations-seed-version --mojo-platform-channel-handle=2044 /prefetch:2","localhost","99f15ef7-fe19-4e17-8c80-c61a9e7c46b9","False","3230be72-5d6a-412f-8b51-2cd6efd1140b"
"2026-08-06T10:51:48.5562818+08:00","211.344","39788","39384","electron.exe","2026/8/6 10:49:07","0.047","46.9","""C:\Program Files\Blackmagic Design\DaVinci Resolve\Electron\electron.exe"" --type=utility --utility-sub-type=network.mojom.NetworkService --lang=zh-CN --service-sandbox-type=none --user-data-dir=""C:\Users\Administrator\AppData\Roaming\Clackly Workflow Plugin"" --field-trial-handle=2052,i,17858273355827520593,590696389608239788,262144 --enable-features=PdfUseShowSaveFilePicker --disable-features=SpareRendererForSitePerProcess,WinDelaySpellcheckServiceInit --variations-seed-version --mojo-platform-channel-handle=2236 /prefetch:11","localhost","99f15ef7-fe19-4e17-8c80-c61a9e7c46b9","False","3230be72-5d6a-412f-8b51-2cd6efd1140b"
"2026-08-06T10:51:50.5646085+08:00","216.385","14232","13664","Resolve.exe","2026/8/6 10:48:52","49.266","2619.2","""C:\Program Files\Blackmagic Design\DaVinci Resolve\Resolve.exe"" ","localhost","99f15ef7-fe19-4e17-8c80-c61a9e7c46b9","False","3230be72-5d6a-412f-8b51-2cd6efd1140b"
"2026-08-06T10:51:50.5646085+08:00","216.385","39384","14232","electron.exe","2026/8/6 10:49:07","0.312","76.2","""C:/Program Files/Blackmagic Design/DaVinci Resolve\Electron\electron.exe"" ""C:\ProgramData\Blackmagic Design\DaVinci Resolve\Support\Workflow Integration Plugins\com.wutpeach.clackly\workflow-plugin/main.js"" --plugin-id=com.wutpeach.clackly","localhost","99f15ef7-fe19-4e17-8c80-c61a9e7c46b9","False","3230be72-5d6a-412f-8b51-2cd6efd1140b"
"2026-08-06T10:51:50.5646085+08:00","216.385","11768","39384","electron.exe","2026/8/6 10:49:07","0.281","75.6","""C:\Program Files\Blackmagic Design\DaVinci Resolve\Electron\electron.exe"" --type=gpu-process --user-data-dir=""C:\Users\Administrator\AppData\Roaming\Clackly Workflow Plugin"" --gpu-preferences=UAAAAAAAAADgAAAEAAAAAAAAAAAAAAAAAABgAAEAAAAAAAAAAAAAAAAAAAACAAAAAAAAAAAAAAAAAAAAAAAAABAAAAAAAAAAEAAAAAAAAAAIAAAAAAAAAAgAAAAAAAAA --field-trial-handle=2052,i,17858273355827520593,590696389608239788,262144 --enable-features=PdfUseShowSaveFilePicker --disable-features=SpareRendererForSitePerProcess,WinDelaySpellcheckServiceInit --variations-seed-version --mojo-platform-channel-handle=2044 /prefetch:2","localhost","99f15ef7-fe19-4e17-8c80-c61a9e7c46b9","False","3230be72-5d6a-412f-8b51-2cd6efd1140b"
"2026-08-06T10:51:50.5646085+08:00","216.385","39788","39384","electron.exe","2026/8/6 10:49:07","0.047","46.9","""C:\Program Files\Blackmagic Design\DaVinci Resolve\Electron\electron.exe"" --type=utility --utility-sub-type=network.mojom.NetworkService --lang=zh-CN --service-sandbox-type=none --user-data-dir=""C:\Users\Administrator\AppData\Roaming\Clackly Workflow Plugin"" --field-trial-handle=2052,i,17858273355827520593,590696389608239788,262144 --enable-features=PdfUseShowSaveFilePicker --disable-features=SpareRendererForSitePerProcess,WinDelaySpellcheckServiceInit --variations-seed-version --mojo-platform-channel-handle=2236 /prefetch:11","localhost","99f15ef7-fe19-4e17-8c80-c61a9e7c46b9","False","3230be72-5d6a-412f-8b51-2cd6efd1140b"
