"Timestamp","ProcessId","Responding","CpuSeconds","WorkingSetMB","Exited","IdentityMismatch"
"2026-08-06T10:48:52.7765373+08:00","14232","True","0.875","277.3","False","False"
"2026-08-06T10:48:52.8843373+08:00","14232","True","1.094","290.1","False","False"
"2026-08-06T10:48:52.9781672+08:00","14232","True","1.281","295.7","False","False"
"2026-08-06T10:48:53.0889456+08:00","14232","True","1.484","305.9","False","False"
"2026-08-06T10:48:53.1869265+08:00","14232","True","1.688","324.2","False","False"
"2026-08-06T10:48:53.2940111+08:00","14232","True","1.875","337.4","False","False"
"2026-08-06T10:48:53.3886024+08:00","14232","True","2.031","340.8","False","False"
"2026-08-06T10:48:53.4988938+08:00","14232","True","2.188","349.5","False","False"
"2026-08-06T10:48:53.5930484+08:00","14232","True","2.359","352.7","False","False"
"2026-08-06T10:48:53.6862897+08:00","14232","True","2.469","361.1","False","False"
"2026-08-06T10:48:53.7971800+08:00","14232","True","2.578","367.2","False","False"
"2026-08-06T10:48:53.8907743+08:00","14232","True","2.672","373","False","False"
"2026-08-06T10:48:54.0005007+08:00","14232","True","2.781","380","False","False"
"2026-08-06T10:48:54.0935670+08:00","14232","True","2.875","388.1","False","False"
"2026-08-06T10:48:54.1869794+08:00","14232","True","2.953","390.9","False","False"
"2026-08-06T10:48:54.2952860+08:00","14232","True","3.047","427.5","False","False"
"2026-08-06T10:48:54.3901030+08:00","14232","True","3.141","538","False","False"
"2026-08-06T10:48:54.4988463+08:00","14232","True","3.344","680","False","False"
"2026-08-06T10:48:54.5926058+08:00","14232","True","3.438","704.1","False","False"
"2026-08-06T10:48:54.6860216+08:00","14232","True","3.562","725.8","False","False"
"2026-08-06T10:48:54.9562730+08:00","14232","True","3.562","728.6","False","False"
"2026-08-06T10:48:54.9627816+08:00","14232","True","3.797","730.4","False","False"
"2026-08-06T10:48:55.1380541+08:00","14232","True","4","804.3","False","False"
"2026-08-06T10:48:55.1942714+08:00","14232","True","4","867.7","False","False"
"2026-08-06T10:48:55.1987777+08:00","14232","True","4.031","868.2","False","False"
"2026-08-06T10:48:55.2809896+08:00","14232","True","4.406","880.5","False","False"
"2026-08-06T10:48:55.3901997+08:00","14232","True","5.078","959.6","False","False"
"2026-08-06T10:48:55.5747675+08:00","14232","True","7.641","971.7","False","False"
"2026-08-06T10:48:59.0211477+08:00","14232","True","8.422","1608.7","False","False"
"2026-08-06T10:48:59.8251765+08:00","14232","True","8.438","1738.5","False","False"
"2026-08-06T10:48:59.8306829+08:00","14232","True","9.219","1738.7","False","False"
"2026-08-06T10:49:00.7048773+08:00","14232","True","9.766","1781.1","False","False"
"2026-08-06T10:49:01.1389071+08:00","14232","True","10.125","1826.5","False","False"
"2026-08-06T10:49:01.5186546+08:00","14232","True","10.172","1869.2","False","False"
"2026-08-06T10:49:01.5750303+08:00","14232","True","10.203","1874.4","False","False"
"2026-08-06T10:49:01.5922937+08:00","14232","True","10.453","1876.4","False","False"
"2026-08-06T10:49:01.8779038+08:00","14232","True","12.359","1893.9","False","False"
"2026-08-06T10:49:03.7075968+08:00","14232","True","12.453","1980.9","False","False"
"2026-08-06T10:49:03.7988817+08:00","14232","True","12.516","1990.4","False","False"
"2026-08-06T10:49:03.8399753+08:00","14232","True","12.734","1994.7","False","False"
"2026-08-06T10:49:04.0556138+08:00","14232","True","13.062","2008.3","False","False"
"2026-08-06T10:49:04.4730604+08:00","14232","True","13.078","2045.7","False","False"
"2026-08-06T10:49:04.4870814+08:00","14232","True","13.078","2044.6","False","False"
"2026-08-06T10:49:04.4971168+08:00","14232","True","13.188","2040.8","False","False"
"2026-08-06T10:49:04.5051206+08:00","14232","True","13.266","2041.1","False","False"
"2026-08-06T10:49:04.5136333+08:00","14232","True","13.266","2041.4","False","False"
"2026-08-06T10:49:04.5211397+08:00","14232","True","13.688","2042.8","False","False"
"2026-08-06T10:49:04.7453046+08:00","14232","True","13.703","2109.2","False","False"
"2026-08-06T10:49:04.7508175+08:00","14232","True","13.703","2109.4","False","False"
"2026-08-06T10:49:04.7558159+08:00","14232","True","13.703","2109.8","False","False"
"2026-08-06T10:49:04.7609176+08:00","14232","True","13.719","2109.9","False","False"
"2026-08-06T10:49:04.7659188+08:00","14232","True","13.719","2110","False","False"
"2026-08-06T10:49:04.7707101+08:00","14232","True","13.719","2110.1","False","False"
"2026-08-06T10:49:04.7750487+08:00","14232","True","13.75","2110.2","False","False"
"2026-08-06T10:49:04.7793215+08:00","14232","True","13.75","2110.3","False","False"
"2026-08-06T10:49:04.7839273+08:00","14232","True","13.75","2110.3","False","False"
"2026-08-06T10:49:04.7884355+08:00","14232","True","13.75","2110.3","False","False"
"2026-08-06T10:49:04.7924599+08:00","14232","True","13.766","2110.4","False","False"
"2026-08-06T10:49:04.7968108+08:00","14232","True","13.766","2110.4","False","False"
"2026-08-06T10:49:04.8010689+08:00","14232","True","13.766","2110.4","False","False"
"2026-08-06T10:49:04.8052252+08:00","14232","True","13.828","2110","False","False"
"2026-08-06T10:49:04.8275393+08:00","14232","True","13.859","2108.6","False","False"
"2026-08-06T10:49:05.3598503+08:00","14232","True","13.859","2098.1","False","False"
"2026-08-06T10:49:05.3658531+08:00","14232","True","13.859","2098.1","False","False"
"2026-08-06T10:49:05.3703577+08:00","14232","True","13.875","2098.1","False","False"
"2026-08-06T10:49:05.3743573+08:00","14232","True","13.875","2098.1","False","False"
"2026-08-06T10:49:05.3818690+08:00","14232","True","13.875","2098.1","False","False"
"2026-08-06T10:49:05.3858707+08:00","14232","True","13.891","2098.1","False","False"
"2026-08-06T10:49:05.3910546+08:00","14232","True","13.891","2098.1","False","False"
"2026-08-06T10:49:05.3965613+08:00","14232","True","13.891","2098.1","False","False"
"2026-08-06T10:49:05.4010144+08:00","14232","True","13.906","2098.1","False","False"
"2026-08-06T10:49:05.4050136+08:00","14232","True","13.906","2098.1","False","False"
"2026-08-06T10:49:05.4085211+08:00","14232","True","13.906","2098.1","False","False"
"2026-08-06T10:49:05.4125211+08:00","14232","True","13.906","2098.1","False","False"
"2026-08-06T10:49:05.4170257+08:00","14232","True","13.922","2098.1","False","False"
"2026-08-06T10:49:05.4210259+08:00","14232","True","13.922","2098.1","False","False"
"2026-08-06T10:49:05.4250258+08:00","14232","True","13.922","2098.1","False","False"
"2026-08-06T10:49:05.4295332+08:00","14232","True","13.922","2098.1","False","False"
"2026-08-06T10:49:05.4335334+08:00","14232","True","13.938","2098.1","False","False"
"2026-08-06T10:49:05.4370371+08:00","14232","True","13.938","2098.1","False","False"
"2026-08-06T10:49:05.4410396+08:00","14232","True","13.938","2098.1","False","False"
"2026-08-06T10:49:05.4450386+08:00","14232","True","13.938","2098.1","False","False"
"2026-08-06T10:49:05.4495460+08:00","14232","True","13.953","2098.1","False","False"
"2026-08-06T10:49:05.4535451+08:00","14232","True","13.953","2098.1","False","False"
"2026-08-06T10:49:05.4580537+08:00","14232","True","13.953","2098.1","False","False"
"2026-08-06T10:49:05.4620537+08:00","14232","True","13.969","2098.1","False","False"
"2026-08-06T10:49:05.4665586+08:00","14232","True","13.969","2098.1","False","False"
"2026-08-06T10:49:05.4700700+08:00","14232","True","13.969","2098.1","False","False"
"2026-08-06T10:49:05.4750695+08:00","14232","True","13.969","2098.1","False","False"
"2026-08-06T10:49:05.4795769+08:00","14232","True","13.984","2098.1","False","False"
"2026-08-06T10:49:05.4835773+08:00","14232","True","13.984","2098.1","False","False"
"2026-08-06T10:49:05.4870821+08:00","14232","True","13.984","2098.1","False","False"
"2026-08-06T10:49:05.4910841+08:00","14232","True","13.984","2098.1","False","False"
"2026-08-06T10:49:05.4956355+08:00","14232","True","14","2098.1","False","False"
"2026-08-06T10:49:05.4991434+08:00","14232","True","14","2098.1","False","False"
"2026-08-06T10:49:05.5031440+08:00","14232","True","14","2098.1","False","False"
"2026-08-06T10:49:05.5076515+08:00","14232","True","14","2098.1","False","False"
"2026-08-06T10:49:05.5116498+08:00","14232","True","14.016","2098.1","False","False"
"2026-08-06T10:49:05.5156520+08:00","14232","True","14.016","2098.1","False","False"
"2026-08-06T10:49:05.5201581+08:00","14232","True","14.016","2098.1","False","False"
"2026-08-06T10:49:05.5241574+08:00","14232","True","14.016","2098.1","False","False"
"2026-08-06T10:49:05.5286666+08:00","14232","True","14.031","2098.1","False","False"
"2026-08-06T10:49:05.5336672+08:00","14232","True","14.031","2098.1","False","False"
"2026-08-06T10:49:05.5371733+08:00","14232","True","14.031","2098.1","False","False"
"2026-08-06T10:49:05.5411739+08:00","14232","True","14.031","2098.1","False","False"
"2026-08-06T10:49:05.5451756+08:00","14232","True","14.047","2098.1","False","False"
"2026-08-06T10:49:05.5496818+08:00","14232","True","14.047","2098.1","False","False"
"2026-08-06T10:49:05.5536837+08:00","14232","True","14.047","2098.1","False","False"
"2026-08-06T10:49:05.5571879+08:00","14232","True","14.062","2098.1","False","False"
"2026-08-06T10:49:05.5621904+08:00","14232","True","14.062","2098.1","False","False"
"2026-08-06T10:49:05.5651886+08:00","14232","True","14.062","2098.1","False","False"
"2026-08-06T10:49:05.5706965+08:00","14232","True","14.062","2098.1","False","False"
"2026-08-06T10:49:05.5739570+08:00","14232","True","14.078","2098.1","False","False"
"2026-08-06T10:49:05.5784640+08:00","14232","True","14.078","2098.1","False","False"
"2026-08-06T10:49:05.5824651+08:00","14232","True","14.078","2098.1","False","False"
"2026-08-06T10:49:05.5866256+08:00","14232","True","14.078","2098.1","False","False"
"2026-08-06T10:49:05.5906303+08:00","14232","True","14.094","2098.1","False","False"
"2026-08-06T10:49:05.5951381+08:00","14232","True","14.094","2098.1","False","False"
"2026-08-06T10:49:05.5996483+08:00","14232","True","14.094","2098.1","False","False"
"2026-08-06T10:49:05.6036463+08:00","14232","True","14.109","2098.1","False","False"
"2026-08-06T10:49:05.6081570+08:00","14232","True","14.109","2098.1","False","False"
"2026-08-06T10:49:05.6121563+08:00","14232","True","14.109","2098.1","False","False"
"2026-08-06T10:49:05.6151562+08:00","14232","True","14.109","2098.1","False","False"
"2026-08-06T10:49:05.6206660+08:00","14232","True","14.188","2098.1","False","False"
"2026-08-06T10:49:05.6246654+08:00","14232","True","14.188","2098.1","False","False"
"2026-08-06T10:49:05.6281738+08:00","14232","True","14.188","2098.1","False","False"
"2026-08-06T10:49:05.6331725+08:00","14232","True","14.188","2098.1","False","False"
"2026-08-06T10:49:05.6366742+08:00","14232","True","14.203","2098.1","False","False"
"2026-08-06T10:49:05.6406783+08:00","14232","True","14.203","2098.1","False","False"
"2026-08-06T10:49:05.6779663+08:00","14232","True","14.234","2098.1","False","False"
"2026-08-06T10:49:05.7867533+08:00","14232","True","14.375","2098.1","False","False"
"2026-08-06T10:49:05.8795528+08:00","14232","True","14.469","2098.3","False","False"
"2026-08-06T10:49:05.9886975+08:00","14232","True","14.578","2098.3","False","False"
"2026-08-06T10:49:06.0823856+08:00","14232","True","14.672","2098.3","False","False"
"2026-08-06T10:49:06.1771809+08:00","14232","True","14.938","2098.5","False","False"
"2026-08-06T10:49:06.2870185+08:00","14232","True","15.062","2099","False","False"
"2026-08-06T10:49:06.3801005+08:00","14232","True","15.109","2100.4","False","False"
"2026-08-06T10:49:06.4896193+08:00","14232","True","16.719","2053.8","False","False"
"2026-08-06T10:49:06.8874763+08:00","14232","True","17.672","2240.5","False","False"
"2026-08-06T10:49:07.6230827+08:00","14232","True","17.766","2380","False","False"
"2026-08-06T10:49:07.6950881+08:00","14232","True","17.781","2440.3","False","False"
"2026-08-06T10:49:07.7101085+08:00","14232","True","17.812","2443.9","False","False"
"2026-08-06T10:49:07.7176226+08:00","14232","True","17.906","2444.1","False","False"
"2026-08-06T10:49:07.7960241+08:00","14232","True","17.922","2452","False","False"
"2026-08-06T10:49:07.8134841+08:00","14232","True","17.922","2453.8","False","False"
"2026-08-06T10:49:07.8270703+08:00","14232","True","17.922","2453.8","False","False"
"2026-08-06T10:49:07.8320775+08:00","14232","True","17.922","2453.8","False","False"
"2026-08-06T10:49:07.8385830+08:00","14232","True","17.922","2453.8","False","False"
"2026-08-06T10:49:07.8425825+08:00","14232","True","17.922","2453.8","False","False"
"2026-08-06T10:49:07.8480762+08:00","14232","True","17.922","2453.8","False","False"
"2026-08-06T10:49:07.8530743+08:00","14232","True","17.922","2453.8","False","False"
"2026-08-06T10:49:07.8875310+08:00","14232","True","17.938","2453.8","False","False"
"2026-08-06T10:49:07.9806522+08:00","14232","True","17.938","2453.8","False","False"
"2026-08-06T10:49:08.0897826+08:00","14232","True","17.953","2453.8","False","False"
"2026-08-06T10:49:08.1816977+08:00","14232","True","17.953","2453.8","False","False"
"2026-08-06T10:49:08.2909376+08:00","14232","True","18","2461.1","False","False"
"2026-08-06T10:49:08.3846728+08:00","14232","True","18.047","2461.3","False","False"
"2026-08-06T10:49:08.4775723+08:00","14232","True","18.062","2461.3","False","False"
"2026-08-06T10:49:08.5855133+08:00","14232","True","18.078","2461.3","False","False"
"2026-08-06T10:49:08.6797310+08:00","14232","True","18.078","2461.3","False","False"
"2026-08-06T10:49:08.7888432+08:00","14232","True","18.094","2461.3","False","False"
"2026-08-06T10:49:08.8815075+08:00","14232","True","18.094","2461.3","False","False"
"2026-08-06T10:49:08.9766001+08:00","14232","True","18.094","2461.3","False","False"
"2026-08-06T10:49:09.0856348+08:00","14232","True","18.109","2461.3","False","False"
"2026-08-06T10:49:09.1774822+08:00","14232","True","18.109","2461.3","False","False"
"2026-08-06T10:49:09.2887904+08:00","14232","True","18.156","2472.9","False","False"
"2026-08-06T10:49:09.3824385+08:00","14232","True","18.859","2486.3","False","False"
"2026-08-06T10:49:09.8333021+08:00","14232","True","18.922","2492.3","False","False"
"2026-08-06T10:49:09.8599012+08:00","14232","True","18.922","2492.9","False","False"
"2026-08-06T10:49:09.8694087+08:00","14232","True","18.953","2492.9","False","False"
"2026-08-06T10:49:09.9457830+08:00","14232","True","18.953","2494.5","False","False"
"2026-08-06T10:49:09.9509047+08:00","14232","True","18.953","2494.5","False","False"
"2026-08-06T10:49:09.9904928+08:00","14232","True","18.984","2495","False","False"
"2026-08-06T10:49:10.0847816+08:00","14232","True","19.031","2497.2","False","False"
"2026-08-06T10:49:10.1780047+08:00","14232","True","19.141","2499.3","False","False"
"2026-08-06T10:49:10.2877539+08:00","14232","True","19.328","2499.9","False","False"
"2026-08-06T10:49:10.3808724+08:00","14232","True","19.391","2499.9","False","False"
"2026-08-06T10:49:10.4900324+08:00","14232","True","19.562","2499.9","False","False"
"2026-08-06T10:49:10.5825888+08:00","14232","True","19.719","2507.2","False","False"
"2026-08-06T10:49:10.6778306+08:00","14232","True","19.797","2518.4","False","False"
"2026-08-06T10:49:10.7849571+08:00","14232","True","19.969","2524.9","False","False"
"2026-08-06T10:49:10.8787893+08:00","14232","True","20.047","2525.7","False","False"
"2026-08-06T10:49:10.9865872+08:00","14232","True","20.109","2525.9","False","False"
"2026-08-06T10:49:11.0823499+08:00","14232","True","20.141","2525.9","False","False"
"2026-08-06T10:49:11.1766863+08:00","14232","True","20.234","2526.5","False","False"
"2026-08-06T10:49:11.2836470+08:00","14232","True","20.328","2526.5","False","False"
"2026-08-06T10:49:11.3927421+08:00","14232","True","20.391","2526.5","False","False"
"2026-08-06T10:49:11.4876165+08:00","14232","True","20.406","2526.5","False","False"
"2026-08-06T10:49:11.5813582+08:00","14232","True","20.406","2526.5","False","False"
"2026-08-06T10:49:11.6897812+08:00","14232","True","20.422","2526.5","False","False"
"2026-08-06T10:49:11.7848915+08:00","14232","True","20.5","2526.7","False","False"
"2026-08-06T10:49:11.8784345+08:00","14232","True","20.5","2526.7","False","False"
"2026-08-06T10:49:11.9855632+08:00","14232","True","20.5","2526.7","False","False"
"2026-08-06T10:49:12.0803745+08:00","14232","True","20.531","2526.8","False","False"
"2026-08-06T10:49:12.1903397+08:00","14232","True","20.578","2535.5","False","False"
"2026-08-06T10:49:12.2844270+08:00","14232","True","20.688","2535.7","False","False"
"2026-08-06T10:49:12.3774439+08:00","14232","True","20.719","2535.8","False","False"
"2026-08-06T10:49:12.5015374+08:00","14232","True","20.75","2535.8","False","False"
"2026-08-06T10:49:12.5947946+08:00","14232","True","20.75","2535.8","False","False"
"2026-08-06T10:49:12.6895208+08:00","14232","True","20.766","2535.9","False","False"
"2026-08-06T10:49:12.7833342+08:00","14232","True","20.828","2537.4","False","False"
"2026-08-06T10:49:12.8923553+08:00","14232","True","20.922","2538.1","False","False"
"2026-08-06T10:49:13.0009583+08:00","14232","True","21.047","2538.1","False","False"
"2026-08-06T10:49:13.0945243+08:00","14232","True","21.062","2538.1","False","False"
"2026-08-06T10:49:13.1873738+08:00","14232","True","21.094","2538.1","False","False"
"2026-08-06T10:49:13.2962934+08:00","14232","True","21.234","2538.1","False","False"
"2026-08-06T10:49:13.3886785+08:00","14232","True","21.234","2538.1","False","False"
"2026-08-06T10:49:13.4999609+08:00","14232","True","21.328","2538.3","False","False"
"2026-08-06T10:49:13.5765893+08:00","14232","True","21.344","2538.3","False","False"
"2026-08-06T10:49:13.6854749+08:00","14232","True","21.344","2538.4","False","False"
"2026-08-06T10:49:13.7928885+08:00","14232","True","21.344","2538.5","False","False"
"2026-08-06T10:49:13.8877738+08:00","14232","True","21.484","2540.9","False","False"
"2026-08-06T10:49:13.9977111+08:00","14232","True","21.547","2541","False","False"
"2026-08-06T10:49:14.0921448+08:00","14232","True","21.562","2541","False","False"
"2026-08-06T10:49:14.1864152+08:00","14232","True","21.656","2541","False","False"
"2026-08-06T10:49:14.2944324+08:00","14232","True","21.656","2541","False","False"
"2026-08-06T10:49:14.3893663+08:00","14232","True","21.719","2541","False","False"
"2026-08-06T10:49:14.4994000+08:00","14232","True","21.75","2541.1","False","False"
"2026-08-06T10:49:14.5937464+08:00","14232","True","21.781","2541.1","False","False"
"2026-08-06T10:49:14.6875100+08:00","14232","True","21.781","2541.1","False","False"
"2026-08-06T10:49:14.7987708+08:00","14232","True","21.781","2541.1","False","False"
"2026-08-06T10:49:14.8905416+08:00","14232","True","21.812","2541.1","False","False"
"2026-08-06T10:49:14.9996238+08:00","14232","True","21.828","2541.1","False","False"
"2026-08-06T10:49:15.0923919+08:00","14232","True","21.828","2541.1","False","False"
"2026-08-06T10:49:15.1864042+08:00","14232","True","21.828","2541.1","False","False"
"2026-08-06T10:49:15.2948177+08:00","14232","True","21.859","2541.1","False","False"
"2026-08-06T10:49:15.3885336+08:00","14232","True","21.906","2541.2","False","False"
"2026-08-06T10:49:15.5006428+08:00","14232","True","21.984","2541.2","False","False"
"2026-08-06T10:49:15.5949490+08:00","14232","True","22.109","2541.2","False","False"
"2026-08-06T10:49:15.6874564+08:00","14232","True","22.172","2541.2","False","False"
"2026-08-06T10:49:15.7985012+08:00","14232","True","22.219","2541.2","False","False"
"2026-08-06T10:49:15.8923794+08:00","14232","True","22.234","2541.2","False","False"
"2026-08-06T10:49:15.9876545+08:00","14232","True","22.234","2541.2","False","False"
"2026-08-06T10:49:16.0833434+08:00","14232","True","22.234","2541.2","False","False"
"2026-08-06T10:49:16.1783934+08:00","14232","True","22.281","2541.2","False","False"
"2026-08-06T10:49:16.2873638+08:00","14232","True","22.281","2541.2","False","False"
"2026-08-06T10:49:16.3810627+08:00","14232","True","22.281","2541.2","False","False"
"2026-08-06T10:49:16.4764114+08:00","14232","True","22.281","2541.2","False","False"
"2026-08-06T10:49:16.5845608+08:00","14232","True","22.281","2541.2","False","False"
"2026-08-06T10:49:16.6776517+08:00","14232","True","22.281","2541.2","False","False"
"2026-08-06T10:49:16.7876838+08:00","14232","True","22.328","2540.8","False","False"
"2026-08-06T10:49:16.8823401+08:00","14232","True","26.062","2540.4","False","False"
"2026-08-06T10:49:18.0373026+08:00","14232","False","31.156","2540.4","False","False"
"2026-08-06T10:49:23.0466840+08:00","14232","False","31.156","2475.1","False","False"
"2026-08-06T10:49:23.0516870+08:00","14232","False","31.156","2475.1","False","False"
"2026-08-06T10:49:23.0561957+08:00","14232","False","31.172","2475.1","False","False"
"2026-08-06T10:49:23.0602518+08:00","14232","False","31.172","2475.1","False","False"
"2026-08-06T10:49:23.0642511+08:00","14232","False","31.172","2475.1","False","False"
"2026-08-06T10:49:23.0692931+08:00","14232","False","31.172","2475.1","False","False"
"2026-08-06T10:49:23.0732929+08:00","14232","False","31.188","2475.1","False","False"
"2026-08-06T10:49:23.0774536+08:00","14232","False","31.188","2475.1","False","False"
"2026-08-06T10:49:23.0814560+08:00","14232","False","31.188","2475.1","False","False"
"2026-08-06T10:49:23.0854564+08:00","14232","False","31.188","2475.1","False","False"
"2026-08-06T10:49:23.0895416+08:00","14232","False","31.203","2475.1","False","False"
"2026-08-06T10:49:23.0945412+08:00","14232","False","31.203","2475.1","False","False"
"2026-08-06T10:49:23.0990489+08:00","14232","False","31.203","2475.1","False","False"
"2026-08-06T10:49:23.1030490+08:00","14232","False","31.219","2475.1","False","False"
"2026-08-06T10:49:23.1071020+08:00","14232","False","31.219","2475.1","False","False"
"2026-08-06T10:49:23.1121050+08:00","14232","False","31.219","2475.1","False","False"
"2026-08-06T10:49:23.1161043+08:00","14232","False","31.219","2475.1","False","False"
"2026-08-06T10:49:23.1202456+08:00","14232","False","31.234","2475.1","False","False"
"2026-08-06T10:49:23.1242457+08:00","14232","False","31.234","2475.1","False","False"
"2026-08-06T10:49:23.1284444+08:00","14232","False","31.234","2475.1","False","False"
"2026-08-06T10:49:23.1331233+08:00","14232","False","31.234","2475.1","False","False"
"2026-08-06T10:49:23.1366250+08:00","14232","False","31.25","2475.1","False","False"
"2026-08-06T10:49:23.1406295+08:00","14232","False","31.25","2475.1","False","False"
"2026-08-06T10:49:23.1446294+08:00","14232","False","31.25","2475.1","False","False"
"2026-08-06T10:49:23.1491353+08:00","14232","False","31.25","2475.1","False","False"
"2026-08-06T10:49:23.1531351+08:00","14232","False","31.266","2475.1","False","False"
"2026-08-06T10:49:23.1576417+08:00","14232","False","31.266","2475.1","False","False"
"2026-08-06T10:49:23.1626419+08:00","14232","False","31.266","2475.1","False","False"
"2026-08-06T10:49:23.1661444+08:00","14232","False","31.281","2475.1","False","False"
"2026-08-06T10:49:23.1711477+08:00","14232","False","31.281","2475.1","False","False"
"2026-08-06T10:49:23.1751475+08:00","14232","False","31.281","2475.1","False","False"
"2026-08-06T10:49:23.1792018+08:00","14232","False","31.281","2475.1","False","False"
"2026-08-06T10:49:23.1842026+08:00","14232","False","31.297","2475.1","False","False"
"2026-08-06T10:49:23.1882222+08:00","14232","False","31.297","2475.1","False","False"
"2026-08-06T10:49:23.1932248+08:00","14232","False","31.297","2475.1","False","False"
"2026-08-06T10:49:23.1977300+08:00","14232","False","31.312","2475.1","False","False"
"2026-08-06T10:49:23.2017297+08:00","14232","False","31.312","2475.1","False","False"
"2026-08-06T10:49:23.2047298+08:00","14232","False","31.312","2475.1","False","False"
"2026-08-06T10:49:23.2092360+08:00","14232","False","31.312","2475.1","False","False"
"2026-08-06T10:49:23.2135219+08:00","14232","False","31.328","2475.1","False","False"
"2026-08-06T10:49:23.2180277+08:00","14232","False","31.328","2475.1","False","False"
"2026-08-06T10:49:23.2220270+08:00","14232","False","31.328","2475.1","False","False"
"2026-08-06T10:49:23.2260272+08:00","14232","False","31.328","2475.1","False","False"
"2026-08-06T10:49:23.2295346+08:00","14232","False","31.344","2475.1","False","False"
"2026-08-06T10:49:23.2345343+08:00","14232","False","31.344","2475.1","False","False"
"2026-08-06T10:49:23.2380407+08:00","14232","False","31.344","2475.1","False","False"
"2026-08-06T10:49:23.2420399+08:00","14232","False","31.344","2475.2","False","False"
"2026-08-06T10:49:23.2475437+08:00","14232","False","31.375","2476.8","False","False"
"2026-08-06T10:49:23.2520350+08:00","14232","False","31.375","2476.8","False","False"
"2026-08-06T10:49:23.2601540+08:00","14232","True","31.391","2540.6","False","False"
"2026-08-06T10:49:23.2651542+08:00","14232","True","31.406","2541","False","False"
"2026-08-06T10:49:23.3475148+08:00","14232","True","31.438","2541.3","False","False"
"2026-08-06T10:49:23.3680097+08:00","14232","True","31.438","2541.7","False","False"
"2026-08-06T10:49:23.3730088+08:00","14232","True","31.438","2541.7","False","False"
"2026-08-06T10:49:23.3781515+08:00","14232","True","31.438","2541.7","False","False"
"2026-08-06T10:49:23.3821518+08:00","14232","True","31.438","2541.7","False","False"
"2026-08-06T10:49:23.3861517+08:00","14232","True","31.453","2541.7","False","False"
"2026-08-06T10:49:23.3905239+08:00","14232","True","31.453","2541.7","False","False"
"2026-08-06T10:49:23.3945242+08:00","14232","True","31.453","2541.7","False","False"
"2026-08-06T10:49:23.4000300+08:00","14232","True","31.453","2541.7","False","False"
"2026-08-06T10:49:23.4040302+08:00","14232","True","31.453","2541.7","False","False"
"2026-08-06T10:49:23.4085386+08:00","14232","True","31.453","2541.7","False","False"
"2026-08-06T10:49:23.4124965+08:00","14232","True","31.453","2541.7","False","False"
"2026-08-06T10:49:23.4164958+08:00","14232","True","31.453","2541.7","False","False"
"2026-08-06T10:49:23.4845238+08:00","14232","True","31.484","2541.7","False","False"
"2026-08-06T10:49:23.5936584+08:00","14232","True","31.531","2541.7","False","False"
"2026-08-06T10:49:23.6854785+08:00","14232","True","31.531","2541.7","False","False"
"2026-08-06T10:49:23.7932723+08:00","14232","True","31.531","2541.7","False","False"
"2026-08-06T10:49:23.8875214+08:00","14232","True","31.547","2541.7","False","False"
"2026-08-06T10:49:23.9816843+08:00","14232","True","31.562","2541.7","False","False"
"2026-08-06T10:49:24.0900329+08:00","14232","True","31.594","2541.7","False","False"
"2026-08-06T10:49:24.1839584+08:00","14232","True","31.672","2541.7","False","False"
"2026-08-06T10:49:24.2780834+08:00","14232","True","31.953","2541.8","False","False"
"2026-08-06T10:49:24.3884321+08:00","14232","True","32.281","2543.8","False","False"
"2026-08-06T10:49:24.4993923+08:00","14232","True","32.359","2543.9","False","False"
"2026-08-06T10:49:24.5941791+08:00","14232","True","32.359","2543.9","False","False"
"2026-08-06T10:49:24.6870679+08:00","14232","True","32.375","2543.9","False","False"
"2026-08-06T10:49:24.7976060+08:00","14232","True","32.5","2543.9","False","False"
"2026-08-06T10:49:24.8912202+08:00","14232","True","32.594","2543.9","False","False"
"2026-08-06T10:49:25.0012577+08:00","14232","True","32.641","2543.9","False","False"
"2026-08-06T10:49:25.0935905+08:00","14232","True","32.641","2543.9","False","False"
"2026-08-06T10:49:25.1862189+08:00","14232","True","32.641","2543.9","False","False"
"2026-08-06T10:49:25.2942442+08:00","14232","True","32.641","2543.9","False","False"
"2026-08-06T10:49:25.3879920+08:00","14232","True","32.656","2543.9","False","False"
"2026-08-06T10:49:25.4982785+08:00","14232","True","32.656","2543.9","False","False"
"2026-08-06T10:49:25.5912621+08:00","14232","True","32.656","2543.9","False","False"
"2026-08-06T10:49:25.6851664+08:00","14232","True","32.672","2543.9","False","False"
"2026-08-06T10:49:25.7949851+08:00","14232","True","32.797","2543.9","False","False"
"2026-08-06T10:49:25.8890280+08:00","14232","True","32.797","2543.9","False","False"
"2026-08-06T10:49:25.9832965+08:00","14232","True","32.797","2543.9","False","False"
"2026-08-06T10:49:26.0933500+08:00","14232","True","32.812","2543.9","False","False"
"2026-08-06T10:49:26.1862132+08:00","14232","True","32.812","2543.9","False","False"
"2026-08-06T10:49:26.2950724+08:00","14232","True","32.812","2543.9","False","False"
"2026-08-06T10:49:26.3872417+08:00","14232","True","32.828","2543.9","False","False"
"2026-08-06T10:49:26.4971406+08:00","14232","True","32.828","2543.9","False","False"
"2026-08-06T10:49:26.5910909+08:00","14232","True","32.844","2543.9","False","False"
"2026-08-06T10:49:26.6831859+08:00","14232","True","32.859","2543.9","False","False"
"2026-08-06T10:49:26.7935248+08:00","14232","True","32.859","2543.9","False","False"
"2026-08-06T10:49:26.8872466+08:00","14232","True","32.859","2543.9","False","False"
"2026-08-06T10:49:26.9972289+08:00","14232","True","32.859","2543.9","False","False"
"2026-08-06T10:49:27.0896251+08:00","14232","True","32.859","2543.9","False","False"
"2026-08-06T10:49:27.1832440+08:00","14232","True","32.859","2543.9","False","False"
"2026-08-06T10:49:27.2788237+08:00","14232","True","32.859","2543.6","False","False"
"2026-08-06T10:49:27.3872530+08:00","14232","True","32.859","2542.4","False","False"
"2026-08-06T10:49:27.4801158+08:00","14232","True","32.906","2542.4","False","False"
"2026-08-06T10:49:27.5885731+08:00","14232","True","32.906","2542.4","False","False"
"2026-08-06T10:49:27.6831874+08:00","14232","True","32.906","2542.4","False","False"
"2026-08-06T10:49:27.7916826+08:00","14232","True","32.906","2542.4","False","False"
"2026-08-06T10:49:27.8841114+08:00","14232","True","32.906","2542.4","False","False"
"2026-08-06T10:49:27.9772988+08:00","14232","True","32.906","2542.4","False","False"
"2026-08-06T10:49:28.0879116+08:00","14232","True","32.906","2542.4","False","False"
"2026-08-06T10:49:28.1829888+08:00","14232","True","32.938","2542.4","False","False"
"2026-08-06T10:49:28.2761063+08:00","14232","True","32.938","2542.4","False","False"
"2026-08-06T10:49:28.3853127+08:00","14232","True","32.953","2542.4","False","False"
"2026-08-06T10:49:28.4793173+08:00","14232","True","32.953","2542.4","False","False"
"2026-08-06T10:49:28.5890358+08:00","14232","True","32.953","2542.4","False","False"
"2026-08-06T10:49:28.6832986+08:00","14232","True","32.953","2542.4","False","False"
"2026-08-06T10:49:28.7758983+08:00","14232","True","32.984","2542.4","False","False"
"2026-08-06T10:49:28.8852819+08:00","14232","True","32.984","2542.4","False","False"
"2026-08-06T10:49:28.9790976+08:00","14232","True","32.984","2542.4","False","False"
"2026-08-06T10:49:29.0886950+08:00","14232","True","32.984","2542.4","False","False"
"2026-08-06T10:49:29.1813029+08:00","14232","True","32.984","2542.4","False","False"
"2026-08-06T10:49:29.2903275+08:00","14232","True","32.984","2542.4","False","False"
"2026-08-06T10:49:29.3833385+08:00","14232","True","32.984","2542.4","False","False"
"2026-08-06T10:49:29.4789966+08:00","14232","True","32.984","2542.4","False","False"
"2026-08-06T10:49:29.5870105+08:00","14232","True","32.984","2542.4","False","False"
"2026-08-06T10:49:29.6808870+08:00","14232","True","32.984","2542.4","False","False"
"2026-08-06T10:49:29.7754990+08:00","14232","True","32.984","2542.4","False","False"
"2026-08-06T10:49:29.8842484+08:00","14232","True","32.984","2542.4","False","False"
"2026-08-06T10:49:29.9794857+08:00","14232","True","32.984","2542.4","False","False"
"2026-08-06T10:49:30.0901791+08:00","14232","True","32.984","2542.4","False","False"
"2026-08-06T10:49:30.1834454+08:00","14232","True","33","2542.4","False","False"
"2026-08-06T10:49:30.2920608+08:00","14232","True","33","2542.4","False","False"
"2026-08-06T10:49:30.3846977+08:00","14232","True","33","2542.4","False","False"
"2026-08-06T10:49:30.4923062+08:00","14232","True","33","2542.4","False","False"
"2026-08-06T10:49:30.5861121+08:00","14232","True","33","2542.4","False","False"
"2026-08-06T10:49:30.6792168+08:00","14232","True","33.016","2542.4","False","False"
"2026-08-06T10:49:30.7870165+08:00","14232","True","33.031","2542.4","False","False"
"2026-08-06T10:49:30.8808438+08:00","14232","True","33.031","2542.4","False","False"
"2026-08-06T10:49:30.9903860+08:00","14232","True","33.031","2542.4","False","False"
"2026-08-06T10:49:31.0849502+08:00","14232","True","33.031","2542.4","False","False"
"2026-08-06T10:49:31.1772573+08:00","14232","True","33.047","2542.4","False","False"
"2026-08-06T10:49:31.2867093+08:00","14232","True","33.047","2542.4","False","False"
"2026-08-06T10:49:31.3806932+08:00","14232","True","33.047","2542.4","False","False"
"2026-08-06T10:49:31.4901009+08:00","14232","True","33.047","2542.4","False","False"
"2026-08-06T10:49:31.5827102+08:00","14232","True","33.047","2542.4","False","False"
"2026-08-06T10:49:31.6899854+08:00","14232","True","33.062","2542.4","False","False"
"2026-08-06T10:49:31.7838932+08:00","14232","True","33.062","2542.4","False","False"
"2026-08-06T10:49:31.8789032+08:00","14232","True","33.078","2542.4","False","False"
"2026-08-06T10:49:31.9876161+08:00","14232","True","33.078","2542.4","False","False"
"2026-08-06T10:49:32.0822365+08:00","14232","True","33.078","2542.4","False","False"
"2026-08-06T10:49:32.1908780+08:00","14232","True","33.078","2542.4","False","False"
"2026-08-06T10:49:32.2858830+08:00","14232","True","33.078","2542.4","False","False"
"2026-08-06T10:49:32.3788153+08:00","14232","True","33.078","2542.4","False","False"
"2026-08-06T10:49:32.4902256+08:00","14232","True","33.078","2542.4","False","False"
"2026-08-06T10:49:32.5851497+08:00","14232","True","33.078","2542.4","False","False"
"2026-08-06T10:49:32.6788887+08:00","14232","True","33.078","2542.4","False","False"
"2026-08-06T10:49:32.7881937+08:00","14232","True","33.078","2542.4","False","False"
"2026-08-06T10:49:32.8821587+08:00","14232","True","33.078","2542.4","False","False"
"2026-08-06T10:49:32.9770006+08:00","14232","True","33.078","2542.4","False","False"
"2026-08-06T10:49:33.0850973+08:00","14232","True","33.078","2542.4","False","False"
"2026-08-06T10:49:33.1779507+08:00","14232","True","33.078","2542.4","False","False"
"2026-08-06T10:49:33.2865635+08:00","14232","True","33.078","2542.4","False","False"
"2026-08-06T10:49:33.3801573+08:00","14232","True","33.094","2478.5","False","False"
"2026-08-06T10:49:33.4880239+08:00","14232","True","33.094","2478.5","False","False"
"2026-08-06T10:49:33.5816599+08:00","14232","True","33.094","2478.5","False","False"
"2026-08-06T10:49:33.6902349+08:00","14232","True","33.094","2478.5","False","False"
"2026-08-06T10:49:33.7849217+08:00","14232","True","33.094","2478.5","False","False"
"2026-08-06T10:49:33.8791964+08:00","14232","True","33.094","2478.5","False","False"
"2026-08-06T10:49:33.9887459+08:00","14232","True","33.094","2478.5","False","False"
"2026-08-06T10:49:34.0829601+08:00","14232","True","33.094","2478.5","False","False"
"2026-08-06T10:49:34.1779709+08:00","14232","True","33.109","2478.5","False","False"
"2026-08-06T10:49:34.2860564+08:00","14232","True","33.109","2478.5","False","False"
"2026-08-06T10:49:34.3796589+08:00","14232","True","33.109","2478.5","False","False"
"2026-08-06T10:49:34.4869209+08:00","14232","True","33.109","2478.5","False","False"
"2026-08-06T10:49:34.5817537+08:00","14232","True","33.109","2478.5","False","False"
"2026-08-06T10:49:34.6903480+08:00","14232","True","33.109","2478.5","False","False"
"2026-08-06T10:49:34.7988013+08:00","14232","True","33.109","2478.5","False","False"
"2026-08-06T10:49:34.8911416+08:00","14232","True","33.109","2478.5","False","False"
"2026-08-06T10:49:34.9999005+08:00","14232","True","33.109","2478.5","False","False"
"2026-08-06T10:49:35.0950170+08:00","14232","True","33.109","2478.5","False","False"
"2026-08-06T10:49:35.1881245+08:00","14232","True","33.109","2478.5","False","False"
"2026-08-06T10:49:35.2958956+08:00","14232","True","33.109","2478.5","False","False"
"2026-08-06T10:49:35.3886602+08:00","14232","True","33.109","2478.5","False","False"
"2026-08-06T10:49:35.4982806+08:00","14232","True","33.109","2478.5","False","False"
"2026-08-06T10:49:35.5911741+08:00","14232","True","33.109","2478.5","False","False"
"2026-08-06T10:49:35.6998461+08:00","14232","True","33.109","2478.5","False","False"
"2026-08-06T10:49:35.7938654+08:00","14232","True","33.109","2478.5","False","False"
"2026-08-06T10:49:35.8874620+08:00","14232","True","33.109","2478.5","False","False"
"2026-08-06T10:49:35.9974277+08:00","14232","True","33.109","2478.5","False","False"
"2026-08-06T10:49:36.0906151+08:00","14232","True","33.109","2478.5","False","False"
"2026-08-06T10:49:36.1999285+08:00","14232","True","33.109","2478.5","False","False"
"2026-08-06T10:49:36.2779198+08:00","14232","True","33.109","2478.5","False","False"
"2026-08-06T10:49:36.3881080+08:00","14232","True","33.125","2478.5","False","False"
"2026-08-06T10:49:36.4981449+08:00","14232","True","33.125","2478.4","False","False"
"2026-08-06T10:49:36.5911742+08:00","14232","True","33.156","2477.8","False","False"
"2026-08-06T10:49:36.6864917+08:00","14232","True","33.156","2477.8","False","False"
"2026-08-06T10:49:36.7944836+08:00","14232","True","33.172","2477.8","False","False"
"2026-08-06T10:49:36.8858625+08:00","14232","True","33.172","2477.8","False","False"
"2026-08-06T10:49:36.9791122+08:00","14232","True","33.172","2477.8","False","False"
"2026-08-06T10:49:37.0890296+08:00","14232","True","33.203","2477.8","False","False"
"2026-08-06T10:49:37.1817501+08:00","14232","True","33.203","2477.8","False","False"
"2026-08-06T10:49:37.2766733+08:00","14232","True","33.203","2477.8","False","False"
"2026-08-06T10:49:37.3869462+08:00","14232","True","33.203","2477.8","False","False"
"2026-08-06T10:49:37.4973127+08:00","14232","True","33.203","2477.8","False","False"
"2026-08-06T10:49:37.5920005+08:00","14232","True","33.203","2477.8","False","False"
"2026-08-06T10:49:37.6857016+08:00","14232","True","33.203","2477.8","False","False"
"2026-08-06T10:49:37.7939217+08:00","14232","True","33.203","2477.8","False","False"
"2026-08-06T10:49:37.8879013+08:00","14232","True","33.203","2477.8","False","False"
"2026-08-06T10:49:37.9971390+08:00","14232","True","33.203","2477.8","False","False"
"2026-08-06T10:49:38.0757319+08:00","14232","True","33.203","2477.8","False","False"
"2026-08-06T10:49:38.2029156+08:00","14232","True","33.203","2477.8","False","False"
"2026-08-06T10:49:38.2970382+08:00","14232","True","33.203","2477.8","False","False"
"2026-08-06T10:49:38.3908195+08:00","14232","True","33.203","2477.8","False","False"
"2026-08-06T10:49:38.4833372+08:00","14232","True","33.203","2477.8","False","False"
"2026-08-06T10:49:38.5928932+08:00","14232","True","33.203","2477.8","False","False"
"2026-08-06T10:49:38.6850718+08:00","14232","True","33.266","2477.8","False","False"
"2026-08-06T10:49:38.7945811+08:00","14232","True","33.297","2477.8","False","False"
"2026-08-06T10:49:38.8887558+08:00","14232","True","33.359","2477.8","False","False"
"2026-08-06T10:49:38.9966276+08:00","14232","True","33.359","2477.8","False","False"
"2026-08-06T10:49:39.0900134+08:00","14232","True","33.359","2477.8","False","False"
"2026-08-06T10:49:39.1993287+08:00","14232","True","33.359","2477.8","False","False"
"2026-08-06T10:49:39.2774570+08:00","14232","True","33.359","2477.8","False","False"
"2026-08-06T10:49:39.3866736+08:00","14232","True","33.375","2477.8","False","False"
"2026-08-06T10:49:39.4959520+08:00","14232","True","33.375","2477.8","False","False"
"2026-08-06T10:49:39.5888277+08:00","14232","True","33.375","2477.8","False","False"
"2026-08-06T10:49:39.6980332+08:00","14232","True","33.375","2477.8","False","False"
"2026-08-06T10:49:39.7909768+08:00","14232","True","33.391","2477.8","False","False"
"2026-08-06T10:49:39.8858053+08:00","14232","True","33.391","2477.8","False","False"
"2026-08-06T10:49:39.9795614+08:00","14232","True","33.391","2477.8","False","False"
"2026-08-06T10:49:40.0890226+08:00","14232","True","33.391","2477.8","False","False"
"2026-08-06T10:49:40.1847077+08:00","14232","True","33.391","2477.8","False","False"
"2026-08-06T10:49:40.2797499+08:00","14232","True","33.391","2477.8","False","False"
"2026-08-06T10:49:40.3911204+08:00","14232","True","33.391","2477.8","False","False"
"2026-08-06T10:49:40.4999523+08:00","14232","True","33.391","2477.8","False","False"
"2026-08-06T10:49:40.5937828+08:00","14232","True","33.391","2477.8","False","False"
"2026-08-06T10:49:40.6866727+08:00","14232","True","33.406","2477.8","False","False"
"2026-08-06T10:49:40.7948130+08:00","14232","True","33.438","2477.8","False","False"
"2026-08-06T10:49:40.8870856+08:00","14232","True","33.453","2477.8","False","False"
"2026-08-06T10:49:40.9804749+08:00","14232","True","33.453","2477.8","False","False"
"2026-08-06T10:49:41.0899041+08:00","14232","True","33.453","2477.8","False","False"
"2026-08-06T10:49:41.1824966+08:00","14232","True","33.469","2477.8","False","False"
"2026-08-06T10:49:41.2756200+08:00","14232","True","33.469","2477.8","False","False"
"2026-08-06T10:49:41.3855783+08:00","14232","True","33.484","2477.8","False","False"
"2026-08-06T10:49:41.4957653+08:00","14232","True","33.688","2477.8","False","False"
"2026-08-06T10:49:41.5900238+08:00","14232","True","33.828","2477.9","False","False"
"2026-08-06T10:49:41.6839367+08:00","14232","True","34.094","2543.4","False","False"
"2026-08-06T10:49:41.7933631+08:00","14232","True","34.234","2543.4","False","False"
"2026-08-06T10:49:41.8871336+08:00","14232","True","34.406","2543.4","False","False"
"2026-08-06T10:49:41.9799249+08:00","14232","True","34.641","2543.5","False","False"
"2026-08-06T10:49:42.0890792+08:00","14232","True","34.812","2543.6","False","False"
"2026-08-06T10:49:42.1830400+08:00","14232","True","35","2543.6","False","False"
"2026-08-06T10:49:42.2767440+08:00","14232","True","35.016","2543.6","False","False"
"2026-08-06T10:49:42.3855582+08:00","14232","True","35.094","2543.6","False","False"
"2026-08-06T10:49:42.4791142+08:00","14232","True","35.203","2543.6","False","False"
"2026-08-06T10:49:42.5893871+08:00","14232","True","35.312","2543.6","False","False"
"2026-08-06T10:49:42.6839570+08:00","14232","True","35.375","2543.6","False","False"
"2026-08-06T10:49:42.7936103+08:00","14232","True","35.438","2543.6","False","False"
"2026-08-06T10:49:42.8858840+08:00","14232","True","35.438","2543.6","False","False"
"2026-08-06T10:49:42.9796845+08:00","14232","True","35.438","2543.6","False","False"
"2026-08-06T10:49:43.0892978+08:00","14232","True","35.438","2543.6","False","False"
"2026-08-06T10:49:43.1822729+08:00","14232","True","35.438","2543.6","False","False"
"2026-08-06T10:49:43.2906128+08:00","14232","True","35.438","2543.6","False","False"
"2026-08-06T10:49:43.3844681+08:00","14232","True","35.438","2543.6","False","False"
"2026-08-06T10:49:43.4785584+08:00","14232","True","35.562","2543.7","False","False"
"2026-08-06T10:49:43.5883393+08:00","14232","True","35.578","2543.7","False","False"
"2026-08-06T10:49:43.6808439+08:00","14232","True","35.641","2543.7","False","False"
"2026-08-06T10:49:43.7909564+08:00","14232","True","35.656","2543.7","False","False"
"2026-08-06T10:49:43.8842481+08:00","14232","True","35.672","2543.7","False","False"
"2026-08-06T10:49:43.9787555+08:00","14232","True","35.688","2543.7","False","False"
"2026-08-06T10:49:44.0869484+08:00","14232","True","35.688","2543.7","False","False"
"2026-08-06T10:49:44.1798576+08:00","14232","True","35.688","2543.7","False","False"
"2026-08-06T10:49:44.2888191+08:00","14232","True","35.703","2543.7","False","False"
"2026-08-06T10:49:44.3817151+08:00","14232","True","35.703","2543.7","False","False"
"2026-08-06T10:49:44.4907955+08:00","14232","True","35.781","2543.7","False","False"
"2026-08-06T10:49:44.5844387+08:00","14232","True","35.844","2543.7","False","False"
"2026-08-06T10:49:44.6784877+08:00","14232","True","35.859","2543.7","False","False"
"2026-08-06T10:49:44.7886669+08:00","14232","True","35.922","2543.7","False","False"
"2026-08-06T10:49:44.8806441+08:00","14232","True","35.969","2543.7","False","False"
"2026-08-06T10:49:44.9909514+08:00","14232","True","36.016","2543.7","False","False"
"2026-08-06T10:49:45.0845496+08:00","14232","True","36.031","2543.7","False","False"
"2026-08-06T10:49:45.1773959+08:00","14232","True","36.047","2543.7","False","False"
"2026-08-06T10:49:45.2876801+08:00","14232","True","36.047","2543.7","False","False"
"2026-08-06T10:49:45.3797957+08:00","14232","True","36.094","2543.7","False","False"
"2026-08-06T10:49:45.4894530+08:00","14232","True","36.203","2543.7","False","False"
"2026-08-06T10:49:45.5827231+08:00","14232","True","36.375","2543.7","False","False"
"2026-08-06T10:49:45.6907819+08:00","14232","True","36.453","2543.7","False","False"
"2026-08-06T10:49:45.7857465+08:00","14232","True","36.453","2543.7","False","False"
"2026-08-06T10:49:45.8795583+08:00","14232","True","36.484","2543.7","False","False"
"2026-08-06T10:49:45.9890885+08:00","14232","True","36.641","2543.8","False","False"
"2026-08-06T10:49:46.0825481+08:00","14232","True","36.828","2543.8","False","False"
"2026-08-06T10:49:46.1919476+08:00","14232","True","36.953","2543.9","False","False"
"2026-08-06T10:49:46.2855408+08:00","14232","True","37.094","2544","False","False"
"2026-08-06T10:49:46.3927709+08:00","14232","True","37.172","2544.4","False","False"
"2026-08-06T10:49:46.4884087+08:00","14232","True","37.219","2544.6","False","False"
"2026-08-06T10:49:46.5814863+08:00","14232","True","37.234","2544.6","False","False"
"2026-08-06T10:49:46.6914027+08:00","14232","True","37.25","2544.6","False","False"
"2026-08-06T10:49:46.7875286+08:00","14232","True","37.266","2544.6","False","False"
"2026-08-06T10:49:46.8806424+08:00","14232","True","37.266","2544.6","False","False"
"2026-08-06T10:49:46.9879544+08:00","14232","True","37.266","2544.6","False","False"
"2026-08-06T10:49:47.0824674+08:00","14232","True","37.266","2544.6","False","False"
"2026-08-06T10:49:47.1765720+08:00","14232","True","37.281","2544.6","False","False"
"2026-08-06T10:49:47.2836594+08:00","14232","True","37.281","2544.6","False","False"
"2026-08-06T10:49:47.3923368+08:00","14232","True","37.297","2544.6","False","False"
"2026-08-06T10:49:47.4857061+08:00","14232","True","37.312","2544.6","False","False"
"2026-08-06T10:49:47.5954528+08:00","14232","True","37.328","2544.1","False","False"
"2026-08-06T10:49:47.6904457+08:00","14232","True","37.328","2544.1","False","False"
"2026-08-06T10:49:47.7982504+08:00","14232","True","37.391","2544.1","False","False"
"2026-08-06T10:49:47.8907227+08:00","14232","True","37.406","2544.1","False","False"
"2026-08-06T10:49:48.0009750+08:00","14232","True","37.406","2544.1","False","False"
"2026-08-06T10:49:48.0954110+08:00","14232","True","37.469","2544.1","False","False"
"2026-08-06T10:49:48.1899339+08:00","14232","True","37.516","2544.1","False","False"
"2026-08-06T10:49:48.2834392+08:00","14232","True","37.531","2544.1","False","False"
"2026-08-06T10:49:48.3784581+08:00","14232","True","37.562","2544.1","False","False"
"2026-08-06T10:49:48.4867908+08:00","14232","True","37.688","2544.1","False","False"
"2026-08-06T10:49:48.5805397+08:00","14232","True","37.781","2544.1","False","False"
"2026-08-06T10:49:48.6903449+08:00","14232","True","37.828","2544.1","False","False"
"2026-08-06T10:49:48.7846632+08:00","14232","True","37.844","2544.1","False","False"
"2026-08-06T10:49:48.8773202+08:00","14232","True","37.844","2544.1","False","False"
"2026-08-06T10:49:48.9869342+08:00","14232","True","37.859","2544.1","False","False"
"2026-08-06T10:49:49.0806365+08:00","14232","True","37.969","2544.1","False","False"
"2026-08-06T10:49:49.1887142+08:00","14232","True","38","2544.1","False","False"
"2026-08-06T10:49:49.2834587+08:00","14232","True","38.016","2544.1","False","False"
"2026-08-06T10:49:49.3771496+08:00","14232","True","38.031","2544.1","False","False"
"2026-08-06T10:49:49.4845420+08:00","14232","True","38.047","2544.1","False","False"
"2026-08-06T10:49:49.5937777+08:00","14232","True","38.156","2543.9","False","False"
"2026-08-06T10:49:49.7037071+08:00","14232","True","38.156","2543.9","False","False"
"2026-08-06T10:49:49.7960986+08:00","14232","True","38.219","2543.8","False","False"
"2026-08-06T10:49:49.8901524+08:00","14232","True","38.344","2543.8","False","False"
"2026-08-06T10:49:50.0007469+08:00","14232","True","38.391","2543.8","False","False"
"2026-08-06T10:49:50.0954442+08:00","14232","True","38.438","2543.8","False","False"
"2026-08-06T10:49:50.1894776+08:00","14232","True","38.484","2544.2","False","False"
"2026-08-06T10:49:50.2844004+08:00","14232","True","38.547","2544.3","False","False"
"2026-08-06T10:49:50.3781721+08:00","14232","True","38.547","2544.3","False","False"
"2026-08-06T10:49:50.4875866+08:00","14232","True","38.625","2647.4","False","False"
"2026-08-06T10:49:50.5815553+08:00","14232","True","38.719","2647.4","False","False"
"2026-08-06T10:49:50.6903971+08:00","14232","True","38.75","2647.4","False","False"
"2026-08-06T10:49:50.7835806+08:00","14232","True","38.781","2647.4","False","False"
"2026-08-06T10:49:50.8777566+08:00","14232","True","38.859","2647.4","False","False"
"2026-08-06T10:49:50.9874706+08:00","14232","True","38.875","2647.4","False","False"
"2026-08-06T10:49:51.0813327+08:00","14232","True","38.875","2647.4","False","False"
"2026-08-06T10:49:51.1887064+08:00","14232","True","38.875","2647.4","False","False"
"2026-08-06T10:49:51.2968918+08:00","14232","True","38.891","2647.4","False","False"
"2026-08-06T10:49:51.3898595+08:00","14232","True","38.953","2647.5","False","False"
"2026-08-06T10:49:51.4981185+08:00","14232","True","38.953","2647.5","False","False"
"2026-08-06T10:49:51.5908303+08:00","14232","True","38.969","2647.5","False","False"
"2026-08-06T10:49:51.6842153+08:00","14232","True","38.969","2647.5","False","False"
"2026-08-06T10:49:51.7946069+08:00","14232","True","39.016","2647.5","False","False"
"2026-08-06T10:49:51.8885354+08:00","14232","True","39.031","2647.6","False","False"
"2026-08-06T10:49:51.9971646+08:00","14232","True","39.031","2647.6","False","False"
"2026-08-06T10:49:52.0901157+08:00","14232","True","39.031","2647.6","False","False"
"2026-08-06T10:49:52.1835601+08:00","14232","True","39.031","2647.6","False","False"
"2026-08-06T10:49:52.2783437+08:00","14232","True","39.031","2647.6","False","False"
"2026-08-06T10:49:52.3877296+08:00","14232","True","39.141","2647.8","False","False"
"2026-08-06T10:49:52.4977575+08:00","14232","True","39.141","2647.8","False","False"
"2026-08-06T10:49:52.5905288+08:00","14232","True","39.141","2647.8","False","False"
"2026-08-06T10:49:52.6993209+08:00","14232","True","39.156","2647.8","False","False"
"2026-08-06T10:49:52.7913789+08:00","14232","True","39.156","2647.8","False","False"
"2026-08-06T10:49:52.8856590+08:00","14232","True","39.156","2647.8","False","False"
"2026-08-06T10:49:52.9805579+08:00","14232","True","39.156","2647.8","False","False"
"2026-08-06T10:49:53.0889351+08:00","14232","True","39.156","2647.8","False","False"
"2026-08-06T10:49:53.1833623+08:00","14232","True","39.156","2647.8","False","False"
"2026-08-06T10:49:53.2927503+08:00","14232","True","39.156","2647.8","False","False"
"2026-08-06T10:49:53.3865799+08:00","14232","True","39.219","2647.8","False","False"
"2026-08-06T10:49:53.4813478+08:00","14232","True","39.266","2647.8","False","False"
"2026-08-06T10:49:53.5896675+08:00","14232","True","39.266","2647.8","False","False"
"2026-08-06T10:49:53.6856612+08:00","14232","True","39.281","2648","False","False"
"2026-08-06T10:49:53.7948774+08:00","14232","True","39.297","2648","False","False"
"2026-08-06T10:49:53.8890193+08:00","14232","True","39.312","2648","False","False"
"2026-08-06T10:49:53.9975502+08:00","14232","True","39.328","2648","False","False"
"2026-08-06T10:49:54.0905375+08:00","14232","True","39.328","2648","False","False"
"2026-08-06T10:49:54.1834916+08:00","14232","True","39.328","2648","False","False"
"2026-08-06T10:49:54.2905841+08:00","14232","True","39.344","2648","False","False"
"2026-08-06T10:49:54.3846442+08:00","14232","True","39.344","2648","False","False"
"2026-08-06T10:49:54.4791560+08:00","14232","True","39.391","2647.9","False","False"
"2026-08-06T10:49:54.5876891+08:00","14232","True","39.453","2648.5","False","False"
"2026-08-06T10:49:54.6810645+08:00","14232","True","39.781","2651.1","False","False"
"2026-08-06T10:49:54.7905634+08:00","14232","True","39.922","2651.1","False","False"
"2026-08-06T10:49:54.8832450+08:00","14232","True","39.938","2651.1","False","False"
"2026-08-06T10:49:54.9774030+08:00","14232","True","39.953","2651.1","False","False"
"2026-08-06T10:49:55.0876717+08:00","14232","True","40.047","2651.1","False","False"
"2026-08-06T10:49:55.1810212+08:00","14232","True","40.125","2651.1","False","False"
"2026-08-06T10:49:55.2893105+08:00","14232","True","40.344","2651.1","False","False"
"2026-08-06T10:49:55.3842229+08:00","14232","True","40.406","2651.1","False","False"
"2026-08-06T10:49:55.4786827+08:00","14232","True","40.453","2651.1","False","False"
"2026-08-06T10:49:55.5880786+08:00","14232","True","40.547","2651.1","False","False"
"2026-08-06T10:49:55.6823444+08:00","14232","True","40.609","2651.2","False","False"
"2026-08-06T10:49:55.7760066+08:00","14232","True","40.625","2651.2","False","False"
"2026-08-06T10:49:55.8854828+08:00","14232","True","40.641","2651.2","False","False"
"2026-08-06T10:49:55.9795419+08:00","14232","True","40.641","2651.2","False","False"
"2026-08-06T10:49:56.0893074+08:00","14232","True","40.766","2651.2","False","False"
"2026-08-06T10:49:56.1824792+08:00","14232","True","40.844","2651.2","False","False"
"2026-08-06T10:49:56.2896581+08:00","14232","True","41.062","2660.4","False","False"
"2026-08-06T10:49:56.3830130+08:00","14232","True","41.141","2669.6","False","False"
"2026-08-06T10:49:56.4770910+08:00","14232","True","41.234","2669.8","False","False"
"2026-08-06T10:49:56.5864765+08:00","14232","True","41.375","2680.8","False","False"
"2026-08-06T10:49:56.6794520+08:00","14232","True","41.406","2680.9","False","False"
"2026-08-06T10:49:56.7893393+08:00","14232","True","41.469","2680.9","False","False"
"2026-08-06T10:49:56.8843873+08:00","14232","True","41.5","2681","False","False"
"2026-08-06T10:49:56.9783916+08:00","14232","True","41.516","2681","False","False"
"2026-08-06T10:49:57.0872619+08:00","14232","True","41.547","2682","False","False"
"2026-08-06T10:49:57.1819452+08:00","14232","True","41.578","2682","False","False"
"2026-08-06T10:49:57.2904296+08:00","14232","True","41.594","2682","False","False"
"2026-08-06T10:49:57.3832701+08:00","14232","True","41.594","2682","False","False"
"2026-08-06T10:49:57.4770152+08:00","14232","True","41.609","2682","False","False"
"2026-08-06T10:49:57.5852945+08:00","14232","True","41.672","2682.1","False","False"
"2026-08-06T10:49:57.6784252+08:00","14232","True","41.703","2684.1","False","False"
"2026-08-06T10:49:57.7874719+08:00","14232","True","41.766","2684.2","False","False"
"2026-08-06T10:49:57.8809067+08:00","14232","True","41.781","2684.2","False","False"
"2026-08-06T10:49:57.9909862+08:00","14232","True","41.859","2684.4","False","False"
"2026-08-06T10:49:58.0854615+08:00","14232","True","41.906","2684.4","False","False"
"2026-08-06T10:49:58.1794121+08:00","14232","True","41.938","2684.4","False","False"
"2026-08-06T10:49:58.2886893+08:00","14232","True","41.969","2684.4","False","False"
"2026-08-06T10:49:58.3809626+08:00","14232","True","42","2684.4","False","False"
"2026-08-06T10:49:58.4902946+08:00","14232","True","42.016","2684.4","False","False"
"2026-08-06T10:49:58.5832037+08:00","14232","True","42.047","2684.4","False","False"
"2026-08-06T10:49:58.6766413+08:00","14232","True","42.094","2684.4","False","False"
"2026-08-06T10:49:58.7861122+08:00","14232","True","42.109","2684.4","False","False"
"2026-08-06T10:49:58.8788981+08:00","14232","True","42.141","2684.4","False","False"
"2026-08-06T10:49:58.9891345+08:00","14232","True","42.203","2684.4","False","False"
"2026-08-06T10:49:59.0819463+08:00","14232","True","42.234","2684.4","False","False"
"2026-08-06T10:49:59.1754299+08:00","14232","True","42.281","2684.4","False","False"
"2026-08-06T10:49:59.2850811+08:00","14232","True","42.312","2684.4","False","False"
"2026-08-06T10:49:59.3778920+08:00","14232","True","42.375","2684.4","False","False"
"2026-08-06T10:49:59.4862011+08:00","14232","True","42.422","2684.4","False","False"
"2026-08-06T10:49:59.5818023+08:00","14232","True","42.422","2684.4","False","False"
"2026-08-06T10:49:59.6903198+08:00","14232","True","42.422","2684.4","False","False"
"2026-08-06T10:49:59.7853572+08:00","14232","True","42.422","2684.4","False","False"
"2026-08-06T10:49:59.8785163+08:00","14232","True","42.422","2684.4","False","False"
"2026-08-06T10:49:59.9881268+08:00","14232","True","42.422","2684.4","False","False"
"2026-08-06T10:50:00.0814092+08:00","14232","True","42.438","2684.4","False","False"
"2026-08-06T10:50:00.1889358+08:00","14232","True","42.453","2684.4","False","False"
"2026-08-06T10:50:00.2968796+08:00","14232","True","42.453","2684.4","False","False"
"2026-08-06T10:50:00.3894263+08:00","14232","True","42.453","2684.4","False","False"
"2026-08-06T10:50:00.4987310+08:00","14232","True","42.453","2684.4","False","False"
"2026-08-06T10:50:00.5913521+08:00","14232","True","42.453","2684.4","False","False"
"2026-08-06T10:50:00.6853498+08:00","14232","True","42.453","2684.4","False","False"
"2026-08-06T10:50:00.7957071+08:00","14232","True","42.469","2684.5","False","False"
"2026-08-06T10:50:00.8911125+08:00","14232","True","42.484","2684.5","False","False"
"2026-08-06T10:50:00.9998799+08:00","14232","True","42.484","2684.5","False","False"
"2026-08-06T10:50:01.0944733+08:00","14232","True","42.484","2684.5","False","False"
"2026-08-06T10:50:01.1872951+08:00","14232","True","42.484","2684.5","False","False"
"2026-08-06T10:50:01.2833284+08:00","14232","True","42.484","2684.5","False","False"
"2026-08-06T10:50:01.3783006+08:00","14232","True","42.516","2684.5","False","False"
"2026-08-06T10:50:01.4872972+08:00","14232","True","42.531","2684.5","False","False"
"2026-08-06T10:50:01.5812263+08:00","14232","True","42.531","2684.5","False","False"
"2026-08-06T10:50:01.6884673+08:00","14232","True","42.531","2684.5","False","False"
"2026-08-06T10:50:01.7853780+08:00","14232","True","42.531","2684.5","False","False"
"2026-08-06T10:50:01.8781191+08:00","14232","True","42.531","2684.5","False","False"
"2026-08-06T10:50:01.9903482+08:00","14232","True","42.531","2684.5","False","False"
"2026-08-06T10:50:02.0820954+08:00","14232","True","42.562","2684.5","False","False"
"2026-08-06T10:50:02.1911508+08:00","14232","True","42.578","2682.9","False","False"
"2026-08-06T10:50:02.2840232+08:00","14232","True","42.578","2682.9","False","False"
"2026-08-06T10:50:02.3777978+08:00","14232","True","42.578","2682.9","False","False"
"2026-08-06T10:50:02.4870832+08:00","14232","True","42.578","2682.9","False","False"
"2026-08-06T10:50:02.5952094+08:00","14232","True","42.594","2682.9","False","False"
"2026-08-06T10:50:02.6894739+08:00","14232","True","42.594","2682.9","False","False"
"2026-08-06T10:50:02.7983313+08:00","14232","True","42.625","2682.9","False","False"
"2026-08-06T10:50:02.8906527+08:00","14232","True","42.625","2682.9","False","False"
"2026-08-06T10:50:03.0002370+08:00","14232","True","42.625","2682.9","False","False"
"2026-08-06T10:50:03.0949880+08:00","14232","True","42.625","2682.9","False","False"
"2026-08-06T10:50:03.1887621+08:00","14232","True","42.625","2682.9","False","False"
"2026-08-06T10:50:03.2995138+08:00","14232","True","42.625","2682.9","False","False"
"2026-08-06T10:50:03.3920957+08:00","14232","True","42.625","2682.9","False","False"
"2026-08-06T10:50:03.4857673+08:00","14232","True","42.625","2682.9","False","False"
"2026-08-06T10:50:03.5953700+08:00","14232","True","42.625","2682.9","False","False"
"2026-08-06T10:50:03.6876002+08:00","14232","True","42.625","2682.9","False","False"
"2026-08-06T10:50:03.7961264+08:00","14232","True","42.625","2682.9","False","False"
"2026-08-06T10:50:03.8900632+08:00","14232","True","42.625","2682.9","False","False"
"2026-08-06T10:50:04.0001477+08:00","14232","True","42.625","2682.9","False","False"
"2026-08-06T10:50:04.0929161+08:00","14232","True","42.703","2682.9","False","False"
"2026-08-06T10:50:04.2026957+08:00","14232","True","42.703","2682.9","False","False"
"2026-08-06T10:50:04.2982610+08:00","14232","True","42.703","2682.9","False","False"
"2026-08-06T10:50:04.3923274+08:00","14232","True","42.703","2682.9","False","False"
"2026-08-06T10:50:04.4859643+08:00","14232","True","42.703","2682.9","False","False"
"2026-08-06T10:50:04.5940287+08:00","14232","True","42.703","2682.9","False","False"
"2026-08-06T10:50:04.6882236+08:00","14232","True","42.703","2682.9","False","False"
"2026-08-06T10:50:04.7984945+08:00","14232","True","42.703","2683","False","False"
"2026-08-06T10:50:04.8909467+08:00","14232","True","42.719","2683","False","False"
"2026-08-06T10:50:04.9833901+08:00","14232","True","42.719","2683","False","False"
"2026-08-06T10:50:05.0941952+08:00","14232","True","42.719","2683","False","False"
"2026-08-06T10:50:05.1887319+08:00","14232","True","42.719","2683","False","False"
"2026-08-06T10:50:05.2988149+08:00","14232","True","42.719","2619.2","False","False"
"2026-08-06T10:50:05.3782036+08:00","14232","True","42.719","2619.2","False","False"
"2026-08-06T10:50:05.4884252+08:00","14232","True","42.719","2619.2","False","False"
"2026-08-06T10:50:05.5820763+08:00","14232","True","42.719","2619.2","False","False"
"2026-08-06T10:50:05.6901202+08:00","14232","True","42.719","2619.2","False","False"
"2026-08-06T10:50:05.7838000+08:00","14232","True","42.719","2619.2","False","False"
"2026-08-06T10:50:05.8778805+08:00","14232","True","42.719","2619.2","False","False"
"2026-08-06T10:50:05.9870846+08:00","14232","True","42.719","2619.2","False","False"
"2026-08-06T10:50:06.0814109+08:00","14232","True","42.719","2619.2","False","False"
"2026-08-06T10:50:06.1906855+08:00","14232","True","42.719","2619.2","False","False"
"2026-08-06T10:50:06.2853444+08:00","14232","True","42.719","2619.2","False","False"
"2026-08-06T10:50:06.3793118+08:00","14232","True","42.719","2619.2","False","False"
"2026-08-06T10:50:06.4893830+08:00","14232","True","42.719","2619.2","False","False"
"2026-08-06T10:50:06.5837795+08:00","14232","True","42.719","2619.2","False","False"
"2026-08-06T10:50:06.6768878+08:00","14232","True","42.719","2619.2","False","False"
"2026-08-06T10:50:06.7851467+08:00","14232","True","42.719","2619.2","False","False"
"2026-08-06T10:50:06.8784337+08:00","14232","True","42.719","2619.2","False","False"
"2026-08-06T10:50:06.9874423+08:00","14232","True","42.734","2619.2","False","False"
"2026-08-06T10:50:07.0951783+08:00","14232","True","42.734","2619.2","False","False"
"2026-08-06T10:50:07.1899905+08:00","14232","True","42.734","2619.2","False","False"
"2026-08-06T10:50:07.2986039+08:00","14232","True","42.734","2619.2","False","False"
"2026-08-06T10:50:07.3910174+08:00","14232","True","42.734","2619.2","False","False"
"2026-08-06T10:50:07.4993253+08:00","14232","True","42.734","2619.2","False","False"
"2026-08-06T10:50:07.5919364+08:00","14232","True","42.734","2619.2","False","False"
"2026-08-06T10:50:07.7042981+08:00","14232","True","42.734","2619.2","False","False"
"2026-08-06T10:50:07.7983269+08:00","14232","True","42.734","2619.2","False","False"
"2026-08-06T10:50:07.8921779+08:00","14232","True","42.734","2619.2","False","False"
"2026-08-06T10:50:07.9872754+08:00","14232","True","42.734","2619.2","False","False"
"2026-08-06T10:50:08.0951917+08:00","14232","True","42.734","2619.2","False","False"
"2026-08-06T10:50:08.1887207+08:00","14232","True","42.734","2619.2","False","False"
"2026-08-06T10:50:08.2983101+08:00","14232","True","42.734","2619.1","False","False"
"2026-08-06T10:50:08.3902317+08:00","14232","True","42.766","2619.1","False","False"
"2026-08-06T10:50:08.4994256+08:00","14232","True","42.766","2619.1","False","False"
"2026-08-06T10:50:08.5909816+08:00","14232","True","42.766","2619.1","False","False"
"2026-08-06T10:50:08.6836150+08:00","14232","True","42.828","2619.1","False","False"
"2026-08-06T10:50:08.7772611+08:00","14232","True","42.844","2619.1","False","False"
"2026-08-06T10:50:08.8869921+08:00","14232","True","42.844","2619.1","False","False"
"2026-08-06T10:50:08.9802682+08:00","14232","True","42.844","2619.1","False","False"
"2026-08-06T10:50:09.0892521+08:00","14232","True","42.844","2619.1","False","False"
"2026-08-06T10:50:09.1833437+08:00","14232","True","42.844","2619.1","False","False"
"2026-08-06T10:50:09.2775761+08:00","14232","True","42.844","2619.1","False","False"
"2026-08-06T10:50:09.3862809+08:00","14232","True","42.859","2619.1","False","False"
"2026-08-06T10:50:09.4809191+08:00","14232","True","42.859","2619.1","False","False"
"2026-08-06T10:50:09.5899409+08:00","14232","True","42.859","2619.1","False","False"
"2026-08-06T10:50:09.6983609+08:00","14232","True","42.859","2619.1","False","False"
"2026-08-06T10:50:09.7905428+08:00","14232","True","42.859","2619.1","False","False"
"2026-08-06T10:50:09.8833289+08:00","14232","True","42.859","2619.1","False","False"
"2026-08-06T10:50:09.9773950+08:00","14232","True","42.859","2619.1","False","False"
"2026-08-06T10:50:10.0869635+08:00","14232","True","42.859","2619.1","False","False"
"2026-08-06T10:50:10.1814230+08:00","14232","True","42.859","2619.1","False","False"
"2026-08-06T10:50:10.2751671+08:00","14232","True","42.859","2619.1","False","False"
"2026-08-06T10:50:10.3861109+08:00","14232","True","42.859","2619.1","False","False"
"2026-08-06T10:50:10.4792334+08:00","14232","True","42.859","2619.1","False","False"
"2026-08-06T10:50:10.5900171+08:00","14232","True","42.859","2619.1","False","False"
"2026-08-06T10:50:10.6832257+08:00","14232","True","42.859","2619.1","False","False"
"2026-08-06T10:50:10.7765052+08:00","14232","True","42.859","2619.1","False","False"
"2026-08-06T10:50:10.8881821+08:00","14232","True","42.859","2619.1","False","False"
"2026-08-06T10:50:10.9984107+08:00","14232","True","42.859","2619.1","False","False"
"2026-08-06T10:50:11.0912820+08:00","14232","True","42.859","2619.1","False","False"
"2026-08-06T10:50:11.1849181+08:00","14232","True","42.859","2619.1","False","False"
"2026-08-06T10:50:11.2949392+08:00","14232","True","42.859","2619.1","False","False"
"2026-08-06T10:50:11.3868664+08:00","14232","True","42.859","2619.1","False","False"
"2026-08-06T10:50:11.4962552+08:00","14232","True","42.875","2619.1","False","False"
"2026-08-06T10:50:11.5908627+08:00","14232","True","42.875","2619.1","False","False"
"2026-08-06T10:50:11.6847696+08:00","14232","True","42.875","2619.1","False","False"
"2026-08-06T10:50:11.7918326+08:00","14232","True","42.875","2619.1","False","False"
"2026-08-06T10:50:11.8858694+08:00","14232","True","42.875","2619.1","False","False"
"2026-08-06T10:50:11.9801638+08:00","14232","True","42.875","2619.1","False","False"
"2026-08-06T10:50:12.0901165+08:00","14232","True","42.875","2619.1","False","False"
"2026-08-06T10:50:12.1839217+08:00","14232","True","42.875","2619.1","False","False"
"2026-08-06T10:50:12.2769639+08:00","14232","True","42.875","2619.1","False","False"
"2026-08-06T10:50:12.3871688+08:00","14232","True","42.875","2619.1","False","False"
"2026-08-06T10:50:12.4826746+08:00","14232","True","42.891","2619.1","False","False"
"2026-08-06T10:50:12.5895640+08:00","14232","True","42.891","2619.1","False","False"
"2026-08-06T10:50:12.6840325+08:00","14232","True","42.891","2619.1","False","False"
"2026-08-06T10:50:12.7938601+08:00","14232","True","42.906","2619.1","False","False"
"2026-08-06T10:50:12.8878993+08:00","14232","True","42.906","2619.1","False","False"
"2026-08-06T10:50:12.9808013+08:00","14232","True","42.906","2619.1","False","False"
"2026-08-06T10:50:13.0748960+08:00","14232","True","42.906","2619.1","False","False"
"2026-08-06T10:50:13.1981356+08:00","14232","True","42.906","2619.1","False","False"
"2026-08-06T10:50:13.2756144+08:00","14232","True","42.906","2619.1","False","False"
"2026-08-06T10:50:13.3834262+08:00","14232","True","42.969","2619.1","False","False"
"2026-08-06T10:50:13.4913760+08:00","14232","True","43.047","2619.1","False","False"
"2026-08-06T10:50:13.5831265+08:00","14232","True","43.047","2619.1","False","False"
"2026-08-06T10:50:13.6777411+08:00","14232","True","43.047","2619.1","False","False"
"2026-08-06T10:50:13.7870330+08:00","14232","True","43.062","2619.1","False","False"
"2026-08-06T10:50:13.8818587+08:00","14232","True","43.062","2619.1","False","False"
"2026-08-06T10:50:13.9765150+08:00","14232","True","43.062","2619.1","False","False"
"2026-08-06T10:50:14.0849018+08:00","14232","True","43.062","2619.1","False","False"
"2026-08-06T10:50:14.1795289+08:00","14232","True","43.094","2619.1","False","False"
"2026-08-06T10:50:14.2878326+08:00","14232","True","43.172","2619.1","False","False"
"2026-08-06T10:50:14.3811043+08:00","14232","True","43.172","2619.1","False","False"
"2026-08-06T10:50:14.4900307+08:00","14232","True","43.234","2619.1","False","False"
"2026-08-06T10:50:14.5841030+08:00","14232","True","43.234","2619.1","False","False"
"2026-08-06T10:50:14.6764063+08:00","14232","True","43.234","2619.1","False","False"
"2026-08-06T10:50:14.7858877+08:00","14232","True","43.234","2619.1","False","False"
"2026-08-06T10:50:14.8783473+08:00","14232","True","43.234","2619.1","False","False"
"2026-08-06T10:50:14.9879847+08:00","14232","True","43.234","2619.1","False","False"
"2026-08-06T10:50:15.0815389+08:00","14232","True","43.234","2619.1","False","False"
"2026-08-06T10:50:15.1761101+08:00","14232","True","43.234","2619.1","False","False"
"2026-08-06T10:50:15.2848641+08:00","14232","True","43.234","2619.1","False","False"
"2026-08-06T10:50:15.3783911+08:00","14232","True","43.234","2619.1","False","False"
"2026-08-06T10:50:15.4868404+08:00","14232","True","43.234","2619.1","False","False"
"2026-08-06T10:50:15.5811430+08:00","14232","True","43.234","2619.1","False","False"
"2026-08-06T10:50:15.6900913+08:00","14232","True","43.234","2619.1","False","False"
"2026-08-06T10:50:15.7848783+08:00","14232","True","43.25","2619.1","False","False"
"2026-08-06T10:50:15.8779871+08:00","14232","True","43.25","2619.1","False","False"
"2026-08-06T10:50:15.9860979+08:00","14232","True","43.266","2619.1","False","False"
"2026-08-06T10:50:16.0937084+08:00","14232","True","43.281","2619.1","False","False"
"2026-08-06T10:50:16.1872485+08:00","14232","True","43.281","2619.1","False","False"
"2026-08-06T10:50:16.2966940+08:00","14232","True","43.297","2619.1","False","False"
"2026-08-06T10:50:16.3910151+08:00","14232","True","43.297","2619.1","False","False"
"2026-08-06T10:50:16.5017132+08:00","14232","True","43.297","2619.1","False","False"
"2026-08-06T10:50:16.5811191+08:00","14232","True","43.297","2619.1","False","False"
"2026-08-06T10:50:16.6906534+08:00","14232","True","43.297","2619.1","False","False"
"2026-08-06T10:50:16.7835450+08:00","14232","True","43.312","2619.1","False","False"
"2026-08-06T10:50:16.8790255+08:00","14232","True","43.312","2619.1","False","False"
"2026-08-06T10:50:16.9887931+08:00","14232","True","43.312","2619.1","False","False"
"2026-08-06T10:50:17.0825845+08:00","14232","True","43.312","2619.1","False","False"
"2026-08-06T10:50:17.1758954+08:00","14232","True","43.312","2619.1","False","False"
"2026-08-06T10:50:17.2846188+08:00","14232","True","43.344","2619.1","False","False"
"2026-08-06T10:50:17.3788485+08:00","14232","True","43.344","2619.1","False","False"
"2026-08-06T10:50:17.4879112+08:00","14232","True","43.375","2619.1","False","False"
"2026-08-06T10:50:17.5817892+08:00","14232","True","43.453","2619.1","False","False"
"2026-08-06T10:50:17.6887681+08:00","14232","True","43.453","2619.1","False","False"
"2026-08-06T10:50:17.7984554+08:00","14232","True","43.484","2619.1","False","False"
"2026-08-06T10:50:17.8906980+08:00","14232","True","43.5","2619.1","False","False"
"2026-08-06T10:50:18.0012484+08:00","14232","True","43.5","2619.1","False","False"
"2026-08-06T10:50:18.0949724+08:00","14232","True","43.516","2619.1","False","False"
"2026-08-06T10:50:18.1889134+08:00","14232","True","43.578","2619.1","False","False"
"2026-08-06T10:50:18.2989274+08:00","14232","True","43.578","2619.1","False","False"
"2026-08-06T10:50:18.3779286+08:00","14232","True","43.578","2619.1","False","False"
"2026-08-06T10:50:18.4867856+08:00","14232","True","43.578","2619.1","False","False"
"2026-08-06T10:50:18.5821513+08:00","14232","True","43.594","2619.1","False","False"
"2026-08-06T10:50:18.6773895+08:00","14232","True","43.594","2619.1","False","False"
"2026-08-06T10:50:18.7860002+08:00","14232","True","43.609","2619.1","False","False"
"2026-08-06T10:50:18.8804876+08:00","14232","True","43.625","2619.1","False","False"
"2026-08-06T10:50:18.9888801+08:00","14232","True","43.625","2619.1","False","False"
"2026-08-06T10:50:19.0831372+08:00","14232","True","43.625","2619.1","False","False"
"2026-08-06T10:50:19.1769232+08:00","14232","True","43.625","2619.1","False","False"
"2026-08-06T10:50:19.2860574+08:00","14232","True","43.672","2619.1","False","False"
"2026-08-06T10:50:19.3807178+08:00","14232","True","43.703","2619.1","False","False"
"2026-08-06T10:50:19.4897308+08:00","14232","True","43.734","2619.1","False","False"
"2026-08-06T10:50:19.5827812+08:00","14232","True","43.75","2619.1","False","False"
"2026-08-06T10:50:19.6907400+08:00","14232","True","43.844","2619.1","False","False"
"2026-08-06T10:50:19.7833277+08:00","14232","True","43.844","2619.1","False","False"
"2026-08-06T10:50:19.8925909+08:00","14232","True","43.859","2619.1","False","False"
"2026-08-06T10:50:19.9846743+08:00","14232","True","43.875","2619.1","False","False"
"2026-08-06T10:50:20.0806342+08:00","14232","True","43.891","2619.1","False","False"
"2026-08-06T10:50:20.1752562+08:00","14232","True","43.891","2619.1","False","False"
"2026-08-06T10:50:20.2846314+08:00","14232","True","43.891","2619.1","False","False"
"2026-08-06T10:50:20.3786046+08:00","14232","True","43.891","2619.1","False","False"
"2026-08-06T10:50:20.4880696+08:00","14232","True","43.891","2619.1","False","False"
"2026-08-06T10:50:20.5815130+08:00","14232","True","43.891","2619.1","False","False"
"2026-08-06T10:50:20.6885704+08:00","14232","True","43.891","2619.1","False","False"
"2026-08-06T10:50:20.7971781+08:00","14232","True","43.891","2619.1","False","False"
"2026-08-06T10:50:20.8907151+08:00","14232","True","43.891","2619.1","False","False"
"2026-08-06T10:50:20.9829222+08:00","14232","True","43.891","2619.1","False","False"
"2026-08-06T10:50:21.0908948+08:00","14232","True","43.891","2619.1","False","False"
"2026-08-06T10:50:21.1849475+08:00","14232","True","43.891","2619.1","False","False"
"2026-08-06T10:50:21.2799831+08:00","14232","True","43.891","2619.1","False","False"
"2026-08-06T10:50:21.3895159+08:00","14232","True","43.891","2619.1","False","False"
"2026-08-06T10:50:21.4997013+08:00","14232","True","43.891","2619.1","False","False"
"2026-08-06T10:50:21.5936544+08:00","14232","True","43.891","2619.1","False","False"
"2026-08-06T10:50:21.6875945+08:00","14232","True","43.891","2619.1","False","False"
"2026-08-06T10:50:21.7956277+08:00","14232","True","43.891","2619.1","False","False"
"2026-08-06T10:50:21.8887216+08:00","14232","True","43.891","2619.1","False","False"
"2026-08-06T10:50:21.9979113+08:00","14232","True","43.891","2619.1","False","False"
"2026-08-06T10:50:22.0929959+08:00","14232","True","43.891","2619.1","False","False"
"2026-08-06T10:50:22.1869987+08:00","14232","True","43.891","2619.1","False","False"
"2026-08-06T10:50:22.2955114+08:00","14232","True","43.891","2619.1","False","False"
"2026-08-06T10:50:22.3877680+08:00","14232","True","43.891","2619.1","False","False"
"2026-08-06T10:50:22.4812161+08:00","14232","True","43.891","2619.1","False","False"
"2026-08-06T10:50:22.5896372+08:00","14232","True","43.906","2619.1","False","False"
"2026-08-06T10:50:22.6849296+08:00","14232","True","43.922","2619.1","False","False"
"2026-08-06T10:50:22.7947527+08:00","14232","True","43.922","2619.1","False","False"
"2026-08-06T10:50:22.8880741+08:00","14232","True","43.922","2619.1","False","False"
"2026-08-06T10:50:22.9959229+08:00","14232","True","43.922","2619.1","False","False"
"2026-08-06T10:50:23.0886458+08:00","14232","True","43.922","2619.1","False","False"
"2026-08-06T10:50:23.1857730+08:00","14232","True","43.922","2619.1","False","False"
"2026-08-06T10:50:23.2935455+08:00","14232","True","43.922","2619.1","False","False"
"2026-08-06T10:50:23.3865129+08:00","14232","True","43.922","2619.1","False","False"
"2026-08-06T10:50:23.4817071+08:00","14232","True","43.938","2619.1","False","False"
"2026-08-06T10:50:23.5897861+08:00","14232","True","43.953","2619.1","False","False"
"2026-08-06T10:50:23.6836035+08:00","14232","True","43.953","2619.1","False","False"
"2026-08-06T10:50:23.7764436+08:00","14232","True","43.953","2619.1","False","False"
"2026-08-06T10:50:23.8875723+08:00","14232","True","43.953","2619.1","False","False"
"2026-08-06T10:50:23.9789784+08:00","14232","True","43.953","2619.1","False","False"
"2026-08-06T10:50:24.0885244+08:00","14232","True","43.953","2619.1","False","False"
"2026-08-06T10:50:24.1815817+08:00","14232","True","43.953","2619.1","False","False"
"2026-08-06T10:50:24.2760641+08:00","14232","True","43.953","2619.1","False","False"
"2026-08-06T10:50:24.3859210+08:00","14232","True","43.984","2619.1","False","False"
"2026-08-06T10:50:24.4792435+08:00","14232","True","44.031","2619.1","False","False"
"2026-08-06T10:50:24.5864208+08:00","14232","True","44.031","2619.1","False","False"
"2026-08-06T10:50:24.6804620+08:00","14232","True","44.031","2619.1","False","False"
"2026-08-06T10:50:24.7900373+08:00","14232","True","44.031","2619.1","False","False"
"2026-08-06T10:50:24.8844704+08:00","14232","True","44.031","2619.1","False","False"
"2026-08-06T10:50:24.9782582+08:00","14232","True","44.031","2619.1","False","False"
"2026-08-06T10:50:25.0874634+08:00","14232","True","44.031","2619.1","False","False"
"2026-08-06T10:50:25.1807335+08:00","14232","True","44.031","2619.1","False","False"
"2026-08-06T10:50:25.2904276+08:00","14232","True","44.031","2619.1","False","False"
"2026-08-06T10:50:25.3848270+08:00","14232","True","44.031","2619.1","False","False"
"2026-08-06T10:50:25.4786324+08:00","14232","True","44.047","2619.1","False","False"
"2026-08-06T10:50:25.5877021+08:00","14232","True","44.047","2619.1","False","False"
"2026-08-06T10:50:25.6820907+08:00","14232","True","44.047","2619.1","False","False"
"2026-08-06T10:50:25.7898165+08:00","14232","True","44.047","2619.1","False","False"
"2026-08-06T10:50:25.8836595+08:00","14232","True","44.047","2619.1","False","False"
"2026-08-06T10:50:25.9777931+08:00","14232","True","44.047","2619.1","False","False"
"2026-08-06T10:50:26.0870040+08:00","14232","True","44.047","2619.1","False","False"
"2026-08-06T10:50:26.1798238+08:00","14232","True","44.047","2619.1","False","False"
"2026-08-06T10:50:26.2893182+08:00","14232","True","44.047","2619.1","False","False"
"2026-08-06T10:50:26.3808326+08:00","14232","True","44.047","2619.1","False","False"
"2026-08-06T10:50:26.4897250+08:00","14232","True","44.047","2619.1","False","False"
"2026-08-06T10:50:26.5837876+08:00","14232","True","44.062","2619.1","False","False"
"2026-08-06T10:50:26.6774989+08:00","14232","True","44.062","2619.1","False","False"
"2026-08-06T10:50:26.7866367+08:00","14232","True","44.094","2619.1","False","False"
"2026-08-06T10:50:26.8805239+08:00","14232","True","44.094","2619.1","False","False"
"2026-08-06T10:50:26.9890828+08:00","14232","True","44.094","2619.1","False","False"
"2026-08-06T10:50:27.0836478+08:00","14232","True","44.094","2619.1","False","False"
"2026-08-06T10:50:27.1765021+08:00","14232","True","44.094","2619.1","False","False"
"2026-08-06T10:50:27.2863474+08:00","14232","True","44.094","2619.1","False","False"
"2026-08-06T10:50:27.3796220+08:00","14232","True","44.094","2619.1","False","False"
"2026-08-06T10:50:27.4873245+08:00","14232","True","44.094","2619.1","False","False"
"2026-08-06T10:50:27.5817093+08:00","14232","True","44.094","2619.1","False","False"
"2026-08-06T10:50:27.6901726+08:00","14232","True","44.094","2619.1","False","False"
"2026-08-06T10:50:27.7849654+08:00","14232","True","44.125","2619.1","False","False"
"2026-08-06T10:50:27.8922893+08:00","14232","True","44.125","2619.1","False","False"
"2026-08-06T10:50:27.9865465+08:00","14232","True","44.125","2619.1","False","False"
"2026-08-06T10:50:28.0955472+08:00","14232","True","44.125","2619.1","False","False"
"2026-08-06T10:50:28.1890357+08:00","14232","True","44.125","2619.1","False","False"
"2026-08-06T10:50:28.2834345+08:00","14232","True","44.125","2619.1","False","False"
"2026-08-06T10:50:28.3923640+08:00","14232","True","44.141","2619.1","False","False"
"2026-08-06T10:50:28.4875953+08:00","14232","True","44.141","2619.1","False","False"
"2026-08-06T10:50:28.5814586+08:00","14232","True","44.141","2619.1","False","False"
"2026-08-06T10:50:28.6746376+08:00","14232","True","44.141","2619.1","False","False"
"2026-08-06T10:50:28.7983054+08:00","14232","True","44.156","2619.1","False","False"
"2026-08-06T10:50:28.8915979+08:00","14232","True","44.156","2619.1","False","False"
"2026-08-06T10:50:28.9845256+08:00","14232","True","44.156","2619.1","False","False"
"2026-08-06T10:50:29.0926662+08:00","14232","True","44.156","2619.1","False","False"
"2026-08-06T10:50:29.1860277+08:00","14232","True","44.156","2619.1","False","False"
"2026-08-06T10:50:29.2943231+08:00","14232","True","44.172","2619.1","False","False"
"2026-08-06T10:50:29.3869547+08:00","14232","True","44.188","2619.1","False","False"
"2026-08-06T10:50:29.4806615+08:00","14232","True","44.188","2619.1","False","False"
"2026-08-06T10:50:29.5896826+08:00","14232","True","44.188","2619.1","False","False"
"2026-08-06T10:50:29.6844090+08:00","14232","True","44.188","2619.1","False","False"
"2026-08-06T10:50:29.7775024+08:00","14232","True","44.188","2619.1","False","False"
"2026-08-06T10:50:29.8867292+08:00","14232","True","44.219","2619.1","False","False"
"2026-08-06T10:50:29.9812307+08:00","14232","True","44.219","2619.1","False","False"
"2026-08-06T10:50:30.0894055+08:00","14232","True","44.281","2619.1","False","False"
"2026-08-06T10:50:30.1844092+08:00","14232","True","44.281","2619.1","False","False"
"2026-08-06T10:50:30.2799905+08:00","14232","True","44.344","2619.1","False","False"
"2026-08-06T10:50:30.3892142+08:00","14232","True","44.344","2619.1","False","False"
"2026-08-06T10:50:30.4976481+08:00","14232","True","44.359","2619.1","False","False"
"2026-08-06T10:50:30.5923522+08:00","14232","True","44.359","2619.1","False","False"
"2026-08-06T10:50:30.6871841+08:00","14232","True","44.359","2619.1","False","False"
"2026-08-06T10:50:30.7956084+08:00","14232","True","44.359","2619.1","False","False"
"2026-08-06T10:50:30.8893765+08:00","14232","True","44.359","2619.1","False","False"
"2026-08-06T10:50:31.0006877+08:00","14232","True","44.375","2619.1","False","False"
"2026-08-06T10:50:31.0934394+08:00","14232","True","44.406","2619.1","False","False"
"2026-08-06T10:50:31.1865029+08:00","14232","True","44.406","2619.1","False","False"
"2026-08-06T10:50:31.2970987+08:00","14232","True","44.406","2619.1","False","False"
"2026-08-06T10:50:31.3776031+08:00","14232","True","44.406","2619.1","False","False"
"2026-08-06T10:50:31.4866953+08:00","14232","True","44.422","2619.1","False","False"
"2026-08-06T10:50:31.5815073+08:00","14232","True","44.422","2619.1","False","False"
"2026-08-06T10:50:31.6905004+08:00","14232","True","44.422","2619.1","False","False"
"2026-08-06T10:50:31.7842910+08:00","14232","True","44.422","2619.1","False","False"
"2026-08-06T10:50:31.8786520+08:00","14232","True","44.422","2619.1","False","False"
"2026-08-06T10:50:31.9863790+08:00","14232","True","44.422","2619.1","False","False"
"2026-08-06T10:50:32.0945097+08:00","14232","True","44.422","2619.1","False","False"
"2026-08-06T10:50:32.1882971+08:00","14232","True","44.422","2619.1","False","False"
"2026-08-06T10:50:32.2976600+08:00","14232","True","44.422","2619.1","False","False"
"2026-08-06T10:50:32.3911693+08:00","14232","True","44.422","2619.1","False","False"
"2026-08-06T10:50:32.5016687+08:00","14232","True","44.422","2619.1","False","False"
"2026-08-06T10:50:32.5944743+08:00","14232","True","44.422","2619.1","False","False"
"2026-08-06T10:50:32.6882936+08:00","14232","True","44.422","2619.1","False","False"
"2026-08-06T10:50:32.7842825+08:00","14232","True","44.438","2619.1","False","False"
"2026-08-06T10:50:32.8774382+08:00","14232","True","44.438","2619.1","False","False"
"2026-08-06T10:50:32.9872571+08:00","14232","True","44.438","2619.1","False","False"
"2026-08-06T10:50:33.0812311+08:00","14232","True","44.438","2619.1","False","False"
"2026-08-06T10:50:33.1883110+08:00","14232","True","44.438","2619.1","False","False"
"2026-08-06T10:50:33.2976556+08:00","14232","True","44.484","2619.1","False","False"
"2026-08-06T10:50:33.3905978+08:00","14232","True","44.516","2619.1","False","False"
"2026-08-06T10:50:33.4994865+08:00","14232","True","44.531","2619.1","False","False"
"2026-08-06T10:50:33.5923806+08:00","14232","True","44.531","2619.1","False","False"
"2026-08-06T10:50:33.6871666+08:00","14232","True","44.531","2619.1","False","False"
"2026-08-06T10:50:33.7961004+08:00","14232","True","44.562","2619.1","False","False"
"2026-08-06T10:50:33.8914166+08:00","14232","True","44.562","2619.1","False","False"
"2026-08-06T10:50:33.9995117+08:00","14232","True","44.562","2619.1","False","False"
"2026-08-06T10:50:34.0933756+08:00","14232","True","44.609","2619.1","False","False"
"2026-08-06T10:50:34.1864997+08:00","14232","True","44.609","2619.1","False","False"
"2026-08-06T10:50:34.2950354+08:00","14232","True","44.609","2619.1","False","False"
"2026-08-06T10:50:34.3897216+08:00","14232","True","44.609","2619.1","False","False"
"2026-08-06T10:50:34.4996497+08:00","14232","True","44.625","2619.1","False","False"
"2026-08-06T10:50:34.5924973+08:00","14232","True","44.625","2619.1","False","False"
"2026-08-06T10:50:34.6866273+08:00","14232","True","44.625","2619.1","False","False"
"2026-08-06T10:50:34.7951718+08:00","14232","True","44.641","2619.1","False","False"
"2026-08-06T10:50:34.8881556+08:00","14232","True","44.641","2619.1","False","False"
"2026-08-06T10:50:34.9971689+08:00","14232","True","44.641","2619.1","False","False"
"2026-08-06T10:50:35.0905919+08:00","14232","True","44.641","2619.1","False","False"
"2026-08-06T10:50:35.1841950+08:00","14232","True","44.641","2619.1","False","False"
"2026-08-06T10:50:35.2780623+08:00","14232","True","44.641","2619.1","False","False"
"2026-08-06T10:50:35.3892847+08:00","14232","True","44.734","2619.1","False","False"
"2026-08-06T10:50:35.4973058+08:00","14232","True","44.75","2619.1","False","False"
"2026-08-06T10:50:35.5894008+08:00","14232","True","44.75","2619.1","False","False"
"2026-08-06T10:50:35.6819821+08:00","14232","True","44.812","2619.1","False","False"
"2026-08-06T10:50:35.7757316+08:00","14232","True","44.812","2619.1","False","False"
"2026-08-06T10:50:35.8843890+08:00","14232","True","44.812","2619.1","False","False"
"2026-08-06T10:50:35.9780781+08:00","14232","True","44.812","2619.1","False","False"
"2026-08-06T10:50:36.0856129+08:00","14232","True","44.812","2619.1","False","False"
"2026-08-06T10:50:36.1794080+08:00","14232","True","44.844","2619.1","False","False"
"2026-08-06T10:50:36.2889820+08:00","14232","True","44.844","2619.1","False","False"
"2026-08-06T10:50:36.3815474+08:00","14232","True","44.844","2619.1","False","False"
"2026-08-06T10:50:36.4751436+08:00","14232","True","44.844","2619.1","False","False"
"2026-08-06T10:50:36.5829700+08:00","14232","True","44.844","2619.1","False","False"
"2026-08-06T10:50:36.6765459+08:00","14232","True","44.844","2619.1","False","False"
"2026-08-06T10:50:36.7862474+08:00","14232","True","44.844","2619.1","False","False"
"2026-08-06T10:50:36.8816923+08:00","14232","True","44.844","2619.1","False","False"
"2026-08-06T10:50:36.9754537+08:00","14232","True","44.844","2619.1","False","False"
"2026-08-06T10:50:37.0843880+08:00","14232","True","44.844","2619.1","False","False"
"2026-08-06T10:50:37.1784140+08:00","14232","True","44.844","2619.1","False","False"
"2026-08-06T10:50:37.2866328+08:00","14232","True","44.844","2619.1","False","False"
"2026-08-06T10:50:37.3807982+08:00","14232","True","44.844","2619.1","False","False"
"2026-08-06T10:50:37.4902044+08:00","14232","True","44.844","2619.1","False","False"
"2026-08-06T10:50:37.5848613+08:00","14232","True","44.844","2619.1","False","False"
"2026-08-06T10:50:37.6780121+08:00","14232","True","44.844","2619.1","False","False"
"2026-08-06T10:50:37.7861011+08:00","14232","True","44.844","2619.1","False","False"
"2026-08-06T10:50:37.8795322+08:00","14232","True","44.844","2619.1","False","False"
"2026-08-06T10:50:37.9886106+08:00","14232","True","44.844","2619.1","False","False"
"2026-08-06T10:50:38.0828555+08:00","14232","True","44.844","2619.1","False","False"
"2026-08-06T10:50:38.1767012+08:00","14232","True","44.859","2619.1","False","False"
"2026-08-06T10:50:38.2857725+08:00","14232","True","44.859","2619.1","False","False"
"2026-08-06T10:50:38.3787692+08:00","14232","True","44.922","2619.1","False","False"
"2026-08-06T10:50:38.4872199+08:00","14232","True","44.922","2619.1","False","False"
"2026-08-06T10:50:38.5819332+08:00","14232","True","44.922","2619.1","False","False"
"2026-08-06T10:50:38.6759641+08:00","14232","True","44.922","2619.1","False","False"
"2026-08-06T10:50:38.7853040+08:00","14232","True","44.922","2619.1","False","False"
"2026-08-06T10:50:38.8779827+08:00","14232","True","44.984","2619.1","False","False"
"2026-08-06T10:50:38.9874162+08:00","14232","True","44.984","2619.1","False","False"
"2026-08-06T10:50:39.0802363+08:00","14232","True","44.984","2619.1","False","False"
"2026-08-06T10:50:39.1883818+08:00","14232","True","45.062","2619.1","False","False"
"2026-08-06T10:50:39.2985569+08:00","14232","True","45.062","2619.1","False","False"
"2026-08-06T10:50:39.3780168+08:00","14232","True","45.062","2619.1","False","False"
"2026-08-06T10:50:39.4864424+08:00","14232","True","45.062","2619.1","False","False"
"2026-08-06T10:50:39.5806658+08:00","14232","True","45.062","2619.1","False","False"
"2026-08-06T10:50:39.6902051+08:00","14232","True","45.062","2619.1","False","False"
"2026-08-06T10:50:39.7835715+08:00","14232","True","45.062","2619.1","False","False"
"2026-08-06T10:50:39.8922402+08:00","14232","True","45.062","2619.1","False","False"
"2026-08-06T10:50:39.9863837+08:00","14232","True","45.062","2619.1","False","False"
"2026-08-06T10:50:40.0814631+08:00","14232","True","45.062","2619.1","False","False"
"2026-08-06T10:50:40.1904911+08:00","14232","True","45.062","2619.1","False","False"
"2026-08-06T10:50:40.2850558+08:00","14232","True","45.062","2619.1","False","False"
"2026-08-06T10:50:40.3801531+08:00","14232","True","45.078","2619.1","False","False"
"2026-08-06T10:50:40.4906924+08:00","14232","True","45.078","2619.1","False","False"
"2026-08-06T10:50:40.5825595+08:00","14232","True","45.078","2619.1","False","False"
"2026-08-06T10:50:40.6759494+08:00","14232","True","45.078","2619.1","False","False"
"2026-08-06T10:50:40.7860907+08:00","14232","True","45.094","2619.1","False","False"
"2026-08-06T10:50:40.8814214+08:00","14232","True","45.094","2619.1","False","False"
"2026-08-06T10:50:40.9890810+08:00","14232","True","45.094","2619.1","False","False"
"2026-08-06T10:50:41.0823726+08:00","14232","True","45.094","2619.1","False","False"
"2026-08-06T10:50:41.1894319+08:00","14232","True","45.156","2619.1","False","False"
"2026-08-06T10:50:41.2839932+08:00","14232","True","45.172","2619.1","False","False"
"2026-08-06T10:50:41.3776329+08:00","14232","True","45.172","2619.1","False","False"
"2026-08-06T10:50:41.4871387+08:00","14232","True","45.219","2619.1","False","False"
"2026-08-06T10:50:41.5817893+08:00","14232","True","45.219","2619.1","False","False"
"2026-08-06T10:50:41.6893128+08:00","14232","True","45.234","2619.1","False","False"
"2026-08-06T10:50:41.7833635+08:00","14232","True","45.234","2619.1","False","False"
"2026-08-06T10:50:41.8923325+08:00","14232","True","45.234","2619.1","False","False"
"2026-08-06T10:50:41.9850743+08:00","14232","True","45.25","2619.1","False","False"
"2026-08-06T10:50:42.0953362+08:00","14232","True","45.25","2619.1","False","False"
"2026-08-06T10:50:42.1888439+08:00","14232","True","45.266","2619.1","False","False"
"2026-08-06T10:50:42.2967797+08:00","14232","True","45.266","2619.1","False","False"
"2026-08-06T10:50:42.3911419+08:00","14232","True","45.266","2619.1","False","False"
"2026-08-06T10:50:42.5002809+08:00","14232","True","45.281","2619.1","False","False"
"2026-08-06T10:50:42.5940454+08:00","14232","True","45.281","2619.1","False","False"
"2026-08-06T10:50:42.6888430+08:00","14232","True","45.281","2619.1","False","False"
"2026-08-06T10:50:42.7972088+08:00","14232","True","45.281","2619.1","False","False"
"2026-08-06T10:50:42.8922647+08:00","14232","True","45.281","2619.1","False","False"
"2026-08-06T10:50:42.9860463+08:00","14232","True","45.281","2619.1","False","False"
"2026-08-06T10:50:43.0949698+08:00","14232","True","45.281","2619.1","False","False"
"2026-08-06T10:50:43.1869723+08:00","14232","True","45.281","2619.1","False","False"
"2026-08-06T10:50:43.2970368+08:00","14232","True","45.281","2619.1","False","False"
"2026-08-06T10:50:43.3892659+08:00","14232","True","45.297","2619.1","False","False"
"2026-08-06T10:50:43.4959536+08:00","14232","True","45.297","2619.1","False","False"
"2026-08-06T10:50:43.5902481+08:00","14232","True","45.312","2619.1","False","False"
"2026-08-06T10:50:43.6824094+08:00","14232","True","45.328","2619.1","False","False"
"2026-08-06T10:50:43.7771602+08:00","14232","True","45.328","2619.1","False","False"
"2026-08-06T10:50:43.8870289+08:00","14232","True","45.328","2619.1","False","False"
"2026-08-06T10:50:43.9810074+08:00","14232","True","45.328","2619.1","False","False"
"2026-08-06T10:50:44.0750424+08:00","14232","True","45.344","2619.1","False","False"
"2026-08-06T10:50:44.1851561+08:00","14232","True","45.359","2619.1","False","False"
"2026-08-06T10:50:44.2766466+08:00","14232","True","45.359","2619.1","False","False"
"2026-08-06T10:50:44.3840565+08:00","14232","True","45.359","2619.1","False","False"
"2026-08-06T10:50:44.4767686+08:00","14232","True","45.359","2619.1","False","False"
"2026-08-06T10:50:44.5870965+08:00","14232","True","45.359","2619.1","False","False"
"2026-08-06T10:50:44.6825038+08:00","14232","True","45.359","2619.1","False","False"
"2026-08-06T10:50:44.7771804+08:00","14232","True","45.359","2619.1","False","False"
"2026-08-06T10:50:44.8850318+08:00","14232","True","45.359","2619.1","False","False"
"2026-08-06T10:50:44.9794490+08:00","14232","True","45.359","2619.1","False","False"
"2026-08-06T10:50:45.0872382+08:00","14232","True","45.359","2619.1","False","False"
"2026-08-06T10:50:45.1806135+08:00","14232","True","45.453","2619.1","False","False"
"2026-08-06T10:50:45.2882015+08:00","14232","True","45.453","2619.1","False","False"
"2026-08-06T10:50:45.3840892+08:00","14232","True","45.453","2619.1","False","False"
"2026-08-06T10:50:45.4779502+08:00","14232","True","45.484","2619.1","False","False"
"2026-08-06T10:50:45.5880187+08:00","14232","True","45.484","2619.1","False","False"
"2026-08-06T10:50:45.6826304+08:00","14232","True","45.5","2619.1","False","False"
"2026-08-06T10:50:45.7911873+08:00","14232","True","45.5","2619.1","False","False"
"2026-08-06T10:50:45.8849576+08:00","14232","True","45.5","2619.1","False","False"
"2026-08-06T10:50:45.9780109+08:00","14232","True","45.5","2619.1","False","False"
"2026-08-06T10:50:46.0880853+08:00","14232","True","45.516","2619.1","False","False"
"2026-08-06T10:50:46.1824341+08:00","14232","True","45.516","2619.1","False","False"
"2026-08-06T10:50:46.2755559+08:00","14232","True","45.562","2619.1","False","False"
"2026-08-06T10:50:46.3828954+08:00","14232","True","45.562","2619.1","False","False"
"2026-08-06T10:50:46.4776201+08:00","14232","True","45.562","2619.1","False","False"
"2026-08-06T10:50:46.5871168+08:00","14232","True","45.562","2619.1","False","False"
"2026-08-06T10:50:46.6810769+08:00","14232","True","45.578","2619.1","False","False"
"2026-08-06T10:50:46.7903248+08:00","14232","True","45.578","2619.1","False","False"
"2026-08-06T10:50:46.8840982+08:00","14232","True","45.594","2619.1","False","False"
"2026-08-06T10:50:46.9778996+08:00","14232","True","45.594","2619.1","False","False"
"2026-08-06T10:50:47.0869734+08:00","14232","True","45.594","2619.1","False","False"
"2026-08-06T10:50:47.1810338+08:00","14232","True","45.625","2619.1","False","False"
"2026-08-06T10:50:47.2908872+08:00","14232","True","45.625","2619.1","False","False"
"2026-08-06T10:50:47.3836996+08:00","14232","True","45.625","2619.1","False","False"
"2026-08-06T10:50:47.4769713+08:00","14232","True","45.656","2619.1","False","False"
"2026-08-06T10:50:47.5868710+08:00","14232","True","45.656","2619.1","False","False"
"2026-08-06T10:50:47.6826179+08:00","14232","True","45.672","2619.1","False","False"
"2026-08-06T10:50:47.7890616+08:00","14232","True","45.703","2619.1","False","False"
"2026-08-06T10:50:47.8824645+08:00","14232","True","45.703","2619.1","False","False"
"2026-08-06T10:50:47.9910012+08:00","14232","True","45.703","2619.1","False","False"
"2026-08-06T10:50:48.0851170+08:00","14232","True","45.703","2619.1","False","False"
"2026-08-06T10:50:48.1777475+08:00","14232","True","45.734","2619.1","False","False"
"2026-08-06T10:50:48.2872285+08:00","14232","True","45.734","2619.1","False","False"
"2026-08-06T10:50:48.3809857+08:00","14232","True","45.734","2619.1","False","False"
"2026-08-06T10:50:48.4909488+08:00","14232","True","45.734","2619.1","False","False"
"2026-08-06T10:50:48.5838871+08:00","14232","True","45.734","2619.1","False","False"
"2026-08-06T10:50:48.6771683+08:00","14232","True","45.734","2619.1","False","False"
"2026-08-06T10:50:48.7873358+08:00","14232","True","45.734","2619.1","False","False"
"2026-08-06T10:50:48.8808471+08:00","14232","True","45.734","2619.1","False","False"
"2026-08-06T10:50:48.9898456+08:00","14232","True","45.734","2619.1","False","False"
"2026-08-06T10:50:49.0838564+08:00","14232","True","45.734","2619.1","False","False"
"2026-08-06T10:50:49.1762706+08:00","14232","True","45.75","2619.1","False","False"
"2026-08-06T10:50:49.2852873+08:00","14232","True","45.75","2619.1","False","False"
"2026-08-06T10:50:49.3779510+08:00","14232","True","45.75","2619.1","False","False"
"2026-08-06T10:50:49.4867554+08:00","14232","True","45.781","2619.1","False","False"
"2026-08-06T10:50:49.5812586+08:00","14232","True","45.781","2619.1","False","False"
"2026-08-06T10:50:49.6886717+08:00","14232","True","45.781","2619.1","False","False"
"2026-08-06T10:50:49.7981964+08:00","14232","True","45.781","2619.1","False","False"
"2026-08-06T10:50:49.8770969+08:00","14232","True","45.781","2619.1","False","False"
"2026-08-06T10:50:49.9869735+08:00","14232","True","45.781","2619.1","False","False"
"2026-08-06T10:50:50.0824523+08:00","14232","True","45.781","2619.1","False","False"
"2026-08-06T10:50:50.1920666+08:00","14232","True","45.781","2619.1","False","False"
"2026-08-06T10:50:50.2848911+08:00","14232","True","45.781","2619.1","False","False"
"2026-08-06T10:50:50.3930353+08:00","14232","True","45.781","2619.1","False","False"
"2026-08-06T10:50:50.4864836+08:00","14232","True","45.781","2619.1","False","False"
"2026-08-06T10:50:50.5807418+08:00","14232","True","45.781","2619.1","False","False"
"2026-08-06T10:50:50.6768223+08:00","14232","True","45.781","2619.1","False","False"
"2026-08-06T10:50:50.7848260+08:00","14232","True","45.797","2619.1","False","False"
"2026-08-06T10:50:50.8818535+08:00","14232","True","45.797","2619.1","False","False"
"2026-08-06T10:50:50.9883333+08:00","14232","True","45.797","2619.1","False","False"
"2026-08-06T10:50:51.0814218+08:00","14232","True","45.797","2619.1","False","False"
"2026-08-06T10:50:51.1902238+08:00","14232","True","45.812","2619.1","False","False"
"2026-08-06T10:50:51.2840131+08:00","14232","True","45.812","2619.1","False","False"
"2026-08-06T10:50:51.3789850+08:00","14232","True","45.812","2619.1","False","False"
"2026-08-06T10:50:51.4894096+08:00","14232","True","45.828","2619.1","False","False"
"2026-08-06T10:50:51.5817494+08:00","14232","True","45.828","2619.1","False","False"
"2026-08-06T10:50:51.6892742+08:00","14232","True","45.828","2619.1","False","False"
"2026-08-06T10:50:51.7849458+08:00","14232","True","45.828","2619.1","False","False"
"2026-08-06T10:50:51.8783675+08:00","14232","True","45.828","2619.1","False","False"
"2026-08-06T10:50:51.9869585+08:00","14232","True","45.828","2619.1","False","False"
"2026-08-06T10:50:52.0810374+08:00","14232","True","45.828","2619.1","False","False"
"2026-08-06T10:50:52.1894065+08:00","14232","True","45.844","2619.1","False","False"
"2026-08-06T10:50:52.2838972+08:00","14232","True","45.844","2619.1","False","False"
"2026-08-06T10:50:52.3926925+08:00","14232","True","45.844","2619.1","False","False"
"2026-08-06T10:50:52.5022137+08:00","14232","True","45.844","2619.1","False","False"
"2026-08-06T10:50:52.5807867+08:00","14232","True","45.844","2619.1","False","False"
"2026-08-06T10:50:52.6878423+08:00","14232","True","45.844","2619.1","False","False"
"2026-08-06T10:50:52.7839131+08:00","14232","True","45.844","2619.1","False","False"
"2026-08-06T10:50:52.8920298+08:00","14232","True","45.844","2619.1","False","False"
"2026-08-06T10:50:53.0007513+08:00","14232","True","45.844","2619.1","False","False"
"2026-08-06T10:50:53.0940098+08:00","14232","True","45.844","2619.1","False","False"
"2026-08-06T10:50:53.1894080+08:00","14232","True","45.844","2619.1","False","False"
"2026-08-06T10:50:53.2837147+08:00","14232","True","45.844","2619.1","False","False"
"2026-08-06T10:50:53.3927965+08:00","14232","True","45.859","2619.1","False","False"
"2026-08-06T10:50:53.4867045+08:00","14232","True","45.859","2619.1","False","False"
"2026-08-06T10:50:53.5805307+08:00","14232","True","45.859","2619.1","False","False"
"2026-08-06T10:50:53.6903777+08:00","14232","True","45.859","2619.1","False","False"
"2026-08-06T10:50:53.7984214+08:00","14232","True","45.859","2619.1","False","False"
"2026-08-06T10:50:53.8922638+08:00","14232","True","45.859","2619.1","False","False"
"2026-08-06T10:50:53.9867383+08:00","14232","True","45.859","2619.1","False","False"
"2026-08-06T10:50:54.0940363+08:00","14232","True","45.875","2619.1","False","False"
"2026-08-06T10:50:54.1873010+08:00","14232","True","45.875","2619.1","False","False"
"2026-08-06T10:50:54.2971761+08:00","14232","True","45.875","2619.1","False","False"
"2026-08-06T10:50:54.3911893+08:00","14232","True","45.875","2619.1","False","False"
"2026-08-06T10:50:54.4989876+08:00","14232","True","45.875","2619.1","False","False"
"2026-08-06T10:50:54.5923789+08:00","14232","True","45.875","2619.1","False","False"
"2026-08-06T10:50:54.6851069+08:00","14232","True","45.875","2619.1","False","False"
"2026-08-06T10:50:54.7798231+08:00","14232","True","45.891","2619.1","False","False"
"2026-08-06T10:50:54.8873371+08:00","14232","True","45.891","2619.1","False","False"
"2026-08-06T10:50:54.9958626+08:00","14232","True","45.891","2619.1","False","False"
"2026-08-06T10:50:55.0887772+08:00","14232","True","45.891","2619.1","False","False"
"2026-08-06T10:50:55.1797589+08:00","14232","True","45.891","2619.1","False","False"
"2026-08-06T10:50:55.2885707+08:00","14232","True","45.891","2619.1","False","False"
"2026-08-06T10:50:55.3817246+08:00","14232","True","45.891","2619.1","False","False"
"2026-08-06T10:50:55.4767494+08:00","14232","True","45.891","2619.1","False","False"
"2026-08-06T10:50:55.5871245+08:00","14232","True","45.891","2619.1","False","False"
"2026-08-06T10:50:55.6824775+08:00","14232","True","45.891","2619.1","False","False"
"2026-08-06T10:50:55.7908307+08:00","14232","True","45.891","2619.1","False","False"
"2026-08-06T10:50:55.8847718+08:00","14232","True","45.891","2619.1","False","False"
"2026-08-06T10:50:55.9787152+08:00","14232","True","45.938","2619.1","False","False"
"2026-08-06T10:50:56.0869082+08:00","14232","True","45.969","2619.1","False","False"
"2026-08-06T10:50:56.1799363+08:00","14232","True","45.969","2619.1","False","False"
"2026-08-06T10:50:56.2885690+08:00","14232","True","45.969","2619.1","False","False"
"2026-08-06T10:50:56.3818074+08:00","14232","True","45.969","2619.1","False","False"
"2026-08-06T10:50:56.4913555+08:00","14232","True","45.969","2619.1","False","False"
"2026-08-06T10:50:56.5862814+08:00","14232","True","45.969","2619.1","False","False"
"2026-08-06T10:50:56.6812937+08:00","14232","True","45.969","2619.1","False","False"
"2026-08-06T10:50:56.7890385+08:00","14232","True","45.969","2619.1","False","False"
"2026-08-06T10:50:56.8838662+08:00","14232","True","45.969","2619.1","False","False"
"2026-08-06T10:50:56.9777488+08:00","14232","True","45.969","2619.1","False","False"
"2026-08-06T10:50:57.0853849+08:00","14232","True","45.969","2619.1","False","False"
"2026-08-06T10:50:57.1808496+08:00","14232","True","45.969","2619.1","False","False"
"2026-08-06T10:50:57.2879835+08:00","14232","True","45.969","2619.1","False","False"
"2026-08-06T10:50:57.3829767+08:00","14232","True","45.969","2619.1","False","False"
"2026-08-06T10:50:57.4906739+08:00","14232","True","45.969","2619.1","False","False"
"2026-08-06T10:50:57.5851774+08:00","14232","True","45.969","2619.1","False","False"
"2026-08-06T10:50:57.6800414+08:00","14232","True","45.969","2619.1","False","False"
"2026-08-06T10:50:57.7878892+08:00","14232","True","45.969","2619.1","False","False"
"2026-08-06T10:50:57.8821153+08:00","14232","True","45.969","2619.1","False","False"
"2026-08-06T10:50:57.9780221+08:00","14232","True","45.969","2619.1","False","False"
"2026-08-06T10:50:58.0870795+08:00","14232","True","45.969","2619.1","False","False"
"2026-08-06T10:50:58.1800146+08:00","14232","True","45.984","2619.1","False","False"
"2026-08-06T10:50:58.2890591+08:00","14232","True","45.984","2619.1","False","False"
"2026-08-06T10:50:58.3824983+08:00","14232","True","45.984","2619.1","False","False"
"2026-08-06T10:50:58.4897944+08:00","14232","True","45.984","2619.1","False","False"
"2026-08-06T10:50:58.5829557+08:00","14232","True","45.984","2619.1","False","False"
"2026-08-06T10:50:58.6766335+08:00","14232","True","45.984","2619.1","False","False"
"2026-08-06T10:50:58.7858982+08:00","14232","True","45.984","2619.1","False","False"
"2026-08-06T10:50:58.8782857+08:00","14232","True","45.984","2619.1","False","False"
"2026-08-06T10:50:58.9879035+08:00","14232","True","46.016","2619.1","False","False"
"2026-08-06T10:50:59.0813950+08:00","14232","True","46.016","2619.1","False","False"
"2026-08-06T10:50:59.1752127+08:00","14232","True","46.016","2619.1","False","False"
"2026-08-06T10:50:59.2857675+08:00","14232","True","46.016","2619.1","False","False"
"2026-08-06T10:50:59.3795119+08:00","14232","True","46.016","2619.1","False","False"
"2026-08-06T10:50:59.4889000+08:00","14232","True","46.016","2619.1","False","False"
"2026-08-06T10:50:59.5815106+08:00","14232","True","46.016","2619.1","False","False"
"2026-08-06T10:50:59.6885788+08:00","14232","True","46.016","2619.1","False","False"
"2026-08-06T10:50:59.7837547+08:00","14232","True","46.016","2619.1","False","False"
"2026-08-06T10:50:59.8783699+08:00","14232","True","46.016","2619.1","False","False"
"2026-08-06T10:50:59.9865416+08:00","14232","True","46.031","2619","False","False"
"2026-08-06T10:51:00.0949213+08:00","14232","True","46.094","2619","False","False"
"2026-08-06T10:51:00.1880361+08:00","14232","True","46.109","2619","False","False"
"2026-08-06T10:51:00.2960861+08:00","14232","True","46.109","2619","False","False"
"2026-08-06T10:51:00.3890951+08:00","14232","True","46.109","2619","False","False"
"2026-08-06T10:51:00.4988870+08:00","14232","True","46.109","2619","False","False"
"2026-08-06T10:51:00.5919036+08:00","14232","True","46.109","2619","False","False"
"2026-08-06T10:51:00.7006628+08:00","14232","True","46.109","2619","False","False"
"2026-08-06T10:51:00.7932016+08:00","14232","True","46.125","2619","False","False"
"2026-08-06T10:51:00.8867332+08:00","14232","True","46.125","2619","False","False"
"2026-08-06T10:51:00.9810762+08:00","14232","True","46.125","2619","False","False"
"2026-08-06T10:51:01.0905726+08:00","14232","True","46.125","2619","False","False"
"2026-08-06T10:51:01.1851514+08:00","14232","True","46.156","2619","False","False"
"2026-08-06T10:51:01.2938370+08:00","14232","True","46.156","2619","False","False"
"2026-08-06T10:51:01.3876249+08:00","14232","True","46.156","2619","False","False"
"2026-08-06T10:51:01.4964012+08:00","14232","True","46.172","2619","False","False"
"2026-08-06T10:51:01.5888269+08:00","14232","True","46.172","2619","False","False"
"2026-08-06T10:51:01.6834621+08:00","14232","True","46.172","2619","False","False"
"2026-08-06T10:51:01.7769510+08:00","14232","True","46.172","2619","False","False"
"2026-08-06T10:51:01.8855987+08:00","14232","True","46.172","2619","False","False"
"2026-08-06T10:51:01.9800579+08:00","14232","True","46.172","2619","False","False"
"2026-08-06T10:51:02.0905172+08:00","14232","True","46.172","2619","False","False"
"2026-08-06T10:51:02.1836174+08:00","14232","True","46.234","2619","False","False"
"2026-08-06T10:51:02.2765688+08:00","14232","True","46.234","2619","False","False"
"2026-08-06T10:51:02.3858648+08:00","14232","True","46.234","2619","False","False"
"2026-08-06T10:51:02.4795028+08:00","14232","True","46.234","2619","False","False"
"2026-08-06T10:51:02.5887710+08:00","14232","True","46.234","2619","False","False"
"2026-08-06T10:51:02.6811918+08:00","14232","True","46.234","2619","False","False"
"2026-08-06T10:51:02.7888508+08:00","14232","True","46.234","2619","False","False"
"2026-08-06T10:51:02.8823969+08:00","14232","True","46.234","2619","False","False"
"2026-08-06T10:51:02.9767262+08:00","14232","True","46.234","2619","False","False"
"2026-08-06T10:51:03.0867159+08:00","14232","True","46.234","2619","False","False"
"2026-08-06T10:51:03.1803801+08:00","14232","True","46.234","2619","False","False"
"2026-08-06T10:51:03.2910531+08:00","14232","True","46.234","2619","False","False"
"2026-08-06T10:51:03.3853150+08:00","14232","True","46.234","2619","False","False"
"2026-08-06T10:51:03.4780144+08:00","14232","True","46.234","2619","False","False"
"2026-08-06T10:51:03.5867243+08:00","14232","True","46.234","2619","False","False"
"2026-08-06T10:51:03.6810735+08:00","14232","True","46.234","2619","False","False"
"2026-08-06T10:51:03.7895212+08:00","14232","True","46.312","2619","False","False"
"2026-08-06T10:51:03.8809586+08:00","14232","True","46.328","2684.5","False","False"
"2026-08-06T10:51:03.9903545+08:00","14232","True","46.391","2684.5","False","False"
"2026-08-06T10:51:04.0836261+08:00","14232","True","46.391","2684.5","False","False"
"2026-08-06T10:51:04.1777588+08:00","14232","True","46.391","2684.5","False","False"
"2026-08-06T10:51:04.2874687+08:00","14232","True","46.391","2684.5","False","False"
"2026-08-06T10:51:04.3806021+08:00","14232","True","46.484","2684.5","False","False"
"2026-08-06T10:51:04.4891170+08:00","14232","True","46.5","2684.5","False","False"
"2026-08-06T10:51:04.5825200+08:00","14232","True","46.516","2684.5","False","False"
"2026-08-06T10:51:04.6759095+08:00","14232","True","46.578","2684.5","False","False"
"2026-08-06T10:51:04.7846345+08:00","14232","True","46.594","2684.5","False","False"
"2026-08-06T10:51:04.8779121+08:00","14232","True","46.609","2684.5","False","False"
"2026-08-06T10:51:04.9866109+08:00","14232","True","46.609","2684.5","False","False"
"2026-08-06T10:51:05.0964190+08:00","14232","True","46.625","2684.5","False","False"
"2026-08-06T10:51:05.1907368+08:00","14232","True","46.625","2684.5","False","False"
"2026-08-06T10:51:05.2844634+08:00","14232","True","46.625","2684.5","False","False"
"2026-08-06T10:51:05.3803765+08:00","14232","True","46.641","2684.5","False","False"
"2026-08-06T10:51:05.4877139+08:00","14232","True","46.656","2684.5","False","False"
"2026-08-06T10:51:05.5819287+08:00","14232","True","46.672","2684.5","False","False"
"2026-08-06T10:51:05.6760595+08:00","14232","True","46.672","2684.5","False","False"
"2026-08-06T10:51:05.7856629+08:00","14232","True","46.672","2684.5","False","False"
"2026-08-06T10:51:05.8795017+08:00","14232","True","46.672","2684.5","False","False"
"2026-08-06T10:51:05.9874835+08:00","14232","True","46.672","2684.5","False","False"
"2026-08-06T10:51:06.0805572+08:00","14232","True","46.672","2684.5","False","False"
"2026-08-06T10:51:06.1887427+08:00","14232","True","46.672","2684.5","False","False"
"2026-08-06T10:51:06.2970142+08:00","14232","True","46.672","2684.5","False","False"
"2026-08-06T10:51:06.3908050+08:00","14232","True","46.672","2684.5","False","False"
"2026-08-06T10:51:06.5004169+08:00","14232","True","46.672","2684.5","False","False"
"2026-08-06T10:51:06.5933629+08:00","14232","True","46.672","2684.5","False","False"
"2026-08-06T10:51:06.6876347+08:00","14232","True","46.672","2684.5","False","False"
"2026-08-06T10:51:06.7974408+08:00","14232","True","46.672","2684.5","False","False"
"2026-08-06T10:51:06.8906214+08:00","14232","True","46.672","2684.5","False","False"
"2026-08-06T10:51:06.9835979+08:00","14232","True","46.672","2684.5","False","False"
"2026-08-06T10:51:07.0935200+08:00","14232","True","46.672","2684.5","False","False"
"2026-08-06T10:51:07.1875412+08:00","14232","True","46.672","2684.5","False","False"
"2026-08-06T10:51:07.2967582+08:00","14232","True","46.672","2684.5","False","False"
"2026-08-06T10:51:07.3895443+08:00","14232","True","46.688","2684.5","False","False"
"2026-08-06T10:51:07.4989140+08:00","14232","True","46.703","2684.5","False","False"
"2026-08-06T10:51:07.5916171+08:00","14232","True","46.703","2684.5","False","False"
"2026-08-06T10:51:07.6844609+08:00","14232","True","46.703","2684.5","False","False"
"2026-08-06T10:51:07.7936363+08:00","14232","True","46.703","2684.5","False","False"
"2026-08-06T10:51:07.8885785+08:00","14232","True","46.703","2682.9","False","False"
"2026-08-06T10:51:07.9997440+08:00","14232","True","46.703","2682.9","False","False"
"2026-08-06T10:51:08.0933492+08:00","14232","True","46.703","2682.9","False","False"
"2026-08-06T10:51:08.1876665+08:00","14232","True","46.703","2682.9","False","False"
"2026-08-06T10:51:08.2966880+08:00","14232","True","46.75","2682.9","False","False"
"2026-08-06T10:51:08.3902807+08:00","14232","True","46.75","2682.9","False","False"
"2026-08-06T10:51:08.4988655+08:00","14232","True","46.75","2682.9","False","False"
"2026-08-06T10:51:08.5916895+08:00","14232","True","46.75","2682.9","False","False"
"2026-08-06T10:51:08.7017016+08:00","14232","True","46.75","2682.9","False","False"
"2026-08-06T10:51:08.7946676+08:00","14232","True","46.766","2682.9","False","False"
"2026-08-06T10:51:08.8875504+08:00","14232","True","46.766","2682.9","False","False"
"2026-08-06T10:51:08.9809625+08:00","14232","True","46.766","2682.9","False","False"
"2026-08-06T10:51:09.0907219+08:00","14232","True","46.766","2682.9","False","False"
"2026-08-06T10:51:09.1837051+08:00","14232","True","46.766","2682.9","False","False"
"2026-08-06T10:51:09.2767608+08:00","14232","True","46.781","2682.9","False","False"
"2026-08-06T10:51:09.3845233+08:00","14232","True","46.781","2682.9","False","False"
"2026-08-06T10:51:09.4772530+08:00","14232","True","46.828","2682.9","False","False"
"2026-08-06T10:51:09.5864610+08:00","14232","True","46.828","2682.9","False","False"
"2026-08-06T10:51:09.6805602+08:00","14232","True","46.859","2682.9","False","False"
"2026-08-06T10:51:09.7901099+08:00","14232","True","46.859","2682.9","False","False"
"2026-08-06T10:51:09.8842941+08:00","14232","True","46.859","2682.9","False","False"
"2026-08-06T10:51:09.9784723+08:00","14232","True","46.859","2682.9","False","False"
"2026-08-06T10:51:10.0893006+08:00","14232","True","46.859","2682.9","False","False"
"2026-08-06T10:51:10.1817634+08:00","14232","True","46.859","2682.9","False","False"
"2026-08-06T10:51:10.2762105+08:00","14232","True","46.859","2682.9","False","False"
"2026-08-06T10:51:10.3859000+08:00","14232","True","46.859","2682.9","False","False"
"2026-08-06T10:51:10.4792814+08:00","14232","True","46.859","2682.9","False","False"
"2026-08-06T10:51:10.5892383+08:00","14232","True","46.875","2682.9","False","False"
"2026-08-06T10:51:10.6822148+08:00","14232","True","46.875","2682.9","False","False"
"2026-08-06T10:51:10.7914647+08:00","14232","True","46.875","2682.9","False","False"
"2026-08-06T10:51:10.8845459+08:00","14232","True","46.875","2682.9","False","False"
"2026-08-06T10:51:10.9788521+08:00","14232","True","46.875","2682.9","False","False"
"2026-08-06T10:51:11.0876550+08:00","14232","True","46.875","2682.9","False","False"
"2026-08-06T10:51:11.1797201+08:00","14232","True","46.875","2682.9","False","False"
"2026-08-06T10:51:11.2896375+08:00","14232","True","46.922","2682.9","False","False"
"2026-08-06T10:51:11.3832597+08:00","14232","True","46.922","2682.9","False","False"
"2026-08-06T10:51:11.4767336+08:00","14232","True","46.922","2682.9","False","False"
"2026-08-06T10:51:11.5879915+08:00","14232","True","46.922","2682.9","False","False"
"2026-08-06T10:51:11.6808790+08:00","14232","True","46.922","2682.9","False","False"
"2026-08-06T10:51:11.7883560+08:00","14232","True","46.922","2682.9","False","False"
"2026-08-06T10:51:11.8811905+08:00","14232","True","46.922","2682.9","False","False"
"2026-08-06T10:51:11.9891957+08:00","14232","True","46.938","2682.9","False","False"
"2026-08-06T10:51:12.0838554+08:00","14232","True","46.984","2682.9","False","False"
"2026-08-06T10:51:12.1779735+08:00","14232","True","46.984","2682.9","False","False"
"2026-08-06T10:51:12.2882619+08:00","14232","True","46.984","2682.9","False","False"
"2026-08-06T10:51:12.3824018+08:00","14232","True","46.984","2682.9","False","False"
"2026-08-06T10:51:12.4756163+08:00","14232","True","46.984","2682.9","False","False"
"2026-08-06T10:51:12.5861130+08:00","14232","True","46.984","2682.9","False","False"
"2026-08-06T10:51:12.6806909+08:00","14232","True","46.984","2682.9","False","False"
"2026-08-06T10:51:12.7889139+08:00","14232","True","47.016","2682.9","False","False"
"2026-08-06T10:51:12.8821622+08:00","14232","True","47.016","2682.9","False","False"
"2026-08-06T10:51:12.9897814+08:00","14232","True","47.016","2682.9","False","False"
"2026-08-06T10:51:13.0836636+08:00","14232","True","47.016","2682.9","False","False"
"2026-08-06T10:51:13.1781304+08:00","14232","True","47.016","2682.9","False","False"
"2026-08-06T10:51:13.2873387+08:00","14232","True","47.016","2682.9","False","False"
"2026-08-06T10:51:13.3818298+08:00","14232","True","47.016","2682.9","False","False"
"2026-08-06T10:51:13.4911680+08:00","14232","True","47.016","2682.9","False","False"
"2026-08-06T10:51:13.5825026+08:00","14232","True","47.016","2682.9","False","False"
"2026-08-06T10:51:13.6903634+08:00","14232","True","47.016","2682.9","False","False"
"2026-08-06T10:51:13.7834576+08:00","14232","True","47.062","2682.9","False","False"
"2026-08-06T10:51:13.8902254+08:00","14232","True","47.062","2682.9","False","False"
"2026-08-06T10:51:13.9983836+08:00","14232","True","47.062","2619","False","False"
"2026-08-06T10:51:14.0924988+08:00","14232","True","47.062","2619","False","False"
"2026-08-06T10:51:14.1864014+08:00","14232","True","47.062","2619","False","False"
"2026-08-06T10:51:14.2956332+08:00","14232","True","47.062","2619","False","False"
"2026-08-06T10:51:14.3911531+08:00","14232","True","47.062","2619","False","False"
"2026-08-06T10:51:14.5008821+08:00","14232","True","47.062","2619","False","False"
"2026-08-06T10:51:14.5944447+08:00","14232","True","47.062","2619","False","False"
"2026-08-06T10:51:14.6875840+08:00","14232","True","47.062","2619","False","False"
"2026-08-06T10:51:14.7961546+08:00","14232","True","47.062","2619","False","False"
"2026-08-06T10:51:14.8896297+08:00","14232","True","47.062","2619","False","False"
"2026-08-06T10:51:14.9991734+08:00","14232","True","47.062","2619","False","False"
"2026-08-06T10:51:15.0917224+08:00","14232","True","47.062","2619","False","False"
"2026-08-06T10:51:15.2022143+08:00","14232","True","47.062","2619","False","False"
"2026-08-06T10:51:15.2958349+08:00","14232","True","47.062","2619","False","False"
"2026-08-06T10:51:15.3895488+08:00","14232","True","47.094","2619","False","False"
"2026-08-06T10:51:15.4972416+08:00","14232","True","47.094","2619","False","False"
"2026-08-06T10:51:15.5902085+08:00","14232","True","47.094","2619","False","False"
"2026-08-06T10:51:15.6996493+08:00","14232","True","47.125","2619","False","False"
"2026-08-06T10:51:15.7772499+08:00","14232","True","47.125","2619","False","False"
"2026-08-06T10:51:15.8874136+08:00","14232","True","47.125","2619","False","False"
"2026-08-06T10:51:15.9961429+08:00","14232","True","47.125","2619","False","False"
"2026-08-06T10:51:16.0893959+08:00","14232","True","47.203","2619","False","False"
"2026-08-06T10:51:16.1834149+08:00","14232","True","47.203","2619","False","False"
"2026-08-06T10:51:16.2778461+08:00","14232","True","47.203","2619","False","False"
"2026-08-06T10:51:16.3865401+08:00","14232","True","47.203","2619","False","False"
"2026-08-06T10:51:16.4807995+08:00","14232","True","47.203","2619","False","False"
"2026-08-06T10:51:16.5884260+08:00","14232","True","47.203","2619","False","False"
"2026-08-06T10:51:16.6818683+08:00","14232","True","47.203","2619","False","False"
"2026-08-06T10:51:16.7892250+08:00","14232","True","47.203","2619","False","False"
"2026-08-06T10:51:16.8819073+08:00","14232","True","47.203","2619","False","False"
"2026-08-06T10:51:16.9760331+08:00","14232","True","47.203","2619","False","False"
"2026-08-06T10:51:17.0860602+08:00","14232","True","47.25","2619","False","False"
"2026-08-06T10:51:17.1797274+08:00","14232","True","47.25","2619","False","False"
"2026-08-06T10:51:17.2903008+08:00","14232","True","47.25","2619","False","False"
"2026-08-06T10:51:17.3845801+08:00","14232","True","47.297","2619","False","False"
"2026-08-06T10:51:17.4767885+08:00","14232","True","47.297","2619","False","False"
"2026-08-06T10:51:17.5851386+08:00","14232","True","47.297","2619","False","False"
"2026-08-06T10:51:17.6772776+08:00","14232","True","47.297","2619","False","False"
"2026-08-06T10:51:17.7861565+08:00","14232","True","47.297","2619","False","False"
"2026-08-06T10:51:17.8794529+08:00","14232","True","47.297","2619","False","False"
"2026-08-06T10:51:17.9884973+08:00","14232","True","47.297","2619","False","False"
"2026-08-06T10:51:18.0831286+08:00","14232","True","47.297","2619","False","False"
"2026-08-06T10:51:18.1762630+08:00","14232","True","47.297","2619","False","False"
"2026-08-06T10:51:18.2851530+08:00","14232","True","47.297","2619","False","False"
"2026-08-06T10:51:18.3784463+08:00","14232","True","47.297","2619","False","False"
"2026-08-06T10:51:18.4899517+08:00","14232","True","47.297","2619","False","False"
"2026-08-06T10:51:18.5832894+08:00","14232","True","47.297","2619","False","False"
"2026-08-06T10:51:18.6764257+08:00","14232","True","47.297","2619","False","False"
"2026-08-06T10:51:18.7847297+08:00","14232","True","47.312","2619","False","False"
"2026-08-06T10:51:18.8775842+08:00","14232","True","47.312","2619","False","False"
"2026-08-06T10:51:18.9874684+08:00","14232","True","47.312","2619","False","False"
"2026-08-06T10:51:19.0817917+08:00","14232","True","47.312","2619","False","False"
"2026-08-06T10:51:19.1905138+08:00","14232","True","47.312","2619","False","False"
"2026-08-06T10:51:19.2847439+08:00","14232","True","47.312","2619","False","False"
"2026-08-06T10:51:19.3792136+08:00","14232","True","47.312","2619","False","False"
"2026-08-06T10:51:19.4864348+08:00","14232","True","47.312","2619","False","False"
"2026-08-06T10:51:19.5819335+08:00","14232","True","47.312","2619","False","False"
"2026-08-06T10:51:19.6763449+08:00","14232","True","47.312","2619","False","False"
"2026-08-06T10:51:19.7870077+08:00","14232","True","47.312","2619","False","False"
"2026-08-06T10:51:19.8803209+08:00","14232","True","47.312","2619","False","False"
"2026-08-06T10:51:19.9887909+08:00","14232","True","47.312","2619","False","False"
"2026-08-06T10:51:20.0822162+08:00","14232","True","47.312","2619","False","False"
"2026-08-06T10:51:20.1765223+08:00","14232","True","47.312","2619","False","False"
"2026-08-06T10:51:20.2855738+08:00","14232","True","47.312","2619","False","False"
"2026-08-06T10:51:20.3799389+08:00","14232","True","47.312","2619","False","False"
"2026-08-06T10:51:20.4752465+08:00","14232","True","47.312","2619","False","False"
"2026-08-06T10:51:20.5852366+08:00","14232","True","47.312","2619","False","False"
"2026-08-06T10:51:20.6789794+08:00","14232","True","47.312","2619","False","False"
"2026-08-06T10:51:20.7894584+08:00","14232","True","47.312","2619","False","False"
"2026-08-06T10:51:20.8844281+08:00","14232","True","47.312","2619","False","False"
"2026-08-06T10:51:20.9783407+08:00","14232","True","47.312","2619","False","False"
"2026-08-06T10:51:21.0892101+08:00","14232","True","47.312","2619","False","False"
"2026-08-06T10:51:21.1829517+08:00","14232","True","47.312","2619","False","False"
"2026-08-06T10:51:21.2771879+08:00","14232","True","47.312","2619","False","False"
"2026-08-06T10:51:21.3880651+08:00","14232","True","47.312","2619","False","False"
"2026-08-06T10:51:21.4990811+08:00","14232","True","47.312","2619","False","False"
"2026-08-06T10:51:21.5932161+08:00","14232","True","47.312","2619","False","False"
"2026-08-06T10:51:21.6863539+08:00","14232","True","47.312","2619","False","False"
"2026-08-06T10:51:21.7953775+08:00","14232","True","47.375","2619","False","False"
"2026-08-06T10:51:21.8893117+08:00","14232","True","47.375","2619","False","False"
"2026-08-06T10:51:22.0011488+08:00","14232","True","47.375","2619","False","False"
"2026-08-06T10:51:22.0949448+08:00","14232","True","47.375","2619","False","False"
"2026-08-06T10:51:22.1873224+08:00","14232","True","47.375","2619","False","False"
"2026-08-06T10:51:22.2971388+08:00","14232","True","47.375","2619","False","False"
"2026-08-06T10:51:22.3906293+08:00","14232","True","47.375","2619","False","False"
"2026-08-06T10:51:22.5003382+08:00","14232","True","47.375","2619","False","False"
"2026-08-06T10:51:22.5918545+08:00","14232","True","47.375","2619","False","False"
"2026-08-06T10:51:22.6995046+08:00","14232","True","47.375","2619","False","False"
"2026-08-06T10:51:22.7764839+08:00","14232","True","47.375","2619","False","False"
"2026-08-06T10:51:22.8871959+08:00","14232","True","47.375","2619","False","False"
"2026-08-06T10:51:22.9810590+08:00","14232","True","47.375","2619","False","False"
"2026-08-06T10:51:23.0896579+08:00","14232","True","47.375","2619","False","False"
"2026-08-06T10:51:23.1843091+08:00","14232","True","47.375","2619","False","False"
"2026-08-06T10:51:23.2773230+08:00","14232","True","47.375","2619","False","False"
"2026-08-06T10:51:23.3891494+08:00","14232","True","47.375","2619","False","False"
"2026-08-06T10:51:23.4962167+08:00","14232","True","47.406","2619","False","False"
"2026-08-06T10:51:23.5900625+08:00","14232","True","47.422","2619","False","False"
"2026-08-06T10:51:23.6832716+08:00","14232","True","47.438","2619","False","False"
"2026-08-06T10:51:23.7769321+08:00","14232","True","47.438","2619","False","False"
"2026-08-06T10:51:23.8863224+08:00","14232","True","47.438","2619","False","False"
"2026-08-06T10:51:23.9809620+08:00","14232","True","47.438","2619","False","False"
"2026-08-06T10:51:24.0901255+08:00","14232","True","47.438","2619","False","False"
"2026-08-06T10:51:24.1836460+08:00","14232","True","47.438","2619","False","False"
"2026-08-06T10:51:24.2765143+08:00","14232","True","47.438","2619","False","False"
"2026-08-06T10:51:24.3848451+08:00","14232","True","47.438","2619","False","False"
"2026-08-06T10:51:24.4792527+08:00","14232","True","47.484","2619","False","False"
"2026-08-06T10:51:24.5894063+08:00","14232","True","47.562","2619","False","False"
"2026-08-06T10:51:24.6829869+08:00","14232","True","47.562","2619","False","False"
"2026-08-06T10:51:24.7771779+08:00","14232","True","47.562","2619","False","False"
"2026-08-06T10:51:24.8851082+08:00","14232","True","47.562","2619","False","False"
"2026-08-06T10:51:24.9776556+08:00","14232","True","47.562","2619","False","False"
"2026-08-06T10:51:25.0871792+08:00","14232","True","47.562","2619","False","False"
"2026-08-06T10:51:25.1808628+08:00","14232","True","47.562","2619","False","False"
"2026-08-06T10:51:25.2910724+08:00","14232","True","47.594","2619","False","False"
"2026-08-06T10:51:25.3841037+08:00","14232","True","47.594","2619","False","False"
"2026-08-06T10:51:25.4769400+08:00","14232","True","47.594","2619","False","False"
"2026-08-06T10:51:25.5868259+08:00","14232","True","47.594","2619","False","False"
"2026-08-06T10:51:25.6809684+08:00","14232","True","47.594","2619","False","False"
"2026-08-06T10:51:25.7902185+08:00","14232","True","47.594","2619","False","False"
"2026-08-06T10:51:25.8842134+08:00","14232","True","47.594","2619","False","False"
"2026-08-06T10:51:25.9769290+08:00","14232","True","47.594","2619","False","False"
"2026-08-06T10:51:26.0863724+08:00","14232","True","47.594","2619","False","False"
"2026-08-06T10:51:26.1794402+08:00","14232","True","47.609","2619","False","False"
"2026-08-06T10:51:26.2883248+08:00","14232","True","47.609","2619","False","False"
"2026-08-06T10:51:26.3829867+08:00","14232","True","47.609","2619","False","False"
"2026-08-06T10:51:26.4901165+08:00","14232","True","47.609","2619","False","False"
"2026-08-06T10:51:26.5858840+08:00","14232","True","47.609","2619","False","False"
"2026-08-06T10:51:26.6782078+08:00","14232","True","47.609","2619","False","False"
"2026-08-06T10:51:26.7868742+08:00","14232","True","47.641","2619","False","False"
"2026-08-06T10:51:26.8818956+08:00","14232","True","47.641","2619","False","False"
"2026-08-06T10:51:26.9893554+08:00","14232","True","47.641","2619","False","False"
"2026-08-06T10:51:27.0815082+08:00","14232","True","47.641","2619","False","False"
"2026-08-06T10:51:27.1910411+08:00","14232","True","47.641","2619","False","False"
"2026-08-06T10:51:27.2991991+08:00","14232","True","47.641","2619","False","False"
"2026-08-06T10:51:27.3900855+08:00","14232","True","47.641","2619","False","False"
"2026-08-06T10:51:27.4992413+08:00","14232","True","47.719","2619","False","False"
"2026-08-06T10:51:27.5930099+08:00","14232","True","47.719","2619","False","False"
"2026-08-06T10:51:27.6868152+08:00","14232","True","47.719","2619","False","False"
"2026-08-06T10:51:27.7983612+08:00","14232","True","47.734","2619","False","False"
"2026-08-06T10:51:27.8775968+08:00","14232","True","47.734","2619","False","False"
"2026-08-06T10:51:27.9860631+08:00","14232","True","47.734","2619","False","False"
"2026-08-06T10:51:28.0948091+08:00","14232","True","47.734","2619","False","False"
"2026-08-06T10:51:28.1879459+08:00","14232","True","47.734","2619","False","False"
"2026-08-06T10:51:28.2979291+08:00","14232","True","47.734","2619","False","False"
"2026-08-06T10:51:28.3888926+08:00","14232","True","47.734","2619","False","False"
"2026-08-06T10:51:28.4992798+08:00","14232","True","47.766","2619","False","False"
"2026-08-06T10:51:28.5931533+08:00","14232","True","47.766","2619","False","False"
"2026-08-06T10:51:28.6861923+08:00","14232","True","47.766","2619","False","False"
"2026-08-06T10:51:28.7949187+08:00","14232","True","47.766","2619","False","False"
"2026-08-06T10:51:28.8869694+08:00","14232","True","47.766","2619","False","False"
"2026-08-06T10:51:28.9808651+08:00","14232","True","47.781","2619","False","False"
"2026-08-06T10:51:29.0878438+08:00","14232","True","47.781","2619","False","False"
"2026-08-06T10:51:29.1811222+08:00","14232","True","47.797","2619","False","False"
"2026-08-06T10:51:29.2900028+08:00","14232","True","47.797","2619","False","False"
"2026-08-06T10:51:29.3831699+08:00","14232","True","47.812","2619","False","False"
"2026-08-06T10:51:29.4770424+08:00","14232","True","47.922","2619","False","False"
"2026-08-06T10:51:29.5871155+08:00","14232","True","47.922","2619","False","False"
"2026-08-06T10:51:29.6800636+08:00","14232","True","47.938","2619","False","False"
"2026-08-06T10:51:29.7898300+08:00","14232","True","47.938","2619","False","False"
"2026-08-06T10:51:29.8829268+08:00","14232","True","47.938","2619","False","False"
"2026-08-06T10:51:29.9770927+08:00","14232","True","47.984","2619","False","False"
"2026-08-06T10:51:30.0869062+08:00","14232","True","47.984","2619","False","False"
"2026-08-06T10:51:30.1804624+08:00","14232","True","47.984","2619","False","False"
"2026-08-06T10:51:30.2752551+08:00","14232","True","47.984","2619","False","False"
"2026-08-06T10:51:30.3854722+08:00","14232","True","47.984","2619","False","False"
"2026-08-06T10:51:30.4803912+08:00","14232","True","48","2619","False","False"
"2026-08-06T10:51:30.5900814+08:00","14232","True","48","2619","False","False"
"2026-08-06T10:51:30.6840014+08:00","14232","True","48.016","2619","False","False"
"2026-08-06T10:51:30.7769396+08:00","14232","True","48.031","2619","False","False"
"2026-08-06T10:51:30.8878099+08:00","14232","True","48.031","2619","False","False"
"2026-08-06T10:51:30.9969226+08:00","14232","True","48.031","2619","False","False"
"2026-08-06T10:51:31.0899473+08:00","14232","True","48.031","2619","False","False"
"2026-08-06T10:51:31.1827583+08:00","14232","True","48.047","2619","False","False"
"2026-08-06T10:51:31.2765648+08:00","14232","True","48.078","2619","False","False"
"2026-08-06T10:51:31.3848541+08:00","14232","True","48.078","2619","False","False"
"2026-08-06T10:51:31.4765155+08:00","14232","True","48.125","2619","False","False"
"2026-08-06T10:51:31.5848241+08:00","14232","True","48.125","2619","False","False"
"2026-08-06T10:51:31.6783575+08:00","14232","True","48.141","2619","False","False"
"2026-08-06T10:51:31.7851810+08:00","14232","True","48.141","2619","False","False"
"2026-08-06T10:51:31.8795888+08:00","14232","True","48.141","2619","False","False"
"2026-08-06T10:51:31.9901062+08:00","14232","True","48.141","2619","False","False"
"2026-08-06T10:51:32.0844254+08:00","14232","True","48.141","2619","False","False"
"2026-08-06T10:51:32.1764554+08:00","14232","True","48.141","2619","False","False"
"2026-08-06T10:51:32.2857017+08:00","14232","True","48.172","2619","False","False"
"2026-08-06T10:51:32.3793976+08:00","14232","True","48.172","2619","False","False"
"2026-08-06T10:51:32.4877421+08:00","14232","True","48.172","2619","False","False"
"2026-08-06T10:51:32.5813055+08:00","14232","True","48.172","2619","False","False"
"2026-08-06T10:51:32.6753658+08:00","14232","True","48.172","2619","False","False"
"2026-08-06T10:51:32.7848294+08:00","14232","True","48.188","2619","False","False"
"2026-08-06T10:51:32.8926118+08:00","14232","True","48.203","2619","False","False"
"2026-08-06T10:51:32.9858480+08:00","14232","True","48.219","2619","False","False"
"2026-08-06T10:51:33.0950532+08:00","14232","True","48.219","2619","False","False"
"2026-08-06T10:51:33.1886214+08:00","14232","True","48.219","2619","False","False"
"2026-08-06T10:51:33.2969661+08:00","14232","True","48.219","2619","False","False"
"2026-08-06T10:51:33.3899532+08:00","14232","True","48.219","2619","False","False"
"2026-08-06T10:51:33.5009604+08:00","14232","True","48.219","2619","False","False"
"2026-08-06T10:51:33.5955780+08:00","14232","True","48.219","2619","False","False"
"2026-08-06T10:51:33.6880765+08:00","14232","True","48.219","2619","False","False"
"2026-08-06T10:51:33.7975402+08:00","14232","True","48.234","2619","False","False"
"2026-08-06T10:51:33.8900264+08:00","14232","True","48.25","2619.2","False","False"
"2026-08-06T10:51:34.0000948+08:00","14232","True","48.25","2619.2","False","False"
"2026-08-06T10:51:34.0947865+08:00","14232","True","48.25","2619.2","False","False"
"2026-08-06T10:51:34.1878246+08:00","14232","True","48.25","2619.2","False","False"
"2026-08-06T10:51:34.2955667+08:00","14232","True","48.25","2619.2","False","False"
"2026-08-06T10:51:34.3907012+08:00","14232","True","48.25","2619.2","False","False"
"2026-08-06T10:51:34.5005305+08:00","14232","True","48.25","2619.2","False","False"
"2026-08-06T10:51:34.5929917+08:00","14232","True","48.266","2619.2","False","False"
"2026-08-06T10:51:34.6848999+08:00","14232","True","48.266","2619.2","False","False"
"2026-08-06T10:51:34.7948516+08:00","14232","True","48.312","2619.2","False","False"
"2026-08-06T10:51:34.8907909+08:00","14232","True","48.312","2619.2","False","False"
"2026-08-06T10:51:34.9976997+08:00","14232","True","48.312","2619.2","False","False"
"2026-08-06T10:51:35.0905852+08:00","14232","True","48.312","2619.2","False","False"
"2026-08-06T10:51:35.1987356+08:00","14232","True","48.312","2619.2","False","False"
"2026-08-06T10:51:35.2756817+08:00","14232","True","48.312","2619.2","False","False"
"2026-08-06T10:51:35.3869455+08:00","14232","True","48.328","2619.2","False","False"
"2026-08-06T10:51:35.4981160+08:00","14232","True","48.328","2619.2","False","False"
"2026-08-06T10:51:35.5899932+08:00","14232","True","48.344","2619.2","False","False"
"2026-08-06T10:51:35.6819093+08:00","14232","True","48.344","2619.2","False","False"
"2026-08-06T10:51:35.7906298+08:00","14232","True","48.344","2619.2","False","False"
"2026-08-06T10:51:35.8835389+08:00","14232","True","48.344","2619.2","False","False"
"2026-08-06T10:51:35.9761293+08:00","14232","True","48.344","2619.2","False","False"
"2026-08-06T10:51:36.0848172+08:00","14232","True","48.344","2619.2","False","False"
"2026-08-06T10:51:36.1788104+08:00","14232","True","48.359","2619.2","False","False"
"2026-08-06T10:51:36.2865864+08:00","14232","True","48.359","2619.2","False","False"
"2026-08-06T10:51:36.3802580+08:00","14232","True","48.359","2619.2","False","False"
"2026-08-06T10:51:36.4900052+08:00","14232","True","48.359","2619.2","False","False"
"2026-08-06T10:51:36.5846689+08:00","14232","True","48.359","2619.2","False","False"
"2026-08-06T10:51:36.6779313+08:00","14232","True","48.391","2619.2","False","False"
"2026-08-06T10:51:36.7870581+08:00","14232","True","48.422","2619.2","False","False"
"2026-08-06T10:51:36.8804237+08:00","14232","True","48.422","2619.2","False","False"
"2026-08-06T10:51:36.9889048+08:00","14232","True","48.5","2619.2","False","False"
"2026-08-06T10:51:37.0810795+08:00","14232","True","48.562","2619.2","False","False"
"2026-08-06T10:51:37.1893092+08:00","14232","True","48.562","2619.2","False","False"
"2026-08-06T10:51:37.2849534+08:00","14232","True","48.562","2619.2","False","False"
"2026-08-06T10:51:37.3795092+08:00","14232","True","48.562","2619.2","False","False"
"2026-08-06T10:51:37.4898951+08:00","14232","True","48.562","2619.2","False","False"
"2026-08-06T10:51:37.5826918+08:00","14232","True","48.562","2619.2","False","False"
"2026-08-06T10:51:37.6769709+08:00","14232","True","48.594","2619.2","False","False"
"2026-08-06T10:51:37.7855119+08:00","14232","True","48.594","2619.2","False","False"
"2026-08-06T10:51:37.8781099+08:00","14232","True","48.594","2619.2","False","False"
"2026-08-06T10:51:37.9865098+08:00","14232","True","48.594","2619.2","False","False"
"2026-08-06T10:51:38.0803141+08:00","14232","True","48.594","2619.2","False","False"
"2026-08-06T10:51:38.1882183+08:00","14232","True","48.609","2619.2","False","False"
"2026-08-06T10:51:38.2987350+08:00","14232","True","48.609","2619.2","False","False"
"2026-08-06T10:51:38.3925049+08:00","14232","True","48.609","2619.2","False","False"
"2026-08-06T10:51:38.4876634+08:00","14232","True","48.609","2619.2","False","False"
"2026-08-06T10:51:38.5829182+08:00","14232","True","48.609","2619.2","False","False"
"2026-08-06T10:51:38.6771950+08:00","14232","True","48.609","2619.2","False","False"
"2026-08-06T10:51:38.7849217+08:00","14232","True","48.609","2619.2","False","False"
"2026-08-06T10:51:38.8776241+08:00","14232","True","48.609","2619.2","False","False"
"2026-08-06T10:51:38.9863361+08:00","14232","True","48.609","2619.2","False","False"
"2026-08-06T10:51:39.0812254+08:00","14232","True","48.609","2619.2","False","False"
"2026-08-06T10:51:39.1762867+08:00","14232","True","48.609","2619.2","False","False"
"2026-08-06T10:51:39.2868919+08:00","14232","True","48.609","2619.2","False","False"
"2026-08-06T10:51:39.3818210+08:00","14232","True","48.625","2619.2","False","False"
"2026-08-06T10:51:39.4906210+08:00","14232","True","48.625","2619.2","False","False"
"2026-08-06T10:51:39.5847463+08:00","14232","True","48.641","2619.2","False","False"
"2026-08-06T10:51:39.6786041+08:00","14232","True","48.641","2619.2","False","False"
"2026-08-06T10:51:39.7893533+08:00","14232","True","48.641","2619.2","False","False"
"2026-08-06T10:51:39.8831838+08:00","14232","True","48.641","2619.2","False","False"
"2026-08-06T10:51:39.9782741+08:00","14232","True","48.641","2619.2","False","False"
"2026-08-06T10:51:40.0867756+08:00","14232","True","48.641","2619.2","False","False"
"2026-08-06T10:51:40.1806002+08:00","14232","True","48.641","2619.2","False","False"
"2026-08-06T10:51:40.2885998+08:00","14232","True","48.656","2619.2","False","False"
"2026-08-06T10:51:40.3811905+08:00","14232","True","48.656","2619.2","False","False"
"2026-08-06T10:51:40.4905855+08:00","14232","True","48.656","2619.2","False","False"
"2026-08-06T10:51:40.5840047+08:00","14232","True","48.656","2619.2","False","False"
"2026-08-06T10:51:40.6785092+08:00","14232","True","48.656","2619.2","False","False"
"2026-08-06T10:51:40.7869067+08:00","14232","True","48.656","2619.2","False","False"
"2026-08-06T10:51:40.8808964+08:00","14232","True","48.672","2619.2","False","False"
"2026-08-06T10:51:40.9916439+08:00","14232","True","48.672","2619.2","False","False"
"2026-08-06T10:51:41.0845988+08:00","14232","True","48.672","2619.2","False","False"
"2026-08-06T10:51:41.1769779+08:00","14232","True","48.672","2619.2","False","False"
"2026-08-06T10:51:41.2874747+08:00","14232","True","48.672","2619.2","False","False"
"2026-08-06T10:51:41.3804525+08:00","14232","True","48.672","2619.2","False","False"
"2026-08-06T10:51:41.4887459+08:00","14232","True","48.672","2619.2","False","False"
"2026-08-06T10:51:41.5816249+08:00","14232","True","48.672","2619.2","False","False"
"2026-08-06T10:51:41.6907816+08:00","14232","True","48.672","2619.2","False","False"
"2026-08-06T10:51:41.7836855+08:00","14232","True","48.672","2619.2","False","False"
"2026-08-06T10:51:41.8775232+08:00","14232","True","48.672","2619.2","False","False"
"2026-08-06T10:51:41.9883089+08:00","14232","True","48.672","2619.2","False","False"
"2026-08-06T10:51:42.0824267+08:00","14232","True","48.672","2619.2","False","False"
"2026-08-06T10:51:42.1768043+08:00","14232","True","48.672","2619.2","False","False"
"2026-08-06T10:51:42.2866594+08:00","14232","True","48.672","2619.2","False","False"
"2026-08-06T10:51:42.3799592+08:00","14232","True","48.672","2619.2","False","False"
"2026-08-06T10:51:42.4894394+08:00","14232","True","48.688","2619.2","False","False"
"2026-08-06T10:51:42.5839998+08:00","14232","True","48.688","2619.2","False","False"
"2026-08-06T10:51:42.6780397+08:00","14232","True","48.688","2619.2","False","False"
"2026-08-06T10:51:42.7863916+08:00","14232","True","48.688","2619.2","False","False"
"2026-08-06T10:51:42.8796087+08:00","14232","True","48.688","2619.2","False","False"
"2026-08-06T10:51:42.9888796+08:00","14232","True","48.688","2619.2","False","False"
"2026-08-06T10:51:43.0811984+08:00","14232","True","48.688","2619.2","False","False"
"2026-08-06T10:51:43.1905937+08:00","14232","True","48.688","2619.2","False","False"
"2026-08-06T10:51:43.2982876+08:00","14232","True","48.719","2619.2","False","False"
"2026-08-06T10:51:43.3906370+08:00","14232","True","48.734","2619.2","False","False"
"2026-08-06T10:51:43.4990617+08:00","14232","True","48.734","2619.2","False","False"
"2026-08-06T10:51:43.5944339+08:00","14232","True","48.734","2619.2","False","False"
"2026-08-06T10:51:43.6878447+08:00","14232","True","48.766","2619.2","False","False"
"2026-08-06T10:51:43.7975820+08:00","14232","True","48.781","2619.2","False","False"
"2026-08-06T10:51:43.8903903+08:00","14232","True","48.781","2619.2","False","False"
"2026-08-06T10:51:43.9847322+08:00","14232","True","48.781","2619.2","False","False"
"2026-08-06T10:51:44.0936336+08:00","14232","True","48.781","2619.2","False","False"
"2026-08-06T10:51:44.1867482+08:00","14232","True","48.781","2619.2","False","False"
"2026-08-06T10:51:44.2956488+08:00","14232","True","48.781","2619.2","False","False"
"2026-08-06T10:51:44.3890743+08:00","14232","True","48.781","2619.2","False","False"
"2026-08-06T10:51:44.4977498+08:00","14232","True","48.781","2619.2","False","False"
"2026-08-06T10:51:44.5915790+08:00","14232","True","48.781","2619.2","False","False"
"2026-08-06T10:51:44.7023513+08:00","14232","True","48.781","2619.2","False","False"
"2026-08-06T10:51:44.7962796+08:00","14232","True","48.797","2619.2","False","False"
"2026-08-06T10:51:44.8886328+08:00","14232","True","48.797","2619.2","False","False"
"2026-08-06T10:51:44.9986938+08:00","14232","True","48.797","2619.2","False","False"
"2026-08-06T10:51:45.0926426+08:00","14232","True","48.797","2619.2","False","False"
"2026-08-06T10:51:45.1877077+08:00","14232","True","48.797","2619.2","False","False"
"2026-08-06T10:51:45.2947564+08:00","14232","True","48.844","2619.2","False","False"
"2026-08-06T10:51:45.3875852+08:00","14232","True","48.844","2619.2","False","False"
"2026-08-06T10:51:45.4965472+08:00","14232","True","48.859","2619.2","False","False"
"2026-08-06T10:51:45.5897507+08:00","14232","True","48.875","2619.2","False","False"
"2026-08-06T10:51:45.6844018+08:00","14232","True","48.906","2619.2","False","False"
"2026-08-06T10:51:45.7788009+08:00","14232","True","48.906","2619.2","False","False"
"2026-08-06T10:51:45.8879722+08:00","14232","True","48.922","2619.2","False","False"
"2026-08-06T10:51:45.9817317+08:00","14232","True","48.922","2619.2","False","False"
"2026-08-06T10:51:46.0906725+08:00","14232","True","48.922","2619.2","False","False"
"2026-08-06T10:51:46.1858020+08:00","14232","True","48.938","2619.2","False","False"
"2026-08-06T10:51:46.2936292+08:00","14232","True","48.938","2619.2","False","False"
"2026-08-06T10:51:46.3860822+08:00","14232","True","48.938","2619.2","False","False"
"2026-08-06T10:51:46.4808916+08:00","14232","True","48.938","2619.2","False","False"
"2026-08-06T10:51:46.5898593+08:00","14232","True","48.938","2619.2","False","False"
"2026-08-06T10:51:46.6822857+08:00","14232","True","48.938","2619.2","False","False"
"2026-08-06T10:51:46.7761117+08:00","14232","True","48.938","2619.2","False","False"
"2026-08-06T10:51:46.8855259+08:00","14232","True","49","2619.2","False","False"
"2026-08-06T10:51:46.9792263+08:00","14232","True","49.016","2619.2","False","False"
"2026-08-06T10:51:47.0885819+08:00","14232","True","49.016","2619.2","False","False"
"2026-08-06T10:51:47.1822797+08:00","14232","True","49.016","2619.2","False","False"
"2026-08-06T10:51:47.2760830+08:00","14232","True","49.016","2619.2","False","False"
"2026-08-06T10:51:47.3859295+08:00","14232","True","49.031","2619.2","False","False"
"2026-08-06T10:51:47.4794803+08:00","14232","True","49.109","2619.2","False","False"
"2026-08-06T10:51:47.5886392+08:00","14232","True","49.109","2619.2","False","False"
"2026-08-06T10:51:47.6825973+08:00","14232","True","49.125","2619.2","False","False"
"2026-08-06T10:51:47.7904964+08:00","14232","True","49.125","2619.2","False","False"
"2026-08-06T10:51:47.8833631+08:00","14232","True","49.125","2619.2","False","False"
"2026-08-06T10:51:47.9774077+08:00","14232","True","49.141","2619.2","False","False"
"2026-08-06T10:51:48.0873874+08:00","14232","True","49.156","2619.2","False","False"
"2026-08-06T10:51:48.1822521+08:00","14232","True","49.156","2619.2","False","False"
"2026-08-06T10:51:48.2903131+08:00","14232","True","49.156","2619.2","False","False"
"2026-08-06T10:51:48.3843118+08:00","14232","True","49.219","2619.2","False","False"
"2026-08-06T10:51:48.4787277+08:00","14232","True","49.234","2619.2","False","False"
"2026-08-06T10:51:48.5874208+08:00","14232","True","49.25","2619.2","False","False"
"2026-08-06T10:51:48.6815096+08:00","14232","True","49.25","2619.2","False","False"
"2026-08-06T10:51:48.7883477+08:00","14232","True","49.25","2619.2","False","False"
"2026-08-06T10:51:48.8827950+08:00","14232","True","49.25","2619.2","False","False"
"2026-08-06T10:51:48.9766325+08:00","14232","True","49.25","2619.2","False","False"
"2026-08-06T10:51:49.0866502+08:00","14232","True","49.25","2619.2","False","False"
"2026-08-06T10:51:49.1801982+08:00","14232","True","49.25","2619.2","False","False"
"2026-08-06T10:51:49.2885509+08:00","14232","True","49.25","2619.2","False","False"
"2026-08-06T10:51:49.3823734+08:00","14232","True","49.25","2619.2","False","False"
"2026-08-06T10:51:49.4768333+08:00","14232","True","49.25","2619.2","False","False"
"2026-08-06T10:51:49.5855210+08:00","14232","True","49.25","2619.2","False","False"
"2026-08-06T10:51:49.6788841+08:00","14232","True","49.25","2619.2","False","False"
"2026-08-06T10:51:49.7894178+08:00","14232","True","49.25","2619.2","False","False"
"2026-08-06T10:51:49.8826083+08:00","14232","True","49.25","2619.2","False","False"
"2026-08-06T10:51:49.9902171+08:00","14232","True","49.25","2619.2","False","False"
"2026-08-06T10:51:50.0852629+08:00","14232","True","49.266","2619.2","False","False"
"2026-08-06T10:51:50.1781659+08:00","14232","True","49.266","2619.2","False","False"
"2026-08-06T10:51:50.2871467+08:00","14232","True","49.266","2619.2","False","False"
"2026-08-06T10:51:50.3799269+08:00","14232","True","49.266","2619.2","False","False"
"2026-08-06T10:51:50.4871735+08:00","14232","True","49.266","2619.2","False","False"
"2026-08-06T10:51:50.5806277+08:00","14232","True","49.266","2619.2","False","False"
"2026-08-06T10:51:50.6893612+08:00","14232","True","49.266","2619.2","False","False"
"2026-08-06T10:51:50.7980359+08:00","14232","True","49.297","2619.2","False","False"
"2026-08-06T10:51:50.8923162+08:00","14232","True","49.297","2619.2","False","False"
"2026-08-06T10:51:50.9854590+08:00","14232","True","49.297","2619.2","False","False"
"2026-08-06T10:51:51.0809767+08:00","14232","True","49.297","2619.2","False","False"
"2026-08-06T10:51:51.1873221+08:00","14232","True","49.297","2619.2","False","False"
"2026-08-06T10:51:51.2841394+08:00","14232","True","49.328","2619.2","False","False"
"2026-08-06T10:51:51.3780441+08:00","14232","True","49.328","2619.2","False","False"
"2026-08-06T10:51:51.4864553+08:00","14232","True","49.328","2619.2","False","False"
"2026-08-06T10:51:51.5803582+08:00","14232","True","49.328","2619.2","False","False"
"2026-08-06T10:51:51.6884904+08:00","14232","True","49.328","2619.2","False","False"
"2026-08-06T10:51:51.7975066+08:00","14232","True","49.344","2619.2","False","False"
"2026-08-06T10:51:51.8896020+08:00","14232","True","49.344","2619.2","False","False"
"2026-08-06T10:51:51.9992051+08:00","14232","True","49.344","2619.2","False","False"
"2026-08-06T10:51:52.0941990+08:00","14232","True","49.344","2619.2","False","False"
"2026-08-06T10:51:52.1878139+08:00","14232","True","49.344","2619.2","False","False"
"2026-08-06T10:51:52.2965527+08:00","14232","True","49.344","2619.2","False","False"
